molecule_id_1,molecule_id_2,smiles_1,smiles_2,pair_type,ground_truth,iupac_1,iupac_2
25137933,25137933,O=P(O)(OCC([C@@H](O)[C@H](O)C(C)=O)=O)O,P(O)(O)(OCC([C@@H](O)[C@@H](C(=O)C)O)=O)=O,positive,True,"[(3S,4S)-3,4-dihydroxy-2,5-dioxohexyl] dihydrogen phosphate","[(3S,4S)-3,4-dihydroxy-2,5-dioxohexyl] dihydrogen phosphate"
4932,4932,c1cc(c(cc1)C(=O)CCc1ccccc1)OCC(CNCCC)O,c1cc(ccc1)CCC(c1c(OCC(O)CNCCC)cccc1)=O,positive,True,1-[2-[2-hydroxy-3-(propylamino)propoxy]phenyl]-3-phenylpropan-1-one,1-[2-[2-hydroxy-3-(propylamino)propoxy]phenyl]-3-phenylpropan-1-one
119444,119444,C1C[C@@]2([C@](CC[C@H]3C2=CC([C@@H]2C[C@H]([C@H](C[C@@]23C)O)O)=O)([C@H]1[C@@](O)([C@@H](C[C@@H]1[C@H](OC(=O)[C@H]1C)C)O)C)C)O,[C@@H]1(C[C@@H](O)[C@](C)(O)[C@@H]2[C@]3(CC[C@@H]4[C@]5(C)[C@H](C(C=C4[C@@]3(CC2)O)=O)C[C@@H](O)[C@H](C5)O)C)[C@@H](C)OC([C@H]1C)=O,positive,True,"(3S,4S,5R)-4-[(2R,3R)-2,3-dihydroxy-3-[(2S,3R,5R,9R,10R,13R,14S,17S)-2,3,14-trihydroxy-10,13-dimethyl-6-oxo-2,3,4,5,9,11,12,15,16,17-decahydro-1H-cyclopenta[a]phenanthren-17-yl]butyl]-3,5-dimethyloxolan-2-one","(3S,4S,5R)-4-[(2R,3R)-2,3-dihydroxy-3-[(2S,3R,5R,9R,10R,13R,14S,17S)-2,3,14-trihydroxy-10,13-dimethyl-6-oxo-2,3,4,5,9,11,12,15,16,17-decahydro-1H-cyclopenta[a]phenanthren-17-yl]butyl]-3,5-dimethyloxolan-2-one"
4685776,4685776,S(c1ccc(OC)cc1)CCc1cc[nH+]cc1,c1c(SCCc2cc[nH+]cc2)ccc(c1)OC,positive,True,4-[2-(4-methoxyphenyl)sulfanylethyl]pyridin-1-ium,4-[2-(4-methoxyphenyl)sulfanylethyl]pyridin-1-ium
15257197,15257197,OC(=O)COc1c2c(c(Cl)cc1)cccn2,C(=O)(COc1ccc(Cl)c2cccnc21)O,positive,True,2-(5-chloroquinolin-8-yl)oxyacetic acid,2-(5-chloroquinolin-8-yl)oxyacetic acid
70678750,70678750,[C@@H]12OC(C[C@@H]1O[C@@H](C)C1C(=O)c3c(c(O)cc(-c4cc5C(C6[C@](C)(O[C@@H]7[C@@H](OC(=O)C7)C=6C(=O)c5c(c4)O)O)=O)c3)C(C2=1)=O)=O,C12C(c3c(c(cc(-c4cc(O)c5C(=O)C6=C(C(=O)c5c4)[C@](O[C@H]4CC(=O)O[C@@H]64)(O)C)c3)O)C(=O)C=2[C@H]2[C@@H](O[C@H]1C)CC(=O)O2)=O,positive,True,"(11S,15S,17S)-7,17-dihydroxy-5-[(11S,15S,17S)-7-hydroxy-17-methyl-2,9,13-trioxo-12,16-dioxatetracyclo[8.7.0.03,8.011,15]heptadeca-1(10),3(8),4,6-tetraen-5-yl]-17-methyl-12,16-dioxatetracyclo[8.7.0.03,8.011,15]heptadeca-1(10),3(8),4,6-tetraene-2,9,13-trione","(11S,15S,17S)-7,17-dihydroxy-5-[(11S,15S,17S)-7-hydroxy-17-methyl-2,9,13-trioxo-12,16-dioxatetracyclo[8.7.0.03,8.011,15]heptadeca-1(10),3(8),4,6-tetraen-5-yl]-17-methyl-12,16-dioxatetracyclo[8.7.0.03,8.011,15]heptadeca-1(10),3(8),4,6-tetraene-2,9,13-trione"
442333,442333,c1c(c2Oc3ccc(C[C@H]4c5c(Oc6c(cc7CCN([C@H](Cc(c1)c2)c7c6)C)OC)c(OC)c(OC)cc5CCN4C)cc3)O,O1c2c(OC)c(OC)cc3c2[C@H](Cc2ccc(Oc4c(O)ccc(C[C@@H]5c6c(cc(OC)c1c6)CCN5C)c4)cc2)N(C)CC3,positive,True,"(1R,14S)-20,21,25-trimethoxy-15,30-dimethyl-8,23-dioxa-15,30-diazaheptacyclo[22.6.2.29,12.13,7.114,18.027,31.022,33]hexatriaconta-3(36),4,6,9(35),10,12(34),18,20,22(33),24,26,31-dodecaen-6-ol","(1R,14S)-20,21,25-trimethoxy-15,30-dimethyl-8,23-dioxa-15,30-diazaheptacyclo[22.6.2.29,12.13,7.114,18.027,31.022,33]hexatriaconta-3(36),4,6,9(35),10,12(34),18,20,22(33),24,26,31-dodecaen-6-ol"
3587356,3587356,C(CC(C)C)(=O)[O-],C(C(C)C)C(=O)[O-],positive,True,3-methylbutanoate,3-methylbutanoate
312145,312145,[C@H]12[C@@](C[C@H](C3[C@]4([C@@H](COC)OC(c5c4c(C(=O)C2=3)oc5)=O)C)OC(C)=O)(C)C(=O)CC1,[C@@]12(C)[C@@H](COC)OC(=O)c3c2c(oc3)C(C2[C@@H]3CCC([C@@]3(C)C[C@@H](OC(=O)C)C=21)=O)=O,positive,True,"[(1R,3R,5S,9R,18S)-18-(methoxymethyl)-1,5-dimethyl-6,11,16-trioxo-13,17-dioxapentacyclo[10.6.1.02,10.05,9.015,19]nonadeca-2(10),12(19),14-trien-3-yl] acetate","[(1R,3R,5S,9R,18S)-18-(methoxymethyl)-1,5-dimethyl-6,11,16-trioxo-13,17-dioxapentacyclo[10.6.1.02,10.05,9.015,19]nonadeca-2(10),12(19),14-trien-3-yl] acetate"
480872,480872,CC(C)=CCc1c(O)cc2c([C@@H]3COc4cc(c(c(OC)c4[C@@H]3O2)CC=C(C)C)O)c1,c1(c(cc2[C@H]3[C@@H](Oc2c1)c1c(OC)c(c(O)cc1OC3)CC=C(C)C)CC=C(C)C)O,positive,True,"(6aR,11aR)-1-methoxy-2,8-bis(3-methylbut-2-enyl)-6a,11a-dihydro-6H-[1]benzofuro[3,2-c]chromene-3,9-diol","(6aR,11aR)-1-methoxy-2,8-bis(3-methylbut-2-enyl)-6a,11a-dihydro-6H-[1]benzofuro[3,2-c]chromene-3,9-diol"
135563649,135563649,O1C(=O)[C@@H](N2C1c1c(c(O)cc(c1)C)C1C(=O)c3c(C(C2=1)=O)c(ccc3)O)[C@H](CC)C,O=C1OC2N(C3=C(c4c2cc(C)cc4O)C(=O)c2cccc(c2C3=O)O)[C@H]1[C@H](CC)C,positive,True,"(3S)-3-[(2S)-butan-2-yl]-11,19-dihydroxy-9-methyl-5-oxa-2-azapentacyclo[11.8.0.02,6.07,12.015,20]henicosa-1(13),7(12),8,10,15(20),16,18-heptaene-4,14,21-trione","(3S)-3-[(2S)-butan-2-yl]-11,19-dihydroxy-9-methyl-5-oxa-2-azapentacyclo[11.8.0.02,6.07,12.015,20]henicosa-1(13),7(12),8,10,15(20),16,18-heptaene-4,14,21-trione"
9986866,9986866,c12cc3c(c(c2c(O)cc(c1-c1c2c(c(O)c4C(OC(CC(=O)OC)Cc4c2)=O)c(O)cc1OC)OC)O)C(OC(CC(=O)OC)C3)=O,C(OC)(=O)CC1Cc2cc3c(c(OC)cc(O)c3c(O)c2C(O1)=O)-c1c(OC)cc(O)c2c1cc1CC(OC(c1c2O)=O)CC(OC)=O,positive,True,"methyl 2-[6-[9,10-dihydroxy-7-methoxy-3-(2-methoxy-2-oxoethyl)-1-oxo-3,4-dihydrobenzo[g]isochromen-6-yl]-9,10-dihydroxy-7-methoxy-1-oxo-3,4-dihydrobenzo[g]isochromen-3-yl]acetate","methyl 2-[6-[9,10-dihydroxy-7-methoxy-3-(2-methoxy-2-oxoethyl)-1-oxo-3,4-dihydrobenzo[g]isochromen-6-yl]-9,10-dihydroxy-7-methoxy-1-oxo-3,4-dihydrobenzo[g]isochromen-3-yl]acetate"
70698390,70698390,C(P(C)(c1ccccc1OC)=O)#CCCC(O)=O,c1cc(c(cc1)OC)P(C)(=O)C#CCCC(O)=O,positive,True,5-[(2-methoxyphenyl)-methylphosphoryl]pent-4-ynoic acid,5-[(2-methoxyphenyl)-methylphosphoryl]pent-4-ynoic acid
11431307,11431307,C(C(CC[C@@H](C(=O)O)[C@@H]1[C@]2(C)[C@](C)(C3=C([C@@]4(C)CCC(C(C)([C@@H]4CC3)C)=O)CC2)CC1)=C)(C)C,C12CC[C@@H]3[C@](C)(CCC(=O)C3(C)C)C=1CC[C@@]1(C)[C@@]2(C)CC[C@@H]1[C@H](C(=O)O)CCC(=C)C(C)C,positive,True,"(2R)-6-methyl-5-methylidene-2-[(5R,10S,13R,14R,17R)-4,4,10,13,14-pentamethyl-3-oxo-1,2,5,6,7,11,12,15,16,17-decahydrocyclopenta[a]phenanthren-17-yl]heptanoic acid","(2R)-6-methyl-5-methylidene-2-[(5R,10S,13R,14R,17R)-4,4,10,13,14-pentamethyl-3-oxo-1,2,5,6,7,11,12,15,16,17-decahydrocyclopenta[a]phenanthren-17-yl]heptanoic acid"
53239801,53239801,[C@@H]1(n2c3ncnc(c3nc2)N)O[C@@H]([C@@H](O)[C@H]1O)COP(OC(CC)=O)([O-])=O,n1(c2ncnc(c2nc1)N)[C@H]1[C@@H]([C@@H]([C@@H](COP([O-])(OC(CC)=O)=O)O1)O)O,positive,True,"[(2R,3S,4R,5R)-5-(6-aminopurin-9-yl)-3,4-dihydroxyoxolan-2-yl]methyl propanoyl phosphate","[(2R,3S,4R,5R)-5-(6-aminopurin-9-yl)-3,4-dihydroxyoxolan-2-yl]methyl propanoyl phosphate"
2088,2088,C(CCN)C(P(O)(=O)O)(O)P(=O)(O)O,C(N)CCC(O)(P(O)(O)=O)P(=O)(O)O,positive,True,(4-amino-1-hydroxy-1-phosphonobutyl)phosphonic acid,(4-amino-1-hydroxy-1-phosphonobutyl)phosphonic acid
65070,65070,Oc1nc(=O)n([C@@H]2O[C@@H]([C@@H](O)C2)COP(=O)(O)OP(=O)(O)OP(O)(=O)O)cc1,O1[C@@H]([C@H](C[C@@H]1n1ccc(nc1=O)O)O)COP(OP(=O)(OP(O)(=O)O)O)(O)=O,positive,True,"[[(2R,3S,5R)-5-(2,4-dioxopyrimidin-1-yl)-3-hydroxyoxolan-2-yl]methoxy-hydroxyphosphoryl] phosphono hydrogen phosphate","[[(2R,3S,5R)-5-(2,4-dioxopyrimidin-1-yl)-3-hydroxyoxolan-2-yl]methoxy-hydroxyphosphoryl] phosphono hydrogen phosphate"
51520704,51520704,o1c2c(ccc1=O)ccc1c2C[C@@H](C(C)=C)O1,c12ccc(oc2c2c(cc1)O[C@H](C(C)=C)C2)=O,positive,True,"(8S)-8-prop-1-en-2-yl-8,9-dihydrofuro[2,3-h]chromen-2-one","(8S)-8-prop-1-en-2-yl-8,9-dihydrofuro[2,3-h]chromen-2-one"
44191464,44191464,[C@H]1([C@@H]([C@@H](OCC[C@]2(C)CC3[C@@H]([C@]4(C)[C@@H](CC=3)[C@@](CCC4)(C)C(=O)O)CC2)O[C@H](CO)[C@H]1O)O)O,C(O[C@@H]1[C@@H](O)[C@@H](O)[C@H](O)[C@H](O1)CO)C[C@]1(CC[C@H]2C(C1)=CC[C@H]1[C@](CCC[C@]21C)(C(O)=O)C)C,positive,True,"(1S,4aR,4bS,7S,10aR)-1,4a,7-trimethyl-7-[2-[(2S,3S,4S,5S,6R)-3,4,5-trihydroxy-6-(hydroxymethyl)oxan-2-yl]oxyethyl]-3,4,4b,5,6,8,10,10a-octahydro-2H-phenanthrene-1-carboxylic acid","(1S,4aR,4bS,7S,10aR)-1,4a,7-trimethyl-7-[2-[(2S,3S,4S,5S,6R)-3,4,5-trihydroxy-6-(hydroxymethyl)oxan-2-yl]oxyethyl]-3,4,4b,5,6,8,10,10a-octahydro-2H-phenanthrene-1-carboxylic acid"
49792018,49792018,O(C[C@@H]1[C@H]([C@H](O)[C@H]([C@H](O1)OP(O)(=O)O)N)O)[C@@H]1O[C@@H]([C@H]([C@H](O)[C@H]1N)OP(O)(O)=O)CO[C@]1(O[C@@H]([C@@H]([C@@H](C1)O)OP(O)(O)=O)[C@H](O)CO)C(=O)O,OP(O)(=O)O[C@H]1[C@@H]([C@@H](CO)O)O[C@](C(O)=O)(OC[C@H]2O[C@@H](OC[C@H]3O[C@H](OP(O)(=O)O)[C@@H]([C@@H](O)[C@@H]3O)N)[C@@H]([C@H]([C@@H]2OP(=O)(O)O)O)N)C[C@H]1O,positive,True,"(2R,4R,5R,6R)-2-[[(2R,3S,4R,5R,6R)-5-amino-6-[[(2R,3S,4R,5R,6R)-5-amino-3,4-dihydroxy-6-phosphonooxyoxan-2-yl]methoxy]-4-hydroxy-3-phosphonooxyoxan-2-yl]methoxy]-6-[(1R)-1,2-dihydroxyethyl]-4-hydroxy-5-phosphonooxyoxane-2-carboxylic acid","(2R,4R,5R,6R)-2-[[(2R,3S,4R,5R,6R)-5-amino-6-[[(2R,3S,4R,5R,6R)-5-amino-3,4-dihydroxy-6-phosphonooxyoxan-2-yl]methoxy]-4-hydroxy-3-phosphonooxyoxan-2-yl]methoxy]-6-[(1R)-1,2-dihydroxyethyl]-4-hydroxy-5-phosphonooxyoxane-2-carboxylic acid"
442813,442813,c1(=O)c(coc2c1ccc(O[C@@H]1O[C@H](CO)[C@H]([C@@H]([C@H]1O)O)O)c2)-c1ccc(OC)cc1,[C@H]1(CO)O[C@H]([C@H](O)[C@@H](O)[C@@H]1O)Oc1cc2occ(c(=O)c2cc1)-c1ccc(OC)cc1,positive,True,"3-(4-methoxyphenyl)-7-[(2S,3R,4S,5S,6R)-3,4,5-trihydroxy-6-(hydroxymethyl)oxan-2-yl]oxychromen-4-one","3-(4-methoxyphenyl)-7-[(2S,3R,4S,5S,6R)-3,4,5-trihydroxy-6-(hydroxymethyl)oxan-2-yl]oxychromen-4-one"
129900409,129900409,[C@H]1([C@@H](CO)O[C@H]([C@H](O)[C@H]1O)O[C@@H]1[C@@H](CO[C@H]2[C@@H]([C@@H](O)[C@H](O[C@H]3[C@@H]([C@@H](O)[C@H](O[C@H]4[C@@H]([C@H]([C@@H]([C@@H](CO)O4)O)O[C@H]4[C@@H]([C@@H](OC(=O)CC(C)O)[C@@H]5[C@@H](CO[C@@](C([O-])=O)(O5)C)O4)O)O)[C@H](O3)CO)O)[C@H](O2)CO)O)O[C@@H]([C@@H]([C@H]1O)OC(=O)C)O)O[C@H]1[C@@H]([C@H]([C@H](O[C@@H]2O[C@@H]([C@@H](O)[C@H](O)[C@H]2O)C([O-])=O)[C@H](O1)C([O-])=O)O)OC(=O)C,[C@H]1(O[C@H]2[C@H](OC(=O)C)[C@H]([C@H](O[C@H]3[C@@H]([C@@H](O)[C@@H]([C@H](O3)C(=O)[O-])O)O)[C@H](O2)C(=O)[O-])O)[C@@H]([C@H]([C@@H](O[C@@H]1CO)O[C@H]1[C@H](O)[C@H]([C@@H](O)O[C@@H]1CO[C@@H]1O[C@H](CO)[C@H]([C@@H]([C@H]1O)O)O[C@@H]1O[C@H](CO)[C@@H](O[C@@H]2O[C@H](CO)[C@@H](O)[C@H](O[C@H]3[C@@H]([C@@H](OC(CC(C)O)=O)[C@H]4O[C@](C)(C([O-])=O)OC[C@H]4O3)O)[C@H]2O)[C@H](O)[C@H]1O)OC(=O)C)O)O,positive,True,"(2R,4aR,6S,7R,8R,8aS)-6-[(2S,3R,4S,5R,6R)-2-[(2R,3S,4R,5R,6S)-6-[(2R,3S,4R,5R,6R)-6-[[(2R,3S,4S,5R,6S)-5-acetyloxy-3-[(2S,3R,4R,5S,6R)-5-[(2R,3R,4S,5S,6S)-3-acetyloxy-6-carboxylato-5-[(2R,3R,4S,5S,6S)-6-carboxylato-3,4,5-trihydroxyoxan-2-yl]oxy-4-hydroxyoxan-2-yl]oxy-3,4-dihydroxy-6-(hydroxymethyl)oxan-2-yl]oxy-4,6-dihydroxyoxan-2-yl]methoxy]-4,5-dihydroxy-2-(hydroxymethyl)oxan-3-yl]oxy-4,5-dihydroxy-2-(hydroxymethyl)oxan-3-yl]oxy-3,5-dihydroxy-6-(hydroxymethyl)oxan-4-yl]oxy-7-hydroxy-8-(3-hydroxybutanoyloxy)-2-methyl-4,4a,6,7,8,8a-hexahydropyrano[3,2-d][1,3]dioxine-2-carboxylate","(2R,4aR,6S,7R,8R,8aS)-6-[(2S,3R,4S,5R,6R)-2-[(2R,3S,4R,5R,6S)-6-[(2R,3S,4R,5R,6R)-6-[[(2R,3S,4S,5R,6S)-5-acetyloxy-3-[(2S,3R,4R,5S,6R)-5-[(2R,3R,4S,5S,6S)-3-acetyloxy-6-carboxylato-5-[(2R,3R,4S,5S,6S)-6-carboxylato-3,4,5-trihydroxyoxan-2-yl]oxy-4-hydroxyoxan-2-yl]oxy-3,4-dihydroxy-6-(hydroxymethyl)oxan-2-yl]oxy-4,6-dihydroxyoxan-2-yl]methoxy]-4,5-dihydroxy-2-(hydroxymethyl)oxan-3-yl]oxy-4,5-dihydroxy-2-(hydroxymethyl)oxan-3-yl]oxy-3,5-dihydroxy-6-(hydroxymethyl)oxan-4-yl]oxy-7-hydroxy-8-(3-hydroxybutanoyloxy)-2-methyl-4,4a,6,7,8,8a-hexahydropyrano[3,2-d][1,3]dioxine-2-carboxylate"
52922418,52922418,O(P(OCC[N+](C)(C)C)([O-])=O)C[C@@H](COC(CCCCCCCCCCCCCCC)=O)OC(CCCCCCCCC/C=C\CCCCCCCC)=O,C(CCCCCCC(=O)O[C@H](COC(CCCCCCCCCCCCCCC)=O)COP(=O)([O-])OCC[N+](C)(C)C)CC/C=C\CCCCCCCC,positive,True,[(2R)-3-hexadecanoyloxy-2-[(Z)-icos-11-enoyl]oxypropyl] 2-(trimethylazaniumyl)ethyl phosphate,[(2R)-3-hexadecanoyloxy-2-[(Z)-icos-11-enoyl]oxypropyl] 2-(trimethylazaniumyl)ethyl phosphate
654,654,CCOP(=O)(OCC)O,O=P(OCC)(OCC)O,positive,True,diethyl hydrogen phosphate,diethyl hydrogen phosphate
49867691,49867691,[C@@H](C(O)=O)([C@@H](C)O)N1[C@@H](CC[C@H](N)C1=O)O,[C@@H](O)(C)[C@H](N1[C@H](O)CC[C@H](N)C1=O)C(=O)O,positive,True,"(2S,3R)-2-[(3S,6R)-3-amino-6-hydroxy-2-oxopiperidin-1-yl]-3-hydroxybutanoic acid","(2S,3R)-2-[(3S,6R)-3-amino-6-hydroxy-2-oxopiperidin-1-yl]-3-hydroxybutanoic acid"
2763159,2763159,c1ccc2c(c1)[nH]c(c(O)c2=O)CCCCCCC,c1cc2c(cc1)[nH]c(c(O)c2=O)CCCCCCC,positive,True,2-heptyl-3-hydroxy-1H-quinolin-4-one,2-heptyl-3-hydroxy-1H-quinolin-4-one
133019,133019,[C@@H]12[C@@H]([C@]3(C)C(=CC2N)C[C@@H](O)CC3)CC[C@]2(C)[C@@H]([C@H](C)CCCC(C)C)CC[C@@H]12,C1[C@H](CC[C@@]2([C@H]3CC[C@]4([C@H]([C@@H]3C(N)C=C21)CC[C@@H]4[C@H](C)CCCC(C)C)C)C)O,positive,True,"(3S,8S,9S,10R,13R,14S,17R)-7-amino-10,13-dimethyl-17-[(2R)-6-methylheptan-2-yl]-2,3,4,7,8,9,11,12,14,15,16,17-dodecahydro-1H-cyclopenta[a]phenanthren-3-ol","(3S,8S,9S,10R,13R,14S,17R)-7-amino-10,13-dimethyl-17-[(2R)-6-methylheptan-2-yl]-2,3,4,7,8,9,11,12,14,15,16,17-dodecahydro-1H-cyclopenta[a]phenanthren-3-ol"
5460957,5460957,C(c1ccccc1)[C@@H](C(=O)O)[NH3+],c1ccc(C[C@@H](C(=O)O)[NH3+])cc1,positive,True,[(1S)-1-carboxy-2-phenylethyl]azanium,[(1S)-1-carboxy-2-phenylethyl]azanium
40572166,40572166,CC[C@@H]([C@H](C([O-])=O)O)C,[C@@H]([C@@H](C)CC)(C(=O)[O-])O,positive,True,"(2R,3S)-2-hydroxy-3-methylpentanoate","(2R,3S)-2-hydroxy-3-methylpentanoate"
31101,31101,c12c3c([nH]c(c3C[C@@H]3C2=C[C@@H](C(=N[C@]2(C(C)C)O[C@]4([C@@H]5CCCN5C(=O)[C@H](CC(C)C)N4C2=O)O)O)CN3C)Br)ccc1,CC([C@@]1(N=C(O)[C@H]2CN(C)[C@H]3C(c4c5c(ccc4)[nH]c(c5C3)Br)=C2)O[C@@]2(N(C1=O)[C@@H](CC(C)C)C(=O)N1[C@H]2CCC1)O)C,positive,True,"(6aR,9R)-5-bromo-N-[(1S,2S,4R,7S)-2-hydroxy-7-(2-methylpropyl)-5,8-dioxo-4-propan-2-yl-3-oxa-6,9-diazatricyclo[7.3.0.02,6]dodecan-4-yl]-7-methyl-6,6a,8,9-tetrahydro-4H-indolo[4,3-fg]quinoline-9-carboxamide","(6aR,9R)-5-bromo-N-[(1S,2S,4R,7S)-2-hydroxy-7-(2-methylpropyl)-5,8-dioxo-4-propan-2-yl-3-oxa-6,9-diazatricyclo[7.3.0.02,6]dodecan-4-yl]-7-methyl-6,6a,8,9-tetrahydro-4H-indolo[4,3-fg]quinoline-9-carboxamide"
442630,442630,C1CC[C@H]2N[C@@H](C)[C@@H](OC(=O)CCCCCCC[C@H]3N[C@H]([C@H](CC3)OC(CCCC1)=O)C)CC2,C1CC[C@@H]2CC[C@H](OC(CCCCCCC[C@H]3N[C@@H](C)[C@@H](OC(CCCC1)=O)CC3)=O)[C@@H](N2)C,positive,True,"(1S,11R,13S,14S,24R,26S)-13,26-dimethyl-2,15-dioxa-12,25-diazatricyclo[22.2.2.211,14]triacontane-3,16-dione","(1S,11R,13S,14S,24R,26S)-13,26-dimethyl-2,15-dioxa-12,25-diazatricyclo[22.2.2.211,14]triacontane-3,16-dione"
42603598,42603598,[25Mg],[25Mg],positive,True,magnesium-25,magnesium-25
135413494,135413494,Cl.Clc1ccc2c(c1Cl)CN1C(N=C(C1)O)=N2,Cl.c12c(CN3C(N=C(O)C3)=N2)c(c(Cl)cc1)Cl,positive,True,"6,7-dichloro-3,5-dihydro-1H-imidazo[2,1-b]quinazolin-2-one;hydrochloride","6,7-dichloro-3,5-dihydro-1H-imidazo[2,1-b]quinazolin-2-one;hydrochloride"
137333888,137333888,c1(sc(SCc2oc(C(C)(C)C)cn2)cn1)N=C(O)C1CCOCC1,C(Sc1sc(nc1)N=C(O)C1CCOCC1)c1ncc(C(C)(C)C)o1,positive,True,"N-[5-[(5-tert-butyl-1,3-oxazol-2-yl)methylsulfanyl]-1,3-thiazol-2-yl]oxane-4-carboxamide","N-[5-[(5-tert-butyl-1,3-oxazol-2-yl)methylsulfanyl]-1,3-thiazol-2-yl]oxane-4-carboxamide"
24414,24414,O=S([O-])([O-])=O.[Ba+2],[Ba+2].[O-]S(=O)([O-])=O,positive,True,barium(2+);sulfate,barium(2+);sulfate
46926223,46926223,[C@@H]1(O[C@@H]2[C@@H](CO)OC(O)[C@@H]([C@H]2O)N=C(C)O)O[C@@H]([C@H]([C@H](O)[C@H]1N=C(O)C)O)COP(=O)(O)O,CC(=N[C@@H]1[C@@H](O)[C@H](O[C@H]2[C@@H]([C@H]([C@H](O)[C@@H](COP(=O)(O)O)O2)O)N=C(O)C)[C@@H](CO)OC1O)O,positive,True,"[(2R,3S,4R,5R,6S)-5-acetamido-6-[(2R,3S,4R,5R)-5-acetamido-4,6-dihydroxy-2-(hydroxymethyl)oxan-3-yl]oxy-3,4-dihydroxyoxan-2-yl]methyl dihydrogen phosphate","[(2R,3S,4R,5R,6S)-5-acetamido-6-[(2R,3S,4R,5R)-5-acetamido-4,6-dihydroxy-2-(hydroxymethyl)oxan-3-yl]oxy-3,4-dihydroxyoxan-2-yl]methyl dihydrogen phosphate"
86289571,86289571,O([C@H](COCCCCCCCCCCCCCCCC)COP(=O)(O)OCCN)C(C)=O,C(CCCC)CCCCCCCCCCCOC[C@@H](OC(C)=O)COP(O)(=O)OCCN,positive,True,[(2R)-1-[2-aminoethoxy(hydroxy)phosphoryl]oxy-3-hexadecoxypropan-2-yl] acetate,[(2R)-1-[2-aminoethoxy(hydroxy)phosphoryl]oxy-3-hexadecoxypropan-2-yl] acetate
91845411,91845411,[C@@H]1([C@@H](O)[C@H](O[C@H]([C@@H]1O)O[C@H]1[C@H](O)[C@@H](N=C(C)O)C(O[C@@H]1CO)O)CO)O[C@@H]1O[C@H](CO)[C@H]([C@H](O[C@@H]2O[C@H]([C@H]([C@@H](O)[C@@H]2O)O)C)[C@H]1N=C(C)O)O[C@@H]1O[C@H](CO)[C@H](O)[C@@H]([C@H]1O)O[C@H]1[C@@H]([C@H]([C@H](O[C@@H]2O[C@@H]([C@H](O)[C@H](O[C@]3(C(O)=O)C[C@H](O)[C@H]([C@H]([C@@H]([C@@H](CO)O)O)O3)N=C(O)C)[C@H]2O)CO)[C@H](O1)CO)O)N=C(C)O,O[C@@H]1[C@@H](N=C(C)O)[C@@H](O[C@@H]([C@H]1O[C@H]1[C@H](O)[C@@H](O[C@@]2(C(O)=O)O[C@H]([C@@H]([C@H](C2)O)N=C(O)C)[C@H](O)[C@H](O)CO)[C@@H](O)[C@@H](CO)O1)CO)O[C@@H]1[C@@H](O)[C@@H](O[C@@H]([C@@H]1O)CO)O[C@H]1[C@@H]([C@H]([C@H](O[C@@H]2[C@@H](O)[C@@H](O[C@@H]([C@@H]2O)CO)O[C@@H]2[C@H](OC(O)[C@@H]([C@H]2O)N=C(O)C)CO)O[C@@H]1CO)N=C(C)O)O[C@H]1[C@@H](O)[C@@H]([C@@H]([C@H](C)O1)O)O,positive,True,"(2S,4S,5R,6R)-5-acetamido-2-[(2S,3R,4S,5S,6R)-2-[(2R,3S,4R,5R,6S)-5-acetamido-6-[(2S,3R,4S,5S,6R)-2-[(2R,3S,4R,5R,6S)-5-acetamido-6-[(2S,3R,4S,5S,6R)-2-[(2R,3S,4R,5R)-5-acetamido-4,6-dihydroxy-2-(hydroxymethyl)oxan-3-yl]oxy-3,5-dihydroxy-6-(hydroxymethyl)oxan-4-yl]oxy-2-(hydroxymethyl)-4-[(2S,3S,4R,5S,6S)-3,4,5-trihydroxy-6-methyloxan-2-yl]oxyoxan-3-yl]oxy-3,5-dihydroxy-6-(hydroxymethyl)oxan-4-yl]oxy-4-hydroxy-2-(hydroxymethyl)oxan-3-yl]oxy-3,5-dihydroxy-6-(hydroxymethyl)oxan-4-yl]oxy-4-hydroxy-6-[(1R,2R)-1,2,3-trihydroxypropyl]oxane-2-carboxylic acid","(2S,4S,5R,6R)-5-acetamido-2-[(2S,3R,4S,5S,6R)-2-[(2R,3S,4R,5R,6S)-5-acetamido-6-[(2S,3R,4S,5S,6R)-2-[(2R,3S,4R,5R,6S)-5-acetamido-6-[(2S,3R,4S,5S,6R)-2-[(2R,3S,4R,5R)-5-acetamido-4,6-dihydroxy-2-(hydroxymethyl)oxan-3-yl]oxy-3,5-dihydroxy-6-(hydroxymethyl)oxan-4-yl]oxy-2-(hydroxymethyl)-4-[(2S,3S,4R,5S,6S)-3,4,5-trihydroxy-6-methyloxan-2-yl]oxyoxan-3-yl]oxy-3,5-dihydroxy-6-(hydroxymethyl)oxan-4-yl]oxy-4-hydroxy-2-(hydroxymethyl)oxan-3-yl]oxy-3,5-dihydroxy-6-(hydroxymethyl)oxan-4-yl]oxy-4-hydroxy-6-[(1R,2R)-1,2,3-trihydroxypropyl]oxane-2-carboxylic acid"
51371330,51371330,c12cc(OC(C)=O)sc1CCN(C2)[C@H](C(=O)C1CC1)c1ccccc1F,s1c2c(CN([C@H](C(C3CC3)=O)c3c(cccc3)F)CC2)cc1OC(C)=O,positive,True,"[5-[(1S)-2-cyclopropyl-1-(2-fluorophenyl)-2-oxoethyl]-6,7-dihydro-4H-thieno[3,2-c]pyridin-2-yl] acetate","[5-[(1S)-2-cyclopropyl-1-(2-fluorophenyl)-2-oxoethyl]-6,7-dihydro-4H-thieno[3,2-c]pyridin-2-yl] acetate"
86289575,86289575,C(/C=C\CCCCCCCC)CCCCCCCOC[C@@H](O)COP([O-])(=O)[O-],O=P([O-])([O-])OC[C@@H](COCCCCCCCC/C=C\CCCCCCCC)O,positive,True,[(2R)-2-hydroxy-3-[(Z)-octadec-9-enoxy]propyl] phosphate,[(2R)-2-hydroxy-3-[(Z)-octadec-9-enoxy]propyl] phosphate
11170991,11170991,C(C)(C([C@H](CO)O)=O)=O,O=C(C)C(=O)[C@@H](O)CO,positive,True,"(4S)-4,5-dihydroxypentane-2,3-dione","(4S)-4,5-dihydroxypentane-2,3-dione"
23676771,23676771,C(C)(CC([O-])=O)O.[Na+],CC(O)CC([O-])=O.[Na+],positive,True,sodium;3-hydroxybutanoate,sodium;3-hydroxybutanoate
71464639,71464639,CC([C@@H](C(O)=N[C@@H](CC(=O)O)C(O)=O)N=C(O)[C@H](CC(C)C)N)C,OC([C@H](CC(O)=O)N=C(O)[C@H](C(C)C)N=C(O)[C@H](CC(C)C)N)=O,positive,True,(2S)-2-[[(2S)-2-[[(2S)-2-amino-4-methylpentanoyl]amino]-3-methylbutanoyl]amino]butanedioic acid,(2S)-2-[[(2S)-2-[[(2S)-2-amino-4-methylpentanoyl]amino]-3-methylbutanoyl]amino]butanedioic acid
25195446,25195446,C1C(C=CC(C=1)=C(c1ccc(N(C)C)cc1)c1ccc(cc1)N(C)C)=[N+]=C=S.[O-][Cl+3]([O-])([O-])[O-],[O-][Cl+3]([O-])([O-])[O-].c1(C(c2ccc(cc2)N(C)C)=C2C=CC(=[N+]=C=S)C=C2)ccc(N(C)C)cc1,positive,True,"[4-[[4-(dimethylamino)phenyl]-(4-isothiocyanatophenyl)methylidene]cyclohexa-2,5-dien-1-ylidene]-dimethylazanium;perchlorate","[4-[[4-(dimethylamino)phenyl]-(4-isothiocyanatophenyl)methylidene]cyclohexa-2,5-dien-1-ylidene]-dimethylazanium;perchlorate"
5287939,5287939,[C@H]12CC[C@H]([C@@H](CCCC(C)C)C)[C@@]2(C)CC[C@H]2[C@H]1CC=C1[C@]2(C)CC[C@@H](C1)OC(=O)CCCCCCC/C=C\C/C=C\CCCCC,C1C2[C@@](CC[C@@H]1OC(CCCCCCC/C=C\C/C=C\CCCCC)=O)(C)[C@H]1CC[C@@]3([C@@H]([C@@H](CCCC(C)C)C)CC[C@H]3[C@@H]1CC=2)C,positive,True,"[(3S,8S,9S,10R,13R,14S,17R)-10,13-dimethyl-17-[(2R)-6-methylheptan-2-yl]-2,3,4,7,8,9,11,12,14,15,16,17-dodecahydro-1H-cyclopenta[a]phenanthren-3-yl] (9Z,12Z)-octadeca-9,12-dienoate","[(3S,8S,9S,10R,13R,14S,17R)-10,13-dimethyl-17-[(2R)-6-methylheptan-2-yl]-2,3,4,7,8,9,11,12,14,15,16,17-dodecahydro-1H-cyclopenta[a]phenanthren-3-yl] (9Z,12Z)-octadeca-9,12-dienoate"
44224035,44224035,C(N=C(O)c1cc(c(c(I)c1)O)[N+](=O)[O-])CCCCC(=O)O,c1c([N+]([O-])=O)c(O)c(cc1C(=NCCCCCC(=O)O)O)I,positive,True,6-[(4-hydroxy-3-iodo-5-nitrobenzoyl)amino]hexanoic acid,6-[(4-hydroxy-3-iodo-5-nitrobenzoyl)amino]hexanoic acid
44575705,44575705,[C@]12(C)CC[C@]3([C@@]4(CC[C@H]5C(C)(C)[C@@H](CC[C@]5(C)[C@H]4CC=C3[C@@H]2C[C@@](C(O)=O)(C)C[C@@H]1O)O)C)C,C1C[C@@]2([C@H](CC=C3[C@@]2(C)CC[C@]2(C)[C@H]3C[C@@](C)(C[C@@H]2O)C(=O)O)[C@]2(C)[C@@H]1C(C)(C)[C@H](O)CC2)C,positive,True,"(2S,4S,4aR,6aR,6aS,6bR,8aR,10R,12aR,14bS)-4,10-dihydroxy-2,4a,6a,6b,9,9,12a-heptamethyl-1,3,4,5,6,6a,7,8,8a,10,11,12,13,14b-tetradecahydropicene-2-carboxylic acid","(2S,4S,4aR,6aR,6aS,6bR,8aR,10R,12aR,14bS)-4,10-dihydroxy-2,4a,6a,6b,9,9,12a-heptamethyl-1,3,4,5,6,6a,7,8,8a,10,11,12,13,14b-tetradecahydropicene-2-carboxylic acid"
6433272,6433272,O[C@@]12OC(C(C(O)C2)C(=O)O)CC(O[C@@H]2[C@@H](O)[C@H]([C@@H]([C@H](O2)C)O)N)/C=C/C=C/C=C/C=C/CC/C=C/C=C/[C@@H]([C@@H](O)[C@@H](C)[C@@H](OC(CC(CC(O)CC(O)CCC(O)C(C1)O)O)=O)C)C,[C@@H]1(O)[C@@H](C)O[C@H](OC2CC3O[C@](CC(C3C(=O)O)O)(O)CC(C(O)CCC(CC(O)CC(O)CC(=O)O[C@@H](C)[C@@H]([C@@H]([C@H](/C=C/C=C/CC/C=C/C=C/C=C/C=C/2)C)O)C)O)O)[C@H]([C@H]1N)O,positive,True,"(1S,15S,16R,17R,18S,19E,21E,25E,27E,29E,31E)-33-[(2S,3S,4S,5S,6R)-4-amino-3,5-dihydroxy-6-methyloxan-2-yl]oxy-1,3,4,7,9,11,17,37-octahydroxy-15,16,18-trimethyl-13-oxo-14,39-dioxabicyclo[33.3.1]nonatriaconta-19,21,25,27,29,31-hexaene-36-carboxylic acid","(1S,15S,16R,17R,18S,19E,21E,25E,27E,29E,31E)-33-[(2S,3S,4S,5S,6R)-4-amino-3,5-dihydroxy-6-methyloxan-2-yl]oxy-1,3,4,7,9,11,17,37-octahydroxy-15,16,18-trimethyl-13-oxo-14,39-dioxabicyclo[33.3.1]nonatriaconta-19,21,25,27,29,31-hexaene-36-carboxylic acid"
86289418,86289418,O=C1[C@]2(OC[C@@H](O1)[C@H]1O[C@](C([O-])=O)(OCC=C)C[C@@H](O)[C@H]1O)O[C@H]([C@@H](CO)O)[C@@H]([C@H](O)C2)O,O[C@H]1[C@@H](O)[C@H](O[C@]2(C1)C(O[C@@H]([C@H]1O[C@](C[C@@H](O)[C@H]1O)(C([O-])=O)OCC=C)CO2)=O)[C@H](O)CO,positive,True,"(2R,4R,5R,6S)-6-[(3R,6R,8R,9R,10R)-8-[(1R)-1,2-dihydroxyethyl]-9,10-dihydroxy-5-oxo-1,4,7-trioxaspiro[5.5]undecan-3-yl]-4,5-dihydroxy-2-prop-2-enoxyoxane-2-carboxylate","(2R,4R,5R,6S)-6-[(3R,6R,8R,9R,10R)-8-[(1R)-1,2-dihydroxyethyl]-9,10-dihydroxy-5-oxo-1,4,7-trioxaspiro[5.5]undecan-3-yl]-4,5-dihydroxy-2-prop-2-enoxyoxane-2-carboxylate"
62672,62672,O.O.O.O.O=S([O-])(=O)[O-].[Be+2],O.O.O.O.O=S([O-])([O-])=O.[Be+2],positive,True,beryllium;sulfate;tetrahydrate,beryllium;sulfate;tetrahydrate
131708343,131708343,O=C([C@@H](N=C(O)C[C@H]1CCC(=O)C1C/C=C\CC)[C@H](CC)C)O,N([C@@H]([C@H](CC)C)C(=O)O)=C(C[C@H]1CCC(=O)C1C/C=C\CC)O,positive,True,"(2S,3S)-3-methyl-2-[[2-[(1R)-3-oxo-2-[(Z)-pent-2-enyl]cyclopentyl]acetyl]amino]pentanoic acid","(2S,3S)-3-methyl-2-[[2-[(1R)-3-oxo-2-[(Z)-pent-2-enyl]cyclopentyl]acetyl]amino]pentanoic acid"
7059386,7059386,O[C@H]([C@@H](O)[C@@H](C(C([O-])=O)=O)O)CO,O=C(C([C@@H](O)[C@H](O)[C@@H](O)CO)=O)[O-],positive,True,"(3S,4R,5S)-3,4,5,6-tetrahydroxy-2-oxohexanoate","(3S,4R,5S)-3,4,5,6-tetrahydroxy-2-oxohexanoate"
702,702,CCO,OCC,positive,True,ethanol,ethanol
91850734,91850734,[C@@H]1(CO)[C@H]([C@H](O)[C@@H](O)[C@@H](O1)O[C@@H]1[C@H]([C@@H](O[C@@H]([C@H]1O)CO)O[C@@H]1[C@H](O[C@@H](O)[C@@H]([C@H]1O)O)CO)O)O,OC[C@@H]1[C@H]([C@@H]([C@@H](O)[C@H](O[C@H]2[C@H](O)[C@H]([C@H](O)O[C@@H]2CO)O)O1)O[C@@H]1O[C@H](CO)[C@H]([C@H](O)[C@H]1O)O)O,positive,True,"(2S,3R,4S,5S,6R)-2-[(2R,3R,4S,5R,6S)-3,5-dihydroxy-2-(hydroxymethyl)-6-[(2R,3S,4R,5R,6R)-4,5,6-trihydroxy-2-(hydroxymethyl)oxan-3-yl]oxyoxan-4-yl]oxy-6-(hydroxymethyl)oxane-3,4,5-triol","(2S,3R,4S,5S,6R)-2-[(2R,3R,4S,5R,6S)-3,5-dihydroxy-2-(hydroxymethyl)-6-[(2R,3S,4R,5R,6R)-4,5,6-trihydroxy-2-(hydroxymethyl)oxan-3-yl]oxyoxan-4-yl]oxy-6-(hydroxymethyl)oxane-3,4,5-triol"
71668261,71668261,C(OCCOCCCCCC[NH2+]C[C@H](O)c1ccc(O)c(c1)CO)c1c(Cl)cccc1Cl,c1(O)c(CO)cc([C@H](C[NH2+]CCCCCCOCCOCc2c(Cl)cccc2Cl)O)cc1,positive,True,"6-[2-[(2,6-dichlorophenyl)methoxy]ethoxy]hexyl-[(2R)-2-hydroxy-2-[4-hydroxy-3-(hydroxymethyl)phenyl]ethyl]azanium","6-[2-[(2,6-dichlorophenyl)methoxy]ethoxy]hexyl-[(2R)-2-hydroxy-2-[4-hydroxy-3-(hydroxymethyl)phenyl]ethyl]azanium"
13891595,13891595,N[C@@H](C)C(=N[C@@H](CC(O)=O)C(O)=NCC(=O)O)O,C[C@@H](C(=N[C@@H](CC(=O)O)C(O)=NCC(=O)O)O)N,positive,True,(3S)-3-[[(2S)-2-aminopropanoyl]amino]-4-(carboxymethylamino)-4-oxobutanoic acid,(3S)-3-[[(2S)-2-aminopropanoyl]amino]-4-(carboxymethylamino)-4-oxobutanoic acid
71627238,71627238,[C@H]1(O[C@@H](C)[C@H](O)[C@H]([C@H]1O)O)O[C@@H]1[C@@H](O)[C@H](O[C@H]2[C@H](O[C@@H]3O[C@@H](C)[C@@H]([C@H]([C@H]3O)O)O)[C@@H](O)[C@@H](O[C@H]3[C@H](O[C@H](CO)[C@H]([C@@H]3O)O)O)O[C@@H]2CO)O[C@H](CO)[C@H]1O,[C@@H]1(O[C@@H]2O[C@@H](C)[C@H](O)[C@H]([C@H]2O)O)[C@H]([C@@H](O[C@H]2[C@@H](O)O[C@@H]([C@@H](O)[C@@H]2O)CO)O[C@H](CO)[C@H]1O[C@H]1[C@@H]([C@H]([C@@H]([C@@H](CO)O1)O)O[C@@H]1O[C@@H](C)[C@H](O)[C@@H](O)[C@H]1O)O)O,positive,True,"(2S,3R,4R,5R,6S)-2-[(2S,3R,4S,5R,6R)-3,5-dihydroxy-2-[(2R,3R,4R,5R,6R)-5-hydroxy-2-(hydroxymethyl)-6-[(2S,3R,4S,5S,6R)-2,4,5-trihydroxy-6-(hydroxymethyl)oxan-3-yl]oxy-4-[(2S,3R,4R,5R,6S)-3,4,5-trihydroxy-6-methyloxan-2-yl]oxyoxan-3-yl]oxy-6-(hydroxymethyl)oxan-4-yl]oxy-6-methyloxane-3,4,5-triol","(2S,3R,4R,5R,6S)-2-[(2S,3R,4S,5R,6R)-3,5-dihydroxy-2-[(2R,3R,4R,5R,6R)-5-hydroxy-2-(hydroxymethyl)-6-[(2S,3R,4S,5S,6R)-2,4,5-trihydroxy-6-(hydroxymethyl)oxan-3-yl]oxy-4-[(2S,3R,4R,5R,6S)-3,4,5-trihydroxy-6-methyloxan-2-yl]oxyoxan-3-yl]oxy-6-(hydroxymethyl)oxan-4-yl]oxy-6-methyloxane-3,4,5-triol"
23668197,23668197,[Na+].[O-][Cl+][O-],[Na+].[O-][Cl+][O-],positive,True,sodium;chlorite,sodium;chlorite
3081055,3081055,[C@H]1([C@H](O)[C@@H]([C@@H](OP(O)(O)=O)[C@@H]([C@H]1OP(O)(O)=O)O)OP(=O)(O)O)O,[C@H]1(OP(O)(=O)O)[C@H](O)[C@H](O)[C@H](OP(=O)(O)O)[C@@H](OP(=O)(O)O)[C@@H]1O,positive,True,"[(1S,2S,3R,4S,5R,6S)-2,3,5-trihydroxy-4,6-diphosphonooxycyclohexyl] dihydrogen phosphate","[(1S,2S,3R,4S,5R,6S)-2,3,5-trihydroxy-4,6-diphosphonooxycyclohexyl] dihydrogen phosphate"
52921642,52921642,C1C/C(C=C2[C@]1([C@@H]1[C@@H](CC2)[C@H]2[C@](C)(CC1)[C@@](C(C)=O)(CC2)O)C)=N\OCC(=O)O,O[C@@]1(C(C)=O)[C@@]2([C@@H](CC1)[C@@H]1CCC3[C@](C)(CC/C(C=3)=N\OCC(O)=O)[C@H]1CC2)C,positive,True,"2-[(E)-[(8R,9S,10R,13S,14S,17R)-17-acetyl-17-hydroxy-10,13-dimethyl-2,6,7,8,9,11,12,14,15,16-decahydro-1H-cyclopenta[a]phenanthren-3-ylidene]amino]oxyacetic acid","2-[(E)-[(8R,9S,10R,13S,14S,17R)-17-acetyl-17-hydroxy-10,13-dimethyl-2,6,7,8,9,11,12,14,15,16-decahydro-1H-cyclopenta[a]phenanthren-3-ylidene]amino]oxyacetic acid"
24779559,24779559,C(\C/C=C\CCCCC)=C\CCCCCCCC(=O)O[C@@H](COP(=O)(O)O)COC(=O)CCCCCCCCCCCCCCCCC,C(CCCCCCC/C=C\C/C=C\CCCCC)(=O)O[C@@H](COP(O)(O)=O)COC(=O)CCCCCCCCCCCCCCCCC,positive,True,"[(2R)-2-[(9Z,12Z)-octadeca-9,12-dienoyl]oxy-3-phosphonooxypropyl] octadecanoate","[(2R)-2-[(9Z,12Z)-octadeca-9,12-dienoyl]oxy-3-phosphonooxypropyl] octadecanoate"
331383,331383,C1[C@@H]2[C@@](CC(=O)[C@@H]3[C@@]4(C)CCC(=O)C=C4CC[C@@H]23)(C)[C@@](C1)(O)C(C=O)=O,C1C[C@@H]2[C@@](C)([C@]1(C(C=O)=O)O)CC(=O)[C@H]1[C@H]2CCC2=CC(=O)CC[C@@]21C,positive,True,"2-[(8S,9S,10R,13S,14S,17R)-17-hydroxy-10,13-dimethyl-3,11-dioxo-1,2,6,7,8,9,12,14,15,16-decahydrocyclopenta[a]phenanthren-17-yl]-2-oxoacetaldehyde","2-[(8S,9S,10R,13S,14S,17R)-17-hydroxy-10,13-dimethyl-3,11-dioxo-1,2,6,7,8,9,12,14,15,16-decahydrocyclopenta[a]phenanthren-17-yl]-2-oxoacetaldehyde"
3034394,3034394,C1[C@@]2([C@@H](CC[C@](O)(C)C=C)C(CC[C@H]2C(CC1)(C)C)=C)C,C([C@](CC[C@H]1C(CC[C@H]2C(C)(CCC[C@@]21C)C)=C)(C)O)=C,positive,True,"(3R)-5-[(1S,4aS,8aS)-5,5,8a-trimethyl-2-methylidene-3,4,4a,6,7,8-hexahydro-1H-naphthalen-1-yl]-3-methylpent-1-en-3-ol","(3R)-5-[(1S,4aS,8aS)-5,5,8a-trimethyl-2-methylidene-3,4,4a,6,7,8-hexahydro-1H-naphthalen-1-yl]-3-methylpent-1-en-3-ol"
71581035,71581035,OC(=O)[C@H](CCc1n2c(c3ncn([C@@H]4O[C@H](COP(O)(=O)O)[C@@H](O)[C@H]4O)c3[nH]c2nc1C)=O)N,OC(=O)[C@H](CCc1c(nc2[nH]c3n([C@H]4[C@H](O)[C@@H]([C@@H](COP(O)(O)=O)O4)O)cnc3c(=O)n12)C)N,positive,True,"(2S)-2-amino-4-[3-[(2R,3R,4S,5R)-3,4-dihydroxy-5-(phosphonooxymethyl)oxolan-2-yl]-6-methyl-9-oxo-5H-imidazo[1,2-a]purin-7-yl]butanoic acid","(2S)-2-amino-4-[3-[(2R,3R,4S,5R)-3,4-dihydroxy-5-(phosphonooxymethyl)oxolan-2-yl]-6-methyl-9-oxo-5H-imidazo[1,2-a]purin-7-yl]butanoic acid"
5280906,5280906,[C@@H]12N3CC=C1COC(=O)[C@](O)([C@H](C)C/C(=C/C)C(=O)O[C@@H]2CC3)C,O=C1[C@@](O)(C)[C@@H](C/C(=C/C)C(=O)O[C@H]2[C@H]3C(=CCN3CC2)CO1)C,positive,True,"(1R,4Z,6R,7R,17R)-4-ethylidene-7-hydroxy-6,7-dimethyl-2,9-dioxa-14-azatricyclo[9.5.1.014,17]heptadec-11-ene-3,8-dione","(1R,4Z,6R,7R,17R)-4-ethylidene-7-hydroxy-6,7-dimethyl-2,9-dioxa-14-azatricyclo[9.5.1.014,17]heptadec-11-ene-3,8-dione"
53380618,53380618,O=P(OP(=O)(O)O)(O)O[C@H]1C(O)[C@@H](OP(O)(=O)OP(=O)(O)O)[C@H](OP(=O)(O)O)C([C@@H]1OP(=O)(O)O)OP(O)(O)=O,P(O)(=O)(O[C@@H]1[C@@H](OP(=O)(O)OP(=O)(O)O)C([C@H]([C@@H](C1OP(=O)(O)O)OP(O)(=O)O)OP(OP(O)(=O)O)(=O)O)O)O,positive,True,"[(1S,3R,4S,6R)-2-hydroxy-3-[hydroxy(phosphonooxy)phosphoryl]oxy-4,5,6-triphosphonooxycyclohexyl] phosphono hydrogen phosphate","[(1S,3R,4S,6R)-2-hydroxy-3-[hydroxy(phosphonooxy)phosphoryl]oxy-4,5,6-triphosphonooxycyclohexyl] phosphono hydrogen phosphate"
71491931,71491931,C(\C(O)=O)=C/C(=O)O.C1N(CC1([C@H]1NCCCC1)O)C(c1c(c(F)c(cc1)F)Nc1ccc(cc1F)I)=O.c1(I)cc(c(Nc2c(c(F)ccc2C(N2CC(C2)([C@H]2NCCCC2)O)=O)F)cc1)F,C(/C=C/C(O)=O)(O)=O.C1CC[C@H](NC1)C1(O)CN(C1)C(=O)c1ccc(c(c1Nc1c(F)cc(cc1)I)F)F.[C@H]1(CCCCN1)C1(O)CN(C1)C(=O)c1ccc(F)c(c1Nc1c(cc(cc1)I)F)F,positive,True,"(E)-but-2-enedioic acid;[3,4-difluoro-2-(2-fluoro-4-iodoanilino)phenyl]-[3-hydroxy-3-[(2S)-piperidin-2-yl]azetidin-1-yl]methanone","(E)-but-2-enedioic acid;[3,4-difluoro-2-(2-fluoro-4-iodoanilino)phenyl]-[3-hydroxy-3-[(2S)-piperidin-2-yl]azetidin-1-yl]methanone"
129626798,129626798,O[C@@H](CCCCC)/C=C/[C@H]1[C@H]2C[C@@H]([C@@H]1C/C=C\CCCC(O[C@@H](COP([O-])(=O)OCC[N+](C)(C)C)CO)=O)OO2,C(=C\CCCC(O[C@H](CO)COP(OCC[N+](C)(C)C)([O-])=O)=O)\C[C@H]1[C@H]2OO[C@H](C2)[C@@H]1/C=C/[C@@H](O)CCCCC,positive,True,"[(2R)-3-hydroxy-2-[(Z)-7-[(1R,4S,5R,6R)-6-[(E,3S)-3-hydroxyoct-1-enyl]-2,3-dioxabicyclo[2.2.1]heptan-5-yl]hept-5-enoyl]oxypropyl] 2-(trimethylazaniumyl)ethyl phosphate","[(2R)-3-hydroxy-2-[(Z)-7-[(1R,4S,5R,6R)-6-[(E,3S)-3-hydroxyoct-1-enyl]-2,3-dioxabicyclo[2.2.1]heptan-5-yl]hept-5-enoyl]oxypropyl] 2-(trimethylazaniumyl)ethyl phosphate"
46742353,46742353,n1c(NCc2ccc(cc2)-c2ccccc2)c(nnc1-c1ncccc1)-c1ccccc1,c1(ccccc1)-c1ccc(CNc2c(-c3ccccc3)nnc(-c3ccccn3)n2)cc1,positive,True,"6-phenyl-N-[(4-phenylphenyl)methyl]-3-pyridin-2-yl-1,2,4-triazin-5-amine","6-phenyl-N-[(4-phenylphenyl)methyl]-3-pyridin-2-yl-1,2,4-triazin-5-amine"
252379,252379,OC[C@]12CCC(=O)C=C1CC[C@@H]1[C@@H]2CC[C@]2(C)C(CC[C@@H]12)=O,O=C1[C@@]2([C@@H](CC1)[C@H]1[C@@H]([C@@]3(C(=CC(=O)CC3)CC1)CO)CC2)C,positive,True,"(8R,9S,10S,13S,14S)-10-(hydroxymethyl)-13-methyl-2,6,7,8,9,11,12,14,15,16-decahydro-1H-cyclopenta[a]phenanthrene-3,17-dione","(8R,9S,10S,13S,14S)-10-(hydroxymethyl)-13-methyl-2,6,7,8,9,11,12,14,15,16-decahydro-1H-cyclopenta[a]phenanthrene-3,17-dione"
14841119,14841119,c12c(c(coc1c(CC=C(C)C)c(O)cc2)-c1ccc(cc1)O)=O,o1cc(c(c2c1c(c(cc2)O)CC=C(C)C)=O)-c1ccc(cc1)O,positive,True,7-hydroxy-3-(4-hydroxyphenyl)-8-(3-methylbut-2-enyl)chromen-4-one,7-hydroxy-3-(4-hydroxyphenyl)-8-(3-methylbut-2-enyl)chromen-4-one
70680267,70680267,C(CC1C(C)CN(CC1)C)[C@H]([C@H]1CC[C@H]2[C@]34CC[C@@]5(C(=CC[C@@H](N(C)C)C5)C=C4CC[C@@]21C)O3)C,CN1CCC(C(C)C1)CC[C@@H](C)[C@@H]1[C@]2(CCC3=CC4[C@]5(O[C@]3([C@@H]2CC1)CC5)C[C@@H](CC=4)N(C)C)C,positive,True,"(1S,2R,5R,6R,14R,16R)-5-[(2R)-4-(1,3-dimethylpiperidin-4-yl)butan-2-yl]-N,N,6-trimethyl-19-oxapentacyclo[14.2.1.01,9.02,6.011,16]nonadeca-9,11-dien-14-amine","(1S,2R,5R,6R,14R,16R)-5-[(2R)-4-(1,3-dimethylpiperidin-4-yl)butan-2-yl]-N,N,6-trimethyl-19-oxapentacyclo[14.2.1.01,9.02,6.011,16]nonadeca-9,11-dien-14-amine"
445963,445963,[C@@H]1(N)C(=O)OCC1,C1C[C@@H](C(=O)O1)N,positive,True,(3S)-3-aminooxolan-2-one,(3S)-3-aminooxolan-2-one
65732,65732,[Cl-].c1(N)ccc2nc3c(cc(N)cc3)[n+](c2c1)-c1ccccc1,Nc1ccc2nc3ccc(cc3[n+](c2c1)-c1ccccc1)N.[Cl-],positive,True,"10-phenylphenazin-10-ium-2,8-diamine;chloride","10-phenylphenazin-10-ium-2,8-diamine;chloride"
10690,10690,[C@@H](O)([C@H](C(O)=O)O)[C@H](O)[C@H](O)CO,[C@H](C(O)=O)([C@H]([C@H](O)[C@H](O)CO)O)O,positive,True,"(2R,3S,4R,5R)-2,3,4,5,6-pentahydroxyhexanoic acid","(2R,3S,4R,5R)-2,3,4,5,6-pentahydroxyhexanoic acid"
25244784,25244784,C(\CCCC([O-])=O)=C\C=C\C=C\CCC/C=C\C/C=C\CC,C(\CCCC(=O)[O-])=C\C=C\C=C\CCC/C=C\C/C=C\CC,positive,True,"(5Z,7E,9E,14Z,17Z)-icosa-5,7,9,14,17-pentaenoate","(5Z,7E,9E,14Z,17Z)-icosa-5,7,9,14,17-pentaenoate"
91854812,91854812,[C@H](CO)(O)[C@H]1[C@H](O)[C@@H](O)[C@H](O1)O[C@H]1[C@@H]([C@H](O[C@H]([C@@H]1N=C(O)C)O)CO)O,O[C@@H]1[C@@H](CO)O[C@@H](O)[C@H](N=C(C)O)[C@H]1O[C@H]1O[C@@H]([C@@H](CO)O)[C@H](O)[C@H]1O,positive,True,"N-[(2R,3R,4R,5S,6R)-4-[(2S,3R,4R,5S)-5-[(1R)-1,2-dihydroxyethyl]-3,4-dihydroxyoxolan-2-yl]oxy-2,5-dihydroxy-6-(hydroxymethyl)oxan-3-yl]acetamide","N-[(2R,3R,4R,5S,6R)-4-[(2S,3R,4R,5S)-5-[(1R)-1,2-dihydroxyethyl]-3,4-dihydroxyoxolan-2-yl]oxy-2,5-dihydroxy-6-(hydroxymethyl)oxan-3-yl]acetamide"
46931172,46931172,C(O)(CC(=O)[O-])(C(=O)[O-])CCC(=O)[O-].S.[Fe].[Fe].[Fe].[Fe].[Fe].[Fe].[Fe].[Fe].[NH2-].[SH-].[SH-].[SH-].[SH-].[SH-].[SH-].[SH-].[SH-],C(CC(O)(C([O-])=O)CC(=O)[O-])C(=O)[O-].S.[Fe].[Fe].[Fe].[Fe].[Fe].[Fe].[Fe].[Fe].[NH2-].[SH-].[SH-].[SH-].[SH-].[SH-].[SH-].[SH-].[SH-],positive,True,azanide;3-carboxy-3-hydroxyhexanedioate;iron;sulfanide,azanide;3-carboxy-3-hydroxyhexanedioate;iron;sulfanide
70697892,70697892,O1C[C@H]([C@H](O[C@H]2O[C@H]([C@@H]([C@@H](O)[C@H]2O)O)C)[C@@H](O[C@H]2[C@@H]([C@](C)(CO2)CO)O)[C@@H]1O[C@H]1[C@@H](O[C@H]([C@H](O)[C@H]1O)C)O[C@@H]1[C@@H](O)[C@H](CO[C@H]1OC([C@@]12[C@H](C3=CC[C@H]4[C@]([C@]3(C)CC2)(C[C@H]([C@@H]2[C@]4(C)C[C@@H]([C@H](O[C@H]3[C@@H]([C@@H](O)[C@H](O)[C@H](O3)CO)O[C@H]3[C@@H]([C@@](O)(CO)CO3)O)[C@@]2(C)CO)O)O)C)CC(C)(C)CC1)=O)O)O,[C@@H]1(O)[C@@](CO[C@H]1O[C@@H]1[C@@H](O)[C@H](O)[C@@H](CO)O[C@H]1O[C@H]1[C@H](C[C@]2([C@H]([C@@]1(CO)C)[C@H](O)C[C@@]1(C)[C@@]3(C)C(=CC[C@@H]12)[C@@H]1CC(CC[C@@]1(CC3)C(O[C@@H]1OC[C@H](O)[C@H](O)[C@H]1O[C@H]1[C@@H]([C@H](O)[C@@H](O)[C@H](C)O1)O[C@H]1[C@@H]([C@H]([C@@H](CO1)O)O[C@@H]1[C@H](O)[C@H](O)[C@@H](O)[C@@H](O1)C)O[C@@H]1OC[C@]([C@H]1O)(C)CO)=O)(C)C)C)O)(O)CO,positive,True,"[(2S,3R,4S,5S)-3-[(2S,3R,4R,5R,6S)-4,5-dihydroxy-3-[(2S,3R,4S,5R)-5-hydroxy-3-[(2S,3R,4S)-3-hydroxy-4-(hydroxymethyl)-4-methyloxolan-2-yl]oxy-4-[(2R,3R,4R,5R,6S)-3,4,5-trihydroxy-6-methyloxan-2-yl]oxyoxan-2-yl]oxy-6-methyloxan-2-yl]oxy-4,5-dihydroxyoxan-2-yl] (4aS,6aR,6aS,6bR,8R,8aR,9R,10R,11S,12aR,14bS)-10-[(2R,3R,4S,5S,6R)-3-[(2S,3R,4R)-3,4-dihydroxy-4-(hydroxymethyl)oxolan-2-yl]oxy-4,5-dihydroxy-6-(hydroxymethyl)oxan-2-yl]oxy-8,11-dihydroxy-9-(hydroxymethyl)-2,2,6a,6b,9,12a-hexamethyl-1,3,4,5,6,6a,7,8,8a,10,11,12,13,14b-tetradecahydropicene-4a-carboxylate","[(2S,3R,4S,5S)-3-[(2S,3R,4R,5R,6S)-4,5-dihydroxy-3-[(2S,3R,4S,5R)-5-hydroxy-3-[(2S,3R,4S)-3-hydroxy-4-(hydroxymethyl)-4-methyloxolan-2-yl]oxy-4-[(2R,3R,4R,5R,6S)-3,4,5-trihydroxy-6-methyloxan-2-yl]oxyoxan-2-yl]oxy-6-methyloxan-2-yl]oxy-4,5-dihydroxyoxan-2-yl] (4aS,6aR,6aS,6bR,8R,8aR,9R,10R,11S,12aR,14bS)-10-[(2R,3R,4S,5S,6R)-3-[(2S,3R,4R)-3,4-dihydroxy-4-(hydroxymethyl)oxolan-2-yl]oxy-4,5-dihydroxy-6-(hydroxymethyl)oxan-2-yl]oxy-8,11-dihydroxy-9-(hydroxymethyl)-2,2,6a,6b,9,12a-hexamethyl-1,3,4,5,6,6a,7,8,8a,10,11,12,13,14b-tetradecahydropicene-4a-carboxylate"
108185,108185,c1(ccc(-c2ccccc2-c2n[nH]nn2)cc1)Cn1c(CCCC)nc(Cl)c1C(=O)O,C(=O)(c1c(nc(CCCC)n1Cc1ccc(cc1)-c1c(cccc1)-c1n[nH]nn1)Cl)O,positive,True,2-butyl-5-chloro-3-[[4-[2-(2H-tetrazol-5-yl)phenyl]phenyl]methyl]imidazole-4-carboxylic acid,2-butyl-5-chloro-3-[[4-[2-(2H-tetrazol-5-yl)phenyl]phenyl]methyl]imidazole-4-carboxylic acid
439864,439864,O1C(CC2C(=O)CC1(C)C2(C)C)=O,C1C2(C(C(CC(O2)=O)C1=O)(C)C)C,positive,True,"1,8,8-trimethyl-2-oxabicyclo[3.2.1]octane-3,6-dione","1,8,8-trimethyl-2-oxabicyclo[3.2.1]octane-3,6-dione"
132472300,132472300,C(O)(=O)[C@H]1O[C@@H](Oc2cc(CC3CCC(=O)O3)ccc2)[C@H](O)[C@H]([C@@H]1O)O,c1c(O[C@H]2[C@H](O)[C@H]([C@H](O)[C@@H](C(=O)O)O2)O)cc(CC2CCC(O2)=O)cc1,positive,True,"(2S,3S,4S,5R,6S)-3,4,5-trihydroxy-6-[3-[(5-oxooxolan-2-yl)methyl]phenoxy]oxane-2-carboxylic acid","(2S,3S,4S,5R,6S)-3,4,5-trihydroxy-6-[3-[(5-oxooxolan-2-yl)methyl]phenoxy]oxane-2-carboxylic acid"
6971029,6971029,N[C@@H](CC(c1c(cccc1)N)=O)C(=O)O,c1cccc(c1N)C(C[C@H](N)C(=O)O)=O,positive,True,(2S)-4-(2-aminophenyl)-2-azaniumyl-4-oxobutanoate,(2S)-4-(2-aminophenyl)-2-azaniumyl-4-oxobutanoate
129011071,129011071,[C@H]1(C[C@H]2[C@@H]3C[C@H]([C@](O)(C(C)=O)[C@@]3(C)CC[C@@H]2[C@]2(CCC(C=C12)=O)C)O)O,C1[C@H]2[C@@H]3C[C@H](C4[C@@](C)([C@H]3CC[C@]2(C)[C@@]([C@@H]1O)(O)C(C)=O)CCC(=O)C=4)O,positive,True,"(6R,8R,9S,10R,13S,14S,16R,17S)-17-acetyl-6,16,17-trihydroxy-10,13-dimethyl-2,6,7,8,9,11,12,14,15,16-decahydro-1H-cyclopenta[a]phenanthren-3-one","(6R,8R,9S,10R,13S,14S,16R,17S)-17-acetyl-6,16,17-trihydroxy-10,13-dimethyl-2,6,7,8,9,11,12,14,15,16-decahydro-1H-cyclopenta[a]phenanthren-3-one"
16019969,16019969,[C-]#[N+]S,[N+](#[C-])S,positive,True,sulfanylazaniumylidynemethane,sulfanylazaniumylidynemethane
439713,439713,C1([C@H](NC(O)=N)N=C(O)N=1)O,N1[C@H](C(=NC=1O)O)NC(O)=N,positive,True,"[(4R)-2,5-dioxoimidazolidin-4-yl]urea","[(4R)-2,5-dioxoimidazolidin-4-yl]urea"
37888176,37888176,O=C([C@@H](c1ccc(C2CCCCC2)c2c1cccc2)C)O,c12c([C@H](C(O)=O)C)ccc(C3CCCCC3)c1cccc2,positive,True,(2R)-2-(4-cyclohexylnaphthalen-1-yl)propanoic acid,(2R)-2-(4-cyclohexylnaphthalen-1-yl)propanoic acid
70680335,70680335,O1[C@H](CO)[C@@H](O[C@@H]2O[C@@H]([C@@H]([C@@H]([C@H]2O)O)O)CO[C@@H]2[C@@H]([C@@H](O)[C@@H]([C@@H](CO)O2)O)N=C(C)O)[C@H](O)[C@H]([C@@H]1O)N=C(C)O,OC[C@@H]1[C@@H](O[C@H]2[C@H](O)[C@H]([C@@H](O)[C@@H](CO[C@H]3O[C@H](CO)[C@@H](O)[C@@H]([C@H]3N=C(O)C)O)O2)O)[C@@H]([C@H]([C@@H](O1)O)N=C(C)O)O,positive,True,"N-[(2R,3R,4R,5S,6R)-5-[(2S,3R,4S,5R,6R)-6-[[(2S,3R,4R,5S,6R)-3-acetamido-4,5-dihydroxy-6-(hydroxymethyl)oxan-2-yl]oxymethyl]-3,4,5-trihydroxyoxan-2-yl]oxy-2,4-dihydroxy-6-(hydroxymethyl)oxan-3-yl]acetamide","N-[(2R,3R,4R,5S,6R)-5-[(2S,3R,4S,5R,6R)-6-[[(2S,3R,4R,5S,6R)-3-acetamido-4,5-dihydroxy-6-(hydroxymethyl)oxan-2-yl]oxymethyl]-3,4,5-trihydroxyoxan-2-yl]oxy-2,4-dihydroxy-6-(hydroxymethyl)oxan-3-yl]acetamide"
5355054,5355054,[nH]1c(O)nc2c(ncnc21)N,c12ncnc(N)c1nc(O)[nH]2,positive,True,"6-amino-7,9-dihydropurin-8-one","6-amino-7,9-dihydropurin-8-one"
145944422,145944422,O=P(OCCN)(O)OC[C@@H]1[C@@H](O)[C@H](O)[C@@H]([C@H](O1)O[C@H]1[C@@H](O)[C@@H]([C@H](O[C@@H]1OC[C@H]1O[C@H](O[C@H]2[C@@H]([C@H]([C@H](OCCCCCCS)O[C@@H]2CO)N)O)[C@@H](O)[C@H]([C@@H]1O)O)CO)O)O,C(CCO[C@H]1[C@H](N)[C@@H](O)[C@H](O[C@@H]2[C@@H](O)[C@@H](O)[C@H](O)[C@@H](CO[C@H]3O[C@@H]([C@@H](O)[C@H](O)[C@@H]3O[C@H]3O[C@@H]([C@H]([C@H](O)[C@@H]3O)O)COP(O)(OCCN)=O)CO)O2)[C@H](O1)CO)CCCS,positive,True,"2-aminoethyl [(2R,3S,4S,5S,6R)-6-[(2S,3S,4S,5S,6R)-2-[[(2R,3S,4S,5S,6R)-6-[(2R,3S,4R,5R,6R)-5-amino-4-hydroxy-2-(hydroxymethyl)-6-(6-sulfanylhexoxy)oxan-3-yl]oxy-3,4,5-trihydroxyoxan-2-yl]methoxy]-4,5-dihydroxy-6-(hydroxymethyl)oxan-3-yl]oxy-3,4,5-trihydroxyoxan-2-yl]methyl hydrogen phosphate","2-aminoethyl [(2R,3S,4S,5S,6R)-6-[(2S,3S,4S,5S,6R)-2-[[(2R,3S,4S,5S,6R)-6-[(2R,3S,4R,5R,6R)-5-amino-4-hydroxy-2-(hydroxymethyl)-6-(6-sulfanylhexoxy)oxan-3-yl]oxy-3,4,5-trihydroxyoxan-2-yl]methoxy]-4,5-dihydroxy-6-(hydroxymethyl)oxan-3-yl]oxy-3,4,5-trihydroxyoxan-2-yl]methyl hydrogen phosphate"
135957087,135957087,c12n(CC[C@@H](C(O)=O)N)cnc(=NCC=C(C)C)c1nc[nH]2,C(N=c1ncn(c2[nH]cnc21)CC[C@H](N)C(O)=O)C=C(C)C,positive,True,(2S)-2-azaniumyl-4-[6-(3-methylbut-2-enylimino)-7H-purin-3-yl]butanoate,(2S)-2-azaniumyl-4-[6-(3-methylbut-2-enylimino)-7H-purin-3-yl]butanoate
50909829,50909829,[C@@H]1([C@@H](O[C@H](CO)[C@@H](O)[C@@H]1O)Oc1cc2c(cc(cc2[o+]c1-c1cc(O)c(O)cc1)O)O)O[C@H]1[C@H](O)[C@@H](O)[C@@H]([C@@H](C(=O)[O-])O1)O,c1(O)c2c([o+]c(c(c2)O[C@@H]2O[C@H](CO)[C@H]([C@@H]([C@H]2O[C@@H]2O[C@H](C([O-])=O)[C@H]([C@H](O)[C@H]2O)O)O)O)-c2cc(c(cc2)O)O)cc(c1)O,positive,True,"(2S,3S,4S,5R,6R)-6-[(2S,3R,4S,5S,6R)-2-[2-(3,4-dihydroxyphenyl)-5,7-dihydroxychromenylium-3-yl]oxy-4,5-dihydroxy-6-(hydroxymethyl)oxan-3-yl]oxy-3,4,5-trihydroxyoxane-2-carboxylate","(2S,3S,4S,5R,6R)-6-[(2S,3R,4S,5S,6R)-2-[2-(3,4-dihydroxyphenyl)-5,7-dihydroxychromenylium-3-yl]oxy-4,5-dihydroxy-6-(hydroxymethyl)oxan-3-yl]oxy-3,4,5-trihydroxyoxane-2-carboxylate"
195103,195103,C1[C@H](O)[C@@H](N=C(C)O)[C@@H](O[C@]1(C(O)=O)OC[C@H]1O[C@@H]([C@H](N=C(C)O)[C@H]([C@H]1O)O)OC[C@H](N)C(=O)O)[C@@H]([C@@H](CO)O)O,OC([C@@H](N)CO[C@@H]1[C@@H]([C@@H](O)[C@@H](O)[C@H](O1)CO[C@@]1(C(O)=O)O[C@@H]([C@@H]([C@H](O)CO)O)[C@H](N=C(O)C)[C@H](C1)O)N=C(O)C)=O,positive,True,"(2R,4S,5R,6R)-5-acetamido-2-[[(2R,3R,4R,5R,6S)-5-acetamido-6-[(2S)-2-amino-2-carboxyethoxy]-3,4-dihydroxyoxan-2-yl]methoxy]-4-hydroxy-6-[(1R,2R)-1,2,3-trihydroxypropyl]oxane-2-carboxylic acid","(2R,4S,5R,6R)-5-acetamido-2-[[(2R,3R,4R,5R,6S)-5-acetamido-6-[(2S)-2-amino-2-carboxyethoxy]-3,4-dihydroxyoxan-2-yl]methoxy]-4-hydroxy-6-[(1R,2R)-1,2,3-trihydroxypropyl]oxane-2-carboxylic acid"
443450,443450,O=C(O)[C@H]1[C@H]2[C@@](C)(CCC[C@@]2(C)C(O)=O)[C@H]2[C@]31CC([C@H](CC2)C3)=C,O=C(O)[C@]1([C@H]2[C@H](C(=O)O)[C@]34CC([C@@H](C4)CC[C@H]3[C@]2(C)CCC1)=C)C,positive,True,"(1R,2S,3S,4R,8S,9S,12R)-4,8-dimethyl-13-methylidenetetracyclo[10.2.1.01,9.03,8]pentadecane-2,4-dicarboxylic acid","(1R,2S,3S,4R,8S,9S,12R)-4,8-dimethyl-13-methylidenetetracyclo[10.2.1.01,9.03,8]pentadecane-2,4-dicarboxylic acid"
5282708,5282708,C(=C/CC(=O)O)\CC,CC/C=C/CC(O)=O,positive,True,(E)-hex-3-enoic acid,(E)-hex-3-enoic acid
65679,65679,O=S1(=O)N(C)c2c(oc(n(-c3ccccn3)c2=O)=O)-c2ccccc12,c12-c3oc(n(-c4ccccn4)c(=O)c3N(S(=O)(c2cccc1)=O)C)=O,positive,True,"5-methyl-6,6-dioxo-3-pyridin-2-yl-[1,3]oxazino[5,6-c][1,2]benzothiazine-2,4-dione","5-methyl-6,6-dioxo-3-pyridin-2-yl-[1,3]oxazino[5,6-c][1,2]benzothiazine-2,4-dione"
5460887,5460887,OC(=O)CN=C([C@H](CSCCO)N=C(O)CC[C@@H](C(O)=O)N)O,C(N=C(O)[C@H](CSCCO)N=C(CC[C@H](N)C(O)=O)O)C(O)=O,positive,True,(2S)-2-amino-5-[[(2R)-1-(carboxymethylamino)-3-(2-hydroxyethylsulfanyl)-1-oxopropan-2-yl]amino]-5-oxopentanoic acid,(2S)-2-amino-5-[[(2R)-1-(carboxymethylamino)-3-(2-hydroxyethylsulfanyl)-1-oxopropan-2-yl]amino]-5-oxopentanoic acid
53262299,53262299,O=c1n(ccc(n1)[O-])[C@H]1[C@@H]([C@@H]([C@H](O1)COP(O)(=O)OP(O)(O[C@H]1O[C@@H]([C@H]([C@@H]([C@H]1N=C(C)[O-])N)O)C(=O)O)=O)O)O,[O-]c1ccn(c(=O)n1)[C@@H]1O[C@@H]([C@H]([C@H]1O)O)COP(O)(OP(=O)(O[C@@H]1[C@@H]([C@@H](N)[C@@H]([C@H](O1)C(O)=O)O)N=C(C)[O-])O)=O,positive,True,"(2S,3S,4R,5R,6R)-5-acetamido-4-azaniumyl-6-[[[(2R,3S,4R,5R)-5-(2,4-dioxopyrimidin-1-yl)-3,4-dihydroxyoxolan-2-yl]methoxy-oxidophosphoryl]oxy-oxidophosphoryl]oxy-3-hydroxyoxane-2-carboxylate","(2S,3S,4R,5R,6R)-5-acetamido-4-azaniumyl-6-[[[(2R,3S,4R,5R)-5-(2,4-dioxopyrimidin-1-yl)-3,4-dihydroxyoxolan-2-yl]methoxy-oxidophosphoryl]oxy-oxidophosphoryl]oxy-3-hydroxyoxane-2-carboxylate"
160556,160556,O=C(O)CC[C@@H](C(O)=O)NCCCC[C@@H](C(O)=O)N,C(C[C@@H](C(O)=O)NCCCC[C@H](N)C(O)=O)C(=O)O,positive,True,(2S)-2-[[(5S)-5-amino-5-carboxypentyl]amino]pentanedioic acid,(2S)-2-[[(5S)-5-amino-5-carboxypentyl]amino]pentanedioic acid
13376,13376,C(CC)CN=CO,C(N=CO)CCC,positive,True,N-butylformamide,N-butylformamide
91850697,91850697,O([C@@H]1O[C@H](CO)[C@@H](O)[C@@H]([C@@H]1O)O)[C@H]1[C@H](O)[C@@H](N=C(C)O)[C@H](O[C@@H]1CO)O[C@H]1[C@H](O)[C@H]([C@@H](O)O[C@@H]1CO)N=C(C)O,C(O)[C@H]1O[C@H](O[C@H]2[C@@H]([C@@H](N=C(C)O)[C@H](O[C@@H]2CO)O)O)[C@H](N=C(C)O)[C@@H](O)[C@@H]1O[C@H]1[C@@H](O)[C@@H](O)[C@@H]([C@@H](CO)O1)O,positive,True,"N-[(2S,3R,4R,5S,6R)-5-[(2R,3R,4R,5S,6R)-3-acetamido-4-hydroxy-6-(hydroxymethyl)-5-[(2S,3S,4S,5S,6R)-3,4,5-trihydroxy-6-(hydroxymethyl)oxan-2-yl]oxyoxan-2-yl]oxy-2,4-dihydroxy-6-(hydroxymethyl)oxan-3-yl]acetamide","N-[(2S,3R,4R,5S,6R)-5-[(2R,3R,4R,5S,6R)-3-acetamido-4-hydroxy-6-(hydroxymethyl)-5-[(2S,3S,4S,5S,6R)-3,4,5-trihydroxy-6-(hydroxymethyl)oxan-2-yl]oxyoxan-2-yl]oxy-2,4-dihydroxy-6-(hydroxymethyl)oxan-3-yl]acetamide"
288,288,C[N+](CC(CC([O-])=O)O)(C)C,C(=O)(CC(C[N+](C)(C)C)O)[O-],positive,True,3-hydroxy-4-(trimethylazaniumyl)butanoate,3-hydroxy-4-(trimethylazaniumyl)butanoate
5748580,5748580,c1(OC)cc(-c2c(OC)c(=O)c3c(cc(cc3O)OC)o2)cc(c1OC)O,O(c1c(-c2cc(OC)c(OC)c(O)c2)oc2c(c1=O)c(O)cc(c2)OC)C,positive,True,"5-hydroxy-2-(3-hydroxy-4,5-dimethoxyphenyl)-3,7-dimethoxychromen-4-one","5-hydroxy-2-(3-hydroxy-4,5-dimethoxyphenyl)-3,7-dimethoxychromen-4-one"
135563672,135563672,C([O-])(=N[C@@H](O)C(=O)O)CCCCC,O[C@@H](C(=O)O)N=C([O-])CCCCC,positive,True,(2S)-2-(hexanoylamino)-2-hydroxyacetate,(2S)-2-(hexanoylamino)-2-hydroxyacetate
72193864,72193864,O=C(c1cn(CC)c2cc(c(c(c2c1=O)N)F)NC1CCCCC1)O,C(c1cn(CC)c2c(c(c(F)c(c2)NC2CCCCC2)N)c1=O)(=O)O,positive,True,5-amino-7-(cyclohexylamino)-1-ethyl-6-fluoro-4-oxoquinoline-3-carboxylic acid,5-amino-7-(cyclohexylamino)-1-ethyl-6-fluoro-4-oxoquinoline-3-carboxylic acid
71581204,71581204,C1(O)[C@H](O)[C@@H](O)C([C@@H]([C@@H]1O)O)OP(=O)(O)OC[C@H](OC(=O)CCC/C=C\C/C=C\C/C=C\C/C=C\CCCCC)COC(=O)CCCCCCCCCCCCCCCCC,C(=C\C/C=C\C/C=C\CCCC(O[C@@H](COP(OC1[C@@H]([C@H](O)C(O)[C@H](O)[C@H]1O)O)(=O)O)COC(CCCCCCCCCCCCCCCCC)=O)=O)\C/C=C\CCCCC,positive,True,"[(2R)-1-[hydroxy-[(2R,3R,5S,6R)-2,3,4,5,6-pentahydroxycyclohexyl]oxyphosphoryl]oxy-3-octadecanoyloxypropan-2-yl] (5Z,8Z,11Z,14Z)-icosa-5,8,11,14-tetraenoate","[(2R)-1-[hydroxy-[(2R,3R,5S,6R)-2,3,4,5,6-pentahydroxycyclohexyl]oxyphosphoryl]oxy-3-octadecanoyloxypropan-2-yl] (5Z,8Z,11Z,14Z)-icosa-5,8,11,14-tetraenoate"
24798742,24798742,c12[nH]cnc1CCN(C2)c1c2c(ncn1)[nH]cc2Cl,[nH]1cc(c2c(N3Cc4c(nc[nH]4)CC3)ncnc21)Cl,positive,True,"5-chloro-4-(3,4,6,7-tetrahydroimidazo[4,5-c]pyridin-5-yl)-7H-pyrrolo[2,3-d]pyrimidine","5-chloro-4-(3,4,6,7-tetrahydroimidazo[4,5-c]pyridin-5-yl)-7H-pyrrolo[2,3-d]pyrimidine"
56927880,56927880,CCN.FC(F)(C(O)=O)F,CCN.FC(C(=O)O)(F)F,positive,True,"ethylazanium;2,2,2-trifluoroacetate","ethylazanium;2,2,2-trifluoroacetate"
5651756,5651756,C(\C(=NCC(O)=O)[O-])=C/c1ccccc1,O=C(CN=C([O-])/C=C/c1ccccc1)O,positive,True,2-[[(E)-3-phenylprop-2-enoyl]amino]acetate,2-[[(E)-3-phenylprop-2-enoyl]amino]acetate
138756162,138756162,CC(O)CCC/C=C\C/C=C\CCCCCCCC([O-])=O,C(\C/C=C\CCCC(C)O)=C\CCCCCCCC([O-])=O,positive,True,"(9Z,12Z)-17-hydroxyoctadeca-9,12-dienoate","(9Z,12Z)-17-hydroxyoctadeca-9,12-dienoate"
135510207,135510207,CC(C)N=c1[nH]c(nc([nH]1)O)=N,CC(N=c1[nH]c(nc([nH]1)=N)O)C,positive,True,"6-amino-4-(propan-2-ylamino)-1H-1,3,5-triazin-2-one","6-amino-4-(propan-2-ylamino)-1H-1,3,5-triazin-2-one"
5003059,5003059,C(CCCCOS(=O)(=O)[O-])CCCCC,O=S(=O)(OCCCCCCCCCC)[O-],positive,True,decyl sulfate,decyl sulfate
68853159,68853159,[Na+].c1c2n(c(C(c3cc(C([O-])=O)c(cc3)N)=O)c(C)c2OC)ccc1,[Na+].[O-]C(=O)c1cc(ccc1N)C(c1c(c(c2ccccn12)OC)C)=O,positive,True,sodium;2-amino-5-(1-methoxy-2-methylindolizine-3-carbonyl)benzoate,sodium;2-amino-5-(1-methoxy-2-methylindolizine-3-carbonyl)benzoate
49852310,49852310,C(C)CCCCCCCCCCCCCC([C@H](CO)[NH3+])=O,C(CCCC)CCCCCCCCCCC(=O)[C@H](CO)[NH3+],positive,True,[(2S)-1-hydroxy-3-oxooctadecan-2-yl]azanium,[(2S)-1-hydroxy-3-oxooctadecan-2-yl]azanium
25245067,25245067,C1[C@H]([C@H]([C@H](O[C@@]1(O[C@@H]1C[C@](OC[C@H]2O[C@@H](OC[C@H]3O[C@H](OP(=O)(O[C@H]4OC[C@H](N)[C@H](O)[C@H]4O)O)[C@@H]([C@@H](OC(C[C@@H](CCCCCCCCCCC)O)=O)[C@@H]3O)N=C(O)C[C@H](O)CCCCCCCCCCC)[C@@H]([C@@H](OC(=O)C[C@@H](CCCCCCCCCCC)OC(CCCCCCCCCCCCC)=O)[C@@H]2OP(=O)(O[C@@H]2[C@@H]([C@H]([C@@H](N)CO2)O)O)O)N=C(O)C[C@@H](CCCCCCCCCCC)OC(=O)CCCCCCCCCCC)(C(=O)O)O[C@H]([C@@H](CO)O)[C@@H]1O)C(O)=O)[C@@H](CO)O)O)O,[C@@H]1([C@@H]([C@@H](CO[C@@H]2O[C@@H]([C@@H](OP(O)(=O)O[C@H]3OC[C@@H]([C@H](O)[C@H]3O)N)[C@H](OC(C[C@H](OC(CCCCCCCCCCCCC)=O)CCCCCCCCCCC)=O)[C@H]2N=C(C[C@H](OC(=O)CCCCCCCCCCC)CCCCCCCCCCC)O)CO[C@]2(C(=O)O)C[C@@H](O[C@]3(C(O)=O)C[C@@H](O)[C@@H](O)[C@@H]([C@@H](CO)O)O3)[C@@H](O)[C@@H]([C@H](O)CO)O2)O[C@H](OP(=O)(O[C@H]2OC[C@H](N)[C@@H]([C@H]2O)O)O)[C@@H]1N=C(O)C[C@@H](CCCCCCCCCCC)O)O)OC(=O)C[C@H](O)CCCCCCCCCCC,positive,True,"(2R,4R,5R,6R)-2-[(2R,4R,5R,6R)-2-[[(2R,3S,4R,5R,6R)-3-[[(2R,3R,4S,5S)-5-amino-3,4-dihydroxyoxan-2-yl]oxy-hydroxyphosphoryl]oxy-6-[[(2R,3S,4R,5R,6R)-6-[[(2R,3R,4S,5S)-5-amino-3,4-dihydroxyoxan-2-yl]oxy-hydroxyphosphoryl]oxy-3-hydroxy-5-[[(3R)-3-hydroxytetradecanoyl]amino]-4-[(3R)-3-hydroxytetradecanoyl]oxyoxan-2-yl]methoxy]-5-[[(3R)-3-dodecanoyloxytetradecanoyl]amino]-4-[(3R)-3-tetradecanoyloxytetradecanoyl]oxyoxan-2-yl]methoxy]-2-carboxy-6-[(1R)-1,2-dihydroxyethyl]-5-hydroxyoxan-4-yl]oxy-6-[(1R)-1,2-dihydroxyethyl]-4,5-dihydroxyoxane-2-carboxylic acid","(2R,4R,5R,6R)-2-[(2R,4R,5R,6R)-2-[[(2R,3S,4R,5R,6R)-3-[[(2R,3R,4S,5S)-5-amino-3,4-dihydroxyoxan-2-yl]oxy-hydroxyphosphoryl]oxy-6-[[(2R,3S,4R,5R,6R)-6-[[(2R,3R,4S,5S)-5-amino-3,4-dihydroxyoxan-2-yl]oxy-hydroxyphosphoryl]oxy-3-hydroxy-5-[[(3R)-3-hydroxytetradecanoyl]amino]-4-[(3R)-3-hydroxytetradecanoyl]oxyoxan-2-yl]methoxy]-5-[[(3R)-3-dodecanoyloxytetradecanoyl]amino]-4-[(3R)-3-tetradecanoyloxytetradecanoyl]oxyoxan-2-yl]methoxy]-2-carboxy-6-[(1R)-1,2-dihydroxyethyl]-5-hydroxyoxan-4-yl]oxy-6-[(1R)-1,2-dihydroxyethyl]-4,5-dihydroxyoxane-2-carboxylic acid"
72551578,72551578,C(=C\C/C=C\CCCC([O-])=O)\C/C=C\C/C=C\C/C=C\CCO,C(CC/C=C\C/C=C\C/C=C\C/C=C\C/C=C\CCO)C([O-])=O,positive,True,"(5Z,8Z,11Z,14Z,17Z)-20-hydroxyicosa-5,8,11,14,17-pentaenoate","(5Z,8Z,11Z,14Z,17Z)-20-hydroxyicosa-5,8,11,14,17-pentaenoate"
6885,6885,c1ccc2C(=O)OCc2c1,c1cccc2COC(c21)=O,positive,True,3H-2-benzofuran-1-one,3H-2-benzofuran-1-one
5315318,5315318,c1ccc(cc1)[C@@H]1CC(=O)c2c(c3[C@@H](C(C)C)C4=C(Oc3c(C)c2O)C(C)=C(C(C)(C4=O)C)OC)O1,O1C2C(=C(C(C(C=2[C@@H](c2c1c(c(c1C(=O)C[C@@H](c3ccccc3)Oc12)O)C)C(C)C)=O)(C)C)OC)C,positive,True,"(2S,12R)-5-hydroxy-9-methoxy-6,8,10,10-tetramethyl-2-phenyl-12-propan-2-yl-3,12-dihydro-2H-pyrano[2,3-a]xanthene-4,11-dione","(2S,12R)-5-hydroxy-9-methoxy-6,8,10,10-tetramethyl-2-phenyl-12-propan-2-yl-3,12-dihydro-2H-pyrano[2,3-a]xanthene-4,11-dione"
49859721,49859721,c1(C(=O)O)cc(ccc1O[C@@H]1O[C@@H]([C@H]([C@H](O)[C@H]1O)O)CO)O,c1c(O[C@@H]2O[C@H](CO)[C@@H](O)[C@@H]([C@H]2O)O)c(C(O)=O)cc(c1)O,positive,True,"5-hydroxy-2-[(2S,3R,4S,5S,6R)-3,4,5-trihydroxy-6-(hydroxymethyl)oxan-2-yl]oxybenzoic acid","5-hydroxy-2-[(2S,3R,4S,5S,6R)-3,4,5-trihydroxy-6-(hydroxymethyl)oxan-2-yl]oxybenzoic acid"
56655722,56655722,[C@@H]1([C@](C)(C(=O)C[C@@H]2C(C)(C)OC(O)=N2)O)[C@@]2(C)CC(=O)[C@]3([C@H]4C(C(C(=O)C(=C4)O[C@@H]4O[C@@H]([C@H]([C@H](O)[C@H]4O)O)CO)(C)C)=CC[C@H]3[C@@]2(C[C@H]1O)C)C,C1[C@@H]2C(C(C(=O)C=1O[C@@H]1O[C@@H]([C@@H](O)[C@H](O)[C@H]1O)CO)(C)C)=CC[C@H]1[C@@]3(C)[C@@](C)([C@@H]([C@](C(=O)C[C@@H]4C(OC(=N4)O)(C)C)(O)C)[C@H](O)C3)CC([C@@]21C)=O,positive,True,"(8S,9R,10R,13R,14S,16R,17R)-17-[(2R)-4-[(4R)-5,5-dimethyl-2-oxo-1,3-oxazolidin-4-yl]-2-hydroxy-3-oxobutan-2-yl]-16-hydroxy-4,4,9,13,14-pentamethyl-2-[(2S,3R,4S,5S,6R)-3,4,5-trihydroxy-6-(hydroxymethyl)oxan-2-yl]oxy-8,10,12,15,16,17-hexahydro-7H-cyclopenta[a]phenanthrene-3,11-dione","(8S,9R,10R,13R,14S,16R,17R)-17-[(2R)-4-[(4R)-5,5-dimethyl-2-oxo-1,3-oxazolidin-4-yl]-2-hydroxy-3-oxobutan-2-yl]-16-hydroxy-4,4,9,13,14-pentamethyl-2-[(2S,3R,4S,5S,6R)-3,4,5-trihydroxy-6-(hydroxymethyl)oxan-2-yl]oxy-8,10,12,15,16,17-hexahydro-7H-cyclopenta[a]phenanthrene-3,11-dione"
5282452,5282452,c1(/C=C/[C@H](C[C@@H](O)CC(O)=O)O)c(C2CC2)nc2ccccc2c1-c1ccc(cc1)F,c1(/C=C/[C@@H](O)C[C@@H](O)CC(=O)O)c(c2ccccc2nc1C1CC1)-c1ccc(F)cc1,positive,True,"(E,3R,5S)-7-[2-cyclopropyl-4-(4-fluorophenyl)quinolin-3-yl]-3,5-dihydroxyhept-6-enoic acid","(E,3R,5S)-7-[2-cyclopropyl-4-(4-fluorophenyl)quinolin-3-yl]-3,5-dihydroxyhept-6-enoic acid"
42607475,42607475,C([C@@H](COC(=O)CCC/C=C\C/C=C\C/C=C\C/C=C\CCCCC)O)OP(OC[C@H](N)C(=O)O)(=O)O,C(C/C=C\C/C=C\C/C=C\C/C=C\CCCCC)CC(OC[C@H](COP(O)(OC[C@@H](C(O)=O)N)=O)O)=O,positive,True,"(2S)-2-amino-3-[hydroxy-[(2R)-2-hydroxy-3-[(5Z,8Z,11Z,14Z)-icosa-5,8,11,14-tetraenoyl]oxypropoxy]phosphoryl]oxypropanoic acid","(2S)-2-amino-3-[hydroxy-[(2R)-2-hydroxy-3-[(5Z,8Z,11Z,14Z)-icosa-5,8,11,14-tetraenoyl]oxypropoxy]phosphoryl]oxypropanoic acid"
15047965,15047965,C(CCCCCCCCCCCCCCCCCCC(CC)C)CC(=O)O,C(C(O)=O)CCCCCCCCCCCCCCCCCCCC(CC)C,positive,True,22-methyltetracosanoic acid,22-methyltetracosanoic acid
439462,439462,n1c(N[C@@H]2O[C@H](COP(=O)(O)O)[C@H]([C@H]2O)O)c(N)c(nc1O)O,c1(c(nc(O)nc1O)N[C@@H]1O[C@H](COP(=O)(O)O)[C@H]([C@H]1O)O)N,positive,True,"[(2R,3S,4R,5R)-5-[(5-amino-2,4-dioxo-1H-pyrimidin-6-yl)amino]-3,4-dihydroxyoxolan-2-yl]methyl dihydrogen phosphate","[(2R,3S,4R,5R)-5-[(5-amino-2,4-dioxo-1H-pyrimidin-6-yl)amino]-3,4-dihydroxyoxolan-2-yl]methyl dihydrogen phosphate"
82050,82050,[Br-].[Li+],[Br-].[Li+],positive,True,lithium;bromide,lithium;bromide
93362,93362,O(S(=O)(=O)C)c1ccc(SC(=NC)O)cc1,CS(Oc1ccc(cc1)SC(=NC)O)(=O)=O,positive,True,[4-(methylcarbamoylsulfanyl)phenyl] methanesulfonate,[4-(methylcarbamoylsulfanyl)phenyl] methanesulfonate
56927734,56927734,O[C@H]1[C@H](O[C@@H]([C@@H]([C@H]1N(C)C)O)OP(OP(OC[C@H]1O[C@@H](n2c(=O)nc(O)c(C)c2)C[C@@H]1O)(=O)O)(O)=O)C,Oc1nc(n(cc1C)[C@@H]1O[C@@H]([C@@H](O)C1)COP(O)(=O)OP(O)(=O)O[C@@H]1[C@H](O)[C@H]([C@H]([C@H](O1)C)O)N(C)C)=O,positive,True,"[(2R,3R,4S,5R,6R)-4-(dimethylamino)-3,5-dihydroxy-6-methyloxan-2-yl] [hydroxy-[[(2R,3S,5R)-3-hydroxy-5-(5-methyl-2,4-dioxopyrimidin-1-yl)oxolan-2-yl]methoxy]phosphoryl] hydrogen phosphate","[(2R,3R,4S,5R,6R)-4-(dimethylamino)-3,5-dihydroxy-6-methyloxan-2-yl] [hydroxy-[[(2R,3S,5R)-3-hydroxy-5-(5-methyl-2,4-dioxopyrimidin-1-yl)oxolan-2-yl]methoxy]phosphoryl] hydrogen phosphate"
72204622,72204622,O[C@@H]([C@H](O)/C=C/C=C/C=C\C=C\[C@H](O)C/C=C\CCC(O)=O)C/C=C\CC,C(/C=C\C[C@H]([C@H](O)/C=C/C=C/C=C\C=C\[C@H](O)C/C=C\CCC(O)=O)O)C,positive,True,"(4Z,7R,8E,10Z,12E,14E,16R,17R,19Z)-7,16,17-trihydroxydocosa-4,8,10,12,14,19-hexaenoic acid","(4Z,7R,8E,10Z,12E,14E,16R,17R,19Z)-7,16,17-trihydroxydocosa-4,8,10,12,14,19-hexaenoic acid"
650,650,O=C(C)C(=O)C,CC(C(C)=O)=O,positive,True,"butane-2,3-dione","butane-2,3-dione"
25201364,25201364,O[C@@H]1[C@@H](O)[C@@H](O)[C@H](O[C@H]1Oc1c(=O)c2c(O)cc(cc2oc1-c1ccc([O-])cc1)O)CO,c1(ccc(-c2c(c(c3c(O)cc(cc3o2)O)=O)O[C@@H]2O[C@@H]([C@H](O)[C@@H]([C@H]2O)O)CO)cc1)[O-],positive,True,"7-hydroxy-2-(4-hydroxyphenyl)-4-oxo-3-[(2S,3R,4S,5R,6R)-3,4,5-trihydroxy-6-(hydroxymethyl)oxan-2-yl]oxychromen-5-olate","7-hydroxy-2-(4-hydroxyphenyl)-4-oxo-3-[(2S,3R,4S,5R,6R)-3,4,5-trihydroxy-6-(hydroxymethyl)oxan-2-yl]oxychromen-5-olate"
18706098,18706098,O=C([O-])C(=O)CC(O)(C)C(=O)[O-],C(C(CC(C(=O)[O-])=O)(C)O)(=O)[O-],positive,True,2-hydroxy-2-methyl-4-oxopentanedioate,2-hydroxy-2-methyl-4-oxopentanedioate
6453839,6453839,C[C@@]12[C@@H]3CC[C@@](C)(O[C@]3(CC[C@@H]2C(C)(C)CCC1)C)C=C,C1[C@@H]2[C@@](C)(O[C@@](C)(C=C)C1)CC[C@@H]1C(C)(CCC[C@]12C)C,positive,True,"(3R,4aS,6aR,10aR,10bS)-3-ethenyl-3,4a,7,7,10a-pentamethyl-2,5,6,6a,8,9,10,10b-octahydro-1H-benzo[f]chromene","(3R,4aS,6aR,10aR,10bS)-3-ethenyl-3,4a,7,7,10a-pentamethyl-2,5,6,6a,8,9,10,10b-octahydro-1H-benzo[f]chromene"
24832659,24832659,CO[C@H]1[C@H]2C3[C@]4([C@H]5[C@H]6[C@@]2([C@H]([C@H](OC)[C@@]([C@@H]6OC(=O)c2ccccc2)(O)C5)O)O)[C@H]1[C@]([C@@H](C[C@@H]4OC)O)(COC)CN3C,[C@@H]1([C@H](O)[C@]2(O)[C@@H]3C4N(C[C@]5(COC)[C@@H](C[C@H](OC)[C@]4([C@@H]5[C@H]3OC)[C@@H]3C[C@]1([C@@H]([C@H]23)OC(c1ccccc1)=O)O)O)C)OC,positive,True,"[(1S,2R,3R,4R,5R,6S,7S,8R,9R,13R,14R,16S,17S,18R)-5,7,8,14-tetrahydroxy-6,16,18-trimethoxy-13-(methoxymethyl)-11-methyl-11-azahexacyclo[7.7.2.12,5.01,10.03,8.013,17]nonadecan-4-yl] benzoate","[(1S,2R,3R,4R,5R,6S,7S,8R,9R,13R,14R,16S,17S,18R)-5,7,8,14-tetrahydroxy-6,16,18-trimethoxy-13-(methoxymethyl)-11-methyl-11-azahexacyclo[7.7.2.12,5.01,10.03,8.013,17]nonadecan-4-yl] benzoate"
176983,176983,C1CC(=CC=C1C)C(C)=C,C=C(C1CCC(=CC=1)C)C,positive,True,"1-methyl-4-prop-1-en-2-ylcyclohexa-1,3-diene","1-methyl-4-prop-1-en-2-ylcyclohexa-1,3-diene"
3256859,3256859,C(C(=NCCCCCC(=O)O)O)c1cc(c(cc1)[O-])[N+]([O-])=O,C(O)(=O)CCCCCN=C(O)Cc1cc(c([O-])cc1)[N+]([O-])=O,positive,True,6-[[2-(4-hydroxy-3-nitrophenyl)acetyl]amino]hexanoate,6-[[2-(4-hydroxy-3-nitrophenyl)acetyl]amino]hexanoate
126456461,126456461,[C@H]([C@@H]([C@@H](CO)O)O)(O)Cn1c2cc(NC)c(cc2nc2-c1nc(=O)nc2[O-])C,c12c(cc(c(C)c1)NC)n(c1-c(n2)c([O-])nc(=O)n1)C[C@H](O)[C@H](O)[C@H](O)CO,positive,True,"7-methyl-8-(methylamino)-4-oxo-10-[(2S,3S,4R)-2,3,4,5-tetrahydroxypentyl]benzo[g]pteridin-2-olate","7-methyl-8-(methylamino)-4-oxo-10-[(2S,3S,4R)-2,3,4,5-tetrahydroxypentyl]benzo[g]pteridin-2-olate"
102571773,102571773,C(=C\C=C\[C@H](O)C/C=C\C/C=C\CCCCCC(O)=O)\C/C=C\CC,C(/C=C\C/C=C\C=C\[C@@H](C/C=C\C/C=C\CCCCCC(=O)O)O)C,positive,True,"(7Z,10Z,13R,14E,16Z,19Z)-13-hydroxydocosa-7,10,14,16,19-pentaenoic acid","(7Z,10Z,13R,14E,16Z,19Z)-13-hydroxydocosa-7,10,14,16,19-pentaenoic acid"
92746,92746,CC(C)=CCC[C@H]([C@H]1CC[C@H]2C3CC[C@@H]4[C@@](C=3CC[C@]12C)(CC[C@@H](C4)O)C)C,C1[C@@]2(C3=C([C@H]4[C@](C)(CC3)[C@H](CC4)[C@H](C)CCC=C(C)C)CC[C@H]2C[C@@H](O)C1)C,positive,True,"(3S,5S,10S,13R,14R,17R)-10,13-dimethyl-17-[(2R)-6-methylhept-5-en-2-yl]-2,3,4,5,6,7,11,12,14,15,16,17-dodecahydro-1H-cyclopenta[a]phenanthren-3-ol","(3S,5S,10S,13R,14R,17R)-10,13-dimethyl-17-[(2R)-6-methylhept-5-en-2-yl]-2,3,4,5,6,7,11,12,14,15,16,17-dodecahydro-1H-cyclopenta[a]phenanthren-3-ol"
122198227,122198227,[C@H]1(O[C@H]2[C@H](O)[C@H]([C@@H]([C@@H](CO)O2)O)O[C@@H]2O[C@@H]([C@H]([C@@H]([C@H]2O)O)O)CO)[C@H](O)[C@@H](CO)O[C@H]([C@@H]1O)O[C@@H]1[C@H]([C@H](O[C@H]2[C@H](O)[C@H](O[C@@H](O[C@H]3[C@H](O)[C@@H](CO)O[C@@H](O[C@@H]4[C@@H](O)[C@H](O[C@@H]5[C@H]([C@@H](O[C@@H]([C@H]5O)CO)O[C@@H]5[C@@H](O)[C@@H](O[C@H](CO)[C@H]5O)O)O)O[C@H](CO)[C@H]4O)[C@@H]3O)[C@@H]2O)CO[C@H]2[C@@H]([C@@H](O)[C@H](O)[C@H](O2)CO[C@H]2[C@H](O)[C@@H](O)[C@H](O)[C@@H](CO[C@@H]3O[C@H](CO[C@H]4[C@@H]([C@H]([C@H](O)[C@H](O4)CO)O)O)[C@H]([C@@H]([C@H]3O)O)O)O2)O)O[C@@H]([C@H]1O)CO)O,[C@H]1([C@@H](CO)O[C@@H](O[C@H]2[C@H](O)[C@H](O[C@H]([C@@H]2O)O[C@@H]2[C@@H](O)[C@H](O)O[C@H](CO)[C@H]2O)CO)[C@@H]([C@H]1O[C@H]1[C@H](O)[C@@H](O[C@H]2[C@H](O)[C@@H](O[C@@H]3O[C@@H]([C@H]([C@@H]([C@H]3O)O[C@H]3[C@@H]([C@H]([C@H](O)[C@@H](CO)O3)O[C@@H]3O[C@H](CO)[C@@H](O)[C@@H]([C@H]3O)O[C@@H]3O[C@H](CO)[C@@H](O)[C@H](O)[C@H]3O)O)O)CO)[C@@H]([C@@H](CO[C@H]3[C@@H]([C@@H](O)[C@@H]([C@@H](CO[C@@H]4O[C@H](CO[C@H]5[C@H](O)[C@H]([C@@H]([C@H](O5)CO[C@@H]5O[C@H](CO)[C@@H](O)[C@H](O)[C@H]5O)O)O)[C@H]([C@H](O)[C@H]4O)O)O3)O)O)O2)O)[C@H](O)[C@@H](CO)O1)O)O,positive,True,"(2R,3R,4S,5R,6R)-4-[(2S,3R,4S,5R,6R)-4-[(2S,3R,4S,5R,6R)-4-[(2S,3R,4S,5R,6R)-4-[(2S,3R,4S,5R,6R)-4-[(2S,3R,4S,5R,6R)-4-[(2S,3R,4S,5R,6R)-4-[(2S,3R,4S,5R,6R)-3,5-dihydroxy-6-(hydroxymethyl)-4-[(2R,3R,4S,5S,6R)-3,4,5-trihydroxy-6-(hydroxymethyl)oxan-2-yl]oxyoxan-2-yl]oxy-3,5-dihydroxy-6-(hydroxymethyl)oxan-2-yl]oxy-3,5-dihydroxy-6-(hydroxymethyl)oxan-2-yl]oxy-3,5-dihydroxy-6-[[(2R,3R,4S,5S,6R)-3,4,5-trihydroxy-6-[[(2R,3R,4S,5S,6R)-3,4,5-trihydroxy-6-[[(2R,3R,4S,5S,6R)-3,4,5-trihydroxy-6-[[(2R,3R,4S,5S,6R)-3,4,5-trihydroxy-6-(hydroxymethyl)oxan-2-yl]oxymethyl]oxan-2-yl]oxymethyl]oxan-2-yl]oxymethyl]oxan-2-yl]oxymethyl]oxan-2-yl]oxy-3,5-dihydroxy-6-(hydroxymethyl)oxan-2-yl]oxy-3,5-dihydroxy-6-(hydroxymethyl)oxan-2-yl]oxy-3,5-dihydroxy-6-(hydroxymethyl)oxan-2-yl]oxy-6-(hydroxymethyl)oxane-2,3,5-triol","(2R,3R,4S,5R,6R)-4-[(2S,3R,4S,5R,6R)-4-[(2S,3R,4S,5R,6R)-4-[(2S,3R,4S,5R,6R)-4-[(2S,3R,4S,5R,6R)-4-[(2S,3R,4S,5R,6R)-4-[(2S,3R,4S,5R,6R)-4-[(2S,3R,4S,5R,6R)-3,5-dihydroxy-6-(hydroxymethyl)-4-[(2R,3R,4S,5S,6R)-3,4,5-trihydroxy-6-(hydroxymethyl)oxan-2-yl]oxyoxan-2-yl]oxy-3,5-dihydroxy-6-(hydroxymethyl)oxan-2-yl]oxy-3,5-dihydroxy-6-(hydroxymethyl)oxan-2-yl]oxy-3,5-dihydroxy-6-[[(2R,3R,4S,5S,6R)-3,4,5-trihydroxy-6-[[(2R,3R,4S,5S,6R)-3,4,5-trihydroxy-6-[[(2R,3R,4S,5S,6R)-3,4,5-trihydroxy-6-[[(2R,3R,4S,5S,6R)-3,4,5-trihydroxy-6-(hydroxymethyl)oxan-2-yl]oxymethyl]oxan-2-yl]oxymethyl]oxan-2-yl]oxymethyl]oxan-2-yl]oxymethyl]oxan-2-yl]oxy-3,5-dihydroxy-6-(hydroxymethyl)oxan-2-yl]oxy-3,5-dihydroxy-6-(hydroxymethyl)oxan-2-yl]oxy-3,5-dihydroxy-6-(hydroxymethyl)oxan-2-yl]oxy-6-(hydroxymethyl)oxane-2,3,5-triol"
16091519,16091519,c1(O)c(O)cc(CCO[C@@H]2O[C@H](CO)[C@@H](O)[C@H](O)[C@H]2OC(=O)Cc2cc(c(O)cc2)O)cc1,c1(ccc(O)c(c1)O)CCO[C@@H]1O[C@H](CO)[C@@H](O)[C@H](O)[C@H]1OC(Cc1cc(O)c(O)cc1)=O,positive,True,"[(2R,3R,4S,5S,6R)-2-[2-(3,4-dihydroxyphenyl)ethoxy]-4,5-dihydroxy-6-(hydroxymethyl)oxan-3-yl] 2-(3,4-dihydroxyphenyl)acetate","[(2R,3R,4S,5S,6R)-2-[2-(3,4-dihydroxyphenyl)ethoxy]-4,5-dihydroxy-6-(hydroxymethyl)oxan-3-yl] 2-(3,4-dihydroxyphenyl)acetate"
71764877,71764877,O[C@@H](C[C@@H](O)C[C@H](C[C@H]1CC=CC(O1)=O)O)C[C@@H](C[C@@H](OC(C)=O)CCCCCCCCCCCCCCC)O,O([C@@H](CCCCCCCCCCCCCCC)C[C@@H](O)C[C@H](C[C@H](C[C@@H](O)C[C@@H]1OC(=O)C=CC1)O)O)C(=O)C,positive,True,"[(2R,4R,6S,8S,10S)-2,4,6,8-tetrahydroxy-1-[(2R)-6-oxo-2,3-dihydropyran-2-yl]pentacosan-10-yl] acetate","[(2R,4R,6S,8S,10S)-2,4,6,8-tetrahydroxy-1-[(2R)-6-oxo-2,3-dihydropyran-2-yl]pentacosan-10-yl] acetate"
57339313,57339313,[C@H]1([C@@H](O[C@H](CO)[C@@H](O)[C@@H]1O)O[C@@H]1[C@@H](O[C@@H]([C@@H](O)[C@@H]1O)CO)O)O[C@H]1[C@H]([C@@H](O)C[C@@H](CO)O1)O,[C@@H]1([C@@H]([C@@H](CO)O[C@@H](O)[C@H]1O[C@@H]1O[C@H](CO)[C@H]([C@@H]([C@@H]1O[C@H]1[C@@H](O)[C@H](C[C@@H](CO)O1)O)O)O)O)O,positive,True,"(2R,3S,4S,5S,6R)-3-[(2S,3S,4S,5S,6R)-3-[(2S,3S,4S,6S)-3,4-dihydroxy-6-(hydroxymethyl)oxan-2-yl]oxy-4,5-dihydroxy-6-(hydroxymethyl)oxan-2-yl]oxy-6-(hydroxymethyl)oxane-2,4,5-triol","(2R,3S,4S,5S,6R)-3-[(2S,3S,4S,5S,6R)-3-[(2S,3S,4S,6S)-3,4-dihydroxy-6-(hydroxymethyl)oxan-2-yl]oxy-4,5-dihydroxy-6-(hydroxymethyl)oxan-2-yl]oxy-6-(hydroxymethyl)oxane-2,4,5-triol"
86583511,86583511,C([C@@H]1[C@@H](O)C[C@@H](O1)n1cc(C)c([O-])nc1=O)OP([O-])(OP(O[C@H]1O[C@H](C)C(C(C1)=O)=O)(=O)O)=O,c1(nc([O-])c(C)cn1[C@@H]1O[C@H](COP(OP(O[C@@H]2CC(C([C@H](O2)C)=O)=O)(=O)O)(=O)[O-])[C@@H](O)C1)=O,positive,True,"[[(2R,3S,5R)-3-hydroxy-5-(5-methyl-2,4-dioxopyrimidin-1-yl)oxolan-2-yl]methoxy-oxidophosphoryl] [(2R,6R)-6-methyl-4,5-dioxooxan-2-yl] phosphate","[[(2R,3S,5R)-3-hydroxy-5-(5-methyl-2,4-dioxopyrimidin-1-yl)oxolan-2-yl]methoxy-oxidophosphoryl] [(2R,6R)-6-methyl-4,5-dioxooxan-2-yl] phosphate"
136165269,136165269,n1c(c2c([nH]c1=N)ncc(n2)[C@@H](C)Nc1ccc(C[C@H](O)[C@H](O)[C@@H](CO[C@@H]2[C@H](O)[C@H](O)[C@@H](COP(=O)(O[C@@H](CCC(=O)[O-])C([O-])=N[C@@H](CCC([O-])=O)C([O-])=N[C@@H](CC(=O)[O-])C(=O)O)O)O2)O)cc1)O,C(=N[C@H](C(=O)O)CC(=O)[O-])([C@H](CCC([O-])=O)N=C([C@@H](OP(OC[C@@H]1[C@H]([C@@H](O)[C@@H](OC[C@H]([C@@H](O)[C@H](Cc2ccc(cc2)N[C@@H](c2cnc3c(c(O)nc(=N)[nH]3)n2)C)O)O)O1)O)(=O)O)CCC([O-])=O)[O-])[O-],positive,True,"(2S)-2-[[(2S)-2-[[(2S)-2-[[(2R,3S,4R,5S)-5-[(2R,3S,4S)-5-[4-[[(1R)-1-(2-amino-4-oxo-3H-pteridin-6-yl)ethyl]amino]phenyl]-2,3,4-trihydroxypentoxy]-3,4-dihydroxyoxolan-2-yl]methoxy-oxidophosphoryl]oxy-4-carboxylatobutanoyl]amino]-4-carboxylatobutanoyl]amino]butanedioate","(2S)-2-[[(2S)-2-[[(2S)-2-[[(2R,3S,4R,5S)-5-[(2R,3S,4S)-5-[4-[[(1R)-1-(2-amino-4-oxo-3H-pteridin-6-yl)ethyl]amino]phenyl]-2,3,4-trihydroxypentoxy]-3,4-dihydroxyoxolan-2-yl]methoxy-oxidophosphoryl]oxy-4-carboxylatobutanoyl]amino]-4-carboxylatobutanoyl]amino]butanedioate"
1355,1355,Clc1cccc(N2CCNCC2)c1,c1cc(cc(c1)N1CCNCC1)Cl,positive,True,1-(3-chlorophenyl)piperazine,1-(3-chlorophenyl)piperazine
3406,3406,[nH]1cc(cn1)C,c1(cn[nH]c1)C,positive,True,4-methyl-1H-pyrazole,4-methyl-1H-pyrazole
131953084,131953084,O[C@H]1[C@@H](O[C@@H]([C@@H](O)[C@@H]1O)C(=O)[O-])OC(C)(CCC[C@H]([C@@H]1[C@@]2(C)CCC/C(=C\C=C3\C[C@@H](O)C[C@H](O)C3=C)[C@@H]2CC1)C)C,[C@@H]1(O)C/C(=C/C=C2\CCC[C@]3(C)[C@H](CC[C@H]32)[C@@H](CCCC(O[C@H]2[C@H](O)[C@H]([C@@H]([C@H](O2)C([O-])=O)O)O)(C)C)C)C(=C)[C@@H](O)C1,positive,True,"(2S,3S,4S,5R,6S)-6-[(6R)-6-[(1R,3aS,4E,7aR)-4-[(2Z)-2-[(3S,5R)-3,5-dihydroxy-2-methylidenecyclohexylidene]ethylidene]-7a-methyl-2,3,3a,5,6,7-hexahydro-1H-inden-1-yl]-2-methylheptan-2-yl]oxy-3,4,5-trihydroxyoxane-2-carboxylate","(2S,3S,4S,5R,6S)-6-[(6R)-6-[(1R,3aS,4E,7aR)-4-[(2Z)-2-[(3S,5R)-3,5-dihydroxy-2-methylidenecyclohexylidene]ethylidene]-7a-methyl-2,3,3a,5,6,7-hexahydro-1H-inden-1-yl]-2-methylheptan-2-yl]oxy-3,4,5-trihydroxyoxane-2-carboxylate"
46846236,46846236,C(CCCCCC)C(=O)SCCN=C(O)CCN=C(O)[C@@H](C(C)(COP(O)(=O)O)C)O,C(COP(O)(O)=O)(C)([C@@H](O)C(O)=NCCC(O)=NCCSC(CCCCCCC)=O)C,positive,True,"S-[2-[3-[[(2R)-2-hydroxy-3,3-dimethyl-4-phosphonooxybutanoyl]amino]propanoylamino]ethyl] octanethioate","S-[2-[3-[[(2R)-2-hydroxy-3,3-dimethyl-4-phosphonooxybutanoyl]amino]propanoylamino]ethyl] octanethioate"
132282489,132282489,C(CSC(CCCCCCCCCCCCCCCCCCO[C@H]1[C@@H](C[C@H]([C@H](C)O1)O)O)=O)N=C([O-])CCN=C([O-])[C@@H](C(C)(C)COP(=O)(O)OP(O)(OC[C@H]1O[C@@H](n2c3c(c(N)ncn3)nc2)[C@H](O)[C@@H]1OP([O-])(=O)[O-])=O)O,n1c(N)c2ncn([C@H]3[C@@H]([C@@H]([C@H](O3)COP(=O)(O)OP(O)(=O)OCC([C@@H](O)C([O-])=NCCC(=NCCSC(=O)CCCCCCCCCCCCCCCCCCO[C@@H]3O[C@@H](C)[C@@H](C[C@H]3O)O)[O-])(C)C)OP(=O)([O-])[O-])O)c2nc1,positive,True,"[(2R,3S,4R,5R)-5-(6-aminopurin-9-yl)-2-[[[[(3R)-4-[[3-[2-[19-[(2R,3R,5R,6S)-3,5-dihydroxy-6-methyloxan-2-yl]oxynonadecanoylsulfanyl]ethylamino]-3-oxopropyl]amino]-3-hydroxy-2,2-dimethyl-4-oxobutoxy]-oxidophosphoryl]oxy-oxidophosphoryl]oxymethyl]-4-hydroxyoxolan-3-yl] phosphate","[(2R,3S,4R,5R)-5-(6-aminopurin-9-yl)-2-[[[[(3R)-4-[[3-[2-[19-[(2R,3R,5R,6S)-3,5-dihydroxy-6-methyloxan-2-yl]oxynonadecanoylsulfanyl]ethylamino]-3-oxopropyl]amino]-3-hydroxy-2,2-dimethyl-4-oxobutoxy]-oxidophosphoryl]oxy-oxidophosphoryl]oxymethyl]-4-hydroxyoxolan-3-yl] phosphate"
6426850,6426850,O=S(CC(N(C(C)COC)c1c(C)csc1C)=O)(=O)O,C(N(C(=O)CS(=O)(O)=O)c1c(csc1C)C)(C)COC,positive,True,"2-[(2,4-dimethylthiophen-3-yl)-(1-methoxypropan-2-yl)amino]-2-oxoethanesulfonic acid","2-[(2,4-dimethylthiophen-3-yl)-(1-methoxypropan-2-yl)amino]-2-oxoethanesulfonic acid"
179394,179394,O=C([C@@H](N)CCP(O)(=O)O)O,OP(O)(=O)CC[C@H](N)C(=O)O,positive,True,(2S)-2-amino-4-phosphonobutanoic acid,(2S)-2-amino-4-phosphonobutanoic acid
9863607,9863607,C1(C([C@H]2CO[C@@H]3[C@H]2C=1O[C@@]1(C/C=C/C(C)(C)C/C=C(/CC[C@@H]31)C)C)=O)O,C1C/C(=C/CC(/C=C/C[C@@]2(C)OC3[C@@H]4[C@H]([C@H]12)OC[C@@H]4C(=O)C=3O)(C)C)C,positive,True,"(1S,2S,5E,9E,12R,17R,20S)-15-hydroxy-5,8,8,12-tetramethyl-13,19-dioxatetracyclo[12.5.1.02,12.017,20]icosa-5,9,14-trien-16-one","(1S,2S,5E,9E,12R,17R,20S)-15-hydroxy-5,8,8,12-tetramethyl-13,19-dioxatetracyclo[12.5.1.02,12.017,20]icosa-5,9,14-trien-16-one"
25135703,25135703,c1(O)cc(cc(O)c1[C@H]1[C@@H]([C@@H](CC(C)=C1)c1c(O)cc(cc1)O)C(c1c(c(c(O)cc1)CC=C(C)C)O)=O)-c1cc2ccc(cc2o1)O,c1c(O)c(c(cc1-c1oc2cc(O)ccc2c1)O)[C@@H]1C=C(C[C@H]([C@H]1C(c1c(c(CC=C(C)C)c(O)cc1)O)=O)c1ccc(O)cc1O)C,positive,True,"[(1R,2R,6R)-2-[2,6-dihydroxy-4-(6-hydroxy-1-benzofuran-2-yl)phenyl]-6-(2,4-dihydroxyphenyl)-4-methylcyclohex-3-en-1-yl]-[2,4-dihydroxy-3-(3-methylbut-2-enyl)phenyl]methanone","[(1R,2R,6R)-2-[2,6-dihydroxy-4-(6-hydroxy-1-benzofuran-2-yl)phenyl]-6-(2,4-dihydroxyphenyl)-4-methylcyclohex-3-en-1-yl]-[2,4-dihydroxy-3-(3-methylbut-2-enyl)phenyl]methanone"
46861568,46861568,C(C(=NCCN=C(O)CCC(C(=O)O)=O)O)[C@](O)(CC(O)=NC[C@H](N)C(O)=O)C(=O)O,C(=O)([C@H](CN=C(O)C[C@](C(=O)O)(CC(O)=NCCN=C(O)CCC(C(=O)O)=O)O)N)O,positive,True,(2S)-2-[2-[[(2S)-2-amino-2-carboxyethyl]amino]-2-oxoethyl]-4-[2-[(4-carboxy-4-oxobutanoyl)amino]ethylamino]-2-hydroxy-4-oxobutanoic acid,(2S)-2-[2-[[(2S)-2-amino-2-carboxyethyl]amino]-2-oxoethyl]-4-[2-[(4-carboxy-4-oxobutanoyl)amino]ethylamino]-2-hydroxy-4-oxobutanoic acid
5281421,5281421,C1(C([C@@H]2[C@@H](OC(C(C)C)=O)C/C(=C/CC/C(CO)=C/[C@H]2O1)CO)=C)=O,O1C(=O)C(=C)[C@@H]2[C@@H](OC(C(C)C)=O)C/C(=C/CC/C(CO)=C/[C@@H]12)CO,positive,True,"[(3aR,4S,6Z,10Z,11aR)-6,10-bis(hydroxymethyl)-3-methylidene-2-oxo-3a,4,5,8,9,11a-hexahydrocyclodeca[b]furan-4-yl] 2-methylpropanoate","[(3aR,4S,6Z,10Z,11aR)-6,10-bis(hydroxymethyl)-3-methylidene-2-oxo-3a,4,5,8,9,11a-hexahydrocyclodeca[b]furan-4-yl] 2-methylpropanoate"
444881,444881,c1ccc2c([nH]cc2C[C@H]([NH3+])C(O)=O)c1,O=C([C@H](Cc1c2ccccc2[nH]c1)[NH3+])O,positive,True,[(1S)-1-carboxy-2-(1H-indol-3-yl)ethyl]azanium,[(1S)-1-carboxy-2-(1H-indol-3-yl)ethyl]azanium
53262364,53262364,OC(=N[C@H]1[C@@H](O[C@H](CO)[C@H]([C@@H]1O[C@H]1[C@@H]([C@@H](O[C@H]2O[C@H](CO)[C@H](O)[C@H](O)[C@H]2N=C(C)O)[C@H]([C@@H](CO)O1)O)O[C@H]1[C@H]([C@H](O)[C@@H]([C@H](C)O1)O)O)O[C@H]1[C@@H](O)[C@@H]([C@H](O)[C@H](C)O1)O)O[C@H]1[C@@H](O)[C@H](O[C@@H](O)[C@@H]1O)CO)C,[C@H]1(O[C@H]([C@H]([C@@H](O)[C@@H]1O)O)C)O[C@H]1[C@H](O[C@@H]2O[C@@H]([C@@H]([C@H](O[C@H]3O[C@H](CO)[C@@H]([C@@H]([C@H]3N=C(C)O)O)O)[C@H]2O[C@H]2[C@H]([C@@H]([C@H](O)[C@@H](O2)C)O)O)O)CO)[C@H]([C@H](O[C@@H]2[C@@H](O)[C@@H](O[C@H](CO)[C@@H]2O)O)O[C@@H]1CO)N=C(O)C,positive,True,"N-[(2R,3R,4R,5R,6R)-2-[(2R,3R,4S,5S,6R)-2-[(2R,3S,4R,5R,6S)-5-acetamido-2-(hydroxymethyl)-6-[(2R,3R,4S,5S,6R)-2,3,5-trihydroxy-6-(hydroxymethyl)oxan-4-yl]oxy-3-[(2S,3S,4R,5S,6S)-3,4,5-trihydroxy-6-methyloxan-2-yl]oxyoxan-4-yl]oxy-5-hydroxy-6-(hydroxymethyl)-3-[(2S,3S,4R,5S,6S)-3,4,5-trihydroxy-6-methyloxan-2-yl]oxyoxan-4-yl]oxy-4,5-dihydroxy-6-(hydroxymethyl)oxan-3-yl]acetamide","N-[(2R,3R,4R,5R,6R)-2-[(2R,3R,4S,5S,6R)-2-[(2R,3S,4R,5R,6S)-5-acetamido-2-(hydroxymethyl)-6-[(2R,3R,4S,5S,6R)-2,3,5-trihydroxy-6-(hydroxymethyl)oxan-4-yl]oxy-3-[(2S,3S,4R,5S,6S)-3,4,5-trihydroxy-6-methyloxan-2-yl]oxyoxan-4-yl]oxy-5-hydroxy-6-(hydroxymethyl)-3-[(2S,3S,4R,5S,6S)-3,4,5-trihydroxy-6-methyloxan-2-yl]oxyoxan-4-yl]oxy-4,5-dihydroxy-6-(hydroxymethyl)oxan-3-yl]acetamide"
45480596,45480596,C([C@H]1O[C@@H](O[C@@H]2[C@@H](CO)O[C@@H](O[C@@H]3[C@H](O[C@H]([C@@H]([C@H]3O)O)O)CO)[C@H](O)[C@H]2O)[C@@H]([C@@H](O)[C@H]1O[C@H]1O[C@H](CO)[C@H](O)[C@@H]([C@H]1O)O)O)O,O[C@H]1[C@@H](O[C@H](CO)[C@@H]([C@@H]1O)O[C@@H]1[C@@H]([C@H]([C@@H](O)[C@@H](CO)O1)O)O)O[C@H]1[C@H](O)[C@@H](O)[C@H](O[C@@H]2[C@H](O[C@H]([C@@H]([C@H]2O)O)O)CO)O[C@@H]1CO,positive,True,"(2R,3R,4S,5R,6R)-2-[(2R,3R,4R,5R,6S)-6-[(2R,3S,4R,5R,6S)-4,5-dihydroxy-2-(hydroxymethyl)-6-[(2R,3S,4R,5R,6R)-4,5,6-trihydroxy-2-(hydroxymethyl)oxan-3-yl]oxyoxan-3-yl]oxy-4,5-dihydroxy-2-(hydroxymethyl)oxan-3-yl]oxy-6-(hydroxymethyl)oxane-3,4,5-triol","(2R,3R,4S,5R,6R)-2-[(2R,3R,4R,5R,6S)-6-[(2R,3S,4R,5R,6S)-4,5-dihydroxy-2-(hydroxymethyl)-6-[(2R,3S,4R,5R,6R)-4,5,6-trihydroxy-2-(hydroxymethyl)oxan-3-yl]oxyoxan-3-yl]oxy-4,5-dihydroxy-2-(hydroxymethyl)oxan-3-yl]oxy-6-(hydroxymethyl)oxane-3,4,5-triol"
86290138,86290138,O(P(=O)(O)OP(=O)(OCC([C@H](C(=NCCC(O)=NCCSC(=O)[C@H](CCC[C@@H](C)[C@@H]1[C@]2(CC[C@H]3[C@H]([C@@H]2CC1)CC=C1[C@]3(C)CC[C@H](O)C1)C)C)O)O)(C)C)O)C[C@H]1O[C@H]([C@@H]([C@@H]1OP(O)(O)=O)O)n1c2c(nc1)c(ncn2)N,C1C[C@@H](CC2=CC[C@@H]3[C@H](CC[C@]4([C@H]3CC[C@@H]4[C@@H](CCC[C@@H](C(=O)SCCN=C(O)CCN=C([C@@H](C(COP(=O)(OP(=O)(OC[C@H]3O[C@@H](n4c5c(nc4)c(N)ncn5)[C@H](O)[C@@H]3OP(O)(O)=O)O)O)(C)C)O)O)C)C)C)[C@@]12C)O,positive,True,"S-[2-[3-[[(2R)-4-[[[(2R,3S,4R,5R)-5-(6-aminopurin-9-yl)-4-hydroxy-3-phosphonooxyoxolan-2-yl]methoxy-hydroxyphosphoryl]oxy-hydroxyphosphoryl]oxy-2-hydroxy-3,3-dimethylbutanoyl]amino]propanoylamino]ethyl] (2S,6R)-6-[(3S,8S,9S,10R,13R,14S,17R)-3-hydroxy-10,13-dimethyl-2,3,4,7,8,9,11,12,14,15,16,17-dodecahydro-1H-cyclopenta[a]phenanthren-17-yl]-2-methylheptanethioate","S-[2-[3-[[(2R)-4-[[[(2R,3S,4R,5R)-5-(6-aminopurin-9-yl)-4-hydroxy-3-phosphonooxyoxolan-2-yl]methoxy-hydroxyphosphoryl]oxy-hydroxyphosphoryl]oxy-2-hydroxy-3,3-dimethylbutanoyl]amino]propanoylamino]ethyl] (2S,6R)-6-[(3S,8S,9S,10R,13R,14S,17R)-3-hydroxy-10,13-dimethyl-2,3,4,7,8,9,11,12,14,15,16,17-dodecahydro-1H-cyclopenta[a]phenanthren-17-yl]-2-methylheptanethioate"
104811,104811,C1(N(c2ccccc2)N(C(=O)C1CCCC)c1ccc(O)cc1)=O.O,O.c1cc(ccc1N1N(c2ccccc2)C(=O)C(C1=O)CCCC)O,positive,True,"4-butyl-1-(4-hydroxyphenyl)-2-phenylpyrazolidine-3,5-dione;hydrate","4-butyl-1-(4-hydroxyphenyl)-2-phenylpyrazolidine-3,5-dione;hydrate"
11883,11883,c1(cc(ccc1[N+]([O-])=O)C)[N+]([O-])=O,O=[N+](c1c(cc(cc1)C)[N+](=O)[O-])[O-],positive,True,"4-methyl-1,2-dinitrobenzene","4-methyl-1,2-dinitrobenzene"
41368,41368,c1ncnn1C(Oc1ccc(Cl)cc1)C(O)C(C)(C)C,Clc1ccc(cc1)OC(n1ncnc1)C(C(C)(C)C)O,positive,True,"1-(4-chlorophenoxy)-3,3-dimethyl-1-(1,2,4-triazol-1-yl)butan-2-ol","1-(4-chlorophenoxy)-3,3-dimethyl-1-(1,2,4-triazol-1-yl)butan-2-ol"
10944473,10944473,[C@@H]1(OC([C@H]2C(=C)C(=O)O[C@H]21)=O)CCCCCC,C(CC[C@@H]1[C@H]2[C@@H](C(=O)O1)C(=C)C(O2)=O)CCC,positive,True,"(3aS,6R,6aR)-6-hexyl-3-methylidene-6,6a-dihydro-3aH-furo[3,4-b]furan-2,4-dione","(3aS,6R,6aR)-6-hexyl-3-methylidene-6,6a-dihydro-3aH-furo[3,4-b]furan-2,4-dione"
25053148,25053148,O=C1[C@@]2(O)[C@](n3c(-c4[nH]c5c(c24)cccc5)c(OC)c2ccccc32)(C(N1C)=O)O,c1cc2c(cc1)[nH]c1-c3c(c4ccccc4n3[C@]3([C@](c12)(O)C(=O)N(C)C3=O)O)OC,positive,True,"(11S,15R)-11,15-dihydroxy-23-methoxy-13-methyl-3,13,16-triazahexacyclo[14.7.0.02,10.04,9.011,15.017,22]tricosa-1(23),2(10),4,6,8,17,19,21-octaene-12,14-dione","(11S,15R)-11,15-dihydroxy-23-methoxy-13-methyl-3,13,16-triazahexacyclo[14.7.0.02,10.04,9.011,15.017,22]tricosa-1(23),2(10),4,6,8,17,19,21-octaene-12,14-dione"
3476,3476,CC1CCC(CC1)N=C(NS(c1ccc(CCN=C(N2CC(C)=C(C2=O)CC)O)cc1)(=O)=O)O,C(c1ccc(S(=O)(NC(O)=NC2CCC(C)CC2)=O)cc1)CN=C(O)N1CC(C)=C(C1=O)CC,positive,True,4-ethyl-3-methyl-N-[2-[4-[(4-methylcyclohexyl)carbamoylsulfamoyl]phenyl]ethyl]-5-oxo-2H-pyrrole-1-carboxamide,4-ethyl-3-methyl-N-[2-[4-[(4-methylcyclohexyl)carbamoylsulfamoyl]phenyl]ethyl]-5-oxo-2H-pyrrole-1-carboxamide
6921820,6921820,c1c(OC)c(OC)ccc1C[C@H]1[NH2+]CCc2cc(c(OC)cc12)OC,c1(C[C@@H]2c3cc(c(OC)cc3CC[NH2+]2)OC)ccc(OC)c(OC)c1,positive,True,"(1R)-1-[(3,4-dimethoxyphenyl)methyl]-6,7-dimethoxy-1,2,3,4-tetrahydroisoquinolin-2-ium","(1R)-1-[(3,4-dimethoxyphenyl)methyl]-6,7-dimethoxy-1,2,3,4-tetrahydroisoquinolin-2-ium"
67206,67206,c1c2c(c(O)c(nc2ccc1)O)-c1ccccc1,c12c(c(-c3ccccc3)c(O)c(n2)O)cccc1,positive,True,3-hydroxy-4-phenyl-1H-quinolin-2-one,3-hydroxy-4-phenyl-1H-quinolin-2-one
70697829,70697829,C1[C@@]2(C)[C@H]([C@H]3[C@H](C1)[C@@]1(C)CCC(=O)C[C@@H]1[C@@H](O[C@@H]1O[C@H](C)[C@@H](O)[C@@H]([C@H]1O)O[C@@H]1O[C@H]([C@H](O)[C@@H](O)[C@H]1O)C)C3)C[C@H]1[C@@H]2[C@H](C)[C@@](O1)(O)CC[C@@H](CO[C@@H]1O[C@@H]([C@H]([C@@H]([C@H]1O)O)O)CO)C,O=C1C[C@H]2[C@@](CC1)(C)[C@@H]1[C@@H](C[C@@H]2O[C@@H]2O[C@H](C)[C@H]([C@@H]([C@H]2O)O[C@H]2[C@H](O)[C@@H]([C@@H](O)[C@@H](O2)C)O)O)[C@@H]2C[C@H]3[C@H]([C@H](C)[C@](O3)(CC[C@@H](CO[C@H]3[C@@H]([C@@H](O)[C@H](O)[C@H](O3)CO)O)C)O)[C@@]2(C)CC1,positive,True,"(1R,2S,4S,6R,7S,8R,9S,12S,13R,18S,19S)-19-[(2R,3R,4S,5R,6R)-3,5-dihydroxy-6-methyl-4-[(2S,3R,4R,5R,6S)-3,4,5-trihydroxy-6-methyloxan-2-yl]oxyoxan-2-yl]oxy-6-hydroxy-7,9,13-trimethyl-6-[(3S)-3-methyl-4-[(2R,3R,4S,5S,6R)-3,4,5-trihydroxy-6-(hydroxymethyl)oxan-2-yl]oxybutyl]-5-oxapentacyclo[10.8.0.02,9.04,8.013,18]icosan-16-one","(1R,2S,4S,6R,7S,8R,9S,12S,13R,18S,19S)-19-[(2R,3R,4S,5R,6R)-3,5-dihydroxy-6-methyl-4-[(2S,3R,4R,5R,6S)-3,4,5-trihydroxy-6-methyloxan-2-yl]oxyoxan-2-yl]oxy-6-hydroxy-7,9,13-trimethyl-6-[(3S)-3-methyl-4-[(2R,3R,4S,5S,6R)-3,4,5-trihydroxy-6-(hydroxymethyl)oxan-2-yl]oxybutyl]-5-oxapentacyclo[10.8.0.02,9.04,8.013,18]icosan-16-one"
92865,92865,O=C(O)[C@@H](N=C(O)CC[C@@H](C(O)=O)N)CCC(=O)O,N[C@@H](CCC(O)=N[C@H](C(=O)O)CCC(O)=O)C(O)=O,positive,True,(2S)-2-[[(4S)-4-amino-4-carboxybutanoyl]amino]pentanedioic acid,(2S)-2-[[(4S)-4-amino-4-carboxybutanoyl]amino]pentanedioic acid
3315,3315,O=S(c1cc(c(c2c1ccc(c2O)N=Nc1ccc(-c2ccc(N=Nc3c(O)c4c(c(S(=O)(=O)O)cc(c4N)S(=O)(=O)O)cc3)c(C)c2)cc1C)N)S(O)(=O)=O)(=O)O,OS(=O)(=O)c1cc(S(=O)(O)=O)c(c2c1ccc(c2O)N=Nc1c(cc(cc1)-c1cc(c(N=Nc2c(c3c(cc2)c(cc(S(=O)(=O)O)c3N)S(O)(=O)=O)O)cc1)C)C)N,positive,True,"4-amino-6-[[4-[4-[(8-amino-1-hydroxy-5,7-disulfonaphthalen-2-yl)diazenyl]-3-methylphenyl]-2-methylphenyl]diazenyl]-5-hydroxynaphthalene-1,3-disulfonic acid","4-amino-6-[[4-[4-[(8-amino-1-hydroxy-5,7-disulfonaphthalen-2-yl)diazenyl]-3-methylphenyl]-2-methylphenyl]diazenyl]-5-hydroxynaphthalene-1,3-disulfonic acid"
2825766,2825766,C(Cc1ccccc1)(O)=NC[C@H]1SC([C@H](C(=O)O)N1)(C)C,N(=C(Cc1ccccc1)O)C[C@@H]1N[C@@H](C(O)=O)C(S1)(C)C,positive,True,"(2R,4S)-5,5-dimethyl-2-[[(2-phenylacetyl)amino]methyl]-1,3-thiazolidine-4-carboxylic acid","(2R,4S)-5,5-dimethyl-2-[[(2-phenylacetyl)amino]methyl]-1,3-thiazolidine-4-carboxylic acid"
641012,641012,C([C@@H](CC)O)O,C([C@H](O)CC)O,positive,True,"(2R)-butane-1,2-diol","(2R)-butane-1,2-diol"
131801242,131801242,[C@H]1(O[C@@H](C)[C@H](O)[C@@H](O)[C@H]1O[C@H]1O[C@@H]([C@@H]([C@@H]([C@H]1O)O)O)C([O-])=O)O[C@H]1[C@@H](C(=O)[O-])O[C@H](O)[C@@H]([C@H]1O)O,[C@@H]1(O)[C@@H](O)[C@@H](O[C@@H](O[C@@H]2[C@@H]([C@@H](O)[C@H](O[C@@H]2C([O-])=O)O)O)[C@@H]1O[C@@H]1[C@@H]([C@@H](O)[C@@H](O)[C@H](O1)C([O-])=O)O)C,positive,True,"(2S,3R,4S,5R,6S)-6-[(2S,3R,4R,5R,6S)-2-[(2S,3R,4R,5R,6S)-2-carboxylato-4,5,6-trihydroxyoxan-3-yl]oxy-4,5-dihydroxy-6-methyloxan-3-yl]oxy-3,4,5-trihydroxyoxane-2-carboxylate","(2S,3R,4S,5R,6S)-6-[(2S,3R,4R,5R,6S)-2-[(2S,3R,4R,5R,6S)-2-carboxylato-4,5,6-trihydroxyoxan-3-yl]oxy-4,5-dihydroxy-6-methyloxan-3-yl]oxy-3,4,5-trihydroxyoxane-2-carboxylate"
49831756,49831756,c1c(c(O)ccc1CC[C@H](O)CC/C=C/c1ccc(O)cc1)O,C(=C/c1ccc(O)cc1)\CC[C@H](CCc1ccc(c(c1)O)O)O,positive,True,"4-[(E,3R)-3-hydroxy-7-(4-hydroxyphenyl)hept-6-enyl]benzene-1,2-diol","4-[(E,3R)-3-hydroxy-7-(4-hydroxyphenyl)hept-6-enyl]benzene-1,2-diol"
57262456,57262456,C(=N)(O)CC[C@H](N)C(O)=N[C@H](C(=O)O)C(C)C,C([C@H](N=C([C@@H](N)CCC(O)=N)O)C(O)=O)(C)C,positive,True,"(2S)-2-[[(2S)-2,5-diamino-5-oxopentanoyl]amino]-3-methylbutanoic acid","(2S)-2-[[(2S)-2,5-diamino-5-oxopentanoyl]amino]-3-methylbutanoic acid"
443078,443078,C1C[C@@H]2[C@]3(CC[C@H](C[C@H]3CC[C@H]2[C@@H]2CCC(=O)[C@@]12C)O[C@H]1[C@H](O)[C@@H](O)[C@H](O)[C@H](O1)C(O)=O)C,[C@@H]12[C@H]3[C@@H]([C@]4(C)[C@@H](C[C@H](O[C@@H]5O[C@H](C(O)=O)[C@@H](O)[C@@H]([C@H]5O)O)CC4)CC3)CC[C@@]2(C(CC1)=O)C,positive,True,"(2S,3S,4S,5R,6R)-6-[[(3R,5R,8R,9S,10S,13S,14S)-10,13-dimethyl-17-oxo-1,2,3,4,5,6,7,8,9,11,12,14,15,16-tetradecahydrocyclopenta[a]phenanthren-3-yl]oxy]-3,4,5-trihydroxyoxane-2-carboxylic acid","(2S,3S,4S,5R,6R)-6-[[(3R,5R,8R,9S,10S,13S,14S)-10,13-dimethyl-17-oxo-1,2,3,4,5,6,7,8,9,11,12,14,15,16-tetradecahydrocyclopenta[a]phenanthren-3-yl]oxy]-3,4,5-trihydroxyoxane-2-carboxylic acid"
71296164,71296164,O([C@@H]1[C@@H](N)C[C@@H](N)[C@H](O[C@H]2O[C@@H]([C@@H](O)[C@@H]([C@H]2O)N)CO)[C@H]1O)[C@@H]1C(=O)[C@@H](O)[C@H](O)[C@@H](CN)O1,C1(=O)[C@@H](O[C@H]2[C@@H]([C@@H](O[C@H]3O[C@H](CO)[C@H]([C@@H]([C@H]3O)N)O)[C@H](N)C[C@@H]2N)O)O[C@H](CN)[C@@H](O)[C@@H]1O,positive,True,"(2R,4S,5S,6R)-6-(aminomethyl)-2-[(1R,2R,3S,4R,6S)-4,6-diamino-3-[(2S,3R,4S,5S,6R)-4-amino-3,5-dihydroxy-6-(hydroxymethyl)oxan-2-yl]oxy-2-hydroxycyclohexyl]oxy-4,5-dihydroxyoxan-3-one","(2R,4S,5S,6R)-6-(aminomethyl)-2-[(1R,2R,3S,4R,6S)-4,6-diamino-3-[(2S,3R,4S,5S,6R)-4-amino-3,5-dihydroxy-6-(hydroxymethyl)oxan-2-yl]oxy-2-hydroxycyclohexyl]oxy-4,5-dihydroxyoxan-3-one"
5362833,5362833,C(/C=C\CC/C=C/CO)C,C(=C/CC/C=C\CC)\CO,positive,True,"(2E,6Z)-nona-2,6-dien-1-ol","(2E,6Z)-nona-2,6-dien-1-ol"
1388675,1388675,C1CCCC(C1)c1cc2c(cc1)n1c3[C@@H](NCC1)CCCc32,C1Cn2c3[C@@H](N1)CCCc3c1c2ccc(C2CCCCC2)c1,positive,True,"(5S)-12-cyclohexyl-1,4-diazatetracyclo[7.6.1.05,16.010,15]hexadeca-9(16),10(15),11,13-tetraene","(5S)-12-cyclohexyl-1,4-diazatetracyclo[7.6.1.05,16.010,15]hexadeca-9(16),10(15),11,13-tetraene"
137547,137547,C(O)(=O)CC#C,C(C#C)C(=O)O,positive,True,but-3-ynoic acid,but-3-ynoic acid
446816,446816,CC(C)(c1nn(c(NC(Nc2ccc(cc2)Cl)=O)c1)C)C,c1(ccc(cc1)NC(=O)Nc1cc(C(C)(C)C)nn1C)Cl,positive,True,1-(5-tert-butyl-2-methylpyrazol-3-yl)-3-(4-chlorophenyl)urea,1-(5-tert-butyl-2-methylpyrazol-3-yl)-3-(4-chlorophenyl)urea
24459,24459,[Cl-].[Cl-].[Pb+2],[Cl-].[Cl-].[Pb+2],positive,True,dichlorolead,dichlorolead
2911,2911,C1CCCN(C1)CCC(O)(C1CCCC1)c1ccccc1,C1CCCC1C(c1ccccc1)(O)CCN1CCCCC1,positive,True,1-cyclopentyl-1-phenyl-3-piperidin-1-ylpropan-1-ol,1-cyclopentyl-1-phenyl-3-piperidin-1-ylpropan-1-ol
446156,446156,CC(c1c(/C=C/[C@H](C[C@H](CC(O)=O)O)O)c(-c2ccc(cc2)F)c(COC)c(C(C)C)n1)C,O(Cc1c(c(c(nc1C(C)C)C(C)C)/C=C/[C@@H](O)C[C@@H](O)CC(=O)O)-c1ccc(F)cc1)C,positive,True,"(E,3R,5S)-7-[4-(4-fluorophenyl)-5-(methoxymethyl)-2,6-di(propan-2-yl)pyridin-3-yl]-3,5-dihydroxyhept-6-enoic acid","(E,3R,5S)-7-[4-(4-fluorophenyl)-5-(methoxymethyl)-2,6-di(propan-2-yl)pyridin-3-yl]-3,5-dihydroxyhept-6-enoic acid"
91851125,91851125,[C@@H]1([C@@H](O)[C@@H]([C@@H]([C@H](C)O1)O)O)O[C@@H]1[C@H]([C@@H](O)[C@@H](CO)O[C@H]1O[C@H]1[C@@H]([C@@H](N=C(C)O)C(O)O[C@@H]1CO)O)OC,[C@@H]1(N=C(O)C)[C@@H](O)[C@H](O[C@@H]2O[C@@H]([C@@H]([C@@H]([C@H]2O[C@@H]2O[C@@H](C)[C@H]([C@H]([C@@H]2O)O)O)OC)O)CO)[C@H](OC1O)CO,positive,True,"N-[(3R,4R,5S,6R)-2,4-dihydroxy-5-[(2S,3R,4S,5S,6R)-5-hydroxy-6-(hydroxymethyl)-4-methoxy-3-[(2S,3S,4R,5S,6S)-3,4,5-trihydroxy-6-methyloxan-2-yl]oxyoxan-2-yl]oxy-6-(hydroxymethyl)oxan-3-yl]acetamide","N-[(3R,4R,5S,6R)-2,4-dihydroxy-5-[(2S,3R,4S,5S,6R)-5-hydroxy-6-(hydroxymethyl)-4-methoxy-3-[(2S,3S,4R,5S,6S)-3,4,5-trihydroxy-6-methyloxan-2-yl]oxyoxan-2-yl]oxy-6-(hydroxymethyl)oxan-3-yl]acetamide"
445896,445896,[C@@H](N=C(O)C(Cl)Cl)(CO)[C@@H](c1ccc(N)cc1)O,c1cc(ccc1N)[C@H]([C@@H](CO)N=C(C(Cl)Cl)O)O,positive,True,"N-[(1R,2R)-1-(4-aminophenyl)-1,3-dihydroxypropan-2-yl]-2,2-dichloroacetamide","N-[(1R,2R)-1-(4-aminophenyl)-1,3-dihydroxypropan-2-yl]-2,2-dichloroacetamide"
107737,107737,[C@H]1(O)C(O)[C@@H](O)[C@@H](O)C([C@@H]1O)OP(O)(O)=O,P(=O)(O)(OC1[C@H](O)[C@@H](O)C(O)[C@H]([C@H]1O)O)O,positive,True,"[(2R,3R,5S,6R)-2,3,4,5,6-pentahydroxycyclohexyl] dihydrogen phosphate","[(2R,3R,5S,6R)-2,3,4,5,6-pentahydroxycyclohexyl] dihydrogen phosphate"
5280891,5280891,C(CCC/C=C\C[C@H]1[C@@H](O)CC(O[C@@H]1/C=C/[C@H](CCCCC)O)=O)(O)=O,C(/C=C\C[C@H]1[C@H](CC(=O)O[C@@H]1/C=C/[C@H](CCCCC)O)O)CCC(=O)O,positive,True,"(Z)-7-[(2R,3S,4S)-4-hydroxy-2-[(E,3S)-3-hydroxyoct-1-enyl]-6-oxooxan-3-yl]hept-5-enoic acid","(Z)-7-[(2R,3S,4S)-4-hydroxy-2-[(E,3S)-3-hydroxyoct-1-enyl]-6-oxooxan-3-yl]hept-5-enoic acid"
25240371,25240371,C(/C=C\CCCCCCCC(O[C@@H](COC(=O)CCCCCCC/C=C\C/C=C\CCCCC)COC(CCCCCCC/C=C\CCCCCCCC)=O)=O)CCCCCCC,CCCCCCCC/C=C\CCCCCCCC(O[C@@H](COC(=O)CCCCCCC/C=C\C/C=C\CCCCC)COC(=O)CCCCCCC/C=C\CCCCCCCC)=O,positive,True,"[(2R)-3-[(9Z,12Z)-octadeca-9,12-dienoyl]oxy-2-[(Z)-octadec-9-enoyl]oxypropyl] (Z)-octadec-9-enoate","[(2R)-3-[(9Z,12Z)-octadeca-9,12-dienoyl]oxy-2-[(Z)-octadec-9-enoyl]oxypropyl] (Z)-octadec-9-enoate"
53359350,53359350,[C@@H]1(c2ccc(O[C@@H]3O[C@H](CO)[C@@H](O)[C@H](O[C@H]4[C@@H]([C@@H]([C@@H](O)[C@@H](O4)C)O)O)[C@H]3O)cc2)Cc2c(c(ccc2)O)C(O1)=O,c12c(c(ccc1)O)C(O[C@@H](C2)c1ccc(cc1)O[C@@H]1O[C@H](CO)[C@@H](O)[C@H](O[C@H]2[C@@H]([C@H](O)[C@H]([C@H](C)O2)O)O)[C@H]1O)=O,positive,True,"(3S)-3-[4-[(2S,3R,4S,5R,6R)-3,5-dihydroxy-6-(hydroxymethyl)-4-[(2S,3R,4R,5R,6S)-3,4,5-trihydroxy-6-methyloxan-2-yl]oxyoxan-2-yl]oxyphenyl]-8-hydroxy-3,4-dihydroisochromen-1-one","(3S)-3-[4-[(2S,3R,4S,5R,6R)-3,5-dihydroxy-6-(hydroxymethyl)-4-[(2S,3R,4R,5R,6S)-3,4,5-trihydroxy-6-methyloxan-2-yl]oxyoxan-2-yl]oxyphenyl]-8-hydroxy-3,4-dihydroisochromen-1-one"
91849816,91849816,O[C@@H]1[C@@H]([C@H](C)O[C@H]([C@H]1O)OC[C@@H]1[C@H]([C@@H]([C@@H](N=C(C)O)C(O1)O)O)O[C@@H]1O[C@H](CO)[C@@H](O[C@@H]2O[C@@H]([C@@H](O)[C@@H]([C@@H]2O)O[C@@H]2[C@@H](O[C@@H]3O[C@@H]([C@H]([C@@H]([C@H]3N=C(C)O)O)O[C@H]3[C@H](O)[C@@H](O[C@]4(C(=O)O)C[C@H](O)[C@@H](N=C(O)C)[C@H]([C@@H]([C@@H](CO)O)O)O4)[C@@H](O)[C@@H](CO)O3)CO)[C@@H](O)[C@H](O[C@@H]3O[C@H](CO)[C@H]([C@H](O)[C@H]3N=C(C)O)O[C@H]3[C@@H]([C@@H](OS(=O)(=O)O)[C@H]([C@@H](CO)O3)O)O)[C@@H](CO)O2)CO[C@H]2O[C@@H]([C@@H](O)[C@@H]([C@@H]2O[C@H]2[C@@H]([C@H]([C@@H]([C@H](O2)CO)O[C@H]2[C@H](O)[C@H]([C@H]([C@H](O2)CO)O)O[C@@]2(C(O)=O)O[C@H]([C@H](N=C(O)C)[C@@H](O)C2)[C@@H]([C@H](O)CO)O)O)N=C(C)O)O)CO[C@@H]2O[C@H](CO)[C@@H](O[C@H]3[C@H](O)[C@H]([C@@H](O)[C@@H](CO)O3)O[C@]3(O[C@@H]([C@@H]([C@H](O)CO)O)[C@@H]([C@@H](O)C3)N=C(C)O)C(=O)O)[C@H](O)[C@H]2N=C(C)O)[C@H](O)[C@H]1N=C(O)C)O,O([C@H]1[C@@H]([C@H]([C@H](O[C@@H]2[C@H](O[C@H](CO)[C@@H](O[C@H]3[C@@H]([C@@H](O)[C@H](O[C@H]4[C@@H]([C@H]([C@H]([C@H](O4)CO)O)OS(=O)(O)=O)O)[C@@H](CO)O3)N=C(C)O)[C@@H]2O)O[C@@H]2[C@@H]([C@H](O[C@@H]3[C@H](O[C@@H](O[C@H]4[C@H](O)[C@H](C(O[C@@H]4CO[C@@H]4O[C@@H](C)[C@@H](O)[C@@H](O)[C@@H]4O)O)N=C(O)C)[C@@H]([C@H]3O)N=C(C)O)CO)O[C@H](CO[C@H]3O[C@@H]([C@H]([C@@H]([C@@H]3O[C@@H]3O[C@@H]([C@H]([C@@H]([C@H]3N=C(C)O)O)O[C@@H]3O[C@H](CO)[C@H](O)[C@H](O[C@]4(O[C@H]([C@@H]([C@H](C4)O)N=C(C)O)[C@H](O)[C@@H](CO)O)C(=O)O)[C@H]3O)CO)O)O)CO[C@@H]3O[C@H](CO)[C@@H](O[C@@H]4O[C@@H]([C@@H]([C@@H]([C@H]4O)O[C@@]4(C(=O)O)O[C@@H]([C@@H]([C@H](O)CO)O)[C@@H]([C@@H](O)C4)N=C(O)C)O)CO)[C@@H]([C@H]3N=C(C)O)O)[C@H]2O)O)O[C@@H]1CO)N=C(O)C)O)[C@@H]1O[C@H](CO)[C@H](O)[C@@H]([C@H]1O)O[C@@]1(C(=O)O)O[C@@H]([C@@H]([C@H](O)CO)O)[C@@H]([C@@H](O)C1)N=C(C)O,positive,True,"(2S,4S,5R,6R)-5-acetamido-2-[(2S,3R,4S,5S,6R)-2-[(2R,3S,4R,5R,6R)-5-acetamido-6-[[(2R,3S,4S,5S,6S)-5-[(2S,3R,4R,5S,6R)-3-acetamido-5-[(2S,3R,4S,5S,6R)-4-[(2S,4S,5R,6R)-5-acetamido-2-carboxy-4-hydroxy-6-[(1R,2R)-1,2,3-trihydroxypropyl]oxan-2-yl]oxy-3,5-dihydroxy-6-(hydroxymethyl)oxan-2-yl]oxy-4-hydroxy-6-(hydroxymethyl)oxan-2-yl]oxy-6-[[(2R,3R,4S,5S,6S)-4-[(2R,3S,4S,5S,6R)-3-[(2S,3R,4R,5S,6R)-3-acetamido-5-[(2S,3R,4S,5S,6R)-4-[(2S,4S,5R,6R)-5-acetamido-2-carboxy-4-hydroxy-6-[(1R,2R)-1,2,3-trihydroxypropyl]oxan-2-yl]oxy-3,5-dihydroxy-6-(hydroxymethyl)oxan-2-yl]oxy-4-hydroxy-6-(hydroxymethyl)oxan-2-yl]oxy-5-[(2S,3R,4R,5S,6R)-3-acetamido-5-[(2S,3R,4S,5S,6R)-3,5-dihydroxy-6-(hydroxymethyl)-4-sulfooxyoxan-2-yl]oxy-4-hydroxy-6-(hydroxymethyl)oxan-2-yl]oxy-4-hydroxy-6-(hydroxymethyl)oxan-2-yl]oxy-6-[(2R,3S,4R,5R,6S)-5-acetamido-6-[(2R,3S,4R,5R)-5-acetamido-4,6-dihydroxy-2-[[(2R,3S,4R,5S,6S)-3,4,5-trihydroxy-6-methyloxan-2-yl]oxymethyl]oxan-3-yl]oxy-4-hydroxy-2-(hydroxymethyl)oxan-3-yl]oxy-3,5-dihydroxyoxan-2-yl]methoxy]-3,4-dihydroxyoxan-2-yl]methoxy]-4-hydroxy-2-(hydroxymethyl)oxan-3-yl]oxy-3,5-dihydroxy-6-(hydroxymethyl)oxan-4-yl]oxy-4-hydroxy-6-[(1R,2R)-1,2,3-trihydroxypropyl]oxane-2-carboxylic acid","(2S,4S,5R,6R)-5-acetamido-2-[(2S,3R,4S,5S,6R)-2-[(2R,3S,4R,5R,6R)-5-acetamido-6-[[(2R,3S,4S,5S,6S)-5-[(2S,3R,4R,5S,6R)-3-acetamido-5-[(2S,3R,4S,5S,6R)-4-[(2S,4S,5R,6R)-5-acetamido-2-carboxy-4-hydroxy-6-[(1R,2R)-1,2,3-trihydroxypropyl]oxan-2-yl]oxy-3,5-dihydroxy-6-(hydroxymethyl)oxan-2-yl]oxy-4-hydroxy-6-(hydroxymethyl)oxan-2-yl]oxy-6-[[(2R,3R,4S,5S,6S)-4-[(2R,3S,4S,5S,6R)-3-[(2S,3R,4R,5S,6R)-3-acetamido-5-[(2S,3R,4S,5S,6R)-4-[(2S,4S,5R,6R)-5-acetamido-2-carboxy-4-hydroxy-6-[(1R,2R)-1,2,3-trihydroxypropyl]oxan-2-yl]oxy-3,5-dihydroxy-6-(hydroxymethyl)oxan-2-yl]oxy-4-hydroxy-6-(hydroxymethyl)oxan-2-yl]oxy-5-[(2S,3R,4R,5S,6R)-3-acetamido-5-[(2S,3R,4S,5S,6R)-3,5-dihydroxy-6-(hydroxymethyl)-4-sulfooxyoxan-2-yl]oxy-4-hydroxy-6-(hydroxymethyl)oxan-2-yl]oxy-4-hydroxy-6-(hydroxymethyl)oxan-2-yl]oxy-6-[(2R,3S,4R,5R,6S)-5-acetamido-6-[(2R,3S,4R,5R)-5-acetamido-4,6-dihydroxy-2-[[(2R,3S,4R,5S,6S)-3,4,5-trihydroxy-6-methyloxan-2-yl]oxymethyl]oxan-3-yl]oxy-4-hydroxy-2-(hydroxymethyl)oxan-3-yl]oxy-3,5-dihydroxyoxan-2-yl]methoxy]-3,4-dihydroxyoxan-2-yl]methoxy]-4-hydroxy-2-(hydroxymethyl)oxan-3-yl]oxy-3,5-dihydroxy-6-(hydroxymethyl)oxan-4-yl]oxy-4-hydroxy-6-[(1R,2R)-1,2,3-trihydroxypropyl]oxane-2-carboxylic acid"
71581186,71581186,c1n(c2ncnc(N)c2n1)[C@@H]1O[C@H](COP(=O)(O)OP(O)(=O)OCC(C)([C@@H](O)C(=NCCC([O-])=NCCSC(=O)CCCCCCCCC/C=C\C/C=C\C/C=C\C/C=C\CCCCC)[O-])C)[C@@H](OP([O-])([O-])=O)[C@H]1O,C(CN=C([O-])[C@H](O)C(C)(C)COP(O)(=O)OP(=O)(O)OC[C@@H]1[C@@H](OP([O-])(=O)[O-])[C@H]([C@@H](O1)n1cnc2c1ncnc2N)O)C([O-])=NCCSC(CCCCCCCCC/C=C\C/C=C\C/C=C\C/C=C\CCCCC)=O,positive,True,"[(2R,3S,4R,5R)-5-(6-aminopurin-9-yl)-2-[[[[(3R)-4-[[3-[2-[(11Z,14Z,17Z,20Z)-hexacosa-11,14,17,20-tetraenoyl]sulfanylethylamino]-3-oxopropyl]amino]-3-hydroxy-2,2-dimethyl-4-oxobutoxy]-oxidophosphoryl]oxy-oxidophosphoryl]oxymethyl]-4-hydroxyoxolan-3-yl] phosphate","[(2R,3S,4R,5R)-5-(6-aminopurin-9-yl)-2-[[[[(3R)-4-[[3-[2-[(11Z,14Z,17Z,20Z)-hexacosa-11,14,17,20-tetraenoyl]sulfanylethylamino]-3-oxopropyl]amino]-3-hydroxy-2,2-dimethyl-4-oxobutoxy]-oxidophosphoryl]oxy-oxidophosphoryl]oxymethyl]-4-hydroxyoxolan-3-yl] phosphate"
86289088,86289088,O[C@@H]1[C@@H](COP(=O)([O-])O)O[C@H]([C@@H]1O)n1cnc(c1N)C(=N[C@H](C(=O)[O-])CC(=O)[O-])[O-],n1cn([C@H]2[C@H](O)[C@@H]([C@H](O2)COP([O-])(O)=O)O)c(N)c1C([O-])=N[C@H](C([O-])=O)CC(=O)[O-],positive,True,"(2S)-2-[[5-amino-1-[(2R,3R,4S,5R)-3,4-dihydroxy-5-(phosphonatooxymethyl)oxolan-2-yl]imidazole-4-carbonyl]amino]butanedioate","(2S)-2-[[5-amino-1-[(2R,3R,4S,5R)-3,4-dihydroxy-5-(phosphonatooxymethyl)oxolan-2-yl]imidazole-4-carbonyl]amino]butanedioate"
6536774,6536774,C(C)[N+](C/C=C/C1=C(C([O-])=O)N2C([C@H]([C@H]2SC1)N=C(/C(c1[nH]sc(=N)n1)=N\OCF)O)=O)(C)CC(=N)O,[nH]1c(/C(C(=N[C@@H]2C(N3[C@@H]2SCC(/C=C/C[N+](CC(O)=N)(C)CC)=C3C([O-])=O)=O)O)=N/OCF)nc(s1)=N,positive,True,"(6R,7R)-3-[(E)-3-[(2-amino-2-oxoethyl)-ethyl-methylazaniumyl]prop-1-enyl]-7-[[(2Z)-2-(5-amino-1,2,4-thiadiazol-3-yl)-2-(fluoromethoxyimino)acetyl]amino]-8-oxo-5-thia-1-azabicyclo[4.2.0]oct-2-ene-2-carboxylate","(6R,7R)-3-[(E)-3-[(2-amino-2-oxoethyl)-ethyl-methylazaniumyl]prop-1-enyl]-7-[[(2Z)-2-(5-amino-1,2,4-thiadiazol-3-yl)-2-(fluoromethoxyimino)acetyl]amino]-8-oxo-5-thia-1-azabicyclo[4.2.0]oct-2-ene-2-carboxylate"
91758,91758,CCC(SP(N1C(=O)SCC1)(=O)OCC)C,O(P(=O)(N1CCSC1=O)SC(C)CC)CC,positive,True,"3-[butan-2-ylsulfanyl(ethoxy)phosphoryl]-1,3-thiazolidin-2-one","3-[butan-2-ylsulfanyl(ethoxy)phosphoryl]-1,3-thiazolidin-2-one"
440961,440961,C([C@H]1O[C@@H]([C@@H](N=C(O)C)[C@@H](O)[C@@H]1O)OP(=O)(O)OP(=O)(O)OC[C@@H]1[C@H]([C@@H](O)[C@H](n2c(nc(O)cc2)=O)O1)O)(=O)O,[C@@H]1(O[C@H](OP(OP(O)(=O)OC[C@H]2O[C@@H](n3ccc(O)nc3=O)[C@H](O)[C@@H]2O)(=O)O)[C@@H](N=C(O)C)[C@H]([C@@H]1O)O)C(=O)O,positive,True,"(2S,3S,4R,5S,6R)-5-acetamido-6-[[[(2R,3S,4R,5R)-5-(2,4-dioxopyrimidin-1-yl)-3,4-dihydroxyoxolan-2-yl]methoxy-hydroxyphosphoryl]oxy-hydroxyphosphoryl]oxy-3,4-dihydroxyoxane-2-carboxylic acid","(2S,3S,4R,5S,6R)-5-acetamido-6-[[[(2R,3S,4R,5R)-5-(2,4-dioxopyrimidin-1-yl)-3,4-dihydroxyoxolan-2-yl]methoxy-hydroxyphosphoryl]oxy-hydroxyphosphoryl]oxy-3,4-dihydroxyoxane-2-carboxylic acid"
440216,440216,C=C(Cl)C[C@@H](C(=O)O)N,C=C(C[C@@H](C(O)=O)N)Cl,positive,True,(2S)-2-amino-4-chloropent-4-enoic acid,(2S)-2-amino-4-chloropent-4-enoic acid
25229565,25229565,N1(C(CCC1=O)=O)OC(C1CCN(S(=O)(=O)c2ccccc2-c2c3c([o+]c4c2ccc(c4)N(c2ccccc2)C)cc(N(c2ccccc2)C)cc3)CC1)=O.[Cl-],[Cl-].c1cc(c(cc1)S(=O)(N1CCC(CC1)C(ON1C(CCC1=O)=O)=O)=O)-c1c2ccc(cc2[o+]c2c1ccc(c2)N(c1ccccc1)C)N(c1ccccc1)C,positive,True,"[9-[2-[4-(2,5-dioxopyrrolidin-1-yl)oxycarbonylpiperidin-1-yl]sulfonylphenyl]-6-(N-methylanilino)xanthen-3-ylidene]-methyl-phenylazanium;chloride","[9-[2-[4-(2,5-dioxopyrrolidin-1-yl)oxycarbonylpiperidin-1-yl]sulfonylphenyl]-6-(N-methylanilino)xanthen-3-ylidene]-methyl-phenylazanium;chloride"
114629,114629,C([C@H]1N=C(N=C1O)O)CSC,OC1N=C([C@@H](CCSC)N=1)O,positive,True,"(5R)-5-(2-methylsulfanylethyl)imidazolidine-2,4-dione","(5R)-5-(2-methylsulfanylethyl)imidazolidine-2,4-dione"
91848035,91848035,O([C@H]1O[C@@H]([C@@H]([C@H]1O)O[C@@H]1[C@@H]([C@H]([C@@H](CO)O1)O)O)CO)[C@@H]1[C@H](C(O[C@@H]([C@H]1O)CO)O)O,O[C@H]1[C@H](O[C@@H]2[C@H](O)[C@H]([C@H](O2)CO)O[C@@H]2[C@@H]([C@@H](O)[C@@H](CO)O2)O)[C@@H](O)C(O)O[C@@H]1CO,positive,True,"(3R,4S,5R,6R)-4-[(2R,3R,4R,5R)-4-[(2R,3R,4R,5R)-3,4-dihydroxy-5-(hydroxymethyl)oxolan-2-yl]oxy-3-hydroxy-5-(hydroxymethyl)oxolan-2-yl]oxy-6-(hydroxymethyl)oxane-2,3,5-triol","(3R,4S,5R,6R)-4-[(2R,3R,4R,5R)-4-[(2R,3R,4R,5R)-3,4-dihydroxy-5-(hydroxymethyl)oxolan-2-yl]oxy-3-hydroxy-5-(hydroxymethyl)oxolan-2-yl]oxy-6-(hydroxymethyl)oxane-2,3,5-triol"
45266870,45266870,c1(c(OC)c(CCCCC([O-])=O)ccc1C)OC,O(C)c1c(C)ccc(c1OC)CCCCC([O-])=O,positive,True,"5-(2,3-dimethoxy-4-methylphenyl)pentanoate","5-(2,3-dimethoxy-4-methylphenyl)pentanoate"
53478105,53478105,O=C(O[C@H](COC(=O)CCCCCCC/C=C\C/C=C\CCCCC)CO)CCCCCCC/C=C\CCCCCCCC,C(\CCCCC)=C\C/C=C\CCCCCCCC(OC[C@@H](OC(CCCCCCC/C=C\CCCCCCCC)=O)CO)=O,positive,True,"[(2S)-1-hydroxy-3-[(9Z,12Z)-octadeca-9,12-dienoyl]oxypropan-2-yl] (Z)-octadec-9-enoate","[(2S)-1-hydroxy-3-[(9Z,12Z)-octadeca-9,12-dienoyl]oxypropan-2-yl] (Z)-octadec-9-enoate"
5281797,5281797,O=c1c2c(c(c(O)cc2occ1-c1ccc(O)cc1O)CC=C(C)C)O,O=c1c(coc2cc(c(c(O)c21)CC=C(C)C)O)-c1c(O)cc(cc1)O,positive,True,"3-(2,4-dihydroxyphenyl)-5,7-dihydroxy-6-(3-methylbut-2-enyl)chromen-4-one","3-(2,4-dihydroxyphenyl)-5,7-dihydroxy-6-(3-methylbut-2-enyl)chromen-4-one"
16737097,16737097,c12-c3c(c(c(c(O)c3O)OC)C=O)C(O)Oc2cc(oc1=O)/C=C/C,C(=C/C)\c1oc(c2-c3c(C(O)Oc2c1)c(c(OC)c(O)c3O)C=O)=O,positive,True,"6,9,10-trihydroxy-8-methoxy-1-oxo-3-[(E)-prop-1-enyl]-6H-pyrano[4,3-c]isochromene-7-carbaldehyde","6,9,10-trihydroxy-8-methoxy-1-oxo-3-[(E)-prop-1-enyl]-6H-pyrano[4,3-c]isochromene-7-carbaldehyde"
20849413,20849413,CC(C(=O)[O-])C(O)CC[C@@H](C)[C@@H]1[C@]2([C@H](C[C@@H]3[C@]4(CC[C@@H](O)C[C@H]4C[C@@H](O)[C@H]3[C@@H]2CC1)C)O)C,[C@H]1(O)[C@H]2[C@@H]3CC[C@H]([C@H](C)CCC(O)C(C([O-])=O)C)[C@@]3(C)[C@H](C[C@@H]2[C@@]2([C@@H](C[C@@H](CC2)O)C1)C)O,positive,True,"(6R)-3-hydroxy-2-methyl-6-[(3R,5S,7R,8R,9S,10S,12S,13R,14S,17R)-3,7,12-trihydroxy-10,13-dimethyl-2,3,4,5,6,7,8,9,11,12,14,15,16,17-tetradecahydro-1H-cyclopenta[a]phenanthren-17-yl]heptanoate","(6R)-3-hydroxy-2-methyl-6-[(3R,5S,7R,8R,9S,10S,12S,13R,14S,17R)-3,7,12-trihydroxy-10,13-dimethyl-2,3,4,5,6,7,8,9,11,12,14,15,16,17-tetradecahydro-1H-cyclopenta[a]phenanthren-17-yl]heptanoate"
44260124,44260124,C(\CCCCCCCCCCCCC)=C/[C@@H](O)[C@@H](N=C(CCCCCCCCCCCCCCCCCCC)O)COP(=O)(OCC[N+](C)(C)C)[O-],C(CCCCCCC)CCCCC/C=C/[C@@H](O)[C@@H](N=C(O)CCCCCCCCCCCCCCCCCCC)COP(=O)(OCC[N+](C)(C)C)[O-],positive,True,"[(E,2S,3R)-3-hydroxy-2-(icosanoylamino)octadec-4-enyl] 2-(trimethylazaniumyl)ethyl phosphate","[(E,2S,3R)-3-hydroxy-2-(icosanoylamino)octadec-4-enyl] 2-(trimethylazaniumyl)ethyl phosphate"
15454172,15454172,C[C@@]12[C@@H](C3=CC(OC3)=O)CC[C@]1(O)[C@@H]1CCC3[C@@](C)([C@H]1CC2)C[C@@H]1[C@H](O[C@H]2[C@](O)([C@H](CCO2)OC)O1)C=3,C1([C@@H]2[C@]3(C)[C@]([C@@H]4CCC5[C@](C[C@H]6O[C@@]7([C@@H](OCC[C@@H]7OC)O[C@@H]6C=5)O)([C@H]4CC3)C)(O)CC2)=CC(OC1)=O,positive,True,"3-[(3R,5S,9S,10S,12R,14R,15S,18R,19R,22S,23R)-10,22-dihydroxy-9-methoxy-14,18-dimethyl-4,6,11-trioxahexacyclo[12.11.0.03,12.05,10.015,23.018,22]pentacos-1-en-19-yl]-2H-furan-5-one","3-[(3R,5S,9S,10S,12R,14R,15S,18R,19R,22S,23R)-10,22-dihydroxy-9-methoxy-14,18-dimethyl-4,6,11-trioxahexacyclo[12.11.0.03,12.05,10.015,23.018,22]pentacos-1-en-19-yl]-2H-furan-5-one"
45105206,45105206,C(C)/C=C\C/C=C\C=C\C(C/C=C\C/C=C\CCCCCC(O)=O)=O,C(CC(O)=O)CCC/C=C\C/C=C\CC(=O)/C=C/C=C\C/C=C\CC,positive,True,"(7Z,10Z,14E,16Z,19Z)-13-oxodocosa-7,10,14,16,19-pentaenoic acid","(7Z,10Z,14E,16Z,19Z)-13-oxodocosa-7,10,14,16,19-pentaenoic acid"
75734,75734,n1c(O)nc(c2ncc(O)nc21)O,n1c2c(ncc(n2)O)c(nc1O)O,positive,True,"1,8-dihydropteridine-2,4,7-trione","1,8-dihydropteridine-2,4,7-trione"
6245,6245,[C@H]1([C@@H](CO)O[C@H]([C@@H]1O)n1ccc2c1ncnc2N)O,Nc1c2c(n([C@@H]3O[C@H](CO)[C@@H](O)[C@H]3O)cc2)ncn1,positive,True,"(2R,3R,4S,5R)-2-(4-aminopyrrolo[2,3-d]pyrimidin-7-yl)-5-(hydroxymethyl)oxolane-3,4-diol","(2R,3R,4S,5R)-2-(4-aminopyrrolo[2,3-d]pyrimidin-7-yl)-5-(hydroxymethyl)oxolane-3,4-diol"
71581163,71581163,C(=C\C/C=C\C/C=C\C/C=C\C/C=C\CC)\CCCCCCCCCCCCCC(SCCN=C(O)CCN=C(O)[C@H](O)C(C)(C)COP(=O)(OP(O)(=O)OC[C@H]1O[C@@H](n2c3c(c(ncn3)N)nc2)[C@H](O)[C@@H]1OP(=O)(O)O)O)=O,C(=C\CCCCCCCCCCCCCC(SCCN=C(O)CCN=C([C@H](O)C(C)(COP(O)(=O)OP(O)(OC[C@H]1O[C@H]([C@H](O)[C@@H]1OP(=O)(O)O)n1cnc2c1ncnc2N)=O)C)O)=O)\C/C=C\C/C=C\C/C=C\C/C=C\CC,positive,True,"S-[2-[3-[[(2R)-4-[[[(2R,3S,4R,5R)-5-(6-aminopurin-9-yl)-4-hydroxy-3-phosphonooxyoxolan-2-yl]methoxy-hydroxyphosphoryl]oxy-hydroxyphosphoryl]oxy-2-hydroxy-3,3-dimethylbutanoyl]amino]propanoylamino]ethyl] (15Z,18Z,21Z,24Z,27Z)-triaconta-15,18,21,24,27-pentaenethioate","S-[2-[3-[[(2R)-4-[[[(2R,3S,4R,5R)-5-(6-aminopurin-9-yl)-4-hydroxy-3-phosphonooxyoxolan-2-yl]methoxy-hydroxyphosphoryl]oxy-hydroxyphosphoryl]oxy-2-hydroxy-3,3-dimethylbutanoyl]amino]propanoylamino]ethyl] (15Z,18Z,21Z,24Z,27Z)-triaconta-15,18,21,24,27-pentaenethioate"
117,117,Nc1c(C(=O)O)nc[nH]1,[nH]1c(N)c(nc1)C(=O)O,positive,True,4-amino-1H-imidazole-5-carboxylic acid,4-amino-1H-imidazole-5-carboxylic acid
129320481,129320481,C1[C@@H](c2c(O)cc(cc2)O)[C@@H](O)c2ccc(cc2O1)O,c1c(c([C@@H]2COc3c([C@@H]2O)ccc(O)c3)ccc1O)O,positive,True,"(3R,4R)-3-(2,4-dihydroxyphenyl)-3,4-dihydro-2H-chromene-4,7-diol","(3R,4R)-3-(2,4-dihydroxyphenyl)-3,4-dihydro-2H-chromene-4,7-diol"
69212,69212,OC1=CC(C(C=C1C)=O)=O,C1(C(=CC(=O)C(C=1)=O)C)O,positive,True,"4-hydroxy-5-methylcyclohexa-3,5-diene-1,2-dione","4-hydroxy-5-methylcyclohexa-3,5-diene-1,2-dione"
24820759,24820759,C12(O[C@@H]3[C@H](O[C@@H](n4cnc5c4ncnc5N)[C@@H]3O2)COP(O)(OP(O)(=O)OP(O)(=O)O)=O)C(C=C([N+](=O)[O-])C=C1[N+]([O-])=O)[N+](=O)[O-],P(OP(O)(=O)OP(O)(OC[C@@H]1[C@H]2OC3(O[C@H]2[C@H](n2c4c(c(ncn4)N)nc2)O1)C([N+]([O-])=O)=CC(=CC3[N+]([O-])=O)[N+](=O)[O-])=O)(=O)(O)O,positive,True,"[[(3aR,4R,6R,6aR)-4-(6-aminopurin-9-yl)-1',3',5'-trinitrospiro[3a,4,6,6a-tetrahydrofuro[3,4-d][1,3]dioxole-2,6'-cyclohexa-1,3-diene]-6-yl]methoxy-hydroxyphosphoryl] phosphono hydrogen phosphate","[[(3aR,4R,6R,6aR)-4-(6-aminopurin-9-yl)-1',3',5'-trinitrospiro[3a,4,6,6a-tetrahydrofuro[3,4-d][1,3]dioxole-2,6'-cyclohexa-1,3-diene]-6-yl]methoxy-hydroxyphosphoryl] phosphono hydrogen phosphate"
145712527,145712527,C(C(c1c(CC2N=C([C@@H]3CCCN3C=2)O)c2c(cccc2)[nH]1)(C)C)=C,c1cc2c(cc1)[nH]c(c2CC1N=C([C@@H]2CCCN2C=1)O)C(C)(C=C)C,positive,True,"(8aS)-3-[[2-(2-methylbut-3-en-2-yl)-1H-indol-3-yl]methyl]-6,7,8,8a-tetrahydro-2H-pyrrolo[1,2-a]pyrazin-1-one","(8aS)-3-[[2-(2-methylbut-3-en-2-yl)-1H-indol-3-yl]methyl]-6,7,8,8a-tetrahydro-2H-pyrrolo[1,2-a]pyrazin-1-one"
160614,160614,[C@H]12C3=CCCCN3C[C@H](C1)[C@@H]1CCCCN1C2,C1CCN2C([C@H]3C[C@@H](C2)[C@H]2N(CCCC2)C3)=C1,positive,True,"(1S,9S,10S)-7,15-diazatetracyclo[7.7.1.02,7.010,15]heptadec-2-ene","(1S,9S,10S)-7,15-diazatetracyclo[7.7.1.02,7.010,15]heptadec-2-ene"
134160289,134160289,N(=C(CCCCCCCCCCCCCCCCCCCCCCCCC)O)[C@@H](CO[C@@H]1[C@H](O)[C@H]([C@@H](O)[C@@H](COC(=O)CCc2ccccc2)O1)O)[C@@H]([C@H](O)CCCCCCCCCCCCCC)O,C(CCCCCCCCCC[C@H]([C@H]([C@@H](N=C(CCCCCCCCCCCCCCCCCCCCCCCCC)O)CO[C@@H]1[C@@H]([C@H]([C@H]([C@H](O1)COC(=O)CCc1ccccc1)O)O)O)O)O)CCC,positive,True,"[(2R,3R,4S,5R,6S)-6-[(2S,3S,4R)-2-(hexacosanoylamino)-3,4-dihydroxyoctadecoxy]-3,4,5-trihydroxyoxan-2-yl]methyl 3-phenylpropanoate","[(2R,3R,4S,5R,6S)-6-[(2S,3S,4R)-2-(hexacosanoylamino)-3,4-dihydroxyoctadecoxy]-3,4,5-trihydroxyoxan-2-yl]methyl 3-phenylpropanoate"
20843327,20843327,C(CCCCC(=O)[O-])CC/C=C\C=C1\[C@@H](O1)C/C=C\CC,C(C(=O)[O-])CCCCCC/C=C\C=C1/O[C@H]1C/C=C\CC,positive,True,"(Z,11Z)-11-[(3S)-3-[(Z)-pent-2-enyl]oxiran-2-ylidene]undec-9-enoate","(Z,11Z)-11-[(3S)-3-[(Z)-pent-2-enyl]oxiran-2-ylidene]undec-9-enoate"
6096946,6096946,N.N.O=S(=S)(O)O,N.N.OS(=O)(O)=S,positive,True,diazanium;dioxido-oxo-sulfanylidene-lambda6-sulfane,diazanium;dioxido-oxo-sulfanylidene-lambda6-sulfane
53852982,53852982,O([C@@H]1[C@H](O)[C@H]([C@H](O)[C@H](O1)CO)O)[C@@H]1[C@@H](O)[C@H](O[C@H]2[C@@H]([C@@H](O)[C@H]([C@H](O2)CO)O)O)[C@@H](CO)OC1O,C([C@H]1OC(O)[C@H](O[C@H]2O[C@H](CO)[C@H]([C@@H]([C@H]2O)O)O)[C@H]([C@@H]1O[C@@H]1O[C@@H]([C@@H]([C@H](O)[C@H]1O)O)CO)O)O,positive,True,"(2S,3R,4S,5R,6R)-2-[(2R,3S,4S,5R)-4,6-dihydroxy-2-(hydroxymethyl)-5-[(2R,3R,4S,5S,6R)-3,4,5-trihydroxy-6-(hydroxymethyl)oxan-2-yl]oxyoxan-3-yl]oxy-6-(hydroxymethyl)oxane-3,4,5-triol","(2S,3R,4S,5R,6R)-2-[(2R,3S,4S,5R)-4,6-dihydroxy-2-(hydroxymethyl)-5-[(2R,3R,4S,5S,6R)-3,4,5-trihydroxy-6-(hydroxymethyl)oxan-2-yl]oxyoxan-3-yl]oxy-6-(hydroxymethyl)oxane-3,4,5-triol"
17969016,17969016,c1cc(O)c(O)c(c1[N+](=O)[O-])C,c1(C)c(O)c(ccc1[N+]([O-])=O)O,positive,True,"3-methyl-4-nitrobenzene-1,2-diol","3-methyl-4-nitrobenzene-1,2-diol"
11001318,11001318,Clc1cc(Cl)cc(-c2nc3ccc(C(=O)O)cc3o2)c1,c1c(cc(cc1Cl)-c1oc2c(n1)ccc(c2)C(=O)O)Cl,positive,True,"2-(3,5-dichlorophenyl)-1,3-benzoxazole-6-carboxylic acid","2-(3,5-dichlorophenyl)-1,3-benzoxazole-6-carboxylic acid"
135563735,135563735,[C@H]12[C@H](N(C)C)C(=O)C(=C(O)[C@@]1(O)C(=O)C1(C(=O)c3c([C@]([C@H]1C2)(O)C)c(ccc3O)I)O)C(=N)O,C1[C@@H]2[C@](C)(O)c3c(I)ccc(O)c3C(C2(C([C@]2([C@@H]1[C@@H](C(=O)C(=C2O)C(=N)O)N(C)C)O)=O)O)=O,positive,True,"(4S,4aS,5aR,6S,12aR)-2-carbamoyl-4-(dimethylazaniumyl)-6,10,11a,12a-tetrahydroxy-7-iodo-6-methyl-3,11,12-trioxo-4,4a,5,5a-tetrahydrotetracen-1-olate","(4S,4aS,5aR,6S,12aR)-2-carbamoyl-4-(dimethylazaniumyl)-6,10,11a,12a-tetrahydroxy-7-iodo-6-methyl-3,11,12-trioxo-4,4a,5,5a-tetrahydrotetracen-1-olate"
16070027,16070027,B(BO)O,OBBO,positive,True,hydroxyboranylborinic acid,hydroxyboranylborinic acid
135926581,135926581,C1N2c3c([O-])nc([nH]c3N[C@@H](C)[C@@H]2[C@@H](C)[N+]=1c1ccc(cc1)C[C@H](O)[C@@H]([C@H](O)CO[C@@H]1[C@H](O)[C@H](O)[C@@H](COP(=O)([O-])O[C@H](C(=O)O)CCC([O-])=O)O1)O)=N,[O-]c1nc([nH]c2N[C@@H](C)[C@H]3N(C=[N+]([C@@H]3C)c3ccc(cc3)C[C@H](O)[C@@H]([C@H](O)CO[C@H]3O[C@H](COP([O-])(=O)O[C@H](C(=O)O)CCC(=O)[O-])[C@H]([C@H]3O)O)O)c12)=N,positive,True,"(2S)-2-[[(2R,3S,4R,5S)-5-[(2R,3S,4S)-5-[4-[(6S,6aR,7R)-3-amino-6,7-dimethyl-1-oxo-5,6,6a,7-tetrahydro-2H-imidazo[1,5-f]pteridin-10-ium-8-yl]phenyl]-2,3,4-trihydroxypentoxy]-3,4-dihydroxyoxolan-2-yl]methoxy-oxidophosphoryl]oxypentanedioate","(2S)-2-[[(2R,3S,4R,5S)-5-[(2R,3S,4S)-5-[4-[(6S,6aR,7R)-3-amino-6,7-dimethyl-1-oxo-5,6,6a,7-tetrahydro-2H-imidazo[1,5-f]pteridin-10-ium-8-yl]phenyl]-2,3,4-trihydroxypentoxy]-3,4-dihydroxyoxolan-2-yl]methoxy-oxidophosphoryl]oxypentanedioate"
91858192,91858192,OC[C@H]1O[C@H]([C@H](N=C(C)O)[C@H]([C@@H]1O)O)O[C@H]1C(O)O[C@@H]([C@H](O)[C@@H]1O[C@@H]1O[C@H](CO)[C@@H](O)[C@@H]([C@H]1N=C(C)O)O)CO,[C@H]1(CO)O[C@@H](O[C@@H]2[C@H]([C@@H](O)[C@@H](CO)OC2O)O[C@H]2[C@H](N=C(O)C)[C@H]([C@@H]([C@@H](CO)O2)O)O)[C@@H]([C@@H](O)[C@@H]1O)N=C(O)C,positive,True,"N-[(2S,3R,4R,5S,6R)-2-[(3R,4S,5S,6R)-3-[(2S,3R,4R,5S,6R)-3-acetamido-4,5-dihydroxy-6-(hydroxymethyl)oxan-2-yl]oxy-2,5-dihydroxy-6-(hydroxymethyl)oxan-4-yl]oxy-4,5-dihydroxy-6-(hydroxymethyl)oxan-3-yl]acetamide","N-[(2S,3R,4R,5S,6R)-2-[(3R,4S,5S,6R)-3-[(2S,3R,4R,5S,6R)-3-acetamido-4,5-dihydroxy-6-(hydroxymethyl)oxan-2-yl]oxy-2,5-dihydroxy-6-(hydroxymethyl)oxan-4-yl]oxy-4,5-dihydroxy-6-(hydroxymethyl)oxan-3-yl]acetamide"
441203,441203,N.N.[Cl-].[Cl-].[Pt+4],N.N.[Cl-].[Cl-].[Pt+4],positive,True,azane;dichloroplatinum(2+),azane;dichloroplatinum(2+)
53239696,53239696,[C@@H]1(N=C(C)O)[C@@H](O)CC(O)(C(=O)O)O[C@H]1C=O,OC(C1(C[C@H](O)[C@H]([C@@H](O1)C=O)N=C(C)O)O)=O,positive,True,"(4S,5R,6R)-5-acetamido-6-formyl-2,4-dihydroxyoxane-2-carboxylic acid","(4S,5R,6R)-5-acetamido-6-formyl-2,4-dihydroxyoxane-2-carboxylic acid"
441187,441187,O[C@H](COP(O)(=O)O)[C@@H]([C@H](C=O)O)O,OP(=O)(OC[C@H]([C@@H]([C@H](C=O)O)O)O)O,positive,True,"[(2R,3S,4R)-2,3,4-trihydroxy-5-oxopentyl] dihydrogen phosphate","[(2R,3S,4R)-2,3,4-trihydroxy-5-oxopentyl] dihydrogen phosphate"
132282134,132282134,O1[C@@H](OCCCCCCC/C=C/C(SCCN=C([O-])CCN=C([C@@H](C(C)(COP(OP(O)(OC[C@@H]2[C@H]([C@@H](O)[C@H](n3c4c(nc3)c(ncn4)N)O2)OP([O-])(=O)[O-])=O)(O)=O)C)O)[O-])=O)[C@@H](C[C@H]([C@@H]1C)O)O,OP(OP(O)(OCC(C)(C)[C@H](C(=NCCC([O-])=NCCSC(/C=C/CCCCCCCO[C@H]1[C@@H](C[C@H]([C@@H](O1)C)O)O)=O)[O-])O)=O)(OC[C@@H]1[C@H]([C@@H](O)[C@@H](O1)n1c2c(nc1)c(N)ncn2)OP([O-])(=O)[O-])=O,positive,True,"[(2R,3S,4R,5R)-5-(6-aminopurin-9-yl)-2-[[[[(3R)-4-[[3-[2-[(E)-10-[(2R,3R,5R,6S)-3,5-dihydroxy-6-methyloxan-2-yl]oxydec-2-enoyl]sulfanylethylamino]-3-oxopropyl]amino]-3-hydroxy-2,2-dimethyl-4-oxobutoxy]-oxidophosphoryl]oxy-oxidophosphoryl]oxymethyl]-4-hydroxyoxolan-3-yl] phosphate","[(2R,3S,4R,5R)-5-(6-aminopurin-9-yl)-2-[[[[(3R)-4-[[3-[2-[(E)-10-[(2R,3R,5R,6S)-3,5-dihydroxy-6-methyloxan-2-yl]oxydec-2-enoyl]sulfanylethylamino]-3-oxopropyl]amino]-3-hydroxy-2,2-dimethyl-4-oxobutoxy]-oxidophosphoryl]oxy-oxidophosphoryl]oxymethyl]-4-hydroxyoxolan-3-yl] phosphate"
121225531,121225531,O=P([O-])(OC[C@H](O)CO)OC[C@@H](O)COP(O[C@H]1[C@@H]([C@@H](N=C(C)[O-])[C@H](O[C@@H]2[C@H](O[C@H](OP(O)(=O)OP(=O)(O)OC/C=C(/C)CC/C=C(\CC/C=C(/C)CC/C=C(\CC/C=C(\CC/C=C(/C)CC/C=C(/C)CC/C=C(/C)CC/C=C(\C)CC/C=C(\C)CCC=C(C)C)C)C)C)[C@@H]([C@H]2O)N=C(C)[O-])CO)O[C@@H]1CO)O)([O-])=O,C(/C=C(/CCC=C(C)C)C)C/C(C)=C/CC/C(C)=C\CC/C(=C\CC/C(C)=C\CC/C(=C\CC/C(=C\CC/C(C)=C\CC/C(C)=C\CC/C(=C\COP(=O)(OP(=O)(O)O[C@H]1O[C@@H]([C@H]([C@@H]([C@H]1N=C([O-])C)O)O[C@H]1[C@@H]([C@@H](O)[C@@H]([C@H](O1)CO)OP(OC[C@@H](COP(=O)([O-])OC[C@H](O)CO)O)([O-])=O)N=C(C)[O-])CO)O)C)C)C)C,positive,True,"[(2R,3R,4R,5S,6R)-3-acetamido-5-[(2S,3R,4R,5S,6R)-3-acetamido-5-[[(2R)-3-[[(2R)-2,3-dihydroxypropoxy]-oxidophosphoryl]oxy-2-hydroxypropoxy]-oxidophosphoryl]oxy-4-hydroxy-6-(hydroxymethyl)oxan-2-yl]oxy-4-hydroxy-6-(hydroxymethyl)oxan-2-yl] [oxido-[(2Z,6Z,10Z,14Z,18Z,22Z,26Z,30Z,34E,38E)-3,7,11,15,19,23,27,31,35,39,43-undecamethyltetratetraconta-2,6,10,14,18,22,26,30,34,38,42-undecaenoxy]phosphoryl] phosphate","[(2R,3R,4R,5S,6R)-3-acetamido-5-[(2S,3R,4R,5S,6R)-3-acetamido-5-[[(2R)-3-[[(2R)-2,3-dihydroxypropoxy]-oxidophosphoryl]oxy-2-hydroxypropoxy]-oxidophosphoryl]oxy-4-hydroxy-6-(hydroxymethyl)oxan-2-yl]oxy-4-hydroxy-6-(hydroxymethyl)oxan-2-yl] [oxido-[(2Z,6Z,10Z,14Z,18Z,22Z,26Z,30Z,34E,38E)-3,7,11,15,19,23,27,31,35,39,43-undecamethyltetratetraconta-2,6,10,14,18,22,26,30,34,38,42-undecaenoxy]phosphoryl] phosphate"
25203688,25203688,[O-]P(=O)(O[C@H]1[C@@H](O)[C@@H](O[C@@H]1COP(=O)(OP(OCC([C@@H](O)C([O-])=NCCC([O-])=NCCSC(=O)C1=C(N)CCC(=O)C1)(C)C)(=O)O)O)n1cnc2c1ncnc2N)[O-],O=P(OCC(C)(C)[C@@H](O)C(=NCCC(=NCCSC(=O)C1CC(=O)CCC=1N)[O-])[O-])(O)OP(OC[C@@H]1[C@@H](OP(=O)([O-])[O-])[C@@H](O)[C@@H](O1)n1c2c(c(N)ncn2)nc1)(O)=O,positive,True,"[(2R,3S,4R,5R)-2-[[[[(3R)-4-[[3-[2-(2-amino-5-oxocyclohexene-1-carbonyl)sulfanylethylamino]-3-oxopropyl]amino]-3-hydroxy-2,2-dimethyl-4-oxobutoxy]-oxidophosphoryl]oxy-oxidophosphoryl]oxymethyl]-5-(6-aminopurin-9-yl)-4-hydroxyoxolan-3-yl] phosphate","[(2R,3S,4R,5R)-2-[[[[(3R)-4-[[3-[2-(2-amino-5-oxocyclohexene-1-carbonyl)sulfanylethylamino]-3-oxopropyl]amino]-3-hydroxy-2,2-dimethyl-4-oxobutoxy]-oxidophosphoryl]oxy-oxidophosphoryl]oxymethyl]-5-(6-aminopurin-9-yl)-4-hydroxyoxolan-3-yl] phosphate"
70788983,70788983,C1[C@H](CN2C(=O)[C@H](Cc3ccccc3)N=C(O)[C@@H](N=C(O)[C@H](CCCC[NH3+])N=C(O)[C@H](N=C([C@H](c3ccccc3)N=C(O)[C@@H]21)O)Cc1c[nH]c2ccccc21)Cc1ccc(OCc2ccccc2)cc1)OC(=NCC[NH3+])O,C([C@H]1C(=N[C@H](C(=O)N2[C@H](C(O)=N[C@@H](c3ccccc3)C(=N[C@@H](C(O)=N[C@@H](CCCC[NH3+])C(O)=N1)Cc1c[nH]c3ccccc13)O)C[C@H](C2)OC(=NCC[NH3+])O)Cc1ccccc1)O)c1ccc(cc1)OCc1ccccc1,positive,True,"2-[[(3S,6S,9S,12R,15S,18S,20R)-9-(4-azaniumylbutyl)-3-benzyl-12-(1H-indol-3-ylmethyl)-2,5,8,11,14,17-hexaoxo-15-phenyl-6-[(4-phenylmethoxyphenyl)methyl]-1,4,7,10,13,16-hexazabicyclo[16.3.0]henicosan-20-yl]oxycarbonylamino]ethylazanium","2-[[(3S,6S,9S,12R,15S,18S,20R)-9-(4-azaniumylbutyl)-3-benzyl-12-(1H-indol-3-ylmethyl)-2,5,8,11,14,17-hexaoxo-15-phenyl-6-[(4-phenylmethoxyphenyl)methyl]-1,4,7,10,13,16-hexazabicyclo[16.3.0]henicosan-20-yl]oxycarbonylamino]ethylazanium"
126843450,126843450,O[C@H]1[C@@H]([C@H](O[C@@H]([C@@H]1O)OCCCCCN)CO)O[C@@H]1O[C@H](CO)[C@H]([C@H](O)[C@H]1O)O[C@H]1[C@H](O)[C@@H](O)[C@H](O[C@@H]2[C@@H]([C@H]([C@H]([C@@H](CO)O2)O)O)O)[C@@H](C(O)=O)O1,C(CCO[C@H]1O[C@@H]([C@@H](O[C@@H]2O[C@H](CO)[C@H]([C@H](O)[C@H]2O)O[C@H]2[C@@H]([C@@H](O)[C@H](O[C@H]3O[C@H](CO)[C@H](O)[C@@H]([C@H]3O)O)[C@@H](C(=O)O)O2)O)[C@@H]([C@H]1O)O)CO)CCN,positive,True,"(2S,3S,4R,5R,6R)-6-[(2R,3S,4R,5R,6S)-6-[(2R,3S,4R,5R,6S)-6-(5-aminopentoxy)-4,5-dihydroxy-2-(hydroxymethyl)oxan-3-yl]oxy-4,5-dihydroxy-2-(hydroxymethyl)oxan-3-yl]oxy-4,5-dihydroxy-3-[(2R,3R,4S,5R,6R)-3,4,5-trihydroxy-6-(hydroxymethyl)oxan-2-yl]oxyoxane-2-carboxylic acid","(2S,3S,4R,5R,6R)-6-[(2R,3S,4R,5R,6S)-6-[(2R,3S,4R,5R,6S)-6-(5-aminopentoxy)-4,5-dihydroxy-2-(hydroxymethyl)oxan-3-yl]oxy-4,5-dihydroxy-2-(hydroxymethyl)oxan-3-yl]oxy-4,5-dihydroxy-3-[(2R,3R,4S,5R,6R)-3,4,5-trihydroxy-6-(hydroxymethyl)oxan-2-yl]oxyoxane-2-carboxylic acid"
45266906,45266906,Cl.c1c(N2N(c3ccccc3)C(C(C2=O)CC(=NCCCCCCN)O)=O)cccc1,Cl.c1ccccc1N1C(=O)C(C(N1c1ccccc1)=O)CC(O)=NCCCCCCN,positive,True,"6-[[2-(3,5-dioxo-1,2-diphenylpyrazolidin-4-yl)acetyl]amino]hexylazanium;chloride","6-[[2-(3,5-dioxo-1,2-diphenylpyrazolidin-4-yl)acetyl]amino]hexylazanium;chloride"
71728420,71728420,C(CCCCCCC)/C=C\CCCCCCCC(=O)O[C@H](CO)COC(=O)CCCCCCC/C=C\C/C=C\CCCCC,C(CCCCCC/C=C\CCCCCCCC(=O)O[C@H](CO)COC(=O)CCCCCCC/C=C\C/C=C\CCCCC)C,positive,True,"[(2R)-1-hydroxy-3-[(9Z,12Z)-octadeca-9,12-dienoyl]oxypropan-2-yl] (Z)-octadec-9-enoate","[(2R)-1-hydroxy-3-[(9Z,12Z)-octadeca-9,12-dienoyl]oxypropan-2-yl] (Z)-octadec-9-enoate"
9544103,9544103,C(CC/C=C\CCCCCCCC(O[C@H](COC(CCCCCCCCCCCCCCCC)=O)COC(CCCCCCC/C=C\CCCCCCCC)=O)=O)CCCCC,C(OC(=O)CCCCCCC/C=C\CCCCCCCC)[C@@H](COC(CCCCCCCCCCCCCCCC)=O)OC(=O)CCCCCCC/C=C\CCCCCCCC,positive,True,[(2R)-3-heptadecanoyloxy-2-[(Z)-octadec-9-enoyl]oxypropyl] (Z)-octadec-9-enoate,[(2R)-3-heptadecanoyloxy-2-[(Z)-octadec-9-enoyl]oxypropyl] (Z)-octadec-9-enoate
22873440,22873440,c1(=O)n(ccc(O)n1)[C@H]1[C@H](O)[C@H](O)[C@H](O1)COP(=O)(OP(OP(O)(OCCC(=C)C)=O)(=O)O)O,O(P(OP(=O)(OCCC(=C)C)O)(=O)O)P(=O)(O)OC[C@@H]1[C@H]([C@@H](O)[C@@H](O1)n1ccc(nc1=O)O)O,positive,True,"[[(2R,3S,4R,5R)-5-(2,4-dioxopyrimidin-1-yl)-3,4-dihydroxyoxolan-2-yl]methoxy-hydroxyphosphoryl] [hydroxy(3-methylbut-3-enoxy)phosphoryl] hydrogen phosphate","[[(2R,3S,4R,5R)-5-(2,4-dioxopyrimidin-1-yl)-3,4-dihydroxyoxolan-2-yl]methoxy-hydroxyphosphoryl] [hydroxy(3-methylbut-3-enoxy)phosphoryl] hydrogen phosphate"
964,964,O=C(CO)C(O)=O,C(O)C(C(=O)O)=O,positive,True,3-hydroxy-2-oxopropanoic acid,3-hydroxy-2-oxopropanoic acid
15938961,15938961,c1(CCOP([O-])(OP(=O)(OP([O-])(OC[C@H]2O[C@@H](n3c4ncnc(N)c4nc3)[C@@H]([C@@H]2O)O)=O)[O-])=O)c(C)[n+](cs1)Cc1c([nH]c(nc1)C)=N,P([O-])(OP(=O)(OC[C@H]1O[C@H]([C@@H]([C@@H]1O)O)n1cnc2c1ncnc2N)[O-])(OP(=O)(OCCc1sc[n+](c1C)Cc1cnc([nH]c1=N)C)[O-])=O,positive,True,"[2-[3-[(4-amino-2-methylpyrimidin-5-yl)methyl]-4-methyl-1,3-thiazol-3-ium-5-yl]ethoxy-oxidophosphoryl] [[(2R,3S,4R,5R)-5-(6-aminopurin-9-yl)-3,4-dihydroxyoxolan-2-yl]methoxy-oxidophosphoryl] phosphate","[2-[3-[(4-amino-2-methylpyrimidin-5-yl)methyl]-4-methyl-1,3-thiazol-3-ium-5-yl]ethoxy-oxidophosphoryl] [[(2R,3S,4R,5R)-5-(6-aminopurin-9-yl)-3,4-dihydroxyoxolan-2-yl]methoxy-oxidophosphoryl] phosphate"
87179336,87179336,C(CCC/C=C\CCCC)CCCC(=N)O,C(\CCCCCCCC(O)=N)=C\CCCC,positive,True,(Z)-tetradec-9-enamide,(Z)-tetradec-9-enamide
85782,85782,c1cc(O)c(cc1C(C(O)=O)O)O,c1(C(C(O)=O)O)ccc(O)c(c1)O,positive,True,"2-(3,4-dihydroxyphenyl)-2-hydroxyacetic acid","2-(3,4-dihydroxyphenyl)-2-hydroxyacetic acid"
196730,196730,c12c(c(c(cc1cc1c(C(c3c(cc(cc3C1=O)O)O)=O)c2O)O)C(=O)O)C,c1c2c(c(c3c1cc(c(C(O)=O)c3C)O)O)C(=O)c1c(O)cc(cc1C2=O)O,positive,True,"3,8,10,12-tetrahydroxy-1-methyl-6,11-dioxotetracene-2-carboxylic acid","3,8,10,12-tetrahydroxy-1-methyl-6,11-dioxotetracene-2-carboxylic acid"
21126521,21126521,[C@H]1(O)[C@@H](O[C@@H]([C@H](O)[C@@H]1O)CO)OC[C@H]1OC([C@H](N=C(C)O)[C@H]([C@H]1O)O)O,C(=N[C@@H]1[C@@H](O)[C@@H](O)[C@H](OC1O)CO[C@@H]1O[C@@H]([C@H](O)[C@@H]([C@H]1O)O)CO)(O)C,positive,True,"N-[(3R,4R,5R,6R)-2,4,5-trihydroxy-6-[[(2R,3R,4S,5R,6R)-3,4,5-trihydroxy-6-(hydroxymethyl)oxan-2-yl]oxymethyl]oxan-3-yl]acetamide","N-[(3R,4R,5R,6R)-2,4,5-trihydroxy-6-[[(2R,3R,4S,5R,6R)-3,4,5-trihydroxy-6-(hydroxymethyl)oxan-2-yl]oxymethyl]oxan-3-yl]acetamide"
16078938,16078938,O1P(=O)(O)O[C@@H]2[C@@H](C1)O[C@H]([C@@H]2O)n1c(=NCCCCCCN)[nH]c2c(N)ncnc21,[C@@H]12[C@@H](COP(O2)(O)=O)O[C@@H](n2c3ncnc(c3[nH]c2=NCCCCCCN)N)[C@@H]1O,positive,True,"(4aR,6R,7R,7aS)-6-[6-amino-8-(6-aminohexylamino)purin-9-yl]-2-hydroxy-2-oxo-4a,6,7,7a-tetrahydro-4H-furo[3,2-d][1,3,2]dioxaphosphinin-7-ol","(4aR,6R,7R,7aS)-6-[6-amino-8-(6-aminohexylamino)purin-9-yl]-2-hydroxy-2-oxo-4a,6,7,7a-tetrahydro-4H-furo[3,2-d][1,3,2]dioxaphosphinin-7-ol"
129626825,129626825,[C@@H](CSC/C=C(/CCC=C(C)C)C)(N)C(=O)O,CC(C)=CCC/C(C)=C/CSC[C@@H](C(O)=O)N,positive,True,"(2R)-2-azaniumyl-3-[(2E)-3,7-dimethylocta-2,6-dienyl]sulfanylpropanoate","(2R)-2-azaniumyl-3-[(2E)-3,7-dimethylocta-2,6-dienyl]sulfanylpropanoate"
6444206,6444206,O1[C@H](C[C@@H]([C@H](O)[C@@H]1C)O)O[C@@H]1C[C@@]([C@@H](C)[C@@H]([C@H](C)[C@@H]2[C@H](/C=C/C=C/C(O[C@@H]([C@@H](C)/C=C/C=C/C(=O)O2)[C@H]([C@@H](O)[C@@H]([C@]2(C[C@H]([C@H](CC)[C@@H](C)O2)O[C@@H]2O[C@H]([C@@H](O)[C@H](C2)O)C)O)C)C)=O)C)O)(O)O[C@@H]([C@H]1CC)C,[C@@H]1(C[C@H](O[C@@H]2C[C@@]([C@@H](C)[C@H](O)[C@H](C)[C@@H]3[C@H](/C=C/C=C/C(O[C@@H]([C@H](/C=C/C=C/C(=O)O3)C)[C@H]([C@H]([C@H](C)[C@]3(O)O[C@@H]([C@H]([C@@H](C3)O[C@H]3C[C@H](O)[C@@H]([C@@H](O3)C)O)CC)C)O)C)=O)C)(O)O[C@@H]([C@H]2CC)C)O[C@@H](C)[C@H]1O)O,positive,True,"(3E,5E,7S,8S,11E,13E,15S,16S)-8,16-bis[(2S,3R,4S)-4-[(2R,4R,5R,6R)-4-[(2R,4S,5S,6S)-4,5-dihydroxy-6-methyloxan-2-yl]oxy-5-ethyl-2-hydroxy-6-methyloxan-2-yl]-3-hydroxypentan-2-yl]-7,15-dimethyl-1,9-dioxacyclohexadeca-3,5,11,13-tetraene-2,10-dione","(3E,5E,7S,8S,11E,13E,15S,16S)-8,16-bis[(2S,3R,4S)-4-[(2R,4R,5R,6R)-4-[(2R,4S,5S,6S)-4,5-dihydroxy-6-methyloxan-2-yl]oxy-5-ethyl-2-hydroxy-6-methyloxan-2-yl]-3-hydroxypentan-2-yl]-7,15-dimethyl-1,9-dioxacyclohexadeca-3,5,11,13-tetraene-2,10-dione"
644077,644077,c1(ccccc1)C[C@H]1C(=N[C@H](C(=N[C@H](C(O)=N[C@H](C(N2CCC[C@H]2C(=N[C@@H](CCCNC(=N)N)C(=NCC(=N)O)O)O)=O)CSSC[C@H](N)C(O)=N[C@H](C(O)=N1)Cc1ccc(cc1)O)CC(=N)O)O)CCC(O)=N)O,c1(ccccc1)C[C@H]1C(=N[C@H](C(O)=N[C@H](C(=N[C@@H](CSSC[C@H](N)C(O)=N[C@H](C(=N1)O)Cc1ccc(cc1)O)C(N1[C@H](C(O)=N[C@@H](CCCNC(N)=N)C(=NCC(O)=N)O)CCC1)=O)O)CC(=N)O)CCC(=N)O)O,positive,True,"(2S)-1-[(4R,7S,10S,13S,16S,19R)-19-amino-7-(2-amino-2-oxoethyl)-10-(3-amino-3-oxopropyl)-13-benzyl-16-[(4-hydroxyphenyl)methyl]-6,9,12,15,18-pentaoxo-1,2-dithia-5,8,11,14,17-pentazacycloicosane-4-carbonyl]-N-[(2S)-1-[(2-amino-2-oxoethyl)amino]-5-(diaminomethylideneamino)-1-oxopentan-2-yl]pyrrolidine-2-carboxamide","(2S)-1-[(4R,7S,10S,13S,16S,19R)-19-amino-7-(2-amino-2-oxoethyl)-10-(3-amino-3-oxopropyl)-13-benzyl-16-[(4-hydroxyphenyl)methyl]-6,9,12,15,18-pentaoxo-1,2-dithia-5,8,11,14,17-pentazacycloicosane-4-carbonyl]-N-[(2S)-1-[(2-amino-2-oxoethyl)amino]-5-(diaminomethylideneamino)-1-oxopentan-2-yl]pyrrolidine-2-carboxamide"
72551537,72551537,C(CCCCCCCCCC/C=C\C/C=C\C/C=C\C/C=C\C/C=C\C/C=C\CC)CCC[C@H](CC(SCCN=C(O)CCN=C([C@H](O)C(COP(=O)(O)OP(OC[C@H]1O[C@@H](n2c3ncnc(N)c3nc2)[C@@H]([C@@H]1OP(O)(O)=O)O)(=O)O)(C)C)O)=O)O,OP(O)(=O)O[C@@H]1[C@H](O[C@@H](n2c3ncnc(N)c3nc2)[C@@H]1O)COP(O)(OP(O)(=O)OCC(C)(C)[C@H](C(O)=NCCC(=NCCSC(=O)C[C@H](O)CCCCCCCCCCCCCC/C=C\C/C=C\C/C=C\C/C=C\C/C=C\C/C=C\CC)O)O)=O,positive,True,"S-[2-[3-[[(2R)-4-[[[(2R,3S,4R,5R)-5-(6-aminopurin-9-yl)-4-hydroxy-3-phosphonooxyoxolan-2-yl]methoxy-hydroxyphosphoryl]oxy-hydroxyphosphoryl]oxy-2-hydroxy-3,3-dimethylbutanoyl]amino]propanoylamino]ethyl] (3R,18Z,21Z,24Z,27Z,30Z,33Z)-3-hydroxyhexatriaconta-18,21,24,27,30,33-hexaenethioate","S-[2-[3-[[(2R)-4-[[[(2R,3S,4R,5R)-5-(6-aminopurin-9-yl)-4-hydroxy-3-phosphonooxyoxolan-2-yl]methoxy-hydroxyphosphoryl]oxy-hydroxyphosphoryl]oxy-2-hydroxy-3,3-dimethylbutanoyl]amino]propanoylamino]ethyl] (3R,18Z,21Z,24Z,27Z,30Z,33Z)-3-hydroxyhexatriaconta-18,21,24,27,30,33-hexaenethioate"
30231,71627264,COc1ccc(CCC(=O)c2c(O)cc(O[C@@H]3O[C@H](CO)[C@@H](O)[C@H](O)[C@H]3O[C@@H]3O[C@@H](C)[C@H](O)[C@@H](O)[C@H]3O)cc2O)cc1O,OC[C@H]1O[C@@H](Oc2cc3c(O)cc(O)cc3[o+]c2-c2ccc(O)cc2)[C@H](O[C@@H]2OC[C@@H](O)[C@H](O)[C@H]2O)[C@@H](O)[C@@H]1O,stereoisomer,False,"1-[4-[(2S,3R,4S,5S,6R)-4,5-dihydroxy-6-(hydroxymethyl)-3-[(2S,3R,4R,5R,6S)-3,4,5-trihydroxy-6-methyloxan-2-yl]oxyoxan-2-yl]oxy-2,6-dihydroxyphenyl]-3-(3-hydroxy-4-methoxyphenyl)propan-1-one","(2S,3R,4S,5R)-2-[(2S,3R,4S,5S,6R)-2-[5,7-dihydroxy-2-(4-hydroxyphenyl)chromenylium-3-yl]oxy-4,5-dihydroxy-6-(hydroxymethyl)oxan-3-yl]oxyoxane-3,4,5-triol"
135340,127601,CCCCCCCCCCCCCCCCCC(=O)OC[C@H](COP(=O)([O-])OCC[N+](C)(C)C)OC(C)=O,C[C@H](CCC(=O)O)[C@H]1CC[C@H]2[C@@H]3[C@@H](O)C[C@@H]4C[C@@H](O)CC[C@]4(C)[C@H]3CC[C@]12C,stereoisomer,False,[(2R)-2-acetyloxy-3-octadecanoyloxypropyl] 2-(trimethylazaniumyl)ethyl phosphate,"(4R)-4-[(3S,5S,7S,8R,9S,10S,13R,14S,17R)-3,7-dihydroxy-10,13-dimethyl-2,3,4,5,6,7,8,9,11,12,14,15,16,17-tetradecahydro-1H-cyclopenta[a]phenanthren-17-yl]pentanoic acid"
53326127,86290149,CC(C)c1cc2c(cc1O)[C@]13CCC[C@]4(C)CO[C@@H]1O[C@H]2C[C@@H]43,C[C@H](CCC[C@H](C)C(=O)SCCN=C([O-])CCN=C([O-])[C@H](O)C(C)(C)COP(=O)(O)OP(=O)(O)OC[C@H]1O[C@@H](n2cnc3c(N)ncnc32)[C@H](O)[C@@H]1OP(=O)([O-])[O-])[C@H]1CC[C@H]2[C@@H]3CCC4=CC(=O)CC[C@]4(C)[C@H]3CC[C@]12C,stereoisomer,False,"(1R,5S,8R,10S,17S)-5-methyl-13-propan-2-yl-7,9-dioxapentacyclo[8.6.2.01,8.05,17.011,16]octadeca-11,13,15-trien-14-ol","[(2R,3S,4R,5R)-5-(6-aminopurin-9-yl)-2-[[[[(3R)-4-[[3-[2-[(2S,6R)-6-[(8S,9S,10R,13R,14S,17R)-10,13-dimethyl-3-oxo-1,2,6,7,8,9,11,12,14,15,16,17-dodecahydrocyclopenta[a]phenanthren-17-yl]-2-methylheptanoyl]sulfanylethylamino]-3-oxopropyl]amino]-3-hydroxy-2,2-dimethyl-4-oxobutoxy]-oxidophosphoryl]oxy-oxidophosphoryl]oxymethyl]-4-hydroxyoxolan-3-yl] phosphate"
126456451,91972203,CC(=O)OC[C@H]1O[C@H](O[C@@H]2[C@H](O)[C@@H](O[C@H]3O[C@H]([C@H](O)CO)[C@@H](O)[C@H](O)[C@@H]3O[C@H]3O[C@H]([C@@H](O)CO)[C@@H](O)[C@H](O)[C@@H]3O)[C@@H](O[C@@H]3[C@H](O)[C@@H](O[C@@H]4[C@H](O)[C@@H](O[C@H]5[C@@H]([C@H](O)CO[C@H]6OC[C@H](N)[C@H](O)[C@H]6O)O[C@@](O)(C(=O)O)C[C@H]5O[C@]5(C(=O)O)C[C@@H](O)[C@@H](O)[C@@H]([C@H](O)CO)O5)O[C@H]([C@@H](O)CO)[C@H]4O[C@@H]4O[C@H](CO)[C@@H](O)[C@H](O)[C@H]4O)O[C@H]([C@H](CO[C@H]4O[C@H]([C@@H](O)CO)[C@@H](O)[C@H](O)[C@@H]4O)OP(=O)(O)OCCN)[C@H]3O)O[C@@H]2C(=O)O)[C@H](N)[C@@H](O)[C@H]1O[C@H]1O[C@H](CO)[C@@H](O[C@@H]2O[C@H](CO)[C@@H](O)[C@H](O)[C@H]2O)[C@H](O)[C@H]1N=C(C)O,CC(O)=N[C@@H]1[C@@H](O)[C@H](O[C@@H]2O[C@H](CO)[C@@H](O[C@@H]3O[C@H](CO[C@H]4O[C@H](CO)[C@@H](O)[C@H](O)[C@@H]4O[C@@H]4O[C@H](CO)[C@@H](O)[C@H](O[C@@H]5O[C@H](CO)[C@H](O)[C@H](O)[C@H]5O)[C@H]4N=C(C)O)[C@@H](O[C@@H]4O[C@H](CO)[C@@H](O)[C@H](O)[C@H]4N=C(C)O)[C@H](O[C@H]4O[C@H](CO)[C@@H](O)[C@H](O)[C@@H]4O[C@@H]4O[C@H](CO)[C@@H](O)[C@H](O[C@@H]5O[C@H](CO)[C@H](O)[C@H](O)[C@H]5O)[C@H]4N=C(C)O)[C@@H]3O)[C@H](O)[C@H]2N=C(C)O)[C@@H](CO)O[C@H]1O,stereoisomer,False,"(2R,4R,5R,6R)-2-[(2R,4R,5R,6R)-5-[(2R,3S,4R,5R,6R)-4-[(2S,3S,4S,5S,6S)-4-[(2S,3R,4S,5R,6S)-5-[(2R,3R,4R,5R,6R)-5-[(2R,3R,4R,5S,6R)-3-acetamido-4-hydroxy-6-(hydroxymethyl)-5-[(2S,3R,4S,5S,6R)-3,4,5-trihydroxy-6-(hydroxymethyl)oxan-2-yl]oxyoxan-2-yl]oxy-6-(acetyloxymethyl)-3-amino-4-hydroxyoxan-2-yl]oxy-6-carboxy-3-[(2R,3S,4S,5S,6R)-6-[(1R)-1,2-dihydroxyethyl]-3-[(2R,3S,4S,5S,6R)-6-[(1S)-1,2-dihydroxyethyl]-3,4,5-trihydroxyoxan-2-yl]oxy-4,5-dihydroxyoxan-2-yl]oxy-4-hydroxyoxan-2-yl]oxy-6-[(1S)-1-[2-aminoethoxy(hydroxy)phosphoryl]oxy-2-[(2R,3S,4S,5S,6R)-6-[(1S)-1,2-dihydroxyethyl]-3,4,5-trihydroxyoxan-2-yl]oxyethyl]-3,5-dihydroxyoxan-2-yl]oxy-6-[(1S)-1,2-dihydroxyethyl]-3-hydroxy-5-[(2S,3R,4S,5S,6R)-3,4,5-trihydroxy-6-(hydroxymethyl)oxan-2-yl]oxyoxan-2-yl]oxy-6-[(1R)-2-[(2R,3R,4S,5S)-5-amino-3,4-dihydroxyoxan-2-yl]oxy-1-hydroxyethyl]-2-carboxy-2-hydroxyoxan-4-yl]oxy-6-[(1R)-1,2-dihydroxyethyl]-4,5-dihydroxyoxane-2-carboxylic acid","N-[(2R,3R,4R,5S,6R)-5-[(2S,3R,4R,5S,6R)-3-acetamido-5-[(2S,3S,4R,5R,6R)-5-[(2S,3R,4R,5S,6R)-3-acetamido-4,5-dihydroxy-6-(hydroxymethyl)oxan-2-yl]oxy-4-[(2S,3S,4S,5S,6R)-3-[(2S,3R,4R,5S,6R)-3-acetamido-5-hydroxy-6-(hydroxymethyl)-4-[(2R,3R,4S,5R,6R)-3,4,5-trihydroxy-6-(hydroxymethyl)oxan-2-yl]oxyoxan-2-yl]oxy-4,5-dihydroxy-6-(hydroxymethyl)oxan-2-yl]oxy-6-[[(2S,3S,4S,5S,6R)-3-[(2S,3R,4R,5S,6R)-3-acetamido-5-hydroxy-6-(hydroxymethyl)-4-[(2R,3R,4S,5R,6R)-3,4,5-trihydroxy-6-(hydroxymethyl)oxan-2-yl]oxyoxan-2-yl]oxy-4,5-dihydroxy-6-(hydroxymethyl)oxan-2-yl]oxymethyl]-3-hydroxyoxan-2-yl]oxy-4-hydroxy-6-(hydroxymethyl)oxan-2-yl]oxy-2,4-dihydroxy-6-(hydroxymethyl)oxan-3-yl]acetamide"
128812,50906608,CCCCCCCC(=O)OC[C@H](COP(=O)(O)OC1[C@H](O)[C@H](O)C(O)[C@H](O)[C@H]1O)OC(=O)CCCCCCC,CO[C@@H]1[C@@H](O)[C@H](N=C(O)CC(C)(C)O)[C@@H](C)O[C@H]1O,stereoisomer,False,"[(2R)-3-[hydroxy-[(2R,3R,5S,6R)-2,3,4,5,6-pentahydroxycyclohexyl]oxyphosphoryl]oxy-2-octanoyloxypropyl] octanoate","N-[(2R,3S,4S,5R,6R)-4,6-dihydroxy-5-methoxy-2-methyloxan-3-yl]-3-hydroxy-3-methylbutanamide"
121596240,42626433,C[C@H](CCC(=O)SCCN=C([O-])CCN=C([O-])[C@H](O)C(C)(C)COP(=O)(O)OP(=O)(O)OC[C@H]1O[C@@H](n2cnc3c(N)ncnc32)[C@H](O)[C@@H]1OP(=O)([O-])[O-])[C@H]1CC[C@H]2[C@@H]3[C@H](O)CC4=CC(=O)CC[C@]4(C)[C@H]3C[C@H](O)[C@]12C,Nc1ncnc2c1ncn2[C@@H]1O[C@H](COP(=O)(O)OP(=O)(O)OC[C@H]2O[C@H](OP(=O)(O)O)[C@H](O)[C@@H]2O)[C@@H](O)[C@H]1O,stereoisomer,False,"[(2R,3S,4R,5R)-5-(6-aminopurin-9-yl)-2-[[[[(3R)-4-[[3-[2-[(4R)-4-[(7R,8R,9S,10R,12S,13R,14S,17R)-7,12-dihydroxy-10,13-dimethyl-3-oxo-1,2,6,7,8,9,11,12,14,15,16,17-dodecahydrocyclopenta[a]phenanthren-17-yl]pentanoyl]sulfanylethylamino]-3-oxopropyl]amino]-3-hydroxy-2,2-dimethyl-4-oxobutoxy]-oxidophosphoryl]oxy-oxidophosphoryl]oxymethyl]-4-hydroxyoxolan-3-yl] phosphate","[[(2R,3S,4R,5R)-5-(6-aminopurin-9-yl)-3,4-dihydroxyoxolan-2-yl]methoxy-hydroxyphosphoryl] [(2R,3S,4R,5R)-3,4-dihydroxy-5-phosphonooxyoxolan-2-yl]methyl hydrogen phosphate"
45480615,165491,C[C@@H]1O[C@@H](O[C@H]2[C@@H](O)[C@@H](CO)O[C@H](O[C@@H]3[C@@H](O[C@@H]4[C@@H](O)[C@@H](O)[C@H](O)O[C@H]4C)O[C@H](CO)[C@@H](O)[C@@H]3O[C@H]3O[C@H](C)[C@H](O)C[C@H]3O)[C@@H]2O)[C@H](O)[C@H](O)[C@H]1O,Nc1ncnc2c1ncn2[C@@H]1O[C@H](COP(=O)(O)OP(=O)(O)OC[C@H]2O[C@@H]([n+]3cccc(C(=O)O)c3)[C@H](O)[C@@H]2O)[C@@H](O)[C@H]1O,stereoisomer,False,"(2S,3R,4R,5R,6S)-2-[(2R,3R,4S,5S,6R)-2-[(2R,3S,4S,5R,6R)-4-[(2R,3R,5R,6R)-3,5-dihydroxy-6-methyloxan-2-yl]oxy-5-hydroxy-6-(hydroxymethyl)-2-[(2S,3R,4S,5R,6R)-4,5,6-trihydroxy-2-methyloxan-3-yl]oxyoxan-3-yl]oxy-3,5-dihydroxy-6-(hydroxymethyl)oxan-4-yl]oxy-6-methyloxane-3,4,5-triol","1-[(2R,3R,4S,5R)-5-[[[[(2R,3S,4R,5R)-5-(6-aminopurin-9-yl)-3,4-dihydroxyoxolan-2-yl]methoxy-hydroxyphosphoryl]oxy-hydroxyphosphoryl]oxymethyl]-3,4-dihydroxyoxolan-2-yl]pyridin-1-ium-3-carboxylic acid"
132282453,3034048,C[C@@H]1O[C@@H](OCCCCCCCCCCC/C=C/C(=O)[O-])[C@H](O)C[C@H]1O,C[C@H](CS)C(=O)N1C[C@@H](Sc2ccccc2)C[C@H]1C(=O)O,stereoisomer,False,"(E)-14-[(2R,3R,5R,6S)-3,5-dihydroxy-6-methyloxan-2-yl]oxytetradec-2-enoate","(2S,4S)-1-[(2S)-2-methyl-3-sulfanylpropanoyl]-4-phenylsulfanylpyrrolidine-2-carboxylic acid"
21114947,21594148,O=C(CO)[C@@H](O)[C@H](O)[C@H](O)COP(=O)([O-])[O-],CC1(C)CC[C@]2(C(=O)O)CC[C@]3(C)C(=CC[C@@H]4[C@@]5(C)CC[C@H](O)[C@](C)(CO)[C@@H]5CC[C@]43C)[C@@H]2[C@@H]1O,stereoisomer,False,"[(2R,3R,4S)-2,3,4,6-tetrahydroxy-5-oxohexyl] phosphate","(1S,4aR,6aR,6aS,6bR,8aR,9S,10S,12aR,14bS)-1,10-dihydroxy-9-(hydroxymethyl)-2,2,6a,6b,9,12a-hexamethyl-1,3,4,5,6,6a,7,8,8a,10,11,12,13,14b-tetradecahydropicene-4a-carboxylic acid"
10366713,6436246,C/C(C=O)=C\CC[C@@H](C)[C@H]1CC[C@@]2(C)C3=C(CC[C@]12C)[C@@]1(C)CC[C@H](O)C(C)(C)[C@@H]1CC3=O,C/C=C(/C)C(=O)OC(C)(C)[C@@H]1Cc2c(ccc3ccc(=O)oc23)O1,stereoisomer,False,"(E,6R)-6-[(3S,5R,10S,13R,14R,17R)-3-hydroxy-4,4,10,13,14-pentamethyl-7-oxo-1,2,3,5,6,11,12,15,16,17-decahydrocyclopenta[a]phenanthren-17-yl]-2-methylhept-2-enal","2-[(8S)-2-oxo-8,9-dihydrofuro[2,3-h]chromen-8-yl]propan-2-yl (Z)-2-methylbut-2-enoate"
97165,12308716,O=C1O[C@@H]([C@H](O)CO)[C@H](O)[C@H]1O,CC(=O)O[C@@H]1C[C@H]2C(C)(C)C(=O)C=C[C@]2(C)[C@H]2CC[C@]3(C)C(=CC(=O)[C@@H]3c3ccoc3)[C@@]21C,stereoisomer,False,"(3R,4R,5S)-5-[(1R)-1,2-dihydroxyethyl]-3,4-dihydroxyoxolan-2-one","[(5R,7R,8R,9R,10R,13S,17S)-17-(furan-3-yl)-4,4,8,10,13-pentamethyl-3,16-dioxo-6,7,9,11,12,17-hexahydro-5H-cyclopenta[a]phenanthren-7-yl] acetate"
16059194,443629,CC(O)=N[C@H]1[C@@H](OP(=O)(O)OP(=O)(O)OC[C@H]2O[C@@H](n3ccc(O)nc3=O)[C@H](O)[C@@H]2O)O[C@H](CO)[C@@H](O)[C@@H]1O[C@H](C)C(O)=N[C@@H](C)C(O)=N[C@H](CCC(O)=N[C@@H](CCC[C@@H](N)C(=O)O)C(O)=N[C@H](C)C(O)=N[C@H](C)C(=O)O)C(=O)O,OCC1=C[C@H](N[C@H]2C[C@H](CO)[C@@H](O[C@@H]3O[C@H](CO)[C@@H](O)[C@H](O)[C@H]3O)[C@H](O)[C@H]2O)[C@H](O)[C@@H](O)[C@@H]1O,stereoisomer,False,"(2R,6S)-6-[[(4R)-4-[[(2S)-2-[[(2R)-2-[(2R,3R,4R,5S,6R)-3-acetamido-2-[[[(2R,3S,4R,5R)-5-(2,4-dioxopyrimidin-1-yl)-3,4-dihydroxyoxolan-2-yl]methoxy-hydroxyphosphoryl]oxy-hydroxyphosphoryl]oxy-5-hydroxy-6-(hydroxymethyl)oxan-4-yl]oxypropanoyl]amino]propanoyl]amino]-4-carboxybutanoyl]amino]-2-amino-7-[[(2R)-1-[[(1R)-1-carboxyethyl]amino]-1-oxopropan-2-yl]amino]-7-oxoheptanoic acid","(2R,3R,4S,5S,6R)-2-[(1R,2R,3S,4S,6R)-2,3-dihydroxy-6-(hydroxymethyl)-4-[[(1S,4R,5S,6S)-4,5,6-trihydroxy-3-(hydroxymethyl)cyclohex-2-en-1-yl]amino]cyclohexyl]oxy-6-(hydroxymethyl)oxane-3,4,5-triol"
129011085,441187,C[C@]12CCC(=O)C[C@@H]1CC[C@@H]1[C@@H]2CC[C@]2(C)[C@@H](O[C@@H]3O[C@H](C(=O)O)[C@@H](O)[C@H](O)[C@H]3O[C@@H]3O[C@H](C(=O)O)[C@@H](O)[C@H](O)[C@H]3O)CC[C@@H]12,O=C[C@H](O)[C@@H](O)[C@H](O)COP(=O)(O)O,stereoisomer,False,"(2S,3S,4S,5R,6R)-6-[(2R,3R,4S,5S,6S)-6-carboxy-2-[[(5S,8R,9S,10S,13S,14S,17S)-10,13-dimethyl-3-oxo-1,2,4,5,6,7,8,9,11,12,14,15,16,17-tetradecahydrocyclopenta[a]phenanthren-17-yl]oxy]-4,5-dihydroxyoxan-3-yl]oxy-3,4,5-trihydroxyoxane-2-carboxylic acid","[(2R,3S,4R)-2,3,4-trihydroxy-5-oxopentyl] dihydrogen phosphate"
86289843,24779048,C[C@@H](O)CCCCCCCCCCCCCCCCCC[C@@H](O)CC(=O)O,CCCCC/C=C\C/C=C\C/C=C\C/C=C\CCCC(=O)O[C@H](COC(=O)CCCCCCCCCCCCCCCCCCC)COP(=O)([O-])OCC[N+](C)(C)C,stereoisomer,False,"(3R,22R)-3,22-dihydroxytricosanoic acid","[(2R)-3-icosanoyloxy-2-[(5Z,8Z,11Z,14Z)-icosa-5,8,11,14-tetraenoyl]oxypropyl] 2-(trimethylazaniumyl)ethyl phosphate"
71627198,3081055,CCCCCCCC/C=C\CCCCCCCC(=O)O[C@H](COC(=O)CCCCCCCCCCCCCCCCCCC)COP(=O)([O-])[O-],O=P(O)(O)O[C@H]1[C@H](O)[C@H](O)[C@H](OP(=O)(O)O)[C@@H](OP(=O)(O)O)[C@@H]1O,stereoisomer,False,[(2R)-3-icosanoyloxy-2-[(Z)-octadec-9-enoyl]oxypropyl] phosphate,"[(1S,2S,3R,4S,5R,6S)-2,3,5-trihydroxy-4,6-diphosphonooxycyclohexyl] dihydrogen phosphate"
45480569,21676217,CC(O)=N[C@@H]1[C@@H](O[C@@H]2O[C@H](CO)[C@H](O)[C@H](O)[C@H]2O[C@@H]2O[C@@H](C)[C@@H](O)[C@@H](O)[C@@H]2O)[C@H](O[C@@H]2O[C@@H](C)[C@@H](O)[C@@H](O)[C@@H]2O)[C@@H](CO)O[C@H]1O,O=c1c(-c2ccc(O)cc2)coc2c([C@@H]3O[C@H](CO[C@@H]4OC[C@](O)(CO)[C@H]4O)[C@@H](O)[C@H](O)[C@H]3O)c(O)ccc12,stereoisomer,False,"N-[(2R,3R,4R,5S,6R)-4-[(2R,3R,4S,5R,6R)-4,5-dihydroxy-6-(hydroxymethyl)-3-[(2S,3S,4R,5S,6S)-3,4,5-trihydroxy-6-methyloxan-2-yl]oxyoxan-2-yl]oxy-2-hydroxy-6-(hydroxymethyl)-5-[(2S,3S,4R,5S,6S)-3,4,5-trihydroxy-6-methyloxan-2-yl]oxyoxan-3-yl]acetamide","8-[(2S,3R,4R,5S,6R)-6-[[(2R,3R,4R)-3,4-dihydroxy-4-(hydroxymethyl)oxolan-2-yl]oxymethyl]-3,4,5-trihydroxyoxan-2-yl]-7-hydroxy-3-(4-hydroxyphenyl)chromen-4-one"
6857599,126843487,N[C@@H]1CCCC[C@H]1N.O=C(O)C(=O)O.[Pt+2],C[C@H](CCC(=O)SCCN=C(O)CCN=C(O)[C@H](O)C(C)(C)COP(=O)(O)OP(=O)(O)OC[C@H]1O[C@@H](n2cnc3c(N)ncnc32)[C@H](O)[C@@H]1OP(=O)(O)O)[C@H]1CC[C@H]2[C@@H]3[C@H](O)C[C@@H]4CC(=O)CC[C@]4(C)[C@H]3C[C@H](O)[C@]12C,stereoisomer,False,"(1R,2R)-cyclohexane-1,2-diamine;oxalic acid;platinum(2+)","S-[2-[3-[[(2R)-4-[[[(2R,3S,4R,5R)-5-(6-aminopurin-9-yl)-4-hydroxy-3-phosphonooxyoxolan-2-yl]methoxy-hydroxyphosphoryl]oxy-hydroxyphosphoryl]oxy-2-hydroxy-3,3-dimethylbutanoyl]amino]propanoylamino]ethyl] (4R)-4-[(5R,7R,8R,9S,10S,12S,13R,14S,17R)-7,12-dihydroxy-10,13-dimethyl-3-oxo-1,2,4,5,6,7,8,9,11,12,14,15,16,17-tetradecahydrocyclopenta[a]phenanthren-17-yl]pentanethioate"
24778770,25244685,CCCCCC/C=C\CCCCCCCC(=O)OC[C@H](COP(=O)([O-])OCC[N+](C)(C)C)OC(C)=O,C=C1C[C@]23C[C@H]1CC[C@H]2[C@]1(C(=O)[O-])CCC[C@@](C)(C(=O)[O-])[C@H]1[C@@H]3C(=O)[O-],stereoisomer,False,[(2R)-2-acetyloxy-3-[(Z)-hexadec-9-enoyl]oxypropyl] 2-(trimethylazaniumyl)ethyl phosphate,"(1R,2S,3R,4R,8R,9R,12R)-4-methyl-13-methylidenetetracyclo[10.2.1.01,9.03,8]pentadecane-2,4,8-tricarboxylate"
15924888,121596218,CC(=O)O[C@H]1C[C@]2(C)[C@H]3[C@H](O)C(=O)[C@]4(C)[C@@H](c5ccc(=O)oc5)CC[C@]4(O)[C@@H]3CC[C@]2(O)C[C@H]1OC(C)=O,N=C(N)NCCC[C@H]([NH3+])C(=O)N1CCC[C@H]1C(=O)N1CCC[C@H]1C(O)=NCC(O)=N[C@@H](Cc1ccccc1)C(O)=N[C@@H](CO)C(=O)N1CCC[C@H]1C(O)=N[C@@H](Cc1ccccc1)C(=O)O,stereoisomer,False,"[(2S,3R,5S,8R,9S,10R,11S,13R,14S,17R)-3-acetyloxy-5,11,14-trihydroxy-10,13-dimethyl-12-oxo-17-(6-oxopyran-3-yl)-1,2,3,4,6,7,8,9,11,15,16,17-dodecahydrocyclopenta[a]phenanthren-2-yl] acetate",(2S)-2-[[(2S)-1-[(2S)-2-[[(2S)-2-[[2-[[(2S)-1-[(2S)-1-[(2S)-2-azaniumyl-5-(diaminomethylideneazaniumyl)pentanoyl]pyrrolidine-2-carbonyl]pyrrolidine-2-carbonyl]amino]acetyl]amino]-3-phenylpropanoyl]amino]-3-hydroxypropanoyl]pyrrolidine-2-carbonyl]amino]-3-phenylpropanoate
70697724,11029802,COC(=O)[C@@]12OC[C@]34[C@H]([C@@H](O)[C@@H]1O)[C@@]1(C)[C@H](O)C(=O)C=C(C)[C@@H]1C[C@H]3OC(=O)[C@H](OC(=O)/C=C(\C)C(C)C)[C@@H]24,C[C@H]1C[C@@]1(N)C(=O)O,stereoisomer,False,"methyl (1R,2S,3R,6R,8S,12S,13S,14R,15R,16S,17S)-3-[(E)-3,4-dimethylpent-2-enoyl]oxy-12,15,16-trihydroxy-9,13-dimethyl-4,11-dioxo-5,18-dioxapentacyclo[12.5.0.01,6.02,17.08,13]nonadec-9-ene-17-carboxylate","(1S,2S)-1-amino-2-methylcyclopropane-1-carboxylic acid"
9818200,91861068,CC(C)[C@H](N)C(=O)N1CCC[C@H]1C(=O)N1CCC[C@H]1C(=O)O,CC(O)=N[C@H]1[C@H](O[C@H]2[C@H](O)[C@@H](N=C(C)O)C(O)O[C@@H]2CO[C@@H]2O[C@@H](C)[C@@H](O)[C@@H](O)[C@@H]2O)O[C@H](CO)[C@@H](O[C@@H]2O[C@H](CO[C@H]3O[C@H](CO[C@@H]4O[C@H](CO)[C@@H](O)[C@H](O)[C@H]4N=C(C)O)[C@@H](O)[C@H](O)[C@@H]3O[C@@H]3O[C@H](CO)[C@@H](O)[C@H](O)[C@H]3N=C(C)O)[C@@H](O[C@@H]3O[C@H](CO)[C@@H](O)[C@H](O)[C@H]3N=C(C)O)[C@H](O[C@H]3O[C@H](CO)[C@@H](O[C@@H]4O[C@H](CO)[C@@H](O)[C@H](O)[C@H]4N=C(C)O)[C@H](O)[C@@H]3O[C@@H]3O[C@H](CO)[C@@H](O)[C@H](O)[C@H]3N=C(C)O)[C@@H]2O)[C@@H]1O,stereoisomer,False,(2S)-1-[(2S)-1-[(2S)-2-amino-3-methylbutanoyl]pyrrolidine-2-carbonyl]pyrrolidine-2-carboxylic acid,"N-[(3R,4R,5S,6R)-5-[(2S,3R,4R,5S,6R)-3-acetamido-5-[(2S,3S,4R,5R,6R)-5-[(2R,3R,4R,5S,6R)-3-acetamido-4,5-dihydroxy-6-(hydroxymethyl)oxan-2-yl]oxy-6-[[(2S,3S,4S,5S,6R)-3-[(2R,3R,4R,5S,6R)-3-acetamido-4,5-dihydroxy-6-(hydroxymethyl)oxan-2-yl]oxy-6-[[(2R,3R,4R,5S,6R)-3-acetamido-4,5-dihydroxy-6-(hydroxymethyl)oxan-2-yl]oxymethyl]-4,5-dihydroxyoxan-2-yl]oxymethyl]-4-[(2R,3S,4S,5S,6R)-3,5-bis[[(2R,3R,4R,5S,6R)-3-acetamido-4,5-dihydroxy-6-(hydroxymethyl)oxan-2-yl]oxy]-4-hydroxy-6-(hydroxymethyl)oxan-2-yl]oxy-3-hydroxyoxan-2-yl]oxy-4-hydroxy-6-(hydroxymethyl)oxan-2-yl]oxy-2,4-dihydroxy-6-[[(2R,3S,4R,5S,6S)-3,4,5-trihydroxy-6-methyloxan-2-yl]oxymethyl]oxan-3-yl]acetamide"
121225546,49792034,CCCCCCCCCCCCC/C=C/[C@@H](O)[C@H](CO[C@@H]1O[C@H](CO)[C@H](O)[C@H](OS(=O)(=O)O)[C@H]1O)N=C([O-])CCCCCCCCCCCCCCCCC,CCCCCCCCCCCCCCCCCCCCCCCCCC(O)=N[C@@H](COP(=O)(O)O[C@@H]1[C@H](O)[C@H](O)[C@@H](O)[C@H](O)[C@H]1OC1O[C@H](COP(=O)(O)OC2[C@H](O)[C@H](O)C(O)[C@H](O)[C@H]2O)[C@@H](O)[C@H](O)[C@@H]1O)[C@H](O)C(O)CCCCCCCCCCCCCCCC,stereoisomer,False,"[(2R,3S,4S,5R,6R)-3,5-dihydroxy-2-(hydroxymethyl)-6-[(E,2S,3R)-3-hydroxy-2-(octadecanoylamino)octadec-4-enoxy]oxan-4-yl] sulfate","[(2R,3S,4S,5S)-6-[(1R,2R,3R,4R,5R,6S)-2-[[(2S,3S)-2-(hexacosanoylamino)-3,4-dihydroxyicosoxy]-hydroxyphosphoryl]oxy-3,4,5,6-tetrahydroxycyclohexyl]oxy-3,4,5-trihydroxyoxan-2-yl]methyl [(2R,3S,5R,6R)-2,3,4,5,6-pentahydroxycyclohexyl] hydrogen phosphate"
91846847,70678949,C[C@@H]1O[C@@H](O[C@@H]2[C@@H](O)[C@H](O[C@@H]3O[C@H](CO)[C@H](O)[C@H](O)[C@H]3O)[C@@H](CO)O[C@@H]2O)[C@@H](O)[C@H](O)[C@@H]1O,CCCCCCCCCCCCCCCC(=O)OCC(COP(=O)(O)OC1[C@H](O[C@H]2O[C@H](CO)[C@@H](O)[C@H](O)[C@@H]2O)[C@H](O)C(O)[C@H](O)[C@H]1O[C@H]1O[C@H](CO)[C@@H](O)[C@H](O)[C@@H]1O)OC(=O)CCCCCCCCC(C)CCCCCCCC,stereoisomer,False,"(2S,3S,4R,5S,6S)-2-[(2S,3R,4S,5S,6R)-2,4-dihydroxy-6-(hydroxymethyl)-5-[(2S,3R,4S,5R,6R)-3,4,5-trihydroxy-6-(hydroxymethyl)oxan-2-yl]oxyoxan-3-yl]oxy-6-methyloxane-3,4,5-triol","[1-hexadecanoyloxy-3-[hydroxy-[(2R,3S,5R,6R)-3,4,5-trihydroxy-2,6-bis[[(2R,3S,4S,5S,6R)-3,4,5-trihydroxy-6-(hydroxymethyl)oxan-2-yl]oxy]cyclohexyl]oxyphosphoryl]oxypropan-2-yl] 10-methyloctadecanoate"
439517,92946,N[C@@H](CCC(O)=NNc1ccc(CO)cc1)C(=O)O,C[C@H](N)C(O)=N[C@@H](Cc1ccc(O)cc1)C(=O)O,stereoisomer,False,(2S)-2-amino-5-[2-[4-(hydroxymethyl)phenyl]hydrazinyl]-5-oxopentanoic acid,(2S)-2-[[(2S)-2-aminopropanoyl]amino]-3-(4-hydroxyphenyl)propanoic acid
70698002,129320392,C=C(C)[C@@H]1CC[C@]2(C(=O)O)CC[C@]3(C)[C@H](CC[C@@H]4[C@@]5(C)C[C@@H](O)[C@H](O)[C@@](C)(CO)[C@@H]5CC[C@]43C)[C@@H]12,C/C=C/C=C/C=C/[C@@H](O)C/C=C/C[NH3+],stereoisomer,False,"(1R,3aS,5aR,5bR,7aR,8R,9R,10R,11aR,11bR,13aR,13bR)-9,10-dihydroxy-8-(hydroxymethyl)-5a,5b,8,11a-tetramethyl-1-prop-1-en-2-yl-1,2,3,4,5,6,7,7a,9,10,11,11b,12,13,13a,13b-hexadecahydrocyclopenta[a]chrysene-3a-carboxylic acid","[(2E,5S,6E,8E,10E)-5-hydroxydodeca-2,6,8,10-tetraenyl]azanium"
6466,102571757,C=C1C[C@]23C[C@@]1(O)CC[C@H]2[C@@]12C=C[C@H](O)[C@@](C)(C(=O)O1)[C@H]2[C@@H]3C(=O)O,CC(O)=N[C@H]1[C@H](O[C@H]2[C@H](O)[C@@H](N=C(C)O)C(O)O[C@@H]2CO)O[C@H](CO)[C@@H](O[C@@H]2O[C@H](CO[C@H]3O[C@H](CO[C@H]4O[C@H](COP(=O)(O)O)[C@@H](O)[C@H](O)[C@@H]4O)[C@@H](O)[C@H](O[C@H]4O[C@H](CO)[C@@H](O)[C@H](O)[C@@H]4O)[C@@H]3O)[C@@H](O)[C@H](O[C@H]3O[C@H](CO)[C@@H](O)[C@H](O)[C@@H]3O[C@H]3O[C@H](COP(=O)(O)O)[C@@H](O)[C@H](O)[C@@H]3O)[C@@H]2O)[C@@H]1O,stereoisomer,False,"(1R,2R,5S,8S,9S,10R,11S,12S)-5,12-dihydroxy-11-methyl-6-methylidene-16-oxo-15-oxapentacyclo[9.3.2.15,8.01,10.02,8]heptadec-13-ene-9-carboxylic acid","[(2R,3S,4S,5S,6S)-6-[[(2R,3R,4S,5S,6S)-6-[[(2R,3R,4S,5S,6S)-6-[(2R,3S,4R,5R,6S)-5-acetamido-6-[(2R,3S,4R,5R)-5-acetamido-4,6-dihydroxy-2-(hydroxymethyl)oxan-3-yl]oxy-4-hydroxy-2-(hydroxymethyl)oxan-3-yl]oxy-4-[(2R,3S,4S,5S,6R)-4,5-dihydroxy-6-(hydroxymethyl)-3-[(2R,3S,4S,5S,6R)-3,4,5-trihydroxy-6-(phosphonooxymethyl)oxan-2-yl]oxyoxan-2-yl]oxy-3,5-dihydroxyoxan-2-yl]methoxy]-3,5-dihydroxy-4-[(2R,3S,4S,5S,6R)-3,4,5-trihydroxy-6-(hydroxymethyl)oxan-2-yl]oxyoxan-2-yl]methoxy]-3,4,5-trihydroxyoxan-2-yl]methyl dihydrogen phosphate"
440407,91854390,CC(O)=N[C@H]1[C@H](OP(=O)(O)OP(=O)(O)OC[C@H]2O[C@@H](n3ccc(O)nc3=O)[C@H](O)[C@@H]2O)O[C@H](C)C(=O)[C@@H]1O,OC[C@H]1O[C@H](OC[C@H]2O[C@@H](OC[C@H]3OC(O)[C@H](O)[C@@H](O)[C@@H]3O)[C@H](O)[C@@H](O)[C@@H]2O)[C@H](O)[C@@H](O)[C@@H]1O,stereoisomer,False,"[(2S,3R,4R,6R)-3-acetamido-4-hydroxy-6-methyl-5-oxooxan-2-yl] [[(2R,3S,4R,5R)-5-(2,4-dioxopyrimidin-1-yl)-3,4-dihydroxyoxolan-2-yl]methoxy-hydroxyphosphoryl] hydrogen phosphate","(3R,4S,5S,6R)-6-[[(2R,3R,4S,5S,6R)-3,4,5-trihydroxy-6-[[(2S,3R,4S,5S,6R)-3,4,5-trihydroxy-6-(hydroxymethyl)oxan-2-yl]oxymethyl]oxan-2-yl]oxymethyl]oxane-2,3,4,5-tetrol"
129011067,45480539,CCCCC/C=C\C/C=C\C/C=C\C/C=C\CCCC(O)=NCCOP(=O)(O)OC[C@H](O)CO/C=C\CCCCCCCCCCCCCCCC,COCCO[C@@H](C)CO[C@H](C)CO[C@H](C)CO[C@H](C)CO[C@@H](C)CO[C@@H](C)CO[C@H](C)CO[C@H](C)COC[C@H](C)N,stereoisomer,False,"[(2R)-2-hydroxy-3-[(Z)-octadec-1-enoxy]propyl] 2-[[(5Z,8Z,11Z,14Z)-icosa-5,8,11,14-tetraenoyl]amino]ethyl hydrogen phosphate",(2S)-1-[(2R)-2-[(2R)-2-[(2S)-2-[(2S)-2-[(2R)-2-[(2R)-2-[(2R)-2-[(2S)-2-(2-methoxyethoxy)propoxy]propoxy]propoxy]propoxy]propoxy]propoxy]propoxy]propoxy]propan-2-amine
51351782,13267935,N[C@@H](CC(C(=O)O)C(=O)O)C(=O)O,COc1cc2c(cc1O)[C@H]1CC[C@]3(C)[C@@H](O)CC[C@H]3[C@@H]1CC2,stereoisomer,False,(2S)-2-azaniumyl-4-carboxy-5-hydroxy-5-oxopentanoate,"(8R,9S,13S,14S,17S)-3-methoxy-13-methyl-6,7,8,9,11,12,14,15,16,17-decahydrocyclopenta[a]phenanthrene-2,17-diol"
72551546,6440666,Cc1cn([C@H]2C[C@H](OP(=O)(O)OC[C@H]3O[C@@H](n4ccc(=N)nc4O)C[C@@H]3OP(=O)(O)OC[C@H]3O[C@@H](n4cnc5c(O)nc(=N)[nH]c54)C[C@@H]3OP(=O)(O)OC[C@H]3O[C@@H](n4cnc5c(N)ncnc54)C[C@@H]3OP(=O)(O)OC[C@H]3O[C@@H](n4cnc5c(O)nc(=N)[nH]c54)C[C@@H]3OP(=O)(O)OC[C@H]3O[C@@H](n4ccc(=N)nc4O)C[C@@H]3OP(=O)(O)OC[C@H]3O[C@@H](n4cc(C)c(O)nc4=O)C[C@@H]3OP(=O)(O)OC[C@H]3O[C@@H](n4cnc5c(O)nc(=N)[nH]c54)C[C@@H]3OP(=O)(O)OC[C@H]3O[C@@H](n4ccc(=N)nc4O)C[C@@H]3OP(=O)(O)OC[C@H]3O[C@@H](n4ccc(=N)nc4O)C[C@@H]3OP(=O)(O)OC[C@H]3O[C@@H](n4cc(C)c(O)nc4=O)C[C@@H]3OP(=O)(O)OC[C@H]3O[C@@H](n4cc(C)c(O)nc4=O)C[C@@H]3OP(=O)(O)OC[C@H]3O[C@@H](n4ccc(=N)nc4O)C[C@@H]3OP(=O)(O)OC[C@H]3O[C@@H](n4cnc5c(N)ncnc54)C[C@@H]3OP(=O)(O)OC[C@H]3O[C@@H](n4cnc5c(O)nc(=N)[nH]c54)C[C@@H]3OP(=O)(O)OC[C@H]3O[C@@H](n4cc(C)c(O)nc4=O)C[C@@H]3OP(=O)(O)OC[C@H]3O[C@@H](n4ccc(=N)nc4O)C[C@@H]3OP(=O)(O)OC[C@H]3O[C@@H](n4cnc5c(O)nc(=N)[nH]c54)C[C@@H]3OP(=O)(O)OC[C@H]3O[C@@H](n4cc(C)c(O)nc4=O)C[C@@H]3O)[C@@H](CO)O2)c(=O)nc1O,CC[C@@H](CO)[C@@H]1[C@](C)(C(=O)/C=C\O)[C@H]2[C@H](C)C[C@@](C)(O)C[C@@H]2C(=O)[C@@]1(C)O,stereoisomer,False,"[(2R,3S,5R)-5-(2-amino-6-oxo-1H-purin-9-yl)-2-[[[(2R,3S,5R)-2-[[[(2R,3S,5R)-2-[[[(2R,3S,5R)-5-(2-amino-6-oxo-1H-purin-9-yl)-2-[[[(2R,3S,5R)-2-[[[(2R,3S,5R)-2-[[[(2R,3S,5R)-2-[[[(2R,3S,5R)-2-[[[(2R,3S,5R)-2-[[[(2R,3S,5R)-2-[[[(2R,3S,5R)-5-(2-amino-6-oxo-1H-purin-9-yl)-2-[[[(2R,3S,5R)-2-[[[(2R,3S,5R)-2-[[[(2R,3S,5R)-5-(2-amino-6-oxo-1H-purin-9-yl)-2-[[[(2R,3S,5R)-2-[[[(2R,3S,5R)-5-(2-amino-6-oxo-1H-purin-9-yl)-2-[[[(2R,3S,5R)-5-(4-amino-2-oxopyrimidin-1-yl)-2-[[hydroxy-[(2R,3S,5R)-2-(hydroxymethyl)-5-(5-methyl-2,4-dioxopyrimidin-1-yl)oxolan-3-yl]oxyphosphoryl]oxymethyl]oxolan-3-yl]oxy-hydroxyphosphoryl]oxymethyl]oxolan-3-yl]oxy-hydroxyphosphoryl]oxymethyl]-5-(6-aminopurin-9-yl)oxolan-3-yl]oxy-hydroxyphosphoryl]oxymethyl]oxolan-3-yl]oxy-hydroxyphosphoryl]oxymethyl]-5-(4-amino-2-oxopyrimidin-1-yl)oxolan-3-yl]oxy-hydroxyphosphoryl]oxymethyl]-5-(5-methyl-2,4-dioxopyrimidin-1-yl)oxolan-3-yl]oxy-hydroxyphosphoryl]oxymethyl]oxolan-3-yl]oxy-hydroxyphosphoryl]oxymethyl]-5-(4-amino-2-oxopyrimidin-1-yl)oxolan-3-yl]oxy-hydroxyphosphoryl]oxymethyl]-5-(4-amino-2-oxopyrimidin-1-yl)oxolan-3-yl]oxy-hydroxyphosphoryl]oxymethyl]-5-(5-methyl-2,4-dioxopyrimidin-1-yl)oxolan-3-yl]oxy-hydroxyphosphoryl]oxymethyl]-5-(5-methyl-2,4-dioxopyrimidin-1-yl)oxolan-3-yl]oxy-hydroxyphosphoryl]oxymethyl]-5-(4-amino-2-oxopyrimidin-1-yl)oxolan-3-yl]oxy-hydroxyphosphoryl]oxymethyl]-5-(6-aminopurin-9-yl)oxolan-3-yl]oxy-hydroxyphosphoryl]oxymethyl]oxolan-3-yl]oxy-hydroxyphosphoryl]oxymethyl]-5-(5-methyl-2,4-dioxopyrimidin-1-yl)oxolan-3-yl]oxy-hydroxyphosphoryl]oxymethyl]-5-(4-amino-2-oxopyrimidin-1-yl)oxolan-3-yl]oxy-hydroxyphosphoryl]oxymethyl]oxolan-3-yl] [(2R,3S,5R)-3-hydroxy-5-(5-methyl-2,4-dioxopyrimidin-1-yl)oxolan-2-yl]methyl hydrogen phosphate","(2S,3R,4R,4aS,5R,7R,8aS)-2,7-dihydroxy-3-[(2R)-1-hydroxybutan-2-yl]-4-[(Z)-3-hydroxyprop-2-enoyl]-2,4,5,7-tetramethyl-3,4a,5,6,8,8a-hexahydronaphthalen-1-one"
70678957,129626824,C[C@@H]1O[C@@H](O[C@H]2[C@H](O[C@H]3[C@H](O)[C@@H](O)[C@H](O)O[C@@H]3CO)O[C@H](CO)[C@H](O)[C@@H]2O[C@H]2O[C@H](CO)[C@H](O)[C@H](O)[C@H]2O)[C@@H](O)[C@H](O)[C@@H]1O,C[C@H](CCC(=O)[O-])[C@H]1CC[C@H]2[C@@H]3[C@@H](O)C[C@@H]4C[C@H](O)CC[C@]4(C)[C@H]3CC(=O)[C@]12C,stereoisomer,False,"(2S,3S,4R,5S,6S)-2-[(2S,3R,4S,5S,6R)-5-hydroxy-6-(hydroxymethyl)-4-[(2R,3R,4S,5R,6R)-3,4,5-trihydroxy-6-(hydroxymethyl)oxan-2-yl]oxy-2-[(2R,3S,4R,5R,6R)-4,5,6-trihydroxy-2-(hydroxymethyl)oxan-3-yl]oxyoxan-3-yl]oxy-6-methyloxane-3,4,5-triol","(4R)-4-[(3R,5S,7S,8R,9S,10S,13R,14S,17R)-3,7-dihydroxy-10,13-dimethyl-12-oxo-1,2,3,4,5,6,7,8,9,11,14,15,16,17-tetradecahydrocyclopenta[a]phenanthren-17-yl]pentanoate"
6994839,9830520,N[C@@H](CC[C@@H](O)C[NH3+])C(=O)O,CO/N=C(\C(O)=N[C@@H]1C(=O)N2C(C(=O)O)=C(Cn3ccc(=N)n3CCO)CS[C@H]12)c1csc(=N)[nH]1,stereoisomer,False,"(2S,5R)-2,6-bis(azaniumyl)-5-hydroxyhexanoate","(6R,7R)-7-[[(2Z)-2-(2-amino-1,3-thiazol-4-yl)-2-methoxyiminoacetyl]amino]-3-[[2-(2-hydroxyethyl)-3-iminopyrazol-1-yl]methyl]-8-oxo-5-thia-1-azabicyclo[4.2.0]oct-2-ene-2-carboxylic acid"
16115401,131801209,Cc1oc2nc1C(O)=N[C@H]([C@@H](C)O)c1nc(cs1)C(O)=N[C@H](C(C)C)c1nc(cs1)C(O)=N[C@@H]2C,C[C@@H]1O[C@H](O[C@@H]2[C@@H](O)[C@H](C)O[C@@H](OCCCCCN)[C@@H]2O)[C@H](O)[C@H](O)[C@H]1O,stereoisomer,False,"(4R,11R,18R)-11-[(1R)-1-hydroxyethyl]-4,7-dimethyl-18-propan-2-yl-6-oxa-13,20-dithia-3,10,17,22,23,24-hexazatetracyclo[17.2.1.15,8.112,15]tetracosa-1(21),5(24),7,12(23),14,19(22)-hexaene-2,9,16-trione","(2R,3R,4R,5R,6S)-2-[(2R,3R,4R,5S,6S)-2-(5-aminopentoxy)-3,5-dihydroxy-6-methyloxan-4-yl]oxy-6-methyloxane-3,4,5-triol"
442615,86583436,O=c1cc(-c2ccc(O)c(O)c2)oc2c([C@@H]3O[C@H](CO)[C@@H](O)[C@H](O)[C@H]3O)c(O)c([C@@H]3O[C@H](CO)[C@@H](O)[C@H](O)[C@H]3O)c(O)c12,CCCCCCC(O)CCCCCCCCCCC(=O)SCCN=C([O-])CCN=C([O-])[C@H](O)C(C)(C)COP(=O)(O)OP(=O)(O)OC[C@H]1O[C@@H](n2cnc3c(N)ncnc32)[C@H](O)[C@@H]1OP(=O)([O-])[O-],stereoisomer,False,"2-(3,4-dihydroxyphenyl)-5,7-dihydroxy-6,8-bis[(2S,3R,4R,5S,6R)-3,4,5-trihydroxy-6-(hydroxymethyl)oxan-2-yl]chromen-4-one","[(2R,3S,4R,5R)-5-(6-aminopurin-9-yl)-4-hydroxy-2-[[[[(3R)-3-hydroxy-4-[[3-[2-(12-hydroxyoctadecanoylsulfanyl)ethylamino]-3-oxopropyl]amino]-2,2-dimethyl-4-oxobutoxy]-oxidophosphoryl]oxy-oxidophosphoryl]oxymethyl]oxolan-3-yl] phosphate"
137333847,49852308,CC(C)=CCC[C@@H](C)[C@H]1CC[C@@]2(C)[C@@H]3CC[C@H]4[C@](C)(C(=O)[O-])[C@@H](O)CC[C@@]45C[C@@]35CC[C@]12C,O=c1nc([O-])ccn1[C@H]1C[C@H](O)[C@@H](COP(=O)(O)OP(=O)(O)OP(=O)([O-])[O-])O1,stereoisomer,False,"(1S,3R,6S,7S,8R,11S,12S,15R,16R)-6-hydroxy-7,12,16-trimethyl-15-[(2R)-6-methylhept-5-en-2-yl]pentacyclo[9.7.0.01,3.03,8.012,16]octadecane-7-carboxylate","[[[(2R,3S,5R)-5-(2,4-dioxopyrimidin-1-yl)-3-hydroxyoxolan-2-yl]methoxy-oxidophosphoryl]oxy-oxidophosphoryl] hydrogen phosphate"
14187216,71581040,N[C@@H](Cc1ccc(O)c(Br)c1)C(=O)O,Cc1nc2n(C)c3c(ncn3[C@@H]3O[C@H](COP(=O)(O)O)[C@@H](O)[C@H]3O)c(=O)n2c1CC(O)[C@H](N)C(=O)O,stereoisomer,False,(2S)-2-amino-3-(3-bromo-4-hydroxyphenyl)propanoic acid,"(2S)-2-amino-4-[3-[(2R,3R,4S,5R)-3,4-dihydroxy-5-(phosphonooxymethyl)oxolan-2-yl]-4,6-dimethyl-9-oxoimidazo[1,2-a]purin-7-yl]-3-hydroxybutanoic acid"
53354908,44575331,COc1c(O)cc2c(c1OC)C(=O)[C@H](O)[C@@H](c1ccccc1)O2,CC(C)CCC[C@@H](C)COS(=O)(=O)[O-],stereoisomer,False,"(2R,3R)-3,7-dihydroxy-5,6-dimethoxy-2-phenyl-2,3-dihydrochromen-4-one","[(2R)-2,6-dimethylheptyl] sulfate"
135659033,49852349,CC(C)(S)[C@@H](N=Cc1nc(Cc2ccccc2)oc1O)C(=O)O,CC[C@H](C)[C@H](NO)C(=O)[O-],stereoisomer,False,"(2S)-2-[(2-benzyl-5-hydroxy-1,3-oxazol-4-yl)methylideneamino]-3-methyl-3-sulfanylbutanoic acid","(2S,3S)-2-(hydroxyamino)-3-methylpentanoate"
56955935,53262364,CC(=O)O[C@@H]1[C@@H](O)[C@H](O[C@@H]2O[C@H](CO)[C@@H](O[C@@H]3O[C@H](C(=O)[O-])[C@@H](O[C@@H]4O[C@H](C(=O)[O-])[C@@H](O)[C@H](O)[C@H]4O)[C@H](O)[C@H]3OC(C)=O)[C@H](O)[C@H]2O)[C@@H](CO[C@@H]2O[C@H](CO)[C@@H](O[C@@H]3O[C@H](CO)[C@@H](O[C@@H]4O[C@@H]5CO[C@](C)(C(=O)[O-])O[C@H]5[C@H](O[C@@H]5O[C@@H]6CO[C@@](C)(C(=O)[O-])O[C@@H]6[C@H](OC(=O)CC(C)O)[C@H]5O)[C@H]4O)[C@H](O)[C@H]3O)[C@H](O)[C@H]2O)O[C@@H]1O,CC(O)=N[C@H]1[C@@H](O[C@H]2[C@@H](O)[C@@H](CO)O[C@@H](O[C@@H]3[C@@H](N=C(C)O)[C@H](O[C@@H]4[C@@H](O)[C@H](O)O[C@H](CO)[C@@H]4O)O[C@H](CO)[C@H]3O[C@@H]3O[C@@H](C)[C@@H](O)[C@@H](O)[C@@H]3O)[C@@H]2O[C@@H]2O[C@@H](C)[C@@H](O)[C@@H](O)[C@@H]2O)O[C@H](CO)[C@H](O)[C@@H]1O,stereoisomer,False,"(2S,4aR,6S,7R,8R,8aR)-8-[[(2R,4aR,6S,7R,8R,8aS)-2-carboxylato-7-hydroxy-8-(3-hydroxybutanoyloxy)-2-methyl-4,4a,6,7,8,8a-hexahydropyrano[3,2-d][1,3]dioxin-6-yl]oxy]-6-[(2R,3S,4R,5R,6S)-6-[(2R,3S,4R,5R,6R)-6-[[(2R,3S,4S,5R,6S)-5-acetyloxy-3-[(2S,3R,4R,5S,6R)-5-[(2R,3R,4S,5S,6S)-3-acetyloxy-6-carboxylato-5-[(2R,3R,4S,5S,6S)-6-carboxylato-3,4,5-trihydroxyoxan-2-yl]oxy-4-hydroxyoxan-2-yl]oxy-3,4-dihydroxy-6-(hydroxymethyl)oxan-2-yl]oxy-4,6-dihydroxyoxan-2-yl]methoxy]-4,5-dihydroxy-2-(hydroxymethyl)oxan-3-yl]oxy-4,5-dihydroxy-2-(hydroxymethyl)oxan-3-yl]oxy-7-hydroxy-2-methyl-4,4a,6,7,8,8a-hexahydropyrano[3,2-d][1,3]dioxine-2-carboxylate","N-[(2R,3R,4R,5R,6R)-2-[(2R,3R,4S,5S,6R)-2-[(2R,3S,4R,5R,6S)-5-acetamido-2-(hydroxymethyl)-6-[(2R,3R,4S,5S,6R)-2,3,5-trihydroxy-6-(hydroxymethyl)oxan-4-yl]oxy-3-[(2S,3S,4R,5S,6S)-3,4,5-trihydroxy-6-methyloxan-2-yl]oxyoxan-4-yl]oxy-5-hydroxy-6-(hydroxymethyl)-3-[(2S,3S,4R,5S,6S)-3,4,5-trihydroxy-6-methyloxan-2-yl]oxyoxan-4-yl]oxy-4,5-dihydroxy-6-(hydroxymethyl)oxan-3-yl]acetamide"
91855781,51371330,CC(O)=N[C@H]1[C@H](O[C@@H]2[C@@H](O)[C@@H](O)O[C@H](CO)[C@@H]2O)O[C@H](CO)[C@H](O)[C@@H]1O[C@@H]1O[C@H](CO)[C@H](O)[C@H](O)[C@H]1O,CC(=O)Oc1cc2c(s1)CCN([C@H](C(=O)C1CC1)c1ccccc1F)C2,stereoisomer,False,"N-[(2S,3R,4R,5R,6R)-5-hydroxy-6-(hydroxymethyl)-2-[(2S,3R,4S,5S,6R)-2,3,5-trihydroxy-6-(hydroxymethyl)oxan-4-yl]oxy-4-[(2R,3R,4S,5R,6R)-3,4,5-trihydroxy-6-(hydroxymethyl)oxan-2-yl]oxyoxan-3-yl]acetamide","[5-[(1S)-2-cyclopropyl-1-(2-fluorophenyl)-2-oxoethyl]-6,7-dihydro-4H-thieno[3,2-c]pyridin-2-yl] acetate"
24970705,118797957,C=C[C@@]1(C)CC[C@@H]2[C@@]3(C)CCCC(C)(C)[C@@H]3[C@@H](OC(=O)CC(=O)O)C[C@@]2(C)O1,N=C(O)C[C@H](N)C(=O)O[C@H]1[C@@H](O)[C@H](n2cnc3c(N)ncnc32)O[C@@H]1COP(=O)(O)O,stereoisomer,False,"3-[[(3R,4aR,6S,6aS,10aS,10bR)-3-ethenyl-3,4a,7,7,10a-pentamethyl-2,5,6,6a,8,9,10,10b-octahydro-1H-benzo[f]chromen-6-yl]oxy]-3-oxopropanoic acid","[(2R,3S,4R,5R)-5-(6-aminopurin-9-yl)-4-hydroxy-2-(phosphonooxymethyl)oxolan-3-yl] (2S)-2,4-diamino-4-oxobutanoate"
6857396,73427387,CC([O-])=N[C@H]1[C@H]([C@H](O)[C@H](O)CO)OC(O)(C(=O)O)C[C@@H]1O,CCCCCCCCCCCCCC[C@@H](O)[C@@H](O)[C@H](/C=C/[C@H]1O[C@H](CO)[C@H](O)[C@H](O)[C@H]1O)N=C(O)CCCCCCCc1ccccc1,stereoisomer,False,"(4S,5R,6R)-5-acetamido-2,4-dihydroxy-6-[(1R,2R)-1,2,3-trihydroxypropyl]oxane-2-carboxylate","N-[(E,3S,4S,5R)-4,5-dihydroxy-1-[(2R,3R,4R,5R,6R)-3,4,5-trihydroxy-6-(hydroxymethyl)oxan-2-yl]nonadec-1-en-3-yl]-8-phenyloctanamide"
10473054,118797956,CC[C@@H]1CC(=O)c2c(cc(O)c3c2C(=O)c2cccc(OC)c2C3=O)C1,N=C(N)NCCC[C@H](N)C(=O)O[C@H]1[C@@H](O)[C@H](n2cnc3c(N)ncnc32)O[C@@H]1COP(=O)(O)O,stereoisomer,False,"(3S)-3-ethyl-6-hydroxy-8-methoxy-3,4-dihydro-2H-benzo[a]anthracene-1,7,12-trione","[(2R,3S,4R,5R)-5-(6-aminopurin-9-yl)-4-hydroxy-2-(phosphonooxymethyl)oxolan-3-yl] (2S)-2-amino-5-(diaminomethylideneamino)pentanoate"
53354912,9931715,C=C[C@@H](c1ccc(OC)c(O)c1)c1cc(O)c(OC)cc1O,COc1cc([C@@H](O)[C@H]2C(=O)OC[C@@H]2Cc2ccc3c(c2)OCO3)cc(OC)c1OC,stereoisomer,False,"2-[(1S)-1-(3-hydroxy-4-methoxyphenyl)prop-2-enyl]-5-methoxybenzene-1,4-diol","(3S,4R)-4-(1,3-benzodioxol-5-ylmethyl)-3-[(S)-hydroxy-(3,4,5-trimethoxyphenyl)methyl]oxolan-2-one"
135563649,72715827,CC[C@H](C)[C@H]1C(=O)OC2c3cc(C)cc(O)c3C3=C(C(=O)c4c(O)cccc4C3=O)N21,CC[C@@]1(O)C[C@H](O[C@H]2C[C@H](N)[C@H](O)[C@H](C)O2)c2c(O)c3c(c(O)c2[C@H]1C(=O)O)C(=O)c1cccc(OC)c1C3=O,stereoisomer,False,"(3S)-3-[(2S)-butan-2-yl]-11,19-dihydroxy-9-methyl-5-oxa-2-azapentacyclo[11.8.0.02,6.07,12.015,20]henicosa-1(13),7(12),8,10,15(20),16,18-heptaene-4,14,21-trione","(1R,2R,4S)-4-[(2R,4S,5S,6S)-4-azaniumyl-5-hydroxy-6-methyloxan-2-yl]oxy-2-ethyl-2,5,12-trihydroxy-7-methoxy-6,11-dioxo-3,4-dihydro-1H-tetracene-1-carboxylate"
91855080,440933,OC[C@H]1OC(O)[C@H](O)[C@@H](O[C@@H]2OC[C@@H](O)[C@H](O)[C@H]2O)[C@@H]1O,CC(=O)C[C@H]1CCCN1C,stereoisomer,False,"(3R,4S,5R,6R)-6-(hydroxymethyl)-4-[(2S,3R,4S,5R)-3,4,5-trihydroxyoxan-2-yl]oxyoxane-2,3,5-triol",1-[(2R)-1-methylpyrrolidin-2-yl]propan-2-one
53477563,86289831,CC(C)=CCC/C(C)=C/CC/C(C)=C/CC/C(C)=C\CC/C(C)=C\CC/C(C)=C\CC/C(C)=C\CC/C(C)=C\CC/C(C)=C\CC/C(C)=C\CC/C(C)=C\COP(=O)(O)OP(=O)(O)O[C@H]1O[C@H](CO)[C@@H](O[C@@H]2O[C@H](CO)[C@@H](O)[C@H](O[C@H]3O[C@H](CO)[C@@H](O)[C@H](O)[C@@H]3O)[C@H]2O)[C@H](O)[C@H]1O,C[C@@H](O)CCCCCC[C@@H](O)CC(=O)O,stereoisomer,False,"[(2R,3R,4R,5S,6R)-5-[(2S,3R,4S,5R,6R)-3,5-dihydroxy-6-(hydroxymethyl)-4-[(2R,3S,4S,5S,6R)-3,4,5-trihydroxy-6-(hydroxymethyl)oxan-2-yl]oxyoxan-2-yl]oxy-3,4-dihydroxy-6-(hydroxymethyl)oxan-2-yl] [hydroxy-[(2Z,6Z,10Z,14Z,18Z,22Z,26Z,30Z,34E,38E)-3,7,11,15,19,23,27,31,35,39,43-undecamethyltetratetraconta-2,6,10,14,18,22,26,30,34,38,42-undecaenoxy]phosphoryl] hydrogen phosphate","(3R,10R)-3,10-dihydroxyundecanoic acid"
12118082,440322,C/C=C/C1=CC2=C(CO1)C(=O)[C@]1(C)OC(=O)[C@H](C(=O)CCCCC)[C@H]1C2,O=P(O)(OC[C@H]1O[C@@H](n2cnc3c(O)nc(O)nc32)[C@H](O)[C@@H]1O)OP(=O)(O)OP(=O)(O)OP(=O)(O)OC[C@H]1O[C@@H](n2cnc3c(O)nc(O)nc32)[C@H](O)[C@@H]1O,stereoisomer,False,"(3S,3aR,9aR)-3-hexanoyl-9a-methyl-6-[(E)-prop-1-enyl]-3,3a,4,8-tetrahydrofuro[3,2-g]isochromene-2,9-dione","[[(2R,3S,4R,5R)-5-(2,6-dioxo-3H-purin-9-yl)-3,4-dihydroxyoxolan-2-yl]methoxy-hydroxyphosphoryl] [[[(2R,3S,4R,5R)-5-(2,6-dioxo-3H-purin-9-yl)-3,4-dihydroxyoxolan-2-yl]methoxy-hydroxyphosphoryl]oxy-hydroxyphosphoryl] hydrogen phosphate"
45266553,91474,C[C@H](O)CC(=O)SCCN=C([O-])CCN=C([O-])[C@H](O)C(C)(C)COP(=O)(O)OP(=O)(O)OC[C@H]1O[C@@H](n2cnc3c(N)ncnc32)[C@H](O)[C@@H]1OP(=O)([O-])[O-],CC(C)CCC[C@@H](C)[C@H]1CC[C@H]2[C@@H]3C(=O)C=C4C[C@@H](O)CC[C@]4(C)[C@H]3CC[C@]12C,stereoisomer,False,"[(2R,3S,4R,5R)-5-(6-aminopurin-9-yl)-4-hydroxy-2-[[[[(3R)-3-hydroxy-4-[[3-[2-[(3S)-3-hydroxybutanoyl]sulfanylethylamino]-3-oxopropyl]amino]-2,2-dimethyl-4-oxobutoxy]-oxidophosphoryl]oxy-oxidophosphoryl]oxymethyl]oxolan-3-yl] phosphate","(3S,8S,9S,10R,13R,14S,17R)-3-hydroxy-10,13-dimethyl-17-[(2R)-6-methylheptan-2-yl]-1,2,3,4,8,9,11,12,14,15,16,17-dodecahydrocyclopenta[a]phenanthren-7-one"
91825677,45266584,CCCCCCCCCCCCCCCC(=O)O[C@H](CCCCCCCCCCC)CC(=O)O[C@@H]1[C@@H](N=C(O)C[C@@H](CCCCCCCCCCC)OC(=O)CCCCCCCCCCCCC)[C@H](OC[C@H]2O[C@H](OP(=O)(O)O)[C@H](N=C(O)C[C@H](O)CCCCCCCCCCC)[C@@H](OC(=O)C[C@H](O)CCCCCCCCCCC)[C@@H]2O)O[C@H](CO[C@]2(C(=O)O)C[C@@H](O[C@]3(C(=O)O)C[C@@H](O)[C@@H](O)[C@@H]([C@H](O)CO)O3)[C@@H](O[C@H]3O[C@H]([C@H](CO)OP(=O)(O)OCCCN)[C@@H](O[C@@H]4O[C@H](CO)[C@@H](O)[C@H](O)[C@H]4O)[C@H](O[C@H]4O[C@H]([C@H](O)CO)[C@@H](O)[C@H](O[C@@H]5O[C@H](CO)[C@H](O[C@@H]6O[C@H](CO)[C@H](O)[C@H](O[C@@H]7O[C@H](CO)[C@H](O)[C@H](O[C@]8(C(=O)O)C[C@H](O)[C@@H](N=C(C)O)[C@H]([C@H](O)[C@H](O)CO)O8)[C@H]7O)[C@H]6N=C(C)O)[C@H](O[C@]6(C(=O)O)C[C@H](O)[C@@H](N=C(C)O)[C@H]([C@H](O)[C@H](O)CO)O6)[C@H]5O)[C@@H]4O)[C@@H]3O)[C@@H]([C@H](O)CO)O2)[C@H]1OP(=O)(O)O,CC(C)(COP(=O)(O)OP(=O)(O)OC[C@H]1O[C@@H](n2cnc3c(N)ncnc32)[C@H](O)[C@@H]1OP(=O)([O-])O)[C@@H](O)C([O-])=NCCC([O-])=NCCSC(=O)/C=C/c1ccc([O-])cc1,stereoisomer,False,"(2S,4S,5R,6R)-5-acetamido-2-[(2R,3R,4S,5S,6R)-2-[(2S,3R,4R,5R,6R)-3-acetamido-2-[(2R,3S,4R,5R,6S)-4-[(2S,4S,5R,6R)-5-acetamido-2-carboxy-4-hydroxy-6-[(1R,2R)-1,2,3-trihydroxypropyl]oxan-2-yl]oxy-6-[(2R,3S,4S,5R,6R)-2-[(2S,3S,4R,5S,6S)-2-[(1S)-1-[3-aminopropoxy(hydroxy)phosphoryl]oxy-2-hydroxyethyl]-6-[(2R,3R,4R,6R)-6-carboxy-4-[(2R,4R,5R,6R)-2-carboxy-6-[(1R)-1,2-dihydroxyethyl]-4,5-dihydroxyoxan-2-yl]oxy-2-[(1R)-1,2-dihydroxyethyl]-6-[[(2R,3S,4R,5R,6R)-4-[(3R)-3-hexadecanoyloxytetradecanoyl]oxy-6-[[(2R,3S,4R,5R,6R)-3-hydroxy-5-[[(3R)-3-hydroxytetradecanoyl]amino]-4-[(3R)-3-hydroxytetradecanoyl]oxy-6-phosphonooxyoxan-2-yl]methoxy]-3-phosphonooxy-5-[[(3R)-3-tetradecanoyloxytetradecanoyl]amino]oxan-2-yl]methoxy]oxan-3-yl]oxy-5-hydroxy-3-[(2S,3R,4S,5S,6R)-3,4,5-trihydroxy-6-(hydroxymethyl)oxan-2-yl]oxyoxan-4-yl]oxy-6-[(1R)-1,2-dihydroxyethyl]-3,5-dihydroxyoxan-4-yl]oxy-5-hydroxy-2-(hydroxymethyl)oxan-3-yl]oxy-5-hydroxy-6-(hydroxymethyl)oxan-4-yl]oxy-3,5-dihydroxy-6-(hydroxymethyl)oxan-4-yl]oxy-4-hydroxy-6-[(1R,2R)-1,2,3-trihydroxypropyl]oxane-2-carboxylic acid","[(2R,3S,4R,5R)-5-(6-aminopurin-9-yl)-4-hydroxy-2-[[[[(3R)-3-hydroxy-4-[[3-[2-[(E)-3-(4-hydroxyphenyl)prop-2-enoyl]sulfanylethylamino]-3-oxopropyl]amino]-2,2-dimethyl-4-oxobutoxy]-oxidophosphoryl]oxy-oxidophosphoryl]oxymethyl]oxolan-3-yl] phosphate"
10621,131801225,COc1ccc([C@@H]2CC(=O)c3c(O)cc(O[C@@H]4O[C@H](CO[C@@H]5O[C@@H](C)[C@H](O)[C@@H](O)[C@H]5O)[C@@H](O)[C@H](O)[C@H]4O)cc3O2)cc1O,CCCCCCC[C@H](C)CCC[C@H](C)CCC[C@H](C)CCC[C@H](C)CCC[C@H](C)CCCOP(=O)([O-])O[C@@H]1O[C@H](CO)[C@@H](O)[C@H](O)[C@@H]1O,stereoisomer,False,"(2S)-5-hydroxy-2-(3-hydroxy-4-methoxyphenyl)-7-[(2S,3R,4S,5S,6R)-3,4,5-trihydroxy-6-[[(2R,3R,4R,5R,6S)-3,4,5-trihydroxy-6-methyloxan-2-yl]oxymethyl]oxan-2-yl]oxy-2,3-dihydrochromen-4-one","[(4S,8S,12S,16S,20S)-4,8,12,16,20-pentamethylheptacosyl] [(2S,3S,4S,5S,6R)-3,4,5-trihydroxy-6-(hydroxymethyl)oxan-2-yl] phosphate"
44263840,71314663,C=C(OC)C(O)=Nc1cc(OC)c(OC)cc1C(=O)O[C@H]1C[C@H](O[C@@H]2C(=O)C(N=C(O)OC)=C3/C(=C\CSSSC)[C@]2(O)C#C/C=C\C#C[C@H]3O[C@@H]2O[C@H](C)[C@@H](NO[C@H]3C[C@H](O)[C@H](SC)[C@@H](C)O3)[C@H](O)[C@H]2O[C@H]2C[C@H](OC)[C@@H](NC(C)C)CO2)O[C@@H](C)[C@H]1O,C[C@H](CCC(=O)O[C@@H]1O[C@H](C(=O)O)[C@@H](O)[C@H](O)[C@H]1O)[C@H]1CC[C@H]2[C@@H]3[C@H](O)C[C@@H]4C[C@H](O)CC[C@]4(C)[C@H]3CC[C@]12C,stereoisomer,False,"[(2S,3R,4S,6S)-3-hydroxy-6-[[(2R,5Z,9R,10S,13E)-9-hydroxy-2-[(2R,3R,4S,5S,6R)-4-hydroxy-5-[[(2S,4S,5S,6R)-4-hydroxy-6-methyl-5-methylsulfanyloxan-2-yl]oxyamino]-3-[(2S,4S,5S)-4-methoxy-5-(propan-2-ylamino)oxan-2-yl]oxy-6-methyloxan-2-yl]oxy-12-(methoxycarbonylamino)-13-[2-(methyltrisulfanyl)ethylidene]-11-oxo-10-bicyclo[7.3.1]trideca-1(12),5-dien-3,7-diynyl]oxy]-2-methyloxan-4-yl] 4,5-dimethoxy-2-(2-methoxyprop-2-enoylamino)benzoate","(2S,3S,4S,5R,6S)-6-[(4R)-4-[(3R,5S,7R,8R,9S,10S,13R,14S,17R)-3,7-dihydroxy-10,13-dimethyl-2,3,4,5,6,7,8,9,11,12,14,15,16,17-tetradecahydro-1H-cyclopenta[a]phenanthren-17-yl]pentanoyl]oxy-3,4,5-trihydroxyoxane-2-carboxylic acid"
144935309,23706902,CC(=O)C=Nc1c(O)nc(O)nc1NC[C@H](O)[C@H](O)CCO,CC(C)C/C=C/[C@@H](C)[C@H]1CC[C@@H]2[C@]1(C)CC[C@H]1[C@@]23C[C@@H](O)[C@@]2(O)C[C@@H](OS(=O)(=O)[O-])CC[C@]12CO3.[Na+],stereoisomer,False,"5-(2-oxopropylideneamino)-6-[[(2S,3R)-2,3,5-trihydroxypentyl]amino]-1H-pyrimidine-2,4-dione","sodium;[(1R,2R,5R,6R,9R,10R,12R,13R,15S)-12,13-dihydroxy-5-methyl-6-[(E,2R)-6-methylhept-3-en-2-yl]-19-oxapentacyclo[8.7.2.01,13.02,10.05,9]nonadecan-15-yl] sulfate"
91851111,3081055,CC(O)=N[C@@H]1[C@@H](O)[C@H](O[C@@H]2O[C@H](CO)[C@@H](O[C@@H]3O[C@H](CO[C@H]4O[C@H](CO)[C@@H](O)[C@H](O)[C@@H]4O[C@@H]4O[C@H](CO)[C@@H](O[C@@H]5O[C@H](CO)[C@H](O)[C@H](O[C@@H]6O[C@H](CO)[C@@H](O[C@@H]7O[C@H](CO)[C@H](O)[C@H](O[C@@H]8O[C@H](CO)[C@@H](O[C@@H]9O[C@H](CO)[C@H](O)[C@H](O)[C@H]9O)[C@H](O)[C@H]8N=C(C)O)[C@H]7O)[C@H](O)[C@H]6N=C(C)O)[C@H]5O)[C@H](O)[C@H]4N=C(C)O)[C@@H](O)[C@H](O[C@H]4O[C@H](CO)[C@@H](O)[C@H](O)[C@@H]4O[C@@H]4O[C@H](CO)[C@@H](O[C@@H]5O[C@H](CO)[C@H](O)[C@H](O[C@@H]6O[C@H](CO)[C@@H](O[C@@H]7O[C@H](CO)[C@H](O)[C@H](O[C@@H]8O[C@H](CO)[C@@H](O[C@@H]9O[C@H](CO)[C@H](O)[C@H](O)[C@H]9O)[C@H](O)[C@H]8N=C(C)O)[C@H]7O)[C@H](O)[C@H]6N=C(C)O)[C@H]5O)[C@H](O)[C@H]4N=C(C)O)[C@@H]3O)[C@H](O)[C@H]2N=C(C)O)[C@@H](CO)O[C@H]1O,O=P(O)(O)O[C@H]1[C@H](O)[C@H](O)[C@H](OP(=O)(O)O)[C@@H](OP(=O)(O)O)[C@@H]1O,stereoisomer,False,"N-[(2R,3R,4R,5S,6R)-5-[(2S,3R,4R,5S,6R)-3-acetamido-5-[(2S,3S,4S,5R,6R)-4-[(2S,3S,4S,5S,6R)-3-[(2S,3R,4R,5S,6R)-3-acetamido-5-[(2S,3R,4S,5S,6R)-4-[(2S,3R,4R,5S,6R)-3-acetamido-5-[(2S,3R,4S,5S,6R)-4-[(2S,3R,4R,5S,6R)-3-acetamido-4-hydroxy-6-(hydroxymethyl)-5-[(2S,3R,4S,5R,6R)-3,4,5-trihydroxy-6-(hydroxymethyl)oxan-2-yl]oxyoxan-2-yl]oxy-3,5-dihydroxy-6-(hydroxymethyl)oxan-2-yl]oxy-4-hydroxy-6-(hydroxymethyl)oxan-2-yl]oxy-3,5-dihydroxy-6-(hydroxymethyl)oxan-2-yl]oxy-4-hydroxy-6-(hydroxymethyl)oxan-2-yl]oxy-4,5-dihydroxy-6-(hydroxymethyl)oxan-2-yl]oxy-6-[[(2S,3S,4S,5S,6R)-3-[(2S,3R,4R,5S,6R)-3-acetamido-5-[(2S,3R,4S,5S,6R)-4-[(2S,3R,4R,5S,6R)-3-acetamido-5-[(2S,3R,4S,5S,6R)-4-[(2S,3R,4R,5S,6R)-3-acetamido-4-hydroxy-6-(hydroxymethyl)-5-[(2S,3R,4S,5R,6R)-3,4,5-trihydroxy-6-(hydroxymethyl)oxan-2-yl]oxyoxan-2-yl]oxy-3,5-dihydroxy-6-(hydroxymethyl)oxan-2-yl]oxy-4-hydroxy-6-(hydroxymethyl)oxan-2-yl]oxy-3,5-dihydroxy-6-(hydroxymethyl)oxan-2-yl]oxy-4-hydroxy-6-(hydroxymethyl)oxan-2-yl]oxy-4,5-dihydroxy-6-(hydroxymethyl)oxan-2-yl]oxymethyl]-3,5-dihydroxyoxan-2-yl]oxy-4-hydroxy-6-(hydroxymethyl)oxan-2-yl]oxy-2,4-dihydroxy-6-(hydroxymethyl)oxan-3-yl]acetamide","[(1S,2S,3R,4S,5R,6S)-2,3,5-trihydroxy-4,6-diphosphonooxycyclohexyl] dihydrogen phosphate"
129011070,52922146,C[C@]12CCC(=O)C[C@@H]1CC[C@@H]1[C@@H]2CC[C@]2(CO)[C@@H](O)CC[C@@H]12,CCCCC/C=C\C/C=C\C/C=C\C/C=C\CCCC(=O)O[C@H](COC(=O)CCCCCCCCCCC)COP(=O)([O-])OCC[N+](C)(C)C,stereoisomer,False,"(5S,8R,9S,10S,13S,14S,17S)-17-hydroxy-13-(hydroxymethyl)-10-methyl-1,2,4,5,6,7,8,9,11,12,14,15,16,17-tetradecahydrocyclopenta[a]phenanthren-3-one","[(2R)-3-dodecanoyloxy-2-[(5Z,8Z,11Z,14Z)-icosa-5,8,11,14-tetraenoyl]oxypropyl] 2-(trimethylazaniumyl)ethyl phosphate"
54751688,10009567,N=C(O)OP(=O)(O)OC[C@H]1O[C@@H](n2cnc3c(N)ncnc32)[C@H](O)[C@@H]1O,COC(=O)c1c(O[C@@H]2O[C@@H](C)[C@H](OC)[C@@H](OC)[C@H]2OC)cc2cc3c(c(O)c2c1C)C(=O)[C@]1(OC)C(=O)C=C(OC)[C@@H](O)[C@]1(O)C3=O,stereoisomer,False,"[[(2R,3S,4R,5R)-5-(6-aminopurin-9-yl)-3,4-dihydroxyoxolan-2-yl]methoxy-hydroxyphosphoryl] carbamate","methyl (6aR,7S,10aR)-6a,7,12-trihydroxy-8,10a-dimethoxy-1-methyl-6,10,11-trioxo-3-[(2S,3R,4R,5S,6S)-3,4,5-trimethoxy-6-methyloxan-2-yl]oxy-7H-tetracene-2-carboxylate"
91825621,92136201,CN[C@H](CC(C)C)C(O)=N[C@H]1C(O)=N[C@@H](CC(=[NH2+])O)C(O)=N[C@H]2C(O)=N[C@H]3C(O)=N[C@H](C(O)=N[C@H](C(=O)O)c4cc(O)cc(O)c4-c4cc3ccc4O)[C@H](O[C@H]3C[C@](C)([NH3+])[C@@H](O)[C@H](C)O3)c3ccc(c(Cl)c3)Oc3cc2cc(c3O[C@@H]2O[C@H](CO)[C@@H](O)[C@H](O)[C@H]2O[C@H]2C[C@](C)(N)[C@@H](O)[C@H](C)O2)Oc2ccc(cc2Cl)[C@H]1O,N[C@@H](CCC([O-])=Nc1ccc2ccccc2c1)C(=O)O,stereoisomer,False,"(1S,2R,18R,19R,22S,25R,28R,40S)-22-(2-amino-2-oxoethyl)-2-[(2R,4S,5R,6S)-4-azaniumyl-5-hydroxy-4,6-dimethyloxan-2-yl]oxy-48-[(2S,3R,4S,5S,6R)-3-[(2R,4S,5R,6S)-4-azaniumyl-5-hydroxy-4,6-dimethyloxan-2-yl]oxy-4,5-dihydroxy-6-(hydroxymethyl)oxan-2-yl]oxy-5,15-dichloro-18,32,35,37-tetrahydroxy-19-[[(2R)-4-methyl-2-(methylazaniumyl)pentanoyl]amino]-20,23,26,42,44-pentaoxo-7,13-dioxa-21,24,27,41,43-pentazaoctacyclo[26.14.2.23,6.214,17.18,12.129,33.010,25.034,39]pentaconta-3,5,8,10,12(48),14,16,29(45),30,32,34(39),35,37,46,49-pentadecaene-40-carboxylate",(2S)-2-amino-5-(naphthalen-2-ylamino)-5-oxopentanoate
480859,131801209,COc1c(CC=C(C)C)c(O)cc2c1C[C@H](c1ccc(O)cc1O)CO2,C[C@@H]1O[C@H](O[C@@H]2[C@@H](O)[C@H](C)O[C@@H](OCCCCCN)[C@@H]2O)[C@H](O)[C@H](O)[C@H]1O,stereoisomer,False,"4-[(3R)-7-hydroxy-5-methoxy-6-(3-methylbut-2-enyl)-3,4-dihydro-2H-chromen-3-yl]benzene-1,3-diol","(2R,3R,4R,5R,6S)-2-[(2R,3R,4R,5S,6S)-2-(5-aminopentoxy)-3,5-dihydroxy-6-methyloxan-4-yl]oxy-6-methyloxane-3,4,5-triol"
5459852,70678828,C[S+](CCC(=O)C(=O)[O-])C[C@H]1O[C@@H](n2cnc3c(N)ncnc32)[C@H](O)[C@@H]1O,CCCCCc1cc2c(c([O-])c1C(=O)O)[C@@H]1C=C(C)CC[C@H]1C(C)(C)O2,stereoisomer,False,"4-[[(2S,3S,4R,5R)-5-(6-aminopurin-9-yl)-3,4-dihydroxyoxolan-2-yl]methyl-methylsulfonio]-2-oxobutanoate","(6aR,10aR)-2-carboxy-6,6,9-trimethyl-3-pentyl-6a,7,8,10a-tetrahydrobenzo[c]chromen-1-olate"
135926581,70680348,C[C@@H]1Nc2[nH]c(=N)nc([O-])c2N2C=[N+](c3ccc(C[C@H](O)[C@H](O)[C@H](O)CO[C@H]4O[C@H](COP(=O)([O-])O[C@@H](CCC(=O)[O-])C(=O)O)[C@@H](O)[C@H]4O)cc3)[C@H](C)[C@@H]12,CC(C)CCCCCCCCC/C=C/C(=O)SCCN=C([O-])CCN=C([O-])[C@H](O)C(C)(C)COP(=O)(O)OP(=O)(O)OC[C@H]1O[C@@H](n2cnc3c(N)ncnc32)[C@H](O)[C@@H]1OP(=O)([O-])[O-],stereoisomer,False,"(2S)-2-[[(2R,3S,4R,5S)-5-[(2R,3S,4S)-5-[4-[(6S,6aR,7R)-3-amino-6,7-dimethyl-1-oxo-5,6,6a,7-tetrahydro-2H-imidazo[1,5-f]pteridin-10-ium-8-yl]phenyl]-2,3,4-trihydroxypentoxy]-3,4-dihydroxyoxolan-2-yl]methoxy-oxidophosphoryl]oxypentanedioate","[(2R,3S,4R,5R)-5-(6-aminopurin-9-yl)-4-hydroxy-2-[[[[(3R)-3-hydroxy-2,2-dimethyl-4-[[3-[2-[(E)-13-methyltetradec-2-enoyl]sulfanylethylamino]-3-oxopropyl]amino]-4-oxobutoxy]-oxidophosphoryl]oxy-oxidophosphoryl]oxymethyl]oxolan-3-yl] phosphate"
6452296,45266553,CC(=O)[C@H]1CC[C@H]2[C@@H]3C[C@@H](OC(=O)CCC(=O)O)C4=CC(=O)CC[C@]4(C)[C@H]3CC[C@]12C,C[C@H](O)CC(=O)SCCN=C([O-])CCN=C([O-])[C@H](O)C(C)(C)COP(=O)(O)OP(=O)(O)OC[C@H]1O[C@@H](n2cnc3c(N)ncnc32)[C@H](O)[C@@H]1OP(=O)([O-])[O-],stereoisomer,False,"4-[[(6R,8S,9S,10R,13S,14S,17S)-17-acetyl-10,13-dimethyl-3-oxo-1,2,6,7,8,9,11,12,14,15,16,17-dodecahydrocyclopenta[a]phenanthren-6-yl]oxy]-4-oxobutanoic acid","[(2R,3S,4R,5R)-5-(6-aminopurin-9-yl)-4-hydroxy-2-[[[[(3R)-3-hydroxy-4-[[3-[2-[(3S)-3-hydroxybutanoyl]sulfanylethylamino]-3-oxopropyl]amino]-2,2-dimethyl-4-oxobutoxy]-oxidophosphoryl]oxy-oxidophosphoryl]oxymethyl]oxolan-3-yl] phosphate"
86289357,91857703,CCCCCCCCCCCCCCCCOC[C@@H]([NH3+])CO,CC(O)=N[C@@H]1[C@@H](O[C@@H]2O[C@H](CO)[C@H](O)[C@H](O)[C@H]2O)[C@@H](O)[C@@H](CO[C@@H]2O[C@H](CO)[C@@H](O[C@@H]3O[C@H](CO)[C@H](O)[C@H](O[C@@H]4O[C@H](CO)[C@@H](O[C@@H]5O[C@H](CO)[C@H](O)[C@H](O)[C@H]5O)[C@H](O)[C@H]4N=C(C)O)[C@H]3O)[C@H](O)[C@H]2N=C(C)O)O[C@@H]1O,stereoisomer,False,[(2S)-1-hexadecoxy-3-hydroxypropan-2-yl]azanium,"N-[(2R,3R,4R,5S,6R)-2-[[(2R,3R,4R,5R,6S)-5-acetamido-3,6-dihydroxy-4-[(2S,3R,4S,5R,6R)-3,4,5-trihydroxy-6-(hydroxymethyl)oxan-2-yl]oxyoxan-2-yl]methoxy]-5-[(2S,3R,4S,5S,6R)-4-[(2S,3R,4R,5S,6R)-3-acetamido-4-hydroxy-6-(hydroxymethyl)-5-[(2S,3R,4S,5R,6R)-3,4,5-trihydroxy-6-(hydroxymethyl)oxan-2-yl]oxyoxan-2-yl]oxy-3,5-dihydroxy-6-(hydroxymethyl)oxan-2-yl]oxy-4-hydroxy-6-(hydroxymethyl)oxan-3-yl]acetamide"
86289120,442153,O=S(=O)(O)C[C@H]1OC(O)(CO)[C@@H](O)[C@@H]1O,CC(C)=CCc1cc([C@@H]2CC(=O)c3c(O)cc(O)cc3O2)cc(CC=C(C)C)c1O,stereoisomer,False,"[(2S,3S,4S)-3,4,5-trihydroxy-5-(hydroxymethyl)oxolan-2-yl]methanesulfonic acid","(2S)-5,7-dihydroxy-2-[4-hydroxy-3,5-bis(3-methylbut-2-enyl)phenyl]-2,3-dihydrochromen-4-one"
135398735,57412271,CO[C@H]1/C=C/O[C@@]2(C)Oc3c(C)c(O)c4c(O)c(c(/C=N/N5CCN(C)CC5)c(O)c4c3C2=O)N=C(O)/C(C)=C\C=C\[C@H](C)[C@H](O)[C@@H](C)[C@@H](O)[C@@H](C)[C@H](OC(C)=O)[C@@H]1C,CN1CC[C@]23C(=O)C[C@H]4C(=CCO[C@H]5CC(=O)N(c6ccc(O)cc62)[C@H]3[C@H]54)C1,stereoisomer,False,"[(7S,9E,11S,12R,13S,14R,15R,16R,17S,18S,19E,21Z)-2,15,17,27,29-pentahydroxy-11-methoxy-3,7,12,14,16,18,22-heptamethyl-26-[(E)-(4-methylpiperazin-1-yl)iminomethyl]-6,23-dioxo-8,30-dioxa-24-azatetracyclo[23.3.1.14,7.05,28]triaconta-1(29),2,4,9,19,21,25,27-octaen-13-yl] acetate","(1S,10S,22R,23R,24S)-17-hydroxy-4-methyl-9-oxa-4,13-diazahexacyclo[11.6.5.01,24.06,22.010,23.014,19]tetracosa-6,14(19),15,17-tetraene-12,20-dione"
24892804,86289599,O=C(O)CCCC[C@@](O)(CC(=O)O)C(=O)O,C[C@H](CCC(=O)[O-])[C@H]1CC[C@H]2[C@@H]3C(=O)C[C@@H]4C[C@@H](O)CC[C@]4(C)[C@H]3CC[C@]12C,stereoisomer,False,"(2R)-2-hydroxyhexane-1,2,6-tricarboxylic acid","(4R)-4-[(3S,5S,8R,9S,10S,13R,14S,17R)-3-hydroxy-10,13-dimethyl-7-oxo-1,2,3,4,5,6,8,9,11,12,14,15,16,17-tetradecahydrocyclopenta[a]phenanthren-17-yl]pentanoate"
108158,445125,N[C@@H](CCC(O)=N[C@@H](CSCCl)C(O)=NCC(=O)O)C(=O)O,O=C(O)CCCC[C@H]1CCSS1,stereoisomer,False,(2S)-2-amino-5-[[(2R)-1-(carboxymethylamino)-3-(chloromethylsulfanyl)-1-oxopropan-2-yl]amino]-5-oxopentanoic acid,5-[(3S)-dithiolan-3-yl]pentanoic acid
50909878,17754024,C[C@@H]1O[C@@H](O[C@H](COP(=O)(O)O)[C@@H](O)[C@@H](O)CO)[C@H](O)[C@H](O[C@H]2O[C@H](CO)[C@@H](O)[C@H](O[C@H]3O[C@H](CO)[C@H](O)[C@H](O)[C@H]3O)[C@H]2O)[C@H]1O,N[C@@H]1C(C(=O)O)=CC=C[C@@H]1O,stereoisomer,False,"[(2R,3S,4S)-2-[(2S,3R,4R,5S,6S)-4-[(2R,3R,4S,5R,6R)-3,5-dihydroxy-6-(hydroxymethyl)-4-[(2R,3R,4S,5R,6R)-3,4,5-trihydroxy-6-(hydroxymethyl)oxan-2-yl]oxyoxan-2-yl]oxy-3,5-dihydroxy-6-methyloxan-2-yl]oxy-3,4,5-trihydroxypentyl] dihydrogen phosphate","(5S,6R)-6-amino-5-hydroxycyclohexa-1,3-diene-1-carboxylic acid"
129626615,10884902,CCCCCCCCCCCCCCCC(=O)OC[C@H](COP(=O)([O-])OCC[N+](C)(C)C)OC(=O)CCCCCC=O,CC[C@H]1CN2CCc3cc(OC)c(OC)cc3[C@@H]2C[C@@H]1C[C@@H]1NCCc2cc(O)c(O)cc21,stereoisomer,False,[(2R)-3-hexadecanoyloxy-2-(7-oxoheptanoyloxy)propyl] 2-(trimethylazaniumyl)ethyl phosphate,"(1S)-1-[[(2S,3R,11bS)-3-ethyl-9,10-dimethoxy-2,3,4,6,7,11b-hexahydro-1H-benzo[a]quinolizin-2-yl]methyl]-1,2,3,4-tetrahydroisoquinoline-6,7-diol"
71728374,5281396,CCCCC/C=C\C/C=C\C/C=C\C/C=C\CCCC(=O)O[C@H](COC(=O)CCCCCCC/C=C\CCCCCCCC)COP(=O)([O-])[O-],CC1=C[C@H](O/C=C2/C(=O)O[C@@H]3C4=C(C[C@H]23)[C@@H](O)CCC4(C)C)OC1=O,stereoisomer,False,"[(2R)-2-[(5Z,8Z,11Z,14Z)-icosa-5,8,11,14-tetraenoyl]oxy-3-[(Z)-octadec-9-enoyl]oxypropyl] phosphate","(3E,3aR,5S,8bS)-5-hydroxy-8,8-dimethyl-3-[[(2R)-4-methyl-5-oxo-2H-furan-2-yl]oxymethylidene]-3a,4,5,6,7,8b-hexahydroindeno[1,2-b]furan-2-one"
9960512,12358829,O=c1c(O[C@@H]2O[C@H](CO[C@@H]3O[C@H](CO)[C@@H](O)[C@H](O)[C@H]3O)[C@@H](O)[C@H](O)[C@H]2O)c(-c2ccc(O)cc2)oc2cc(O)cc(O)c12,N=C(O)c1ccc[n+]([C@H]2O[C@H](COP(=O)(O)OP(=O)(O)OC[C@H]3O[C@@H](n4cnc5c(N)ncnc54)[C@H](OP(=O)(O)O)[C@@H]3O)[C@@H](O)[C@H]2O)c1,stereoisomer,False,"5,7-dihydroxy-2-(4-hydroxyphenyl)-3-[(2S,3R,4S,5S,6R)-3,4,5-trihydroxy-6-[[(2R,3R,4S,5S,6R)-3,4,5-trihydroxy-6-(hydroxymethyl)oxan-2-yl]oxymethyl]oxan-2-yl]oxychromen-4-one","[[(2R,3R,4R,5R)-5-(6-aminopurin-9-yl)-3-hydroxy-4-phosphonooxyoxolan-2-yl]methoxy-hydroxyphosphoryl] [(2R,3S,4R,5S)-5-(3-carbamoylpyridin-1-ium-1-yl)-3,4-dihydroxyoxolan-2-yl]methyl hydrogen phosphate"
82473,102453304,C[C@@H]1O[C@@H](Oc2ccc([N+](=O)[O-])cc2)[C@@H](O)[C@H](O)[C@@H]1O,[C-]#[N+]/C=C/c1ccc(O[C@H]2O[C@@H](C)[C@@H](N=C(C)O)[C@@H](O)[C@@H]2O)cc1,stereoisomer,False,"(2S,3S,4R,5S,6S)-2-methyl-6-(4-nitrophenoxy)oxane-3,4,5-triol","N-[(2S,3S,4R,5S,6R)-4,5-dihydroxy-6-[4-[(E)-2-isocyanoethenyl]phenoxy]-2-methyloxan-3-yl]acetamide"
129626746,72551476,CC(O)CCC[C@H](O)/C=C/[C@H]1OC2CC(C2)[C@@H]1C/C=C\CCCC(=O)[O-],CC/C=C\C/C=C\C/C=C\C/C=C\C/C=C\CCCCCCCCCCCCCCCCCCC/C=C/C(=O)SCCN=C([O-])CCN=C([O-])[C@H](O)C(C)(C)COP(=O)(O)OP(=O)(O)OC[C@H]1O[C@@H](n2cnc3c(N)ncnc32)[C@H](O)[C@@H]1OP(=O)([O-])[O-],stereoisomer,False,"(Z)-7-[(3R,4S)-3-[(E,3S)-3,7-dihydroxyoct-1-enyl]-2-oxabicyclo[3.1.1]heptan-4-yl]hept-5-enoate","[(2R,3S,4R,5R)-5-(6-aminopurin-9-yl)-4-hydroxy-2-[[[[(3R)-3-hydroxy-2,2-dimethyl-4-[[3-[2-[(2E,23Z,26Z,29Z,32Z,35Z)-octatriaconta-2,23,26,29,32,35-hexaenoyl]sulfanylethylamino]-3-oxopropyl]amino]-4-oxobutoxy]-oxidophosphoryl]oxy-oxidophosphoryl]oxymethyl]oxolan-3-yl] phosphate"
15924888,72551537,CC(=O)O[C@H]1C[C@]2(C)[C@H]3[C@H](O)C(=O)[C@]4(C)[C@@H](c5ccc(=O)oc5)CC[C@]4(O)[C@@H]3CC[C@]2(O)C[C@H]1OC(C)=O,CC/C=C\C/C=C\C/C=C\C/C=C\C/C=C\C/C=C\CCCCCCCCCCCCCC[C@@H](O)CC(=O)SCCN=C(O)CCN=C(O)[C@H](O)C(C)(C)COP(=O)(O)OP(=O)(O)OC[C@H]1O[C@@H](n2cnc3c(N)ncnc32)[C@H](O)[C@@H]1OP(=O)(O)O,stereoisomer,False,"[(2S,3R,5S,8R,9S,10R,11S,13R,14S,17R)-3-acetyloxy-5,11,14-trihydroxy-10,13-dimethyl-12-oxo-17-(6-oxopyran-3-yl)-1,2,3,4,6,7,8,9,11,15,16,17-dodecahydrocyclopenta[a]phenanthren-2-yl] acetate","S-[2-[3-[[(2R)-4-[[[(2R,3S,4R,5R)-5-(6-aminopurin-9-yl)-4-hydroxy-3-phosphonooxyoxolan-2-yl]methoxy-hydroxyphosphoryl]oxy-hydroxyphosphoryl]oxy-2-hydroxy-3,3-dimethylbutanoyl]amino]propanoylamino]ethyl] (3R,18Z,21Z,24Z,27Z,30Z,33Z)-3-hydroxyhexatriaconta-18,21,24,27,30,33-hexaenethioate"
9863607,5283118,C/C1=C\CC(C)(C)/C=C/C[C@@]2(C)OC3=C(O)C(=O)[C@H]4CO[C@H]([C@@H]34)[C@@H]2CC1,CCCCCC(=O)/C=C/[C@@H]1[C@@H](CCCCCCC(=O)O)[C@@H](O)C[C@H]1O,stereoisomer,False,"(1S,2S,5E,9E,12R,17R,20S)-15-hydroxy-5,8,8,12-tetramethyl-13,19-dioxatetracyclo[12.5.1.02,12.017,20]icosa-5,9,14-trien-16-one","7-[(1R,2R,3R,5S)-3,5-dihydroxy-2-[(E)-3-oxooct-1-enyl]cyclopentyl]heptanoic acid"
6433272,71728338,C[C@@H]1[C@H](O)[C@@H](C)/C=C/C=C/CC/C=C/C=C/C=C/C=C/C(O[C@H]2O[C@H](C)[C@@H](O)[C@H](N)[C@@H]2O)CC2O[C@](O)(CC(O)C(O)CCC(O)CC(O)CC(O)CC(=O)O[C@H]1C)CC(O)C2C(=O)O,CCCCCCCC/C=C\CCCCCCCC(=O)OC[C@H](COP(=O)([O-])OC[C@@H](O)CO)OC(=O)CCCCCCC/C=C\CCCCCCCC,stereoisomer,False,"(1S,15S,16R,17R,18S,19E,21E,25E,27E,29E,31E)-33-[(2S,3S,4S,5S,6R)-4-amino-3,5-dihydroxy-6-methyloxan-2-yl]oxy-1,3,4,7,9,11,17,37-octahydroxy-15,16,18-trimethyl-13-oxo-14,39-dioxabicyclo[33.3.1]nonatriaconta-19,21,25,27,29,31-hexaene-36-carboxylic acid","[(2R)-2,3-bis[[(Z)-octadec-9-enoyl]oxy]propyl] [(2S)-2,3-dihydroxypropyl] phosphate"
10366713,5281396,C/C(C=O)=C\CC[C@@H](C)[C@H]1CC[C@@]2(C)C3=C(CC[C@]12C)[C@@]1(C)CC[C@H](O)C(C)(C)[C@@H]1CC3=O,CC1=C[C@H](O/C=C2/C(=O)O[C@@H]3C4=C(C[C@H]23)[C@@H](O)CCC4(C)C)OC1=O,stereoisomer,False,"(E,6R)-6-[(3S,5R,10S,13R,14R,17R)-3-hydroxy-4,4,10,13,14-pentamethyl-7-oxo-1,2,3,5,6,11,12,15,16,17-decahydrocyclopenta[a]phenanthren-17-yl]-2-methylhept-2-enal","(3E,3aR,5S,8bS)-5-hydroxy-8,8-dimethyl-3-[[(2R)-4-methyl-5-oxo-2H-furan-2-yl]oxymethylidene]-3a,4,5,6,7,8b-hexahydroindeno[1,2-b]furan-2-one"
6917929,45266521,C[C@@H]1C(=O)O[C@H]2[C@H](O)C34[C@H]5C[C@@H](C(C)(C)C)C36[C@@H](OC(=O)[C@@H]6O)O[C@@]4(C(=O)O5)[C@@]12O,O=C(O)[C@H](O)Cc1c[nH]c2ccc(OCc3ccccc3)cc12,stereoisomer,False,"(1R,3R,6R,8S,10R,12R,13S,16S,17R)-8-tert-butyl-6,12,17-trihydroxy-16-methyl-2,4,14,19-tetraoxahexacyclo[8.7.2.01,11.03,7.07,11.013,17]nonadecane-5,15,18-trione",(2R)-2-hydroxy-3-(5-phenylmethoxy-1H-indol-3-yl)propanoic acid
57412271,72204622,CN1CC[C@]23C(=O)C[C@H]4C(=CCO[C@H]5CC(=O)N(c6ccc(O)cc62)[C@H]3[C@H]54)C1,CC/C=C\C[C@@H](O)[C@H](O)/C=C/C=C/C=C\C=C\[C@H](O)C/C=C\CCC(=O)O,stereoisomer,False,"(1S,10S,22R,23R,24S)-17-hydroxy-4-methyl-9-oxa-4,13-diazahexacyclo[11.6.5.01,24.06,22.010,23.014,19]tetracosa-6,14(19),15,17-tetraene-12,20-dione","(4Z,7R,8E,10Z,12E,14E,16R,17R,19Z)-7,16,17-trihydroxydocosa-4,8,10,12,14,19-hexaenoic acid"
228491,71298228,CC(=O)[C@H]1CC[C@H]2[C@@H]3CC[C@@H]4C[C@@H](O)CC[C@]4(C)[C@H]3CC[C@]12C,CC(O)=N[C@H]1[C@H](OC[C@H]2OC(O)[C@H](N=C(C)O)[C@@H](O[C@@H]3O[C@H](CO)[C@H](O)[C@H](O)[C@H]3O[C@@H]3O[C@@H](C)[C@@H](O)[C@@H](O)[C@@H]3O)[C@H]2O)O[C@H](CO)[C@@H](O[C@@H]2O[C@H](CO)[C@H](O)[C@H](O)[C@H]2O)[C@@H]1O,stereoisomer,False,"1-[(3S,5R,8R,9S,10S,13S,14S,17S)-3-hydroxy-10,13-dimethyl-2,3,4,5,6,7,8,9,11,12,14,15,16,17-tetradecahydro-1H-cyclopenta[a]phenanthren-17-yl]ethanone","N-[(2R,3R,4R,5S,6R)-2-[[(2R,3R,4R,5R)-5-acetamido-4-[(2R,3R,4S,5R,6R)-4,5-dihydroxy-6-(hydroxymethyl)-3-[(2S,3S,4R,5S,6S)-3,4,5-trihydroxy-6-methyloxan-2-yl]oxyoxan-2-yl]oxy-3,6-dihydroxyoxan-2-yl]methoxy]-4-hydroxy-6-(hydroxymethyl)-5-[(2S,3R,4S,5R,6R)-3,4,5-trihydroxy-6-(hydroxymethyl)oxan-2-yl]oxyoxan-3-yl]acetamide"
51402819,135563682,C[C@H]1O[C@@H](Oc2c(-c3ccc(O)c(O)c3)oc3cc(O)cc(O)c3c2=O)[C@H](O)[C@@H](O)[C@H]1O,CCCCCCCCCCCCCCCC(O)=N[C@@H](O)C(=O)O,stereoisomer,False,"2-(3,4-dihydroxyphenyl)-5,7-dihydroxy-3-[(2S,3R,4S,5R,6R)-3,4,5-trihydroxy-6-methyloxan-2-yl]oxychromen-4-one",(2S)-2-(hexadecanoylamino)-2-hydroxyacetic acid
118796909,70698140,C[C@H](c1c[nH]c2ccccc12)[C@@H]1OC(=[NH2+])N=C1O,C[C@@H]1O[C@@H](Oc2cc(O)c3c(=O)c(O[C@@H]4OC[C@](O)(CO)[C@H]4O)c(-c4ccc(O)cc4)oc3c2)[C@H](O)[C@H](O)[C@H]1O,stereoisomer,False,"[(5S)-5-[(1R)-1-(1H-indol-3-yl)ethyl]-4-oxo-1,3-oxazolidin-2-ylidene]azanium","3-[(2S,3R,4R)-3,4-dihydroxy-4-(hydroxymethyl)oxolan-2-yl]oxy-5-hydroxy-2-(4-hydroxyphenyl)-7-[(2S,3R,4R,5R,6S)-3,4,5-trihydroxy-6-methyloxan-2-yl]oxychromen-4-one"
40490669,49859721,CCCCC/C=C\C[C@@H]1O[C@@H]1C/C=C\C/C=C\CCCC(=O)[O-],O=C(O)c1cc(O)ccc1O[C@@H]1O[C@H](CO)[C@@H](O)[C@H](O)[C@H]1O,stereoisomer,False,"(5Z,8Z)-10-[(2R,3S)-3-[(Z)-oct-2-enyl]oxiran-2-yl]deca-5,8-dienoate","5-hydroxy-2-[(2S,3R,4S,5S,6R)-3,4,5-trihydroxy-6-(hydroxymethyl)oxan-2-yl]oxybenzoic acid"
71668261,439357,OCc1cc([C@@H](O)C[NH2+]CCCCCCOCCOCc2c(Cl)cccc2Cl)ccc1O,OC[C@H]1O[C@H](O)[C@H](O)[C@@H](O)[C@H]1O,stereoisomer,False,"6-[2-[(2,6-dichlorophenyl)methoxy]ethoxy]hexyl-[(2R)-2-hydroxy-2-[4-hydroxy-3-(hydroxymethyl)phenyl]ethyl]azanium","(2S,3R,4S,5R,6R)-6-(hydroxymethyl)oxane-2,3,4,5-tetrol"
53239741,91825749,C[C@H](N=C(O)[C@H](CC1CC1)N=C(O)CN)C(O)=NCC(O)=N[C@@H](CC1CCCCC1)C(O)=N[C@@H](CC[C@H](CN)O[C@@H]1O[C@H](CO)[C@H](O)[C@H](O)[C@H]1O)C(O)=NCC(O)=N[C@@H](CCC(=O)O)C(O)=N[C@@H](CCC(=N)O)C(O)=NCC(=O)N1CCC[C@H]1C(O)=N[C@@H](CCCCN)C(O)=NCC(O)=N[C@@H](CCC(=O)O)C(O)=N[C@H](C(=O)O)[C@@H](C)O,C[C@H](CC[C@H](O)[C@@H](C)CO)[C@H]1CC[C@H]2[C@@H]3CC=C4C[C@@H](O)CC[C@]4(C)[C@H]3CC[C@]12C,stereoisomer,False,"(4S)-4-[[2-[[(2S,5R)-6-amino-2-[[(2S)-2-[[2-[[(2S)-2-[[(2S)-2-[(2-aminoacetyl)amino]-3-cyclopropylpropanoyl]amino]propanoyl]amino]acetyl]amino]-3-cyclohexylpropanoyl]amino]-5-[(2R,3R,4S,5R,6R)-3,4,5-trihydroxy-6-(hydroxymethyl)oxan-2-yl]oxyhexanoyl]amino]acetyl]amino]-5-[[(2S)-5-amino-1-[[2-[(2S)-2-[[(2S)-6-amino-1-[[2-[[(2S)-4-carboxy-1-[[(1S,2R)-1-carboxy-2-hydroxypropyl]amino]-1-oxobutan-2-yl]amino]-2-oxoethyl]amino]-1-oxohexan-2-yl]carbamoyl]pyrrolidin-1-yl]-2-oxoethyl]amino]-1,5-dioxopentan-2-yl]amino]-5-oxopentanoic acid","(2S,3S,6R)-6-[(3S,8S,9S,10R,13R,14S,17R)-3-hydroxy-10,13-dimethyl-2,3,4,7,8,9,11,12,14,15,16,17-dodecahydro-1H-cyclopenta[a]phenanthren-17-yl]-2-methylheptane-1,3-diol"
11966110,145712527,CCCCCCCCC/C=C/C(=O)SCCN=C(O)CCN=C(O)[C@H](O)C(C)(C)COP(=O)(O)OP(=O)(O)OC[C@H]1O[C@@H](n2cnc3c(N)ncnc32)[C@H](O)[C@@H]1OP(=O)(O)O,C=CC(C)(C)c1[nH]c2ccccc2c1CC1=CN2CCC[C@H]2C(O)=N1,stereoisomer,False,"S-[2-[3-[[(2R)-4-[[[(2R,3S,4R,5R)-5-(6-aminopurin-9-yl)-4-hydroxy-3-phosphonooxyoxolan-2-yl]methoxy-hydroxyphosphoryl]oxy-hydroxyphosphoryl]oxy-2-hydroxy-3,3-dimethylbutanoyl]amino]propanoylamino]ethyl] (E)-dodec-2-enethioate","(8aS)-3-[[2-(2-methylbut-3-en-2-yl)-1H-indol-3-yl]methyl]-6,7,8,8a-tetrahydro-2H-pyrrolo[1,2-a]pyrazin-1-one"
86289571,68827,CCCCCCCCCCCCCCCCOC[C@H](COP(=O)(O)OCCN)OC(C)=O,C[C@@H]1CC[C@H]2[C@@H](C)C(=O)O[C@@H]3O[C@@]4(C)CC[C@@H]1[C@]32OO4,stereoisomer,False,[(2R)-1-[2-aminoethoxy(hydroxy)phosphoryl]oxy-3-hexadecoxypropan-2-yl] acetate,"(1R,4S,5R,8S,9R,12S,13R)-1,5,9-trimethyl-11,14,15,16-tetraoxatetracyclo[10.3.1.04,13.08,13]hexadecan-10-one"
86289557,135563767,CCCCCCCCCCCCCCCCOC[C@H](COP(=O)([O-])OCC[N+](C)(C)C)OC(=O)CCC(=O)[O-],N=c1nc([O-])c2ncn([C@@H]3O[C@H](COP(=O)(O)O[C@H]4[C@@H](O)[C@H](n5cnc6c(N)ncnc65)O[C@@H]4CO)[C@@H](O)[C@H]3O)c2[nH]1,stereoisomer,False,4-[(2R)-1-hexadecoxy-3-[oxido-[2-(trimethylazaniumyl)ethoxy]phosphoryl]oxypropan-2-yl]oxy-4-oxobutanoate,"[(2R,3S,4R,5R)-5-(2-amino-6-oxo-1H-purin-9-yl)-3,4-dihydroxyoxolan-2-yl]methyl [(2R,3S,4R,5R)-5-(6-aminopurin-9-yl)-4-hydroxy-2-(hydroxymethyl)oxolan-3-yl] phosphate"
53380618,9548906,O=P(O)(O)OC1[C@@H](OP(=O)(O)O)[C@H](OP(=O)(O)OP(=O)(O)O)C(O)[C@H](OP(=O)(O)OP(=O)(O)O)[C@H]1OP(=O)(O)O,COc1ccc([C@H]2O[C@@H](c3ccc4c(c3)OCO4)[C@H](C)[C@@H]2C)cc1OC,stereoisomer,False,"[(1S,3R,4S,6R)-2-hydroxy-3-[hydroxy(phosphonooxy)phosphoryl]oxy-4,5,6-triphosphonooxycyclohexyl] phosphono hydrogen phosphate","5-[(2R,3R,4S,5S)-5-(3,4-dimethoxyphenyl)-3,4-dimethyloxolan-2-yl]-1,3-benzodioxole"
86289229,439343,CCCCCC(=O)OC[C@@H](CO)OC(=O)CCCCC,O=C(O)[C@H]1OC(O)(CO)[C@@H](O)[C@@H]1O,stereoisomer,False,[(2R)-2-hexanoyloxy-3-hydroxypropyl] hexanoate,"(2S,3S,4S)-3,4,5-trihydroxy-5-(hydroxymethyl)oxolane-2-carboxylic acid"
107737,11679714,O=P(O)(O)OC1[C@H](O)[C@H](O)C(O)[C@H](O)[C@H]1O,CCCCCCCCOc1ccc(-c2ccc(C(=O)N[C@H]3CC(NCCN)CN=C(O)[C@@H]4[C@@H](O)[C@@H](C)CN4C(=O)[C@H](CO)N=C(O)[C@H]([C@H](O)Cc4ccc(O)cc4)N=C(O)[C@@H]4C[C@@H](O)CN4C(=O)[C@H]([C@@H](C)O)N=C3O)cc2)cc1,stereoisomer,False,"[(2R,3R,5S,6R)-2,3,4,5,6-pentahydroxycyclohexyl] dihydrogen phosphate","N-[(3S,6S,9S,11R,15S,18S,24S,25S,26S)-20-(2-aminoethylamino)-11,25-dihydroxy-15-[(1R)-1-hydroxyethyl]-6-[(1R)-1-hydroxy-2-(4-hydroxyphenyl)ethyl]-3-(hydroxymethyl)-26-methyl-2,5,8,14,17,23-hexaoxo-1,4,7,13,16,22-hexazatricyclo[22.3.0.09,13]heptacosan-18-yl]-4-(4-octoxyphenyl)benzamide"
5281034,49852403,C[C@]12C/C(=C/O)C(=O)C[C@@H]1CC[C@@H]1[C@@H]2CC[C@@]2(C)[C@H]1CC[C@]2(C)O,CO[C@H]1O[C@H](COS(=O)(=O)[O-])[C@@H](O[C@@H]2O[C@@H](C(=O)[O-])[C@@H](O[C@H]3O[C@H](COS(=O)(=O)[O-])[C@@H](O[C@@H]4O[C@H](C(=O)[O-])[C@@H](O[C@H]5O[C@H](COS(=O)(=O)[O-])[C@@H](O)[C@H](O)[C@H]5NS(=O)(=O)[O-])[C@H](O)[C@H]4O)[C@H](OS(=O)(=O)[O-])[C@H]3NS(=O)(=O)[O-])[C@H](O)[C@H]2OS(=O)(=O)[O-])[C@H](O)[C@H]1NS(=O)(=O)[O-],stereoisomer,False,"(2Z,5S,8R,9S,10S,13S,14S,17S)-17-hydroxy-2-(hydroxymethylidene)-10,13,17-trimethyl-1,4,5,6,7,8,9,11,12,14,15,16-dodecahydrocyclopenta[a]phenanthren-3-one","(2S,3S,4R,5R,6R)-6-[(2R,3R,4R,5R,6R)-6-[(2R,3S,4S,5R,6R)-2-carboxylato-4-hydroxy-6-[(2R,3S,4R,5R,6S)-4-hydroxy-6-methoxy-5-(sulfonatoamino)-2-(sulfonatooxymethyl)oxan-3-yl]oxy-5-sulfonatooxyoxan-3-yl]oxy-5-(sulfonatoamino)-4-sulfonatooxy-2-(sulfonatooxymethyl)oxan-3-yl]oxy-3-[(2R,3R,4R,5S,6R)-4,5-dihydroxy-3-(sulfonatoamino)-6-(sulfonatooxymethyl)oxan-2-yl]oxy-4,5-dihydroxyoxane-2-carboxylate"
86289571,24779048,CCCCCCCCCCCCCCCCOC[C@H](COP(=O)(O)OCCN)OC(C)=O,CCCCC/C=C\C/C=C\C/C=C\C/C=C\CCCC(=O)O[C@H](COC(=O)CCCCCCCCCCCCCCCCCCC)COP(=O)([O-])OCC[N+](C)(C)C,stereoisomer,False,[(2R)-1-[2-aminoethoxy(hydroxy)phosphoryl]oxy-3-hexadecoxypropan-2-yl] acetate,"[(2R)-3-icosanoyloxy-2-[(5Z,8Z,11Z,14Z)-icosa-5,8,11,14-tetraenoyl]oxypropyl] 2-(trimethylazaniumyl)ethyl phosphate"
6453839,135884483,C=C[C@@]1(C)CC[C@H]2[C@]3(C)CCCC(C)(C)[C@H]3CC[C@]2(C)O1,O=P([O-])([O-])OP(=O)(O)OP(=O)(O)OC[C@H]1O[C@@H](n2cnc3c([O-])ncnc32)[C@H](O)[C@@H]1O,stereoisomer,False,"(3R,4aS,6aR,10aR,10bS)-3-ethenyl-3,4a,7,7,10a-pentamethyl-2,5,6,6a,8,9,10,10b-octahydro-1H-benzo[f]chromene","[[[(2R,3S,4R,5R)-3,4-dihydroxy-5-(6-oxo-1H-purin-9-yl)oxolan-2-yl]methoxy-oxidophosphoryl]oxy-oxidophosphoryl] hydrogen phosphate"
53481753,51402819,CCCCC/C=C\C/C=C\C/C=C\CCCCCCCCC(=O)O[C@H](COCCCCCCCCCCCCCCCCCCCCCC)COP(=O)([O-])OCC[N+](C)(C)C,C[C@H]1O[C@@H](Oc2c(-c3ccc(O)c(O)c3)oc3cc(O)cc(O)c3c2=O)[C@H](O)[C@@H](O)[C@H]1O,stereoisomer,False,"[(2R)-2-[(10Z,13Z,16Z)-docosa-10,13,16-trienoyl]oxy-3-docosoxypropyl] 2-(trimethylazaniumyl)ethyl phosphate","2-(3,4-dihydroxyphenyl)-5,7-dihydroxy-3-[(2S,3R,4S,5R,6R)-3,4,5-trihydroxy-6-methyloxan-2-yl]oxychromen-4-one"
10726905,129626762,C=C(C)[C@H]1CC[C@@]2(C)CCC=C(C)[C@@H]2C1,CCCCCCC(=O)OC[C@H](COP(=O)([O-])OCC[N+](C)(C)C)OC(=O)CCCCC,stereoisomer,False,"(3S,4aR,8aR)-5,8a-dimethyl-3-prop-1-en-2-yl-2,3,4,4a,7,8-hexahydro-1H-naphthalene",[(2R)-3-heptanoyloxy-2-hexanoyloxypropyl] 2-(trimethylazaniumyl)ethyl phosphate
91851869,138911104,CC(O)=N[C@H]1[C@@H](O[C@H]2[C@H](O)[C@@H](CO)OC(O)[C@@H]2N=C(C)O)O[C@H](CO)[C@H](O)[C@@H]1O,CC(C)C[C@H](N=C(O)[C@@H](N)CO)C(O)=N[C@@H](CO)C(=O)O,stereoisomer,False,"N-[(2S,3R,4R,5R,6R)-2-[(3R,4R,5S,6R)-3-acetamido-2,5-dihydroxy-6-(hydroxymethyl)oxan-4-yl]oxy-4,5-dihydroxy-6-(hydroxymethyl)oxan-3-yl]acetamide",(2S)-2-[[(2S)-2-[[(2S)-2-amino-3-hydroxypropanoyl]amino]-4-methylpentanoyl]amino]-3-hydroxypropanoic acid
91845411,24889972,CC(O)=N[C@H]1[C@H](O[C@H]2[C@@H](O)[C@@H](CO)O[C@@H](O[C@H]3[C@H](O[C@@H]4O[C@@H](C)[C@@H](O)[C@@H](O)[C@@H]4O)[C@@H](N=C(C)O)[C@H](O[C@H]4[C@@H](O)[C@@H](CO)O[C@@H](O[C@H]5[C@H](O)[C@@H](N=C(C)O)C(O)O[C@@H]5CO)[C@@H]4O)O[C@@H]3CO)[C@@H]2O)O[C@H](CO)[C@@H](O[C@@H]2O[C@H](CO)[C@H](O)[C@H](O[C@]3(C(=O)O)C[C@H](O)[C@@H](N=C(C)O)[C@H]([C@H](O)[C@H](O)CO)O3)[C@H]2O)[C@@H]1O,NCCCC[C@H](N)C(O)=N[C@@H](CC(=O)O)C(O)=N[C@@H](Cc1ccc(O)cc1)C(=O)O,stereoisomer,False,"(2S,4S,5R,6R)-5-acetamido-2-[(2S,3R,4S,5S,6R)-2-[(2R,3S,4R,5R,6S)-5-acetamido-6-[(2S,3R,4S,5S,6R)-2-[(2R,3S,4R,5R,6S)-5-acetamido-6-[(2S,3R,4S,5S,6R)-2-[(2R,3S,4R,5R)-5-acetamido-4,6-dihydroxy-2-(hydroxymethyl)oxan-3-yl]oxy-3,5-dihydroxy-6-(hydroxymethyl)oxan-4-yl]oxy-2-(hydroxymethyl)-4-[(2S,3S,4R,5S,6S)-3,4,5-trihydroxy-6-methyloxan-2-yl]oxyoxan-3-yl]oxy-3,5-dihydroxy-6-(hydroxymethyl)oxan-4-yl]oxy-4-hydroxy-2-(hydroxymethyl)oxan-3-yl]oxy-3,5-dihydroxy-6-(hydroxymethyl)oxan-4-yl]oxy-4-hydroxy-6-[(1R,2R)-1,2,3-trihydroxypropyl]oxane-2-carboxylic acid","(3S)-4-[[(1S)-1-carboxy-2-(4-hydroxyphenyl)ethyl]amino]-3-[[(2S)-2,6-diaminohexanoyl]amino]-4-oxobutanoic acid"
70698213,5283557,CC(C)=C[C@H]1C[C@@H]([C@@H]2CC[C@]3(C)C4=CC[C@H]5C(C)(C)C(=O)CC[C@]5(C)[C@H]4CC[C@@]23C)CO1,CCCCCCCCCCCC/C=C/[C@@H](O)[C@@H](N)CO,stereoisomer,False,"(5R,9R,10R,13S,14S,17S)-4,4,10,13,14-pentamethyl-17-[(3S,5R)-5-(2-methylprop-1-enyl)oxolan-3-yl]-1,2,5,6,9,11,12,15,16,17-decahydrocyclopenta[a]phenanthren-3-one","(E,2S,3R)-2-aminoheptadec-4-ene-1,3-diol"
72715762,70678630,CCCCCCCCCCCCCCCCCCCC(O)=N[C@@H](CO)[C@H](O)[C@H](O)CCCCCCCCCCC(C)C,[NH3+]CCCNCC[C@H]([NH3+])C(=O)O,stereoisomer,False,"N-[(2S,3S,4R)-1,3,4-trihydroxy-15-methylhexadecan-2-yl]icosanamide",(2S)-2-azaniumyl-4-(3-azaniumylpropylazaniumyl)butanoate
10624721,128505,CC1(C)OC[C@H](c2c(O)ccc3c2O[C@H](c2ccccc2)CC3=O)[C@@H]1OC(=O)/C=C/c1ccccc1,N[C@@H]1[C@@H](O)[C@H](O[C@H]2O[C@H](CO)[C@@H](O)[C@H](N)[C@H]2O)O[C@H](CO)[C@H]1O,stereoisomer,False,"[(3S,4S)-4-[(2S)-7-hydroxy-4-oxo-2-phenyl-2,3-dihydrochromen-8-yl]-2,2-dimethyloxolan-3-yl] (E)-3-phenylprop-2-enoate","(2S,3R,4S,5S,6R)-4-amino-2-[(2R,3R,4S,5S,6R)-4-amino-3,5-dihydroxy-6-(hydroxymethyl)oxan-2-yl]oxy-6-(hydroxymethyl)oxane-3,5-diol"
7022352,439507,NCC(O)=N[C@@H](Cc1c[nH]c2ccccc12)C(O)=Nc1ccc2ccccc2c1,OC[C@H]1OC(O)[C@H](O)[C@H](O)[C@@H]1O,stereoisomer,False,(2S)-2-[(2-aminoacetyl)amino]-3-(1H-indol-3-yl)-N-naphthalen-2-ylpropanamide,"(3R,4R,5S,6R)-6-(hydroxymethyl)oxane-2,3,4,5-tetrol"
53239696,70698140,CC(O)=N[C@H]1[C@H](C=O)OC(O)(C(=O)O)C[C@@H]1O,C[C@@H]1O[C@@H](Oc2cc(O)c3c(=O)c(O[C@@H]4OC[C@](O)(CO)[C@H]4O)c(-c4ccc(O)cc4)oc3c2)[C@H](O)[C@H](O)[C@H]1O,stereoisomer,False,"(4S,5R,6R)-5-acetamido-6-formyl-2,4-dihydroxyoxane-2-carboxylic acid","3-[(2S,3R,4R)-3,4-dihydroxy-4-(hydroxymethyl)oxolan-2-yl]oxy-5-hydroxy-2-(4-hydroxyphenyl)-7-[(2S,3R,4R,5R,6S)-3,4,5-trihydroxy-6-methyloxan-2-yl]oxychromen-4-one"
91851341,14464358,OC[C@H]1O[C@@H](O)[C@H](O[C@@H]2OC[C@H](O)[C@H](O)[C@H]2O)[C@@H](O)[C@@H]1O,C=C1C[C@]23C[C@H]1CC[C@H]2[C@]1(C(=O)O)CCC[C@@](C)(C(=O)O)[C@H]1[C@@H]3C(=O)O,stereoisomer,False,"(2R,3R,4S,5S,6R)-6-(hydroxymethyl)-3-[(2S,3R,4S,5S)-3,4,5-trihydroxyoxan-2-yl]oxyoxane-2,4,5-triol","(1R,2S,3R,4R,8R,9R,12R)-4-methyl-13-methylidenetetracyclo[10.2.1.01,9.03,8]pentadecane-2,4,8-tricarboxylic acid"
135398703,10050190,C[C@@H]1Nc2[nH]c(=N)nc(O)c2N2C=[N+](c3ccc(C[C@H](O)[C@H](O)[C@H](O)CO[C@H]4O[C@H](COP(=O)(O)O[C@@H](CCC(=O)O)C(=O)O)[C@@H](O)[C@H]4O)cc3)[C@H](C)[C@@H]12,COc1ccc(-c2cc3c(c(=O)o2)C[C@]2(O)[C@@]4(C)C(=O)C=CC(C)(C)[C@]4(O)CC[C@@]2(C)O3)cc1,stereoisomer,False,"(2S)-2-[[(2R,3S,4R,5S)-5-[(2R,3S,4S)-5-[4-[(6S,6aR,7R)-3-amino-6,7-dimethyl-1-oxo-5,6,6a,7-tetrahydro-2H-imidazo[1,5-f]pteridin-10-ium-8-yl]phenyl]-2,3,4-trihydroxypentoxy]-3,4-dihydroxyoxolan-2-yl]methoxy-hydroxyphosphoryl]oxypentanedioic acid","(1S,2S,7R,10R)-1,7-dihydroxy-14-(4-methoxyphenyl)-2,6,6,10-tetramethyl-11,15-dioxatetracyclo[8.8.0.02,7.012,17]octadeca-4,12(17),13-triene-3,16-dione"
134716638,53320361,CC1(C)CCC=C([C@@H]2CC=C(C(=O)O)CC2)C1,N=C(N)NCCC[C@H](N=C(O)C12CC3CC(CC(C3)C1)C2)C(O)=N[C@@H](Cc1ccccc1)C(=N)O,stereoisomer,False,"(4S)-4-(5,5-dimethylcyclohexen-1-yl)cyclohexene-1-carboxylic acid",N-[(2S)-1-[[(2S)-1-amino-1-oxo-3-phenylpropan-2-yl]amino]-5-(diaminomethylideneamino)-1-oxopentan-2-yl]adamantane-1-carboxamide
92943,53262277,C[C@H](CN1CCOCC1)C(C(=O)N1CCCC1)(c1ccccc1)c1ccccc1,[O]C1=C([O-])[C@@H]([C@@H](O)CO)OC1=O,stereoisomer,False,"(3S)-3-methyl-4-morpholin-4-yl-2,2-diphenyl-1-pyrrolidin-1-ylbutan-1-one",
57404333,11764616,C=C(CCC(O)C(C)(C)O)[C@H]1CC[C@]2(C)[C@@H]1CC[C@@H]1[C@@]3(C)CCC(=O)C(C)(C)[C@@H]3CC[C@]12C,CC1=C(C(=O)OCCN(Cc2ccccc2)c2ccccc2)[C@H](c2cccc([N+](=O)[O-])c2)C(P2(=O)OCC(C)(C)CO2)=C(C)N1,stereoisomer,False,"(5R,8R,9R,10R,13R,14R,17S)-17-(5,6-dihydroxy-6-methylhept-1-en-2-yl)-4,4,8,10,14-pentamethyl-1,2,5,6,7,9,11,12,13,15,16,17-dodecahydrocyclopenta[a]phenanthren-3-one","2-(N-benzylanilino)ethyl (4S)-5-(5,5-dimethyl-2-oxo-1,3,2lambda5-dioxaphosphinan-2-yl)-2,6-dimethyl-4-(3-nitrophenyl)-1,4-dihydropyridine-3-carboxylate"
15558376,91850668,C[C@]12CC[C@H]3[C@@H](CC[C@@H]4C[C@@H](O)CC[C@@]43C=O)[C@@]1(O)C[C@H](O)[C@@H]2C1=CC(=O)OC1,CC(O)=N[C@H]1[C@H](O[C@@H]2[C@H](O)[C@H](O[C@H]3[C@H](O)[C@@H](O)[C@H](O)O[C@@H]3CO)O[C@H](CO)[C@H]2O)O[C@H](CO)[C@@H](O)[C@@H]1O,stereoisomer,False,"(3S,5R,8R,9S,10R,13R,14S,16S,17R)-3,14,16-trihydroxy-13-methyl-17-(5-oxo-2H-furan-3-yl)-1,2,3,4,5,6,7,8,9,11,12,15,16,17-tetradecahydrocyclopenta[a]phenanthrene-10-carbaldehyde","N-[(2S,3R,4R,5S,6R)-2-[(2R,3R,4S,5S,6S)-3,5-dihydroxy-2-(hydroxymethyl)-6-[(2R,3S,4R,5R,6R)-4,5,6-trihydroxy-2-(hydroxymethyl)oxan-3-yl]oxyoxan-4-yl]oxy-4,5-dihydroxy-6-(hydroxymethyl)oxan-3-yl]acetamide"
70788977,485154,CC(O)=N[C@@H]1[C@@H](O)[C@H](O[C@@H]2O[C@H](CO[C@]3(C(=O)O)C[C@H](O)[C@@H](N=C(C)O)[C@H]([C@H](O)[C@H](O)CO)O3)[C@H](O)[C@H](O)[C@H]2O)[C@@H](COS(=O)(=O)O)O[C@H]1O,CCCCCCCCCCCCC[C@@H]1CC(O)=N[C@H]([C@@H](C)O)C(O)=N[C@H](C)C(O)=N[C@@H](Cc2ccc(O)cc2)C(O)=N[C@@H](C(C)C)C(=O)N2C[C@H](O)C[C@H]2C(O)=N[C@H]([C@@H](C)O)C(O)=N[C@@H]([C@@H](C)O)C(=O)N2CC[C@H](O)[C@H]2C(O)=N[C@@H]([C@H](O)CC(=N)O)C(O)=NCC(O)=N[C@H]([C@@H](C)O)C(O)=N[C@@H](CCCN)C(=O)O1,stereoisomer,False,"(2R,4S,5R,6R)-5-acetamido-2-[[(2R,3R,4S,5R,6S)-6-[(2R,3S,4R,5R,6R)-5-acetamido-4,6-dihydroxy-2-(sulfooxymethyl)oxan-3-yl]oxy-3,4,5-trihydroxyoxan-2-yl]methoxy]-4-hydroxy-6-[(1R,2R)-1,2,3-trihydroxypropyl]oxane-2-carboxylic acid","(3R)-3-[(3S,6R,9S,11R,15S,18S,21R,24R,28R,31S,34R,40S,43S,44S)-31-(3-aminopropyl)-11,44-dihydroxy-3,6,24,34-tetrakis[(1R)-1-hydroxyethyl]-18-[(4-hydroxyphenyl)methyl]-21-methyl-2,5,8,14,17,20,23,26,30,33,36,39,42-tridecaoxo-15-propan-2-yl-28-tridecyl-29-oxa-1,4,7,13,16,19,22,25,32,35,38,41-dodecazatricyclo[41.3.0.09,13]hexatetracontan-40-yl]-3-hydroxypropanamide"
90657283,9543050,Cc1cn([C@H]2C[C@H](O)[C@@H](COP(=O)([O-])OP(=O)(O)O[C@@H]3CCC(=O)[C@@H](C)O3)O2)c(=O)nc1[O-],CC(C)(COP(=O)(O)OP(=O)(O)OC[C@H]1O[C@@H](n2cnc3c(N)ncnc32)[C@H](O)[C@@H]1OP(=O)(O)O)[C@@H](O)C(O)=NCCC(O)=NCCSC(=O)/C=C/CC(=O)O,stereoisomer,False,"[[(2R,3S,5R)-3-hydroxy-5-(5-methyl-2,4-dioxopyrimidin-1-yl)oxolan-2-yl]methoxy-oxidophosphoryl] [(2R,6R)-6-methyl-5-oxooxan-2-yl] phosphate","(E)-5-[2-[3-[[(2R)-4-[[[(2R,3S,4R,5R)-5-(6-aminopurin-9-yl)-4-hydroxy-3-phosphonooxyoxolan-2-yl]methoxy-hydroxyphosphoryl]oxy-hydroxyphosphoryl]oxy-2-hydroxy-3,3-dimethylbutanoyl]amino]propanoylamino]ethylsulfanyl]-5-oxopent-3-enoic acid"
86289557,71296178,CCCCCCCCCCCCCCCCOC[C@H](COP(=O)([O-])OCC[N+](C)(C)C)OC(=O)CCC(=O)[O-],CC(O)=N[C@@H]1[C@@H](O[C@@H]2O[C@H](CO)[C@H](O)[C@H](O[C@@H]3O[C@H](CO)[C@@H](O[C@@H]4O[C@@H](C)[C@@H](O)[C@@H](O)[C@@H]4O)[C@H](O[C@@H]4O[C@H](CO)[C@H](O)[C@H](O[C@]5(C(=O)O)C[C@H](O)[C@@H](N=C(C)O)[C@H]([C@H](O)[C@H](O)CO)O5)[C@H]4O)[C@H]3N=C(C)O)[C@H]2O)[C@H](O[C@@H]2O[C@@H](C)[C@@H](O)[C@@H](O)[C@@H]2O)[C@@H](CO)O[C@H]1O,stereoisomer,False,4-[(2R)-1-hexadecoxy-3-[oxido-[2-(trimethylazaniumyl)ethoxy]phosphoryl]oxypropan-2-yl]oxy-4-oxobutanoate,"(2S,4S,5R,6R)-5-acetamido-2-[(2R,3R,4S,5S,6R)-2-[(2S,3R,4R,5S,6R)-3-acetamido-2-[(2R,3R,4S,5S,6R)-2-[(2R,3R,4R,5S,6R)-3-acetamido-2-hydroxy-6-(hydroxymethyl)-5-[(2S,3S,4R,5S,6S)-3,4,5-trihydroxy-6-methyloxan-2-yl]oxyoxan-4-yl]oxy-3,5-dihydroxy-6-(hydroxymethyl)oxan-4-yl]oxy-6-(hydroxymethyl)-5-[(2S,3S,4R,5S,6S)-3,4,5-trihydroxy-6-methyloxan-2-yl]oxyoxan-4-yl]oxy-3,5-dihydroxy-6-(hydroxymethyl)oxan-4-yl]oxy-4-hydroxy-6-[(1R,2R)-1,2,3-trihydroxypropyl]oxane-2-carboxylic acid"
24779490,10857031,CCCCCCCCCCCCCC(=O)O[C@H](CO)COP(=O)([O-])OCC[N+](C)(C)C,CC1=C[C@H]2[C@@H](CC1)[C@H](C)CC[C@H]2[C@@H](C)C=O,stereoisomer,False,[(2R)-3-hydroxy-2-tetradecanoyloxypropyl] 2-(trimethylazaniumyl)ethyl phosphate,"(2R)-2-[(1R,4R,4aS,8aS)-4,7-dimethyl-1,2,3,4,4a,5,6,8a-octahydronaphthalen-1-yl]propanal"
53359463,145343771,COc1cc([C@H]2O[C@H](O[C@@H]3O[C@H](CO)[C@@H](O)[C@H](O)[C@H]3O)[C@H]3[C@@H]2CO[C@H]3c2ccc(O)c(OC)c2)ccc1O,O=C[C@H](C[C@@H]1CCN=C1O)N=C(O)[C@H](CC1CCCCC1)N=C(O)c1cc2ccccc2[nH]1,stereoisomer,False,"(2S,3R,4S,5S,6R)-2-[[(3R,3aS,4R,6S,6aR)-3,6-bis(4-hydroxy-3-methoxyphenyl)-1,3,3a,4,6,6a-hexahydrofuro[3,4-c]furan-4-yl]oxy]-6-(hydroxymethyl)oxane-3,4,5-triol",N-[(2S)-3-cyclohexyl-1-oxo-1-[[(2S)-1-oxo-3-[(3S)-2-oxopyrrolidin-3-yl]propan-2-yl]amino]propan-2-yl]-1H-indole-2-carboxamide
72715810,71728374,CCCCCCCCCCCCCCCC(=O)OC[C@H](COP(=O)([O-])OC[C@@H](O)CO)OC(=O)CCCCCCCCCCC,CCCCC/C=C\C/C=C\C/C=C\C/C=C\CCCC(=O)O[C@H](COC(=O)CCCCCCC/C=C\CCCCCCCC)COP(=O)([O-])[O-],stereoisomer,False,"[(2S)-2,3-dihydroxypropyl] [(2R)-2-dodecanoyloxy-3-hexadecanoyloxypropyl] phosphate","[(2R)-2-[(5Z,8Z,11Z,14Z)-icosa-5,8,11,14-tetraenoyl]oxy-3-[(Z)-octadec-9-enoyl]oxypropyl] phosphate"
130418,52923754,O=P(O)(O)OC[C@@H](O)[C@@H](O)[C@H](O)[C@H](O)CO,CCCCC/C=C\C/C=C\CCCCCCCCCC(=O)O[C@H](COCCCCCCCCCCCCCCCC)COP(=O)([O-])OCC[N+](C)(C)C,stereoisomer,False,"[(2R,3R,4R,5R)-2,3,4,5,6-pentahydroxyhexyl] dihydrogen phosphate","[(2R)-3-hexadecoxy-2-[(11Z,14Z)-icosa-11,14-dienoyl]oxypropyl] 2-(trimethylazaniumyl)ethyl phosphate"
71581037,229455,CCCCC/C=C\C/C=C\CCCCCCCC(=O)CC(=O)SCCN=C(O)CCN=C(O)[C@H](O)C(C)(C)COP(=O)(O)OP(=O)(O)OC[C@H]1O[C@@H](n2cnc3c(N)ncnc32)[C@H](O)[C@@H]1OP(=O)(O)O,C[C@]12CC[C@H]3[C@@H](CCC4=CC(=O)CC[C@@H]43)[C@@H]1CC[C@@H]2OC(=O)CCc1ccccc1,stereoisomer,False,"S-[2-[3-[[(2R)-4-[[[(2R,3S,4R,5R)-5-(6-aminopurin-9-yl)-4-hydroxy-3-phosphonooxyoxolan-2-yl]methoxy-hydroxyphosphoryl]oxy-hydroxyphosphoryl]oxy-2-hydroxy-3,3-dimethylbutanoyl]amino]propanoylamino]ethyl] (11Z,14Z)-3-oxoicosa-11,14-dienethioate","[(8R,9S,10R,13S,14S,17S)-13-methyl-3-oxo-2,6,7,8,9,10,11,12,14,15,16,17-dodecahydro-1H-cyclopenta[a]phenanthren-17-yl] 3-phenylpropanoate"
126456457,131708325,C[C@]12CC[C@H]3[C@@H](CCC4=CC(=O)CC[C@@]43C)[C@@H]1CC[C@H]2O[C@@H]1O[C@H](C(=O)[O-])[C@@H](O)[C@H](O)[C@H]1O,O=C(O)C1=C[C@H](O)[C@@H](O)[C@H](O[C@H]2[C@H](O)[C@@H](NS(=O)(=O)O)[C@@H](O[C@@H]3C(C(=O)O)OC(O[C@H]4[C@H](O)[C@@H](NS(=O)(=O)O)[C@@H](O[C@@H]5C(C(=O)O)OC(O[C@H]6[C@H](O)[C@@H](NS(=O)(=O)O)[C@@H](O[C@@H]7C(C(=O)O)OC(O[C@H]8[C@H](O)[C@@H](NS(=O)(=O)O)[C@@H](O)O[C@@H]8CO)[C@H](O)[C@H]7O)O[C@@H]6CO)[C@H](OS(=O)(=O)O)[C@H]5O)O[C@@H]4CO)[C@H](OS(=O)(=O)O)[C@H]3O)O[C@@H]2CO)O1,stereoisomer,False,"(2S,3S,4S,5R,6R)-6-[[(8R,9S,10R,13S,14S,17R)-10,13-dimethyl-3-oxo-1,2,6,7,8,9,11,12,14,15,16,17-dodecahydrocyclopenta[a]phenanthren-17-yl]oxy]-3,4,5-trihydroxyoxane-2-carboxylate","(2R,3R,4S)-2-[(2R,3S,4R,5R,6R)-6-[(3S,4S,5R)-2-carboxy-6-[(2R,3S,4R,5R,6R)-6-[(3S,4S,5R)-2-carboxy-6-[(2R,3S,4R,5R,6R)-6-[(3S,4R,5R)-2-carboxy-6-[(2R,3S,4R,5R,6S)-4,6-dihydroxy-2-(hydroxymethyl)-5-(sulfoamino)oxan-3-yl]oxy-4,5-dihydroxyoxan-3-yl]oxy-4-hydroxy-2-(hydroxymethyl)-5-(sulfoamino)oxan-3-yl]oxy-4-hydroxy-5-sulfooxyoxan-3-yl]oxy-4-hydroxy-2-(hydroxymethyl)-5-(sulfoamino)oxan-3-yl]oxy-4-hydroxy-5-sulfooxyoxan-3-yl]oxy-4-hydroxy-2-(hydroxymethyl)-5-(sulfoamino)oxan-3-yl]oxy-3,4-dihydroxy-3,4-dihydro-2H-pyran-6-carboxylic acid"
132282507,51520704,C[C@@H]1O[C@@H](OCCCCC(=O)[O-])[C@H](O)C[C@H]1O,C=C(C)[C@@H]1Cc2c(ccc3ccc(=O)oc23)O1,stereoisomer,False,"5-[(2R,3R,5R,6S)-3,5-dihydroxy-6-methyloxan-2-yl]oxypentanoate","(8S)-8-prop-1-en-2-yl-8,9-dihydrofuro[2,3-h]chromen-2-one"
480859,443992,COc1c(CC=C(C)C)c(O)cc2c1C[C@H](c1ccc(O)cc1O)CO2,CC(O)=N[C@@H](CCCC(=O)O)C(=O)O,stereoisomer,False,"4-[(3R)-7-hydroxy-5-methoxy-6-(3-methylbut-2-enyl)-3,4-dihydro-2H-chromen-3-yl]benzene-1,3-diol",(2S)-2-acetamidohexanedioic acid
45266800,480872,CC1(C)S[C@H](C(N=C(O)Cc2ccccc2)C(O)=NCCCC[C@@H](N)C(=O)O)N[C@H]1C(=O)O.NCCCC[C@@H](N)C(=O)O,COc1c(CC=C(C)C)c(O)cc2c1[C@@H]1Oc3cc(O)c(CC=C(C)C)cc3[C@@H]1CO2,stereoisomer,False,"(2R,4S)-2-[2-[[(5R)-5-amino-5-carboxypentyl]amino]-2-oxo-1-[(2-phenylacetyl)amino]ethyl]-5,5-dimethyl-1,3-thiazolidine-4-carboxylic acid;(2R)-2,6-diaminohexanoic acid","(6aR,11aR)-1-methoxy-2,8-bis(3-methylbut-2-enyl)-6a,11a-dihydro-6H-[1]benzofuro[3,2-c]chromene-3,9-diol"
86289557,72715788,CCCCCCCCCCCCCCCCOC[C@H](COP(=O)([O-])OCC[N+](C)(C)C)OC(=O)CCC(=O)[O-],CN[C@H](CC(C)C)C(O)=N[C@H]1C(O)=N[C@@H](CC(=[NH2+])O)C(O)=N[C@H]2C(O)=N[C@H]3C(O)=N[C@H](C(O)=N[C@H](C(=O)O)c4cc(O)cc(O)c4-c4cc3ccc4O)[C@H](O)c3ccc(c(Cl)c3)Oc3cc2cc(c3O[C@@H]2O[C@H](CO)[C@@H](O)[C@H](O)[C@H]2O[C@H]2C[C@](C)(N)[C@H](O)[C@H](C)O2)Oc2ccc(cc2Cl)[C@H]1O,stereoisomer,False,4-[(2R)-1-hexadecoxy-3-[oxido-[2-(trimethylazaniumyl)ethoxy]phosphoryl]oxypropan-2-yl]oxy-4-oxobutanoate,"(1S,2R,18R,19R,22S,25R,28R,40S)-22-(2-amino-2-oxoethyl)-48-[(2S,3R,4S,5S,6R)-3-[(2S,4S,5S,6S)-4-azaniumyl-5-hydroxy-4,6-dimethyloxan-2-yl]oxy-4,5-dihydroxy-6-(hydroxymethyl)oxan-2-yl]oxy-5,15-dichloro-2,18,32,35,37-pentahydroxy-19-[[(2R)-4-methyl-2-(methylazaniumyl)pentanoyl]amino]-20,23,26,42,44-pentaoxo-7,13-dioxa-21,24,27,41,43-pentazaoctacyclo[26.14.2.23,6.214,17.18,12.129,33.010,25.034,39]pentaconta-3,5,8(48),9,11,14,16,29(45),30,32,34(39),35,37,46,49-pentadecaene-40-carboxylate"
122196,445282,N[C@@H](Cc1cc(I)c(Oc2ccc(OS(=O)(=O)O)c(I)c2)c(I)c1)C(=O)O,CS(=O)(=O)CC[C@H](N)C(=O)O,stereoisomer,False,"(2S)-2-amino-3-[3,5-diiodo-4-(3-iodo-4-sulfooxyphenoxy)phenyl]propanoic acid",(2S)-2-amino-4-methylsulfonylbutanoic acid
102574038,5281987,C[C@@H](CO)CCC[C@@H](C)[C@H]1CC[C@H]2[C@@H]3CC[C@H]4C[C@@H](O)CC[C@]4(C)[C@H]3CC[C@]12C,C=C1C[C@]23C[C@H]1CC[C@H]2[C@@]12C[C@H](O)[C@H](O)[C@@](C)(C(=O)O1)[C@H]2[C@@H]3C(=O)O,stereoisomer,False,"(3S,5S,8R,9S,10S,13R,14S,17R)-17-[(2R,6R)-7-hydroxy-6-methylheptan-2-yl]-10,13-dimethyl-2,3,4,5,6,7,8,9,11,12,14,15,16,17-tetradecahydro-1H-cyclopenta[a]phenanthren-3-ol","(1R,2R,5R,8R,9S,10R,11S,12R,13S)-12,13-dihydroxy-11-methyl-6-methylidene-16-oxo-15-oxapentacyclo[9.3.2.15,8.01,10.02,8]heptadecane-9-carboxylic acid"
129011070,71581223,C[C@]12CCC(=O)C[C@@H]1CC[C@@H]1[C@@H]2CC[C@]2(CO)[C@@H](O)CC[C@@H]12,CC/C=C\C/C=C\C/C=C\C/C=C\C/C=C\CCCCCCCCCCCCCCCCCC(=O)SCCN=C(O)CCN=C(O)[C@H](O)C(C)(C)COP(=O)(O)OP(=O)(O)OC[C@H]1O[C@@H](n2cnc3c(N)ncnc32)[C@H](O)[C@@H]1OP(=O)(O)O,stereoisomer,False,"(5S,8R,9S,10S,13S,14S,17S)-17-hydroxy-13-(hydroxymethyl)-10-methyl-1,2,4,5,6,7,8,9,11,12,14,15,16,17-tetradecahydrocyclopenta[a]phenanthren-3-one","S-[2-[3-[[(2R)-4-[[[(2R,3S,4R,5R)-5-(6-aminopurin-9-yl)-4-hydroxy-3-phosphonooxyoxolan-2-yl]methoxy-hydroxyphosphoryl]oxy-hydroxyphosphoryl]oxy-2-hydroxy-3,3-dimethylbutanoyl]amino]propanoylamino]ethyl] (19Z,22Z,25Z,28Z,31Z)-tetratriaconta-19,22,25,28,31-pentaenethioate"
10366522,135398667,Cc1c(O)c(O)cc2c1C=C[C@]1(C)C2=CC[C@@]2(C)[C@@H]3C[C@](C)(C(=O)O)CC[C@]3(C)CC[C@@]21C,O=P(O)(O)OP(=O)(O)OC[C@H]1O[C@@H](n2cnc3c(O)ncnc32)C[C@@H]1O,stereoisomer,False,"(2R,4aS,6aS,6bS,14aS,14bR)-10,11-dihydroxy-2,4a,6a,6b,9,14a-hexamethyl-3,4,5,6,14,14b-hexahydro-1H-picene-2-carboxylic acid","[(2R,3S,5R)-3-hydroxy-5-(6-oxo-1H-purin-9-yl)oxolan-2-yl]methyl phosphono hydrogen phosphate"
2097,92136117,C=C(C)CNc1ccc(C(C)C(=O)O)cc1,O=C(O)[C@H](O)[C@@H](O)[C@H](O)[C@H](O)CS(=O)(=O)O,substitution,False,2-[4-(2-methylprop-2-enylamino)phenyl]propanoic acid,"(2R,3S,4S,5S)-2,3,4,5-tetrahydroxy-6-sulfohexanoic acid"
441203,151927,N.N.[Cl-].[Cl-].[Pt+4],C[N+](C)(C)CCP(=O)(O)O,substitution,False,azane;dichloroplatinum(2+),trimethyl(2-phosphonoethyl)azanium
91861779,71581037,CC(O)=N[C@H]1[C@H](OC[C@H]2O[C@@H](O[C@H]3[C@@H](O)[C@@H](CO)OC(O)[C@@H]3O)[C@H](N=C(C)O)[C@@H](O[C@@H]3O[C@H](CO)[C@H](O)[C@H](O)[C@H]3O)[C@H]2O)O[C@H](CO)[C@@H](O)[C@@H]1O,CCCCC/C=C\C/C=C\CCCCCCCC(=O)CC(=O)SCCN=C(O)CCN=C(O)[C@H](O)C(C)(C)COP(=O)(O)OP(=O)(O)OC[C@H]1O[C@@H](n2cnc3c(N)ncnc32)[C@H](O)[C@@H]1OP(=O)(O)O,substitution,False,"N-[(2R,3R,4R,5S,6R)-2-[[(2R,3R,4R,5R,6S)-5-acetamido-3-hydroxy-4-[(2R,3R,4S,5R,6R)-3,4,5-trihydroxy-6-(hydroxymethyl)oxan-2-yl]oxy-6-[(3R,4S,5S,6R)-2,3,5-trihydroxy-6-(hydroxymethyl)oxan-4-yl]oxyoxan-2-yl]methoxy]-4,5-dihydroxy-6-(hydroxymethyl)oxan-3-yl]acetamide","S-[2-[3-[[(2R)-4-[[[(2R,3S,4R,5R)-5-(6-aminopurin-9-yl)-4-hydroxy-3-phosphonooxyoxolan-2-yl]methoxy-hydroxyphosphoryl]oxy-hydroxyphosphoryl]oxy-2-hydroxy-3,3-dimethylbutanoyl]amino]propanoylamino]ethyl] (11Z,14Z)-3-oxoicosa-11,14-dienethioate"
611,964,NC(CCC(=O)O)C(=O)O,O=C(O)C(=O)CO,substitution,False,2-aminopentanedioic acid,3-hydroxy-2-oxopropanoic acid
5315318,52923465,COC1=C(C)C2=C(C(=O)C1(C)C)[C@H](C(C)C)c1c(c(C)c(O)c3c1O[C@H](c1ccccc1)CC3=O)O2,CCCCCCCCCCCCCCCCCCCCCC(=O)OC[C@H](COP(=O)([O-])OCC[N+](C)(C)C)OC(=O)CCCCCCCCCCCCCCCCCCC,substitution,False,"(2S,12R)-5-hydroxy-9-methoxy-6,8,10,10-tetramethyl-2-phenyl-12-propan-2-yl-3,12-dihydro-2H-pyrano[2,3-a]xanthene-4,11-dione",[(2R)-3-docosanoyloxy-2-icosanoyloxypropyl] 2-(trimethylazaniumyl)ethyl phosphate
24755502,637497,O=C([O-])[C@H](O)[C@@H](O)C(=O)O,C[C@@H](O)CCO,substitution,False,"(2R,3R)-2,3,4-trihydroxy-4-oxobutanoate","(3R)-butane-1,3-diol"
9839519,20849232,COc1cc(COC(=O)CCCC/C=C/C(C)C)ccc1O,CCCCC[C@H](O)/C=C/C=C\C=C\C=C\[C@@H](O)[C@@H](O)CCCC(=O)[O-],substitution,False,(4-hydroxy-3-methoxyphenyl)methyl (E)-8-methylnon-6-enoate,"(5S,6R,7E,9E,11Z,13E,15S)-5,6,15-trihydroxyicosa-7,9,11,13-tetraenoate"
6857396,86289327,CC([O-])=N[C@H]1[C@H]([C@H](O)[C@H](O)CO)OC(O)(C(=O)O)C[C@@H]1O,CCCCCCCCCCCCCCCCOC[C@H](COC(=O)CCCCCCC)OC(C)=O,substitution,False,"(4S,5R,6R)-5-acetamido-2,4-dihydroxy-6-[(1R,2R)-1,2,3-trihydroxypropyl]oxane-2-carboxylate",[(2R)-2-acetyloxy-3-hexadecoxypropyl] octanoate
5280533,69212,CC(C)/C(=C/C(=O)O)C(=O)O,CC1=CC(=O)C(=O)C=C1O,substitution,False,(Z)-2-propan-2-ylbut-2-enedioic acid,"4-hydroxy-5-methylcyclohexa-3,5-diene-1,2-dione"
86583476,56927956,CCCCCCCCCCCCC/C=C/[C@@H](O)[C@@H]([NH3+])CO[C@@H]1O[C@H](CO)[C@@H](O)[C@H](O)[C@H]1O,Nc1c(S(=O)(=O)[O-])cc(Nc2ccc(S(=O)(=O)[O-])c(N=c3[nH]c(Cl)nc(=Nc4cccc(S(=O)(=O)[O-])c4)[nH]3)c2)c2c1C(O)c1ccccc1C2O,substitution,False,"[(E,2S,3R)-3-hydroxy-1-[(2R,3R,4S,5S,6R)-3,4,5-trihydroxy-6-(hydroxymethyl)oxan-2-yl]oxyoctadec-4-en-2-yl]azanium","1-amino-4-[3-[[4-chloro-6-(3-sulfonatoanilino)-1,3,5-triazin-2-yl]amino]-4-sulfonatoanilino]-9,10-dihydroxy-9,10-dihydroanthracene-2-sulfonate"
86289136,439507,CO[C@H]1[C@H](C)O[C@H](OP(=O)(O)OP(=O)([O-])OC[C@H]2O[C@@H](n3cc(C)c([O-])nc3=O)C[C@@H]2O)C[C@]1(C)NO,OC[C@H]1OC(O)[C@H](O)[C@H](O)[C@@H]1O,substitution,False,"[(2R,4S,5R,6S)-4-(hydroxyamino)-5-methoxy-4,6-dimethyloxan-2-yl] [[(2R,3S,5R)-3-hydroxy-5-(5-methyl-2,4-dioxopyrimidin-1-yl)oxolan-2-yl]methoxy-oxidophosphoryl] phosphate","(3R,4R,5S,6R)-6-(hydroxymethyl)oxane-2,3,4,5-tetrol"
25201322,119444,CC(O)=N[C@@H]1[C@@H](O)[C@H](O)[C@@H](CO)O[C@H]1N=C(O)C[C@H](N)C(=O)O,C[C@@H]1C(=O)O[C@H](C)[C@H]1C[C@@H](O)[C@](C)(O)[C@H]1CC[C@@]2(O)C3=CC(=O)[C@@H]4C[C@@H](O)[C@@H](O)C[C@]4(C)[C@H]3CC[C@]12C,substitution,False,"(2S)-4-[[(2R,3R,4R,5S,6R)-3-acetamido-4,5-dihydroxy-6-(hydroxymethyl)oxan-2-yl]amino]-2-azaniumyl-4-oxobutanoate","(3S,4S,5R)-4-[(2R,3R)-2,3-dihydroxy-3-[(2S,3R,5R,9R,10R,13R,14S,17S)-2,3,14-trihydroxy-10,13-dimethyl-6-oxo-2,3,4,5,9,11,12,15,16,17-decahydro-1H-cyclopenta[a]phenanthren-17-yl]butyl]-3,5-dimethyloxolan-2-one"
5460887,71581123,N[C@@H](CCC(O)=N[C@@H](CSCCO)C(O)=NCC(=O)O)C(=O)O,CCCCCCCC/C=C\CCCCCCCCCCCCCCCC(=O)SCCN=C([O-])CCN=C([O-])[C@H](O)C(C)(C)COP(=O)(O)OP(=O)(O)OC[C@H]1O[C@@H](n2cnc3c(N)ncnc32)[C@H](O)[C@@H]1OP(=O)([O-])[O-],substitution,False,(2S)-2-amino-5-[[(2R)-1-(carboxymethylamino)-3-(2-hydroxyethylsulfanyl)-1-oxopropan-2-yl]amino]-5-oxopentanoic acid,"[(2R,3S,4R,5R)-5-(6-aminopurin-9-yl)-2-[[[[(3R)-4-[[3-[2-[(Z)-hexacos-17-enoyl]sulfanylethylamino]-3-oxopropyl]amino]-3-hydroxy-2,2-dimethyl-4-oxobutoxy]-oxidophosphoryl]oxy-oxidophosphoryl]oxymethyl]-4-hydroxyoxolan-3-yl] phosphate"
6420241,5459389,CCCCCCCC/C=C\CCCCCCCC#N,CCCCCCCCCCCCC/C=C/[C@@H](O)[C@H](CO[C@@H]1O[C@H](CO)[C@H](O)[C@H](OS(=O)(=O)O)[C@H]1O)N=C(O)[C@H](O)CCCCCCCCCCCCCCCCCCCCCC,substitution,False,(Z)-octadec-9-enenitrile,"[(2R,3R,4S,5S,6R)-3,5-dihydroxy-2-[(E,2S,3R)-3-hydroxy-2-[[(2R)-2-hydroxytetracosanoyl]amino]octadec-4-enoxy]-6-(hydroxymethyl)oxan-4-yl] hydrogen sulfate"
76962957,108185,CC(C)[C@@]1(C)NC(c2nc3ccccc3cc2C(=O)O)=NC1=O.N,CCCCc1nc(Cl)c(C(=O)O)n1Cc1ccc(-c2ccccc2-c2nn[nH]n2)cc1,substitution,False,azanium;2-[(4R)-4-methyl-5-oxo-4-propan-2-yl-1H-imidazol-2-yl]quinoline-3-carboxylate,2-butyl-5-chloro-3-[[4-[2-(2H-tetrazol-5-yl)phenyl]phenyl]methyl]imidazole-4-carboxylic acid
52924172,84951,CCCCCCCCCCCCCCCCCCCCCC(=O)O[C@H](COC(=O)CCCCCCCCCCCCCC)COP(=O)(O)OCCN,O=C(COP(=O)(O)O)[C@@H](O)[C@H](O)[C@H](O)COP(=O)(O)O,substitution,False,[(2R)-1-[2-aminoethoxy(hydroxy)phosphoryl]oxy-3-pentadecanoyloxypropan-2-yl] docosanoate,"[(2R,3R,4S)-2,3,4-trihydroxy-5-oxo-6-phosphonooxyhexyl] dihydrogen phosphate"
86289881,56927987,C[C@H](CCCCCCCCCCCC(=O)O[C@@H]1O[C@H](CO)[C@@H](O)[C@H](O)[C@H]1O)O[C@@H]1O[C@@H](C)[C@H](O)C[C@H]1O,CC(C)(C)C(=O)O.CCN,substitution,False,"[(2S,3R,4S,5S,6R)-3,4,5-trihydroxy-6-(hydroxymethyl)oxan-2-yl] (13R)-13-[(2R,3R,5R,6S)-3,5-dihydroxy-6-methyloxan-2-yl]oxytetradecanoate","2,2-dimethylpropanoate;ethylazanium"
2911,21625899,OC(CCN1CCCCC1)(c1ccccc1)C1CCCC1,CC(C)(O)[C@@H]1CC[C@@](C)([C@H]2CC[C@]3(C)[C@@H]2CC[C@@H]2[C@@]4(C)CC[C@@H](O)C(C)(C)[C@@H]4CC[C@]23C)O1,substitution,False,1-cyclopentyl-1-phenyl-3-piperidin-1-ylpropan-1-ol,"(3R,5R,8R,9R,10R,13R,14R,17S)-17-[(2S,5S)-5-(2-hydroxypropan-2-yl)-2-methyloxolan-2-yl]-4,4,8,10,14-pentamethyl-2,3,5,6,7,9,11,12,13,15,16,17-dodecahydro-1H-cyclopenta[a]phenanthren-3-ol"
444234,2266,c1c[nH+]c[nH]1,O=C(O)CCCCCCCC(=O)O,substitution,False,1H-imidazol-3-ium,nonanedioic acid
521280,9543859,CC(C)C(O)CO,CCCCC/C=C\C/C=C\C/C=C\C/C=C\CCCCCC(=O)O[C@@H](CO)COC(=O)CCCCCCCCCCCCCCCCC,substitution,False,"3-methylbutane-1,2-diol","[(2S)-1-hydroxy-3-octadecanoyloxypropan-2-yl] (7Z,10Z,13Z,16Z)-docosa-7,10,13,16-tetraenoate"
439268,11638,OC[C@H]1OC(O)C[C@@H](O)[C@@H]1O,CF,substitution,False,"(4R,5S,6R)-6-(hydroxymethyl)oxane-2,4,5-triol",fluoromethane
56927828,70698213,CC1(C)[C@H]2CC[C@]1(C)[C@H](OP(=O)(O)OP(=O)(O)O)C2,CC(C)=C[C@H]1C[C@@H]([C@@H]2CC[C@]3(C)C4=CC[C@H]5C(C)(C)C(=O)CC[C@]5(C)[C@H]4CC[C@@]23C)CO1,substitution,False,"phosphono [(1S,2R,4S)-1,7,7-trimethyl-2-bicyclo[2.2.1]heptanyl] hydrogen phosphate","(5R,9R,10R,13S,14S,17S)-4,4,10,13,14-pentamethyl-17-[(3S,5R)-5-(2-methylprop-1-enyl)oxolan-3-yl]-1,2,5,6,9,11,12,15,16,17-decahydrocyclopenta[a]phenanthren-3-one"
24906329,10105842,CCCCCCCCCCCCCCCC(O)CC(=O)SCCN=C(O)CCN=C(O)[C@H](O)C(C)(C)COP(=O)(O)OP(=O)(O)OC[C@H]1O[C@@H](n2cnc3c(N)ncnc32)[C@H](O)[C@@H]1OP(=O)(O)O,CSc1ncc(C[C@@H](C(=O)[O-])[N+](C)(C)C)[nH]1,substitution,False,"S-[2-[3-[[(2R)-4-[[[(2R,3S,4R,5R)-5-(6-aminopurin-9-yl)-4-hydroxy-3-phosphonooxyoxolan-2-yl]methoxy-hydroxyphosphoryl]oxy-hydroxyphosphoryl]oxy-2-hydroxy-3,3-dimethylbutanoyl]amino]propanoylamino]ethyl] 3-hydroxyoctadecanethioate",(2S)-3-(2-methylsulfanyl-1H-imidazol-5-yl)-2-(trimethylazaniumyl)propanoate
5288907,91846847,CC(O)=N[C@@H]1[C@@H](O[C@@H]2O[C@H](C(=O)O)[C@@H](O)[C@H](O)[C@H]2O)[C@H](O)[C@@H](CO)O[C@H]1O,C[C@@H]1O[C@@H](O[C@@H]2[C@@H](O)[C@H](O[C@@H]3O[C@H](CO)[C@H](O)[C@H](O)[C@H]3O)[C@@H](CO)O[C@@H]2O)[C@@H](O)[C@H](O)[C@@H]1O,substitution,False,"(2S,3S,4S,5R,6R)-6-[(2R,3R,4R,5S,6R)-3-acetamido-2,5-dihydroxy-6-(hydroxymethyl)oxan-4-yl]oxy-3,4,5-trihydroxyoxane-2-carboxylic acid","(2S,3S,4R,5S,6S)-2-[(2S,3R,4S,5S,6R)-2,4-dihydroxy-6-(hydroxymethyl)-5-[(2S,3R,4S,5R,6R)-3,4,5-trihydroxy-6-(hydroxymethyl)oxan-2-yl]oxyoxan-3-yl]oxy-6-methyloxane-3,4,5-triol"
6323266,20849025,N=C1CCCN1Cc1nc(O)nc(O)c1Cl,CC(C)CC([O-])=NCC(=O)O,substitution,False,"5-chloro-6-[(2-iminopyrrolidin-1-yl)methyl]-1H-pyrimidine-2,4-dione",2-(3-methylbutanoylamino)acetate
10363838,11796121,N=C(O)CC[C@H](N=C(O)[C@H](CCC(=O)O)N=C(O)[C@@H](N)CCC(=O)O)C(=O)O,C[C@H]1[C@@H](OS(=O)(=O)O)C[C@@H]2C[C@H]([C@@H](O)c3cc(=O)[n-]c(O)n3)NC3=[NH+]C[C@H]1N32,substitution,False,(4S)-4-amino-5-[[(2S)-1-[[(1S)-4-amino-1-carboxy-4-oxobutyl]amino]-4-carboxy-1-oxobutan-2-yl]amino]-5-oxopentanoic acid,"[(4S,5R,6S,8S,10R)-10-[(R)-(2,4-dioxo-1H-pyrimidin-6-yl)-hydroxymethyl]-5-methyl-2,11-diaza-12-azoniatricyclo[6.3.1.04,12]dodec-1(12)-en-6-yl] sulfate"
3858,137333836,O=C(O)CC(Cc1ccccc1)C(=O)O,CCCCCCCC/C=C\CCCCCCC(O)C(=O)[O-],substitution,False,2-benzylbutanedioic acid,(Z)-2-hydroxyoctadec-9-enoate
49852310,14136881,CCCCCCCCCCCCCCCC(=O)[C@@H]([NH3+])CO,C[C@H]1[C@H](C)CC[C@]2(C(=O)O)CC[C@]3(C)C(=CC[C@@H]4[C@@]5(C)CC[C@H](O)[C@@](C)(CO)[C@@H]5CC[C@]43C)[C@H]12,substitution,False,[(2S)-1-hydroxy-3-oxooctadecan-2-yl]azanium,"(1S,2R,4aS,6aR,6aS,6bR,8aR,9R,10S,12aR,14bS)-10-hydroxy-9-(hydroxymethyl)-1,2,6a,6b,9,12a-hexamethyl-2,3,4,5,6,6a,7,8,8a,10,11,12,13,14b-tetradecahydro-1H-picene-4a-carboxylic acid"
91859299,44567151,C[C@@H]1O[C@@H](O[C@H]2[C@H](O)[C@@H](O)[C@@H](O)O[C@@H]2CO)[C@@H](O)[C@H](O)[C@@H]1O,C=C1CC[C@H]2C(C)(C)[C@@H](O)CC[C@]2(C)[C@H]1CC[C@H]1C(C)=CC[C@H]2C(C)(C)[C@@H](O)CC[C@]12C,substitution,False,"(2S,3S,4R,5S,6S)-2-methyl-6-[(2R,3S,4R,5R,6S)-4,5,6-trihydroxy-2-(hydroxymethyl)oxan-3-yl]oxyoxane-3,4,5-triol","(2S,4aR,5S,8aR)-5-[2-[(1S,4aR,6S,8aR)-6-hydroxy-5,5,8a-trimethyl-2-methylidene-3,4,4a,6,7,8-hexahydro-1H-naphthalen-1-yl]ethyl]-1,1,4a,6-tetramethyl-2,3,4,5,8,8a-hexahydronaphthalen-2-ol"
121871,52921817,CC(C)(CCCCCCCCCCC(C)(C)CC(=O)O)CC(=O)O,CC/C=C\C/C=C\C/C=C\C/C=C\C/C=C\C/C=C\CCCCCCCCCCCCCCC(=O)O,substitution,False,"3,3,14,14-tetramethylhexadecanedioic acid","(16Z,19Z,22Z,25Z,28Z,31Z)-tetratriaconta-16,19,22,25,28,31-hexaenoic acid"
54672239,70678695,C/C=C/C1=CC2=CC(=O)[C@@](C)(OC(=O)c3c(C)cc(O)cc3O)C(=O)[C@@]2(O)CO1,C[C@@H]1O[C@@H](O[C@H]2[C@H](O[C@H]3[C@H](O)[C@@H](O)C(O)O[C@@H]3CO)O[C@H](COS(=O)(=O)O)[C@H](O)[C@@H]2O)[C@@H](O)[C@H](O)[C@@H]1O,substitution,False,"[(7R,8aS)-8a-hydroxy-7-methyl-6,8-dioxo-3-[(E)-prop-1-enyl]-1H-isochromen-7-yl] 2,4-dihydroxy-6-methylbenzoate","[(2R,3R,4S,5R,6S)-3,4-dihydroxy-6-[(2R,3S,4R,5R)-4,5,6-trihydroxy-2-(hydroxymethyl)oxan-3-yl]oxy-5-[(2S,3S,4R,5S,6S)-3,4,5-trihydroxy-6-methyloxan-2-yl]oxyoxan-2-yl]methyl hydrogen sulfate"
103996,6536774,CC(O)=Nc1ccc(Cl)c(N)c1,CC[N+](C)(C/C=C/C1=C(C(=O)[O-])N2C(=O)[C@@H](N=C(O)/C(=N\OCF)c3nc(=N)s[nH]3)[C@H]2SC1)CC(=N)O,substitution,False,N-(3-amino-4-chlorophenyl)acetamide,"(6R,7R)-3-[(E)-3-[(2-amino-2-oxoethyl)-ethyl-methylazaniumyl]prop-1-enyl]-7-[[(2Z)-2-(5-amino-1,2,4-thiadiazol-3-yl)-2-(fluoromethoxyimino)acetyl]amino]-8-oxo-5-thia-1-azabicyclo[4.2.0]oct-2-ene-2-carboxylate"
71768108,56927974,O=C(O)[C@@H]1C[C@H](O[C@H]2O[C@@H](CO)[C@H](O)[C@H]2O[C@H]2O[C@@H](CO)[C@H](O)[C@H]2O[C@H]2O[C@@H](CO)[C@H](O)[C@H]2O)CN1,CC(C)=CCC[C@@H](C)[C@H]1CC[C@H]2C3=C(CC[C@]12C)[C@@]1(C)CC[C@H](O)C(C(=O)O)[C@@H]1CC3,substitution,False,"(2S,4S)-4-[(2S,3R,4S,5S)-3-[(2R,3R,4S,5S)-3-[(2R,3R,4R,5S)-3,4-dihydroxy-5-(hydroxymethyl)oxolan-2-yl]oxy-4-hydroxy-5-(hydroxymethyl)oxolan-2-yl]oxy-4-hydroxy-5-(hydroxymethyl)oxolan-2-yl]oxypyrrolidin-1-ium-2-carboxylate","(3S,5S,10S,13R,14R,17R)-3-hydroxy-10,13-dimethyl-17-[(2R)-6-methylhept-5-en-2-yl]-2,3,4,5,6,7,11,12,14,15,16,17-dodecahydro-1H-cyclopenta[a]phenanthrene-4-carboxylic acid"
568153,6009,CCCCCCCCCCCCCCCC1OC(C)C(C)O1,Cc1c(N(C)C)c(=O)n(-c2ccccc2)n1C,substitution,False,"4,5-dimethyl-2-pentadecyl-1,3-dioxolane","4-(dimethylamino)-1,5-dimethyl-2-phenylpyrazol-3-one"
49800068,135398513,C=C1/C(=C\C=C2/CCC[C@]3(C)[C@@H]([C@H](C)/C=C/[C@@H](O)C4CC4)CC[C@@H]23)C[C@@H](O)C[C@@H]1O.O,N=c1nc(O)c2ncn(COCCO)c2[nH]1,substitution,False,"(1R,3S,5Z)-5-[(2E)-2-[(1R,3aS,7aR)-1-[(E,2R,5S)-5-cyclopropyl-5-hydroxypent-3-en-2-yl]-7a-methyl-2,3,3a,5,6,7-hexahydro-1H-inden-4-ylidene]ethylidene]-4-methylidenecyclohexane-1,3-diol;hydrate",2-amino-9-(2-hydroxyethoxymethyl)-1H-purin-6-one
53462,91845897,Cn1c(=N)[nH]c2c3cccnc3ccc21,CC(O)=N[C@H]1[C@@H](O[C@H]2[C@@H](O)[C@@H](CO)O[C@@H](O[C@H]3[C@H](O)[C@@H](CO)O[C@@H](O[C@H]4[C@@H](O)[C@@H](CO)O[C@@H](O[C@H]5[C@H](O)[C@@H](O)C(O)O[C@@H]5CO)[C@@H]4O)[C@@H]3N=C(C)O)[C@@H]2O)O[C@H](CO)[C@H](O)[C@@H]1O,substitution,False,"3-methylimidazo[4,5-f]quinolin-2-amine","N-[(2R,3R,4R,5R,6R)-2-[(2R,3R,4S,5S,6R)-2-[(2S,3R,4R,5S,6R)-3-acetamido-2-[(2R,3S,4S,5R,6S)-3,5-dihydroxy-2-(hydroxymethyl)-6-[(2R,3S,4R,5R)-4,5,6-trihydroxy-2-(hydroxymethyl)oxan-3-yl]oxyoxan-4-yl]oxy-5-hydroxy-6-(hydroxymethyl)oxan-4-yl]oxy-3,5-dihydroxy-6-(hydroxymethyl)oxan-4-yl]oxy-4,5-dihydroxy-6-(hydroxymethyl)oxan-3-yl]acetamide"
9830520,440834,CO/N=C(\C(O)=N[C@@H]1C(=O)N2C(C(=O)O)=C(Cn3ccc(=N)n3CCO)CS[C@H]12)c1csc(=N)[nH]1,Oc1cc(O)c2c(c1)O[C@H](c1ccc(O)c(O)c1)CC2O,substitution,False,"(6R,7R)-7-[[(2Z)-2-(2-amino-1,3-thiazol-4-yl)-2-methoxyiminoacetyl]amino]-3-[[2-(2-hydroxyethyl)-3-iminopyrazol-1-yl]methyl]-8-oxo-5-thia-1-azabicyclo[4.2.0]oct-2-ene-2-carboxylic acid","(2S)-2-(3,4-dihydroxyphenyl)-3,4-dihydro-2H-chromene-4,5,7-triol"
91861401,5460197,CC(O)=N[C@@H]1[C@@H](O)[C@H](O[C@@H]2O[C@H](CO)[C@@H](O)[C@H](O)[C@H]2O)[C@@H](CO)O[C@H]1O,CC(N)C(=O)CCCCCC(=O)[O-],substitution,False,"N-[(2R,3R,4R,5S,6R)-2,4-dihydroxy-6-(hydroxymethyl)-5-[(2S,3R,4S,5S,6R)-3,4,5-trihydroxy-6-(hydroxymethyl)oxan-2-yl]oxyoxan-3-yl]acetamide",8-amino-7-oxononanoate
6918933,70678811,COc1cccc([C@@]2(O)CCCC[C@@H]2C[NH+](C)C)c1,CCCCCCCCCCCCCCC[C@@H](O)C[NH3+],substitution,False,"[(1R,2R)-2-hydroxy-2-(3-methoxyphenyl)cyclohexyl]methyl-dimethylazanium",[(2R)-2-hydroxyheptadecyl]azanium
5312351,9727,CCCCC/C=C\CCC(=O)O,CNCCc1ccc(O)cc1,substitution,False,(Z)-dec-4-enoic acid,4-[2-(methylamino)ethyl]phenol
516951,11494158,O=P([O-])(O)O.[K+],O=C(O)CCCC#CC#CCCCCCCCCCCCc1ccco1,substitution,False,potassium;dihydrogen phosphate,"19-(furan-2-yl)nonadeca-5,7-diynoic acid"
9875401,91826582,O=C(NC[C@H]1CN(c2ccc(N3CCOCC3=O)cc2)C(=O)O1)c1ccc(Cl)s1,CCCCCCCCCCCCCCCC(=O)O[C@H](CCCCCCCCCCC)CC(O)=N[C@H]1[C@@H](OP(=O)(O)O[C@H]2OC[C@H](N)[C@H](O)[C@H]2O)O[C@H](CO[C@@H]2O[C@H](CO)[C@@H](OP(=O)(O)O)[C@H](OC(=O)C[C@H](O)CCCCCCCCCCC)[C@H]2N=C(O)C[C@H](O)CCCCCCCCCCC)[C@@H](O)[C@@H]1OC(=O)C[C@H](O)CCCCCCCCCCC,substitution,False,"5-chloro-N-[[(5S)-2-oxo-3-[4-(3-oxomorpholin-4-yl)phenyl]-1,3-oxazolidin-5-yl]methyl]thiophene-2-carboxamide","[(3R)-1-[[(2R,3R,4R,5S,6R)-2-[[(2R,3R,4S,5S)-5-amino-3,4-dihydroxyoxan-2-yl]oxy-hydroxyphosphoryl]oxy-5-hydroxy-6-[[(2R,3R,4R,5S,6R)-6-(hydroxymethyl)-3-[[(3R)-3-hydroxytetradecanoyl]amino]-4-[(3R)-3-hydroxytetradecanoyl]oxy-5-phosphonooxyoxan-2-yl]oxymethyl]-4-[(3R)-3-hydroxytetradecanoyl]oxyoxan-3-yl]amino]-1-oxotetradecan-3-yl] hexadecanoate"
122724,3350112,CC1=C(O)C(=O)C=C2C1=CC=C1[C@@]2(C)CC[C@@]2(C)[C@@H]3C[C@](C)(C(=O)O)CC[C@]3(C)CC[C@]12C,Cc1cnc2c(c1)CCc1cc(Cl)ccc1C2=C1CCN(C(=O)Cc2ccncc2)CC1,substitution,False,"(2R,4aS,6aR,6aS,14aS,14bR)-10-hydroxy-2,4a,6a,6a,9,14a-hexamethyl-11-oxo-1,3,4,5,6,13,14,14b-octahydropicene-2-carboxylic acid","1-[4-(13-chloro-6-methyl-4-azatricyclo[9.4.0.03,8]pentadeca-1(11),3(8),4,6,12,14-hexaen-2-ylidene)piperidin-1-yl]-2-pyridin-4-ylethanone"
122164861,5651756,CC(C)=CCC/C(C)=C/CC/C(C)=C/CC/C(C)=C\CC/C(C)=C\CC/C(C)=C\CC/C(C)=C\CC/C(C)=C\CC/C(C)=C\CC/C(C)=C\CC/C(C)=C\COP(=O)([O-])OP(=O)(O)O[C@H]1O[C@H](CO)[C@@H](O)[C@H](O[C@H]2O[C@H](CO)[C@H](O)[C@H](O)[C@H]2O)[C@H]1N=C(C)[O-],O=C(O)CN=C([O-])/C=C/c1ccccc1,substitution,False,"[(2R,3R,4R,5S,6R)-3-acetamido-5-hydroxy-6-(hydroxymethyl)-4-[(2S,3R,4S,5R,6R)-3,4,5-trihydroxy-6-(hydroxymethyl)oxan-2-yl]oxyoxan-2-yl] [oxido-[(2Z,6Z,10Z,14Z,18Z,22Z,26Z,30Z,34E,38E)-3,7,11,15,19,23,27,31,35,39,43-undecamethyltetratetraconta-2,6,10,14,18,22,26,30,34,38,42-undecaenoxy]phosphoryl] phosphate",2-[[(E)-3-phenylprop-2-enoyl]amino]acetate
9863607,8063,C/C1=C\CC(C)(C)/C=C/C[C@@]2(C)OC3=C(O)C(=O)[C@H]4CO[C@H]([C@@H]34)[C@@H]2CC1,CCCCC=O,substitution,False,"(1S,2S,5E,9E,12R,17R,20S)-15-hydroxy-5,8,8,12-tetramethyl-13,19-dioxatetracyclo[12.5.1.02,12.017,20]icosa-5,9,14-trien-16-one",pentanal
25240373,9543177,CCCCC/C=C\C/C=C\CCCCCCCC(=O)OC[C@@H](COC(=O)CCCCCCC/C=C\CCCCCCCC)OC(=O)CCCCCCC/C=C\C/C=C\CCCCC,CC(O)=Nc1cc(N)c(C)c([N+](=O)[O-])c1,substitution,False,"[(2R)-2,3-bis[[(9Z,12Z)-octadeca-9,12-dienoyl]oxy]propyl] (Z)-octadec-9-enoate",N-(3-amino-4-methyl-5-nitrophenyl)acetamide
64961,9839519,c1ccc2c(c1)[nH]c1cnccc12,COc1cc(COC(=O)CCCC/C=C/C(C)C)ccc1O,substitution,False,"9H-pyrido[3,4-b]indole",(4-hydroxy-3-methoxyphenyl)methyl (E)-8-methylnon-6-enoate
6971029,36324,Nc1ccccc1C(=O)C[C@H](N)C(=O)O,Cc1ccc(N=CN(C)C=Nc2ccc(C)cc2C)c(C)c1,substitution,False,(2S)-4-(2-aminophenyl)-2-azaniumyl-4-oxobutanoate,"N'-(2,4-dimethylphenyl)-N-[(2,4-dimethylphenyl)iminomethyl]-N-methylmethanimidamide"
45480569,36324,CC(O)=N[C@@H]1[C@@H](O[C@@H]2O[C@H](CO)[C@H](O)[C@H](O)[C@H]2O[C@@H]2O[C@@H](C)[C@@H](O)[C@@H](O)[C@@H]2O)[C@H](O[C@@H]2O[C@@H](C)[C@@H](O)[C@@H](O)[C@@H]2O)[C@@H](CO)O[C@H]1O,Cc1ccc(N=CN(C)C=Nc2ccc(C)cc2C)c(C)c1,substitution,False,"N-[(2R,3R,4R,5S,6R)-4-[(2R,3R,4S,5R,6R)-4,5-dihydroxy-6-(hydroxymethyl)-3-[(2S,3S,4R,5S,6S)-3,4,5-trihydroxy-6-methyloxan-2-yl]oxyoxan-2-yl]oxy-2-hydroxy-6-(hydroxymethyl)-5-[(2S,3S,4R,5S,6S)-3,4,5-trihydroxy-6-methyloxan-2-yl]oxyoxan-3-yl]acetamide","N'-(2,4-dimethylphenyl)-N-[(2,4-dimethylphenyl)iminomethyl]-N-methylmethanimidamide"
9917420,124693,C/C(=C\C(=O)OCCCCCCCC(O)=Nc1c(O)nc2cssc1-2)[C@@H](O)[C@@H]1OC[C@H](C/C=C/[C@@H](C)[C@H](C)O)[C@@H](O)[C@H]1O,O=C1C(NCCO)=C(N2CC2)C(=O)C(NCCO)=C1N1CC1,substitution,False,"[8-oxo-8-[(5-oxo-4H-dithiolo[4,3-b]pyrrol-6-yl)amino]octyl] (E,4R)-4-[(2S,3R,4R,5S)-3,4-dihydroxy-5-[(E,4R,5S)-5-hydroxy-4-methylhex-2-enyl]oxan-2-yl]-4-hydroxy-3-methylbut-2-enoate","2,5-bis(aziridin-1-yl)-3,6-bis(2-hydroxyethylamino)cyclohexa-2,5-diene-1,4-dione"
71581033,72551431,Cc1cn([C@H]2C[C@H](O)[C@@H](COP(=O)(O)OP(=O)(O)O[C@@H]3O[C@@H]([C@@H](C)O)[C@H](O)[C@H]3O)O2)c(=O)nc1O,COC(=O)C(CC(=O)[C@@H]1OC1(C)C)[C@@H]1CC[C@]2(C)C3=CC[C@H]4C(C)(C)C(=O)CC[C@]4(C)[C@H]3CC[C@@]12C,substitution,False,"[(2S,3R,4R,5S)-3,4-dihydroxy-5-[(1R)-1-hydroxyethyl]oxolan-2-yl] [hydroxy-[[(2R,3S,5R)-3-hydroxy-5-(5-methyl-2,4-dioxopyrimidin-1-yl)oxolan-2-yl]methoxy]phosphoryl] hydrogen phosphate","methyl 4-[(2R)-3,3-dimethyloxiran-2-yl]-4-oxo-2-[(5R,9R,10R,13S,14S,17S)-4,4,10,13,14-pentamethyl-3-oxo-1,2,5,6,9,11,12,15,16,17-decahydrocyclopenta[a]phenanthren-17-yl]butanoate"
52928634,25002956,CC/C=C\C/C=C\C/C=C\C/C=C\C/C=C\C/C=C\CCC(=O)O[C@H](COC(=O)CCCCCCC/C=C\CCCCCCCC)COP(=O)(O)O,COc1cc(-c2cc(=O)c3c(O)c([C@@H]4O[C@H](CO)[C@@H](O)[C@H](O)[C@H]4O)c(OC)cc3o2)ccc1O,substitution,False,"[(2R)-1-[(Z)-octadec-9-enoyl]oxy-3-phosphonooxypropan-2-yl] (4Z,7Z,10Z,13Z,16Z,19Z)-docosa-4,7,10,13,16,19-hexaenoate","5-hydroxy-2-(4-hydroxy-3-methoxyphenyl)-7-methoxy-6-[(2S,3R,4R,5S,6R)-3,4,5-trihydroxy-6-(hydroxymethyl)oxan-2-yl]chromen-4-one"
2723628,91825749,OC1=NC(=S)N=C(O)C1,C[C@H](CC[C@H](O)[C@@H](C)CO)[C@H]1CC[C@H]2[C@@H]3CC=C4C[C@@H](O)CC[C@]4(C)[C@H]3CC[C@]12C,substitution,False,"2-sulfanylidene-1,3-diazinane-4,6-dione","(2S,3S,6R)-6-[(3S,8S,9S,10R,13R,14S,17R)-3-hydroxy-10,13-dimethyl-2,3,4,7,8,9,11,12,14,15,16,17-dodecahydro-1H-cyclopenta[a]phenanthren-17-yl]-2-methylheptane-1,3-diol"
72715827,8093,CC[C@@]1(O)C[C@H](O[C@H]2C[C@H](N)[C@H](O)[C@H](C)O2)c2c(O)c3c(c(O)c2[C@H]1C(=O)O)C(=O)c1cccc(OC)c1C3=O,CCCCCCC(C)=O,substitution,False,"(1R,2R,4S)-4-[(2R,4S,5S,6S)-4-azaniumyl-5-hydroxy-6-methyloxan-2-yl]oxy-2-ethyl-2,5,12-trihydroxy-7-methoxy-6,11-dioxo-3,4-dihydro-1H-tetracene-1-carboxylate",octan-2-one
54694262,132282128,COc1cc(C(=O)O)cc(OC)c1[O-],C[C@@H]1O[C@@H](OCCCCC/C=C/C(=O)SCCN=C([O-])CCN=C([O-])[C@H](O)C(C)(C)COP(=O)(O)OP(=O)(O)OC[C@H]2O[C@@H](n3cnc4c(N)ncnc43)[C@H](O)[C@@H]2OP(=O)([O-])[O-])[C@H](O)C[C@H]1O,substitution,False,"4-carboxy-2,6-dimethoxyphenolate","[(2R,3S,4R,5R)-5-(6-aminopurin-9-yl)-2-[[[[(3R)-4-[[3-[2-[(E)-8-[(2R,3R,5R,6S)-3,5-dihydroxy-6-methyloxan-2-yl]oxyoct-2-enoyl]sulfanylethylamino]-3-oxopropyl]amino]-3-hydroxy-2,2-dimethyl-4-oxobutoxy]-oxidophosphoryl]oxy-oxidophosphoryl]oxymethyl]-4-hydroxyoxolan-3-yl] phosphate"
379,7249,CCCCCCCC(=O)O,Cc1ccc(O)cc1C,substitution,False,octanoic acid,"3,4-dimethylphenol"
20841634,135543537,[Cl-].[Cl-].[Cl-].[Cl-].[Cl-].[Cl-].[Ru+4],CC(=NCc1ccccc1)c1c(C)[nH]n(-c2ccc(Br)cc2Br)c1=O,substitution,False,hexachlororuthenium(2-),"4-(N-benzyl-C-methylcarbonimidoyl)-2-(2,4-dibromophenyl)-5-methyl-1H-pyrazol-3-one"
131953077,7022352,CCCCCCCCCCCCCCCCCCCCCCCCCC(O)=N[C@@H](CO[C@H]1O[C@H](CO)[C@H](O)[C@H](O)[C@H]1O)[C@H](O)[C@H](O)CCCCCCCc1ccccc1,NCC(O)=N[C@@H](Cc1c[nH]c2ccccc12)C(O)=Nc1ccc2ccccc2c1,substitution,False,"N-[(2S,3S,4R)-3,4-dihydroxy-11-phenyl-1-[(2S,3R,4S,5R,6R)-3,4,5-trihydroxy-6-(hydroxymethyl)oxan-2-yl]oxyundecan-2-yl]hexacosanamide",(2S)-2-[(2-aminoacetyl)amino]-3-(1H-indol-3-yl)-N-naphthalen-2-ylpropanamide
592814,45266553,Oc1nc(=NC2CC2)nc(O)[nH]1,C[C@H](O)CC(=O)SCCN=C([O-])CCN=C([O-])[C@H](O)C(C)(C)COP(=O)(O)OP(=O)(O)OC[C@H]1O[C@@H](n2cnc3c(N)ncnc32)[C@H](O)[C@@H]1OP(=O)([O-])[O-],substitution,False,"6-(cyclopropylamino)-1H-1,3,5-triazine-2,4-dione","[(2R,3S,4R,5R)-5-(6-aminopurin-9-yl)-4-hydroxy-2-[[[[(3R)-3-hydroxy-4-[[3-[2-[(3S)-3-hydroxybutanoyl]sulfanylethylamino]-3-oxopropyl]amino]-2,2-dimethyl-4-oxobutoxy]-oxidophosphoryl]oxy-oxidophosphoryl]oxymethyl]oxolan-3-yl] phosphate"
71581186,5460337,CCCCC/C=C\C/C=C\C/C=C\C/C=C\CCCCCCCCCC(=O)SCCN=C([O-])CCN=C([O-])[C@H](O)C(C)(C)COP(=O)(O)OP(=O)(O)OC[C@H]1O[C@@H](n2cnc3c(N)ncnc32)[C@H](O)[C@@H]1OP(=O)([O-])[O-],O=C([O-])C(=O)Cc1c[nH]c2ccccc12,substitution,False,"[(2R,3S,4R,5R)-5-(6-aminopurin-9-yl)-2-[[[[(3R)-4-[[3-[2-[(11Z,14Z,17Z,20Z)-hexacosa-11,14,17,20-tetraenoyl]sulfanylethylamino]-3-oxopropyl]amino]-3-hydroxy-2,2-dimethyl-4-oxobutoxy]-oxidophosphoryl]oxy-oxidophosphoryl]oxymethyl]-4-hydroxyoxolan-3-yl] phosphate",3-(1H-indol-3-yl)-2-oxopropanoate
11757884,53481703,C=C1CC[C@H](O)C/C1=C/C=C1\CCC[C@]2(C)[C@@H]([C@H](C)CCCC(C)(C)O[C@@H]3O[C@H](C(=O)O)[C@@H](O)[C@H](O)[C@H]3O)CC[C@@H]12,CCCC/C=C\CCCCCCCC(=O)O[C@H](COCCCCCCCC/C=C\CCCCCC)COP(=O)([O-])OCC[N+](C)(C)C,substitution,False,"(2S,3S,4S,5R,6S)-6-[(6R)-6-[(1R,3aS,4E,7aR)-4-[(2Z)-2-[(5S)-5-hydroxy-2-methylidenecyclohexylidene]ethylidene]-7a-methyl-2,3,3a,5,6,7-hexahydro-1H-inden-1-yl]-2-methylheptan-2-yl]oxy-3,4,5-trihydroxyoxane-2-carboxylic acid",[(2R)-3-[(Z)-hexadec-9-enoxy]-2-[(Z)-tetradec-9-enoyl]oxypropyl] 2-(trimethylazaniumyl)ethyl phosphate
1865,5315318,Cc1c(O)nc(O)nc1CCCO,COC1=C(C)C2=C(C(=O)C1(C)C)[C@H](C(C)C)c1c(c(C)c(O)c3c1O[C@H](c1ccccc1)CC3=O)O2,substitution,False,"6-(3-hydroxypropyl)-5-methyl-1H-pyrimidine-2,4-dione","(2S,12R)-5-hydroxy-9-methoxy-6,8,10,10-tetramethyl-2-phenyl-12-propan-2-yl-3,12-dihydro-2H-pyrano[2,3-a]xanthene-4,11-dione"
70680267,86289357,CC1CN(C)CCC1CC[C@@H](C)[C@H]1CC[C@@H]2[C@]1(C)CCC1=CC3=CC[C@@H](N(C)C)C[C@]34CC[C@@]12O4,CCCCCCCCCCCCCCCCOC[C@@H]([NH3+])CO,substitution,False,"(1S,2R,5R,6R,14R,16R)-5-[(2R)-4-(1,3-dimethylpiperidin-4-yl)butan-2-yl]-N,N,6-trimethyl-19-oxapentacyclo[14.2.1.01,9.02,6.011,16]nonadeca-9,11-dien-14-amine",[(2S)-1-hexadecoxy-3-hydroxypropan-2-yl]azanium
24778485,51351812,CCCCC[C@H](O)/C=C/[C@@H]1[C@@H](C/C=C\CCCC(=O)OCC(O)CO)[C@@H](O)C[C@H]1O,C=CC1=C(C)C([O-])=NC1Cc1[nH]c(Cc2[nH]c3c(c2C)C(=O)C/C3=C2/N[C@H](C(=O)O)[C@@H](C)[C@@H]2CCC(=O)[O-])c(CC)c1C,substitution,False,"2,3-dihydroxypropyl (Z)-7-[(1R,2R,3R,5S)-3,5-dihydroxy-2-[(E,3S)-3-hydroxyoct-1-enyl]cyclopentyl]hept-5-enoate","(2S,3S,4S,5Z)-4-(2-carboxylatoethyl)-5-[2-[[5-[(3-ethenyl-4-methyl-5-oxo-1,2-dihydropyrrol-2-yl)methyl]-3-ethyl-4-methyl-1H-pyrrol-2-yl]methyl]-3-methyl-4-oxo-1H-cyclopenta[b]pyrrol-6-ylidene]-3-methylpyrrolidine-2-carboxylate"
16617,5352715,CCCCCC(=O)OCCC(C)C,CCCCCCCCCCCC(=O)OC/C=C(C)/C=C/C=C(C)/C=C/C1=C(C)CCCC1(C)C,substitution,False,3-methylbutyl hexanoate,"[(2E,4E,6E,8E)-3,7-dimethyl-9-(2,6,6-trimethylcyclohexen-1-yl)nona-2,4,6,8-tetraenyl] dodecanoate"
25320183,70698273,Nc1ncnc2c1ncn2[C@H]1C[C@H](O)[C@@H](COP(=O)([O-])OP(=O)([O-])OP(=O)([O-])[O-])O1,CC(C)c1cc2c(cc1O)[C@@]1(C)C[C@H](O)CC(C)(C)[C@@H]1CC2,substitution,False,"[[[(2R,3S,5R)-5-(6-aminopurin-9-yl)-3-hydroxyoxolan-2-yl]methoxy-oxidophosphoryl]oxy-oxidophosphoryl] phosphate","(3R,4aS,10aS)-1,1,4a-trimethyl-7-propan-2-yl-2,3,4,9,10,10a-hexahydrophenanthrene-3,6-diol"
91851125,24892782,CO[C@H]1[C@@H](O)[C@@H](CO)O[C@@H](O[C@H]2[C@H](O)[C@@H](N=C(C)O)C(O)O[C@@H]2CO)[C@@H]1O[C@@H]1O[C@@H](C)[C@@H](O)[C@@H](O)[C@@H]1O,C/C(=C\CNc1ncnc2c1ncn2[C@@H]1O[C@H](COP(=O)(O)OP(=O)(O)OP(=O)(O)O)[C@@H](O)[C@H]1O)CO,substitution,False,"N-[(3R,4R,5S,6R)-2,4-dihydroxy-5-[(2S,3R,4S,5S,6R)-5-hydroxy-6-(hydroxymethyl)-4-methoxy-3-[(2S,3S,4R,5S,6S)-3,4,5-trihydroxy-6-methyloxan-2-yl]oxyoxan-2-yl]oxy-6-(hydroxymethyl)oxan-3-yl]acetamide","[[(2R,3S,4R,5R)-3,4-dihydroxy-5-[6-[[(E)-4-hydroxy-3-methylbut-2-enyl]amino]purin-9-yl]oxolan-2-yl]methoxy-hydroxyphosphoryl] phosphono hydrogen phosphate"
70697965,6428178,C=C1C[C@@]23C=CC(=O)[C@@](C)(CCC(O)=Nc4c(O)ccc(C(=O)OC)c4O)[C@@H]2C[C@@H]1C[C@H]3O,c1ccc2cc3cc4c(cc3cc2c1)sc1ccccc14,substitution,False,"methyl 2,4-dihydroxy-3-[3-[(1R,5S,6R,8R,11R)-11-hydroxy-5-methyl-9-methylidene-4-oxo-5-tricyclo[6.2.2.01,6]dodec-2-enyl]propanoylamino]benzoate","10-thiapentacyclo[11.8.0.03,11.04,9.015,20]henicosa-1(21),2,4,6,8,11,13,15,17,19-decaene"
16854,442771,N=C(O)Nc1ccc(Cl)c(Cl)c1,COc1ccc(C2COc3cc(O)cc(O)c3C2=O)c(O)c1,substitution,False,"(3,4-dichlorophenyl)urea","5,7-dihydroxy-3-(2-hydroxy-4-methoxyphenyl)-2,3-dihydrochromen-4-one"
23724670,15466,O=C1CC(c2ccc(O)cc2)Oc2cc(O)c(O)cc21,COc1nc(C)nc(=N)[nH]1,substitution,False,"6,7-dihydroxy-2-(4-hydroxyphenyl)-2,3-dihydrochromen-4-one","4-methoxy-6-methyl-1,3,5-triazin-2-amine"
135398643,33255,O=P(O)(O)OP(=O)(O)OP(=O)(O)OC[C@H]1O[C@@H](n2cnc3c(O)ncnc32)[C@H](O)[C@@H]1O,Cc1nnc(SCC2=C(C(=O)O)N3C(=O)[C@@H](N=C(O)Cn4cnnn4)[C@H]3SC2)s1,substitution,False,"[[(2R,3S,4R,5R)-3,4-dihydroxy-5-(6-oxo-1H-purin-9-yl)oxolan-2-yl]methoxy-hydroxyphosphoryl] phosphono hydrogen phosphate","(6R,7R)-3-[(5-methyl-1,3,4-thiadiazol-2-yl)sulfanylmethyl]-8-oxo-7-[[2-(tetrazol-1-yl)acetyl]amino]-5-thia-1-azabicyclo[4.2.0]oct-2-ene-2-carboxylic acid"
54686764,70678883,CN(C)[C@@H]1C(=O)C(C(=N)O)=C(O)[C@@]2(O)C(=O)C3=C(O)c4c(O)ccc(Cl)c4[C@@H](O)[C@H]3C[C@@H]12.Cl,CC(O)=N[C@H]1[C@H](O[C@H]2[C@H](O)[C@@H](N=C(C)O)C(O)O[C@@H]2CO)O[C@H](CO)[C@H](O)[C@@H]1O[C@@H]1O[C@@H](C)[C@@H](O)[C@@H](O)[C@@H]1O,substitution,False,"(4S,4aS,5aS,6S,12aR)-7-chloro-4-(dimethylamino)-1,6,10,11,12a-pentahydroxy-3,12-dioxo-4a,5,5a,6-tetrahydro-4H-tetracene-2-carboxamide;hydrochloride","N-[(3R,4R,5S,6R)-5-[(2S,3R,4R,5R,6R)-3-acetamido-5-hydroxy-6-(hydroxymethyl)-4-[(2S,3S,4R,5S,6S)-3,4,5-trihydroxy-6-methyloxan-2-yl]oxyoxan-2-yl]oxy-2,4-dihydroxy-6-(hydroxymethyl)oxan-3-yl]acetamide"
86289912,6436246,CCCCCCCCCCCCCCCCCCCCCCCCCC(O)C(CCCCCCCCCCC1CC1CCCCCCCCCCCCCCCCCC)C(=O)OC[C@H]1O[C@H](O[C@H]2O[C@H](COC(=O)C(CCCCCCCCCCC3CC3CCCCCCCCCCCCCCCCCC)C(O)CCCCCCCCCCCCCCCCCCCCCCCCC)[C@@H](O)[C@H](O)[C@H]2O)[C@H](O)[C@@H](O)[C@@H]1O,C/C=C(/C)C(=O)OC(C)(C)[C@@H]1Cc2c(ccc3ccc(=O)oc23)O1,substitution,False,"[(2R,3S,4S,5R,6R)-3,4,5-trihydroxy-6-[(2R,3R,4S,5S,6R)-3,4,5-trihydroxy-6-[[3-hydroxy-2-[10-(2-octadecylcyclopropyl)decyl]octacosanoyl]oxymethyl]oxan-2-yl]oxyoxan-2-yl]methyl 3-hydroxy-2-[10-(2-octadecylcyclopropyl)decyl]octacosanoate","2-[(8S)-2-oxo-8,9-dihydrofuro[2,3-h]chromen-8-yl]propan-2-yl (Z)-2-methylbut-2-enoate"
148386,91828252,CCC(CCCC(=O)O)COC(=O)c1ccccc1C(=O)O,CCN(CC)c1ccc(C(=C2C=CC(=Nc3ccccc3)c3ccccc32)c2ccc(N(CC)CC)cc2)cc1.Cl,substitution,False,2-(5-carboxy-2-ethylpentoxy)carbonylbenzoic acid,[4-[bis[4-(diethylamino)phenyl]methylidene]naphthalen-1-ylidene]-phenylazanium;chloride
445408,10410732,Cc1cn([C@@H]2O[C@H](CO)[C@@H](O)[C@H]2O)c(=O)nc1O,CC1=CCC[C@H]2[C@](C)(CC3=CC(=O)C(NCCS(=O)(=O)O)=CC3=O)[C@@H](C)CC[C@]12C,substitution,False,"1-[(2R,3R,4S,5R)-3,4-dihydroxy-5-(hydroxymethyl)oxolan-2-yl]-5-methylpyrimidine-2,4-dione","2-[[4-[[(1R,2S,4aS,8aS)-1,2,4a,5-tetramethyl-2,3,4,7,8,8a-hexahydronaphthalen-1-yl]methyl]-3,6-dioxocyclohexa-1,4-dien-1-yl]amino]ethanesulfonic acid"
5243870,101688128,C[NH+]1CCC(=C2c3ccccc3CC(=O)c3sccc32)CC1,C=C[C@H]1[C@H](O[C@@H]2O[C@H](COC(C)=O)[C@@H](OC(=O)c3cccc(O[C@@H]4O[C@H](CO)[C@@H](O)[C@H](O)[C@H]4O)c3O)[C@H](OC(C)=O)[C@H]2OC(C)=O)OC=C2C(=O)OCC[C@H]21,substitution,False,"2-(1-methylpiperidin-1-ium-4-ylidene)-6-thiatricyclo[8.4.0.03,7]tetradeca-1(14),3(7),4,10,12-pentaen-8-one","[(2R,3R,4S,5R,6S)-4,5-diacetyloxy-2-(acetyloxymethyl)-6-[[(3S,4R,4aS)-4-ethenyl-8-oxo-4,4a,5,6-tetrahydro-3H-pyrano[3,4-c]pyran-3-yl]oxy]oxan-3-yl] 2-hydroxy-3-[(2S,3R,4S,5S,6R)-3,4,5-trihydroxy-6-(hydroxymethyl)oxan-2-yl]oxybenzoate"
9853053,534994,OC(=NC1CCN(CCCCC2(C(O)=NCC(F)(F)F)c3ccccc3-c3ccccc32)CC1)c1ccccc1-c1ccc(C(F)(F)F)cc1,CC(C)=CCCC1(C)OC1C=O,substitution,False,"N-(2,2,2-trifluoroethyl)-9-[4-[4-[[2-[4-(trifluoromethyl)phenyl]benzoyl]amino]piperidin-1-yl]butyl]fluorene-9-carboxamide",3-methyl-3-(4-methylpent-3-enyl)oxirane-2-carbaldehyde
65977,3617485,CC(O)=NCCC[C@H](N=C(C)O)C(=O)O,CCN(CC)c1ccc2nc3cc(C)c(=[NH2+])cc-3oc2c1,substitution,False,"(2S)-2,5-diacetamidopentanoic acid",(7-amino-8-methylphenoxazin-3-ylidene)-diethylazanium
10313378,11597571,CSC[C@H]1OC(O)[C@H](O)[C@@H]1O,CC(Oc1cc(-c2cnn(C3CCNCC3)c2)cnc1N)c1c(Cl)ccc(F)c1Cl,substitution,False,"(3R,4S,5S)-5-(methylsulfanylmethyl)oxolane-2,3,4-triol","3-[1-(2,6-dichloro-3-fluorophenyl)ethoxy]-5-(1-piperidin-4-ylpyrazol-4-yl)pyridin-2-amine"
12522,56951724,N=C(O)CCC(=O)O,CC(C)=CCC/C(C)=C/CC/C(C)=C/CC/C(C)=C\CC/C(C)=C\CC/C(C)=C\CC/C(C)=C\CC/C(C)=C\CC/C(C)=C\CC/C(C)=C\CC/C(C)=C\COP(=O)([O-])OP(=O)([O-])O[C@H]1O[C@H](CO)[C@@H](O[C@@H]2O[C@H](CO)[C@@H](O)[C@H](O[C@H]3O[C@H](CO)[C@@H](O)[C@H](O)[C@@H]3O[C@@H]3O[C@H](C(=O)[O-])[C@@H](O[C@@H]4O[C@H](CO)[C@@H](O)[C@H](O)[C@@H]4O)[C@H](O)[C@H]3O)[C@H]2O)[C@H](O)[C@H]1O,substitution,False,4-amino-4-oxobutanoic acid,"(2S,3S,4R,5R,6R)-6-[(2R,3S,4S,5S,6R)-2-[(2S,3R,4S,5R,6R)-2-[(2R,3S,4R,5R,6R)-4,5-dihydroxy-2-(hydroxymethyl)-6-[oxido-[oxido-[(2Z,6Z,10Z,14Z,18Z,22Z,26Z,30Z,34E,38E)-3,7,11,15,19,23,27,31,35,39,43-undecamethyltetratetraconta-2,6,10,14,18,22,26,30,34,38,42-undecaenoxy]phosphoryl]oxyphosphoryl]oxyoxan-3-yl]oxy-3,5-dihydroxy-6-(hydroxymethyl)oxan-4-yl]oxy-4,5-dihydroxy-6-(hydroxymethyl)oxan-3-yl]oxy-4,5-dihydroxy-3-[(2S,3S,4S,5S,6R)-3,4,5-trihydroxy-6-(hydroxymethyl)oxan-2-yl]oxyoxane-2-carboxylate"
152657,134692071,N[C@H](C=O)Cc1cnc[nH]1,CCCCCCCCCCCCC/C=C/[C@@H](O)[C@H](CO[C@@H]1O[C@H](CO)[C@@H](O[C@@H]2O[C@H](CO)[C@H](O[C@@H]3O[C@H](CO)[C@H](O)[C@H](O)[C@H]3N=C(C)O)[C@H](O[C@]3(C(=O)O)C[C@H](O)[C@@H](N=C(C)O)[C@H]([C@H](O)[C@H](O)CO)O3)[C@H]2O)[C@H](O)[C@H]1O)N=C(O)CCCCCCCCCCCCCCC,substitution,False,(2S)-2-amino-3-(1H-imidazol-5-yl)propanal,"(2S,4S,5R,6R)-5-acetamido-2-[(2S,3R,4R,5S,6R)-5-[(2S,3R,4R,5R,6R)-3-acetamido-4,5-dihydroxy-6-(hydroxymethyl)oxan-2-yl]oxy-2-[(2R,3S,4R,5R,6R)-6-[(E,2S,3R)-2-(hexadecanoylamino)-3-hydroxyoctadec-4-enoxy]-4,5-dihydroxy-2-(hydroxymethyl)oxan-3-yl]oxy-3-hydroxy-6-(hydroxymethyl)oxan-4-yl]oxy-4-hydroxy-6-[(1R,2R)-1,2,3-trihydroxypropyl]oxane-2-carboxylic acid"
135340,6950480,CCCCCCCCCCCCCCCCCC(=O)OC[C@H](COP(=O)([O-])OCC[N+](C)(C)C)OC(C)=O,CC[C@H](C)C(=O)[O-],substitution,False,[(2R)-2-acetyloxy-3-octadecanoyloxypropyl] 2-(trimethylazaniumyl)ethyl phosphate,(2S)-2-methylbutanoate
91861068,5280882,CC(O)=N[C@H]1[C@H](O[C@H]2[C@H](O)[C@@H](N=C(C)O)C(O)O[C@@H]2CO[C@@H]2O[C@@H](C)[C@@H](O)[C@@H](O)[C@@H]2O)O[C@H](CO)[C@@H](O[C@@H]2O[C@H](CO[C@H]3O[C@H](CO[C@@H]4O[C@H](CO)[C@@H](O)[C@H](O)[C@H]4N=C(C)O)[C@@H](O)[C@H](O)[C@@H]3O[C@@H]3O[C@H](CO)[C@@H](O)[C@H](O)[C@H]3N=C(C)O)[C@@H](O[C@@H]3O[C@H](CO)[C@@H](O)[C@H](O)[C@H]3N=C(C)O)[C@H](O[C@H]3O[C@H](CO)[C@@H](O[C@@H]4O[C@H](CO)[C@@H](O)[C@H](O)[C@H]4N=C(C)O)[C@H](O)[C@@H]3O[C@@H]3O[C@H](CO)[C@@H](O)[C@H](O)[C@H]3N=C(C)O)[C@@H]2O)[C@@H]1O,CCCCC[C@H](O)/C=C/C1=CCC(=O)[C@@H]1C/C=C\CCCC(=O)O,substitution,False,"N-[(3R,4R,5S,6R)-5-[(2S,3R,4R,5S,6R)-3-acetamido-5-[(2S,3S,4R,5R,6R)-5-[(2R,3R,4R,5S,6R)-3-acetamido-4,5-dihydroxy-6-(hydroxymethyl)oxan-2-yl]oxy-6-[[(2S,3S,4S,5S,6R)-3-[(2R,3R,4R,5S,6R)-3-acetamido-4,5-dihydroxy-6-(hydroxymethyl)oxan-2-yl]oxy-6-[[(2R,3R,4R,5S,6R)-3-acetamido-4,5-dihydroxy-6-(hydroxymethyl)oxan-2-yl]oxymethyl]-4,5-dihydroxyoxan-2-yl]oxymethyl]-4-[(2R,3S,4S,5S,6R)-3,5-bis[[(2R,3R,4R,5S,6R)-3-acetamido-4,5-dihydroxy-6-(hydroxymethyl)oxan-2-yl]oxy]-4-hydroxy-6-(hydroxymethyl)oxan-2-yl]oxy-3-hydroxyoxan-2-yl]oxy-4-hydroxy-6-(hydroxymethyl)oxan-2-yl]oxy-2,4-dihydroxy-6-[[(2R,3S,4R,5S,6S)-3,4,5-trihydroxy-6-methyloxan-2-yl]oxymethyl]oxan-3-yl]acetamide","(Z)-7-[(1R)-2-[(E,3S)-3-hydroxyoct-1-enyl]-5-oxocyclopent-2-en-1-yl]hept-5-enoic acid"
439524,42586,CC(C)C[C@@H](N)C(=O)O,COCC(=O)N(c1c(C)cccc1C)C(C)C(=O)OC,substitution,False,(2R)-2-amino-4-methylpentanoic acid,"methyl 2-(N-(2-methoxyacetyl)-2,6-dimethylanilino)propanoate"
3406,29036,Cc1cn[nH]c1,CCCC(C)CCCC(C)CCCC(C)CCCC(C)C,substitution,False,4-methyl-1H-pyrazole,"2,6,10,14-tetramethylheptadecane"
25074887,31264,CC(O)=N[C@H](Cc1ccc2ccccc2c1)C(O)=N[C@H](Cc1ccc(Cl)cc1)C(O)=N[C@H](Cc1cccnc1)C(O)=N[C@@H](CO)C(O)=N[C@@H](Cc1ccc(O)cc1)C(O)=N[C@H](CCCNC(=N)O)C(O)=N[C@@H](CC(C)C)C(O)=N[C@@H](CCCNC(=N)N)C(=O)N1CCC[C@H]1C(O)=N[C@H](C)C(=N)O,CC1OC(C)OC(C)O1,substitution,False,(2S)-1-[(2S)-2-[[(2S)-2-[[(2R)-2-[[(2S)-2-[[(2S)-2-[[(2R)-2-[[(2R)-2-[[(2R)-2-acetamido-3-naphthalen-2-ylpropanoyl]amino]-3-(4-chlorophenyl)propanoyl]amino]-3-pyridin-3-ylpropanoyl]amino]-3-hydroxypropanoyl]amino]-3-(4-hydroxyphenyl)propanoyl]amino]-5-(carbamoylamino)pentanoyl]amino]-4-methylpentanoyl]amino]-5-(diaminomethylideneamino)pentanoyl]-N-[(2R)-1-amino-1-oxopropan-2-yl]pyrrolidine-2-carboxamide,"2,4,6-trimethyl-1,3,5-trioxane"
441891,146026592,C[C@H](CC[C@@]1(O)O[C@H]2C[C@H]3[C@@H]4CC=C5C[C@@H](O[C@@H]6O[C@H](CO)[C@@H](O[C@@H]7O[C@@H](C)[C@H](O)[C@@H](O)[C@H]7O)[C@H](O)[C@H]6O[C@@H]6O[C@@H](C)[C@H](O)[C@@H](O)[C@H]6O)CC[C@]5(C)[C@H]4CC[C@]3(C)[C@H]2[C@@H]1C)CO[C@@H]1O[C@H](CO)[C@@H](O)[C@H](O)[C@H]1O,CSCC[C@H](N=C(O)[C@@H]1CCCN1C(=O)CN=C(O)[C@H](CCCCN)N=C(O)[C@H](Cc1cnc[nH]1)N=C(O)[C@H](CO)N=C(O)[C@H](CC(C)C)N=C(O)[C@H](CCCNC(=N)N)N=C(O)[C@@H]1CCCN1C(=O)[C@H](CCCNC(=N)N)N=C(O)[C@@H](N)CCC(=N)O)C(=O)N1CCC[C@H]1C(=O)O,substitution,False,"(2S,3R,4R,5R,6S)-2-[(2R,3S,4S,5R,6R)-4-hydroxy-2-(hydroxymethyl)-6-[[(1S,2S,4S,6R,7S,8R,9S,12S,13R,16S)-6-hydroxy-7,9,13-trimethyl-6-[(3R)-3-methyl-4-[(2R,3R,4S,5S,6R)-3,4,5-trihydroxy-6-(hydroxymethyl)oxan-2-yl]oxybutyl]-5-oxapentacyclo[10.8.0.02,9.04,8.013,18]icos-18-en-16-yl]oxy]-5-[(2S,3R,4R,5R,6S)-3,4,5-trihydroxy-6-methyloxan-2-yl]oxyoxan-3-yl]oxy-6-methyloxane-3,4,5-triol","(2S)-1-[(2S)-2-[[(2S)-1-[2-[[(2S)-6-amino-2-[[(2S)-2-[[(2S)-2-[[(2S)-2-[[(2S)-5-(diaminomethylideneamino)-2-[[(2S)-1-[(2S)-5-(diaminomethylideneamino)-2-[[(2S)-2,5-diamino-5-oxopentanoyl]amino]pentanoyl]pyrrolidine-2-carbonyl]amino]pentanoyl]amino]-4-methylpentanoyl]amino]-3-hydroxypropanoyl]amino]-3-(1H-imidazol-5-yl)propanoyl]amino]hexanoyl]amino]acetyl]pyrrolidine-2-carbonyl]amino]-4-methylsulfanylbutanoyl]pyrrolidine-2-carboxylic acid"
92729,131953084,Cc1c(O)cc2c(c1C)O[C@](C)(CCC[C@H](C)CCC[C@H](C)CCCC(C)C)CC2,C=C1/C(=C\C=C2/CCC[C@]3(C)[C@@H]([C@H](C)CCCC(C)(C)O[C@@H]4O[C@H](C(=O)[O-])[C@@H](O)[C@H](O)[C@H]4O)CC[C@@H]23)C[C@@H](O)C[C@@H]1O,substitution,False,"(2R)-2,7,8-trimethyl-2-[(4R,8R)-4,8,12-trimethyltridecyl]-3,4-dihydrochromen-6-ol","(2S,3S,4S,5R,6S)-6-[(6R)-6-[(1R,3aS,4E,7aR)-4-[(2Z)-2-[(3S,5R)-3,5-dihydroxy-2-methylidenecyclohexylidene]ethylidene]-7a-methyl-2,3,3a,5,6,7-hexahydro-1H-inden-1-yl]-2-methylheptan-2-yl]oxy-3,4,5-trihydroxyoxane-2-carboxylate"
16122509,70678705,N=C(N)NCCC[C@H](N=C(O)[C@@H](N)CC(=O)O)C(=O)O,CC/C=C\C/C=C\C/C=C\C/C=C\C/C=C\C/C=C\CCC(=O)SCCN=C(O)CCN=C(O)[C@H](O)C(C)(C)COP(=O)(O)OP(=O)(O)OC[C@H]1O[C@@H](n2cnc3c(N)ncnc32)[C@H](O)[C@@H]1OP(=O)(O)O,substitution,False,(2S)-2-[[(2S)-2-amino-3-carboxypropanoyl]amino]-5-(diaminomethylideneamino)pentanoic acid,"S-[2-[3-[[(2R)-4-[[[(2R,3S,4R,5R)-5-(6-aminopurin-9-yl)-4-hydroxy-3-phosphonooxyoxolan-2-yl]methoxy-hydroxyphosphoryl]oxy-hydroxyphosphoryl]oxy-2-hydroxy-3,3-dimethylbutanoyl]amino]propanoylamino]ethyl] (4Z,7Z,10Z,13Z,16Z,19Z)-docosa-4,7,10,13,16,19-hexaenethioate"
137349618,126843487,C=CCO[C@@H]1[C@H](O)[C@@H](O)[C@@H](OC[C@H](N=C(O)CCCCCCCCCCCCCCCCCCCCCCCCC)[C@H](O)[C@H](O)CCCCCCCCCCCCCC)O[C@@H]1CO,C[C@H](CCC(=O)SCCN=C(O)CCN=C(O)[C@H](O)C(C)(C)COP(=O)(O)OP(=O)(O)OC[C@H]1O[C@@H](n2cnc3c(N)ncnc32)[C@H](O)[C@@H]1OP(=O)(O)O)[C@H]1CC[C@H]2[C@@H]3[C@H](O)C[C@@H]4CC(=O)CC[C@]4(C)[C@H]3C[C@H](O)[C@]12C,substitution,False,"N-[(2S,3S,4R)-1-[(2S,3R,4R,5R,6R)-3,4-dihydroxy-6-(hydroxymethyl)-5-prop-2-enoxyoxan-2-yl]oxy-3,4-dihydroxyoctadecan-2-yl]hexacosanamide","S-[2-[3-[[(2R)-4-[[[(2R,3S,4R,5R)-5-(6-aminopurin-9-yl)-4-hydroxy-3-phosphonooxyoxolan-2-yl]methoxy-hydroxyphosphoryl]oxy-hydroxyphosphoryl]oxy-2-hydroxy-3,3-dimethylbutanoyl]amino]propanoylamino]ethyl] (4R)-4-[(5R,7R,8R,9S,10S,12S,13R,14S,17R)-7,12-dihydroxy-10,13-dimethyl-3-oxo-1,2,4,5,6,7,8,9,11,12,14,15,16,17-tetradecahydrocyclopenta[a]phenanthren-17-yl]pentanethioate"
135563767,5312351,N=c1nc([O-])c2ncn([C@@H]3O[C@H](COP(=O)(O)O[C@H]4[C@@H](O)[C@H](n5cnc6c(N)ncnc65)O[C@@H]4CO)[C@@H](O)[C@H]3O)c2[nH]1,CCCCC/C=C\CCC(=O)O,substitution,False,"[(2R,3S,4R,5R)-5-(2-amino-6-oxo-1H-purin-9-yl)-3,4-dihydroxyoxolan-2-yl]methyl [(2R,3S,4R,5R)-5-(6-aminopurin-9-yl)-4-hydroxy-2-(hydroxymethyl)oxolan-3-yl] phosphate",(Z)-dec-4-enoic acid
21895630,49792018,CC(C)=CCC/C(C)=C/CC/C(C)=C/C(=O)[O-],N[C@H]1[C@@H](OP(=O)(O)O)O[C@H](CO[C@@H]2O[C@H](CO[C@]3(C(=O)O)C[C@@H](O)[C@@H](OP(=O)(O)O)[C@@H]([C@H](O)CO)O3)[C@@H](OP(=O)(O)O)[C@H](O)[C@H]2N)[C@@H](O)[C@@H]1O,substitution,False,"(2E,6E)-3,7,11-trimethyldodeca-2,6,10-trienoate","(2R,4R,5R,6R)-2-[[(2R,3S,4R,5R,6R)-5-amino-6-[[(2R,3S,4R,5R,6R)-5-amino-3,4-dihydroxy-6-phosphonooxyoxan-2-yl]methoxy]-4-hydroxy-3-phosphonooxyoxan-2-yl]methoxy]-6-[(1R)-1,2-dihydroxyethyl]-4-hydroxy-5-phosphonooxyoxane-2-carboxylic acid"
102571794,46173753,O=C(O)CCC[C@H](O)/C=C/C=C/C=C/[C@H](O)C/C=C\CCCCCO,CC(C)=CCC/C(C)=C/CC/C(C)=C/CC/C(C)=C\CC/C(C)=C\CC/C(C)=C\CC/C(C)=C\CC/C(C)=C\CC/C(C)=C\CC/C(C)=C\CC/C(C)=C\COP(=O)(O)OP(=O)(O)O[C@H]1O[C@H](CO)[C@@H](O[C@@H]2O[C@H](CO)[C@@H](O)[C@H](O)[C@H]2N=C(C)O)[C@H](O[C@H](C)C(O)=N[C@@H](C)C(O)=N[C@H](CCC(O)=N[C@@H](CCC[C@@H](N)C(=O)O)C(O)=N[C@H](C)C(O)=N[C@H](C)C(=O)O)C(=O)O)[C@H]1N=C(C)O,substitution,False,"(5S,6E,8E,10E,12R,14Z)-5,12,20-trihydroxyicosa-6,8,10,14-tetraenoic acid","(2R,6S)-6-[[(4R)-4-[[(2S)-2-[[(2R)-2-[(2R,3R,4R,5S,6R)-3-acetamido-5-[(2S,3R,4R,5S,6R)-3-acetamido-4,5-dihydroxy-6-(hydroxymethyl)oxan-2-yl]oxy-2-[hydroxy-[hydroxy-[(2Z,6Z,10Z,14Z,18Z,22Z,26Z,30Z,34E,38E)-3,7,11,15,19,23,27,31,35,39,43-undecamethyltetratetraconta-2,6,10,14,18,22,26,30,34,38,42-undecaenoxy]phosphoryl]oxyphosphoryl]oxy-6-(hydroxymethyl)oxan-4-yl]oxypropanoyl]amino]propanoyl]amino]-4-carboxybutanoyl]amino]-2-amino-7-[[(2R)-1-[[(1R)-1-carboxyethyl]amino]-1-oxopropan-2-yl]amino]-7-oxoheptanoic acid"
46906086,9853053,CC(O)=N[C@H]1[C@@H](O[C@H]2[C@@H](O)[C@@H](CO)OC(O)[C@@H]2O[C@@H]2O[C@@H](C)[C@@H](O)[C@@H](O)[C@@H]2O)O[C@H](CO)[C@H](O)[C@@H]1O,OC(=NC1CCN(CCCCC2(C(O)=NCC(F)(F)F)c3ccccc3-c3ccccc32)CC1)c1ccccc1-c1ccc(C(F)(F)F)cc1,substitution,False,"N-[(2R,3R,4R,5R,6R)-2-[(3R,4S,5S,6R)-2,5-dihydroxy-6-(hydroxymethyl)-3-[(2S,3S,4R,5S,6S)-3,4,5-trihydroxy-6-methyloxan-2-yl]oxyoxan-4-yl]oxy-4,5-dihydroxy-6-(hydroxymethyl)oxan-3-yl]acetamide","N-(2,2,2-trifluoroethyl)-9-[4-[4-[[2-[4-(trifluoromethyl)phenyl]benzoyl]amino]piperidin-1-yl]butyl]fluorene-9-carboxamide"
122198249,135567475,CC/C=C\CC(/C=C/C=C\C/C=C\C/C=C\CCCCCC(=O)[O-])OO,CCCCCCCCCCCCCCCCCCCCCCCCCC(O)=N[C@@H](CO[C@H]1O[C@H](CO)[C@H](OCc2ccc(C)cc2)[C@H](O)[C@H]1O)[C@H](O)[C@H](O)CCCCCCCCCCCCCC,substitution,False,"(7Z,10Z,13Z,15E,19Z)-17-hydroperoxydocosa-7,10,13,15,19-pentaenoate","N-[(2S,3S,4R)-1-[(2S,3R,4R,5R,6R)-3,4-dihydroxy-6-(hydroxymethyl)-5-[(4-methylphenyl)methoxy]oxan-2-yl]oxy-3,4-dihydroxyoctadecan-2-yl]hexacosanamide"
6375,71314663,C[N+](=O)[O-],C[C@H](CCC(=O)O[C@@H]1O[C@H](C(=O)O)[C@@H](O)[C@H](O)[C@H]1O)[C@H]1CC[C@H]2[C@@H]3[C@H](O)C[C@@H]4C[C@H](O)CC[C@]4(C)[C@H]3CC[C@]12C,substitution,False,nitromethane,"(2S,3S,4S,5R,6S)-6-[(4R)-4-[(3R,5S,7R,8R,9S,10S,13R,14S,17R)-3,7-dihydroxy-10,13-dimethyl-2,3,4,5,6,7,8,9,11,12,14,15,16,17-tetradecahydro-1H-cyclopenta[a]phenanthren-17-yl]pentanoyl]oxy-3,4,5-trihydroxyoxane-2-carboxylic acid"
9727,91826591,CNCCc1ccc(O)cc1,O=C([O-])OP(=O)([O-])O,substitution,False,4-[2-(methylamino)ethyl]phenol,[hydroxy(oxido)phosphoryl] carbonate
10877230,10129879,O=C(O)/C=C/CCC(=O)O,[K],substitution,False,(E)-hex-2-enedioic acid,potassium-39
73427387,5355054,CCCCCCCCCCCCCC[C@@H](O)[C@@H](O)[C@H](/C=C/[C@H]1O[C@H](CO)[C@H](O)[C@H](O)[C@H]1O)N=C(O)CCCCCCCc1ccccc1,Nc1ncnc2[nH]c(O)nc12,substitution,False,"N-[(E,3S,4S,5R)-4,5-dihydroxy-1-[(2R,3R,4R,5R,6R)-3,4,5-trihydroxy-6-(hydroxymethyl)oxan-2-yl]nonadec-1-en-3-yl]-8-phenyloctanamide","6-amino-7,9-dihydropurin-8-one"
5280906,16124714,C/C=C1/C[C@@H](C)[C@@](C)(O)C(=O)OCC2=CCN3CC[C@@H](OC1=O)[C@@H]23,CC(C)C[C@H](N=C(O)c1cccc(CN=C(O)[C@H](Cc2c[nH]c3ccccc23)NCCN=C(O)[C@H](C)N=C(O)[C@H](CC(C)C)N=C(O)[C@@H](N)CCC(=O)O)c1)C(O)=N[C@H](C(O)=N[C@H](C(=O)O)C(C)C)[C@@H](C)O,substitution,False,"(1R,4Z,6R,7R,17R)-4-ethylidene-7-hydroxy-6,7-dimethyl-2,9-dioxa-14-azatricyclo[9.5.1.014,17]heptadec-11-ene-3,8-dione","(4S)-4-amino-5-[[(2S)-1-[[(2S)-1-[2-[[(2S)-1-[[3-[[(2S)-1-[[(2S,3R)-1-[[(1S)-1-carboxy-2-methylpropyl]amino]-3-hydroxy-1-oxobutan-2-yl]amino]-4-methyl-1-oxopentan-2-yl]carbamoyl]phenyl]methylamino]-3-(1H-indol-3-yl)-1-oxopropan-2-yl]amino]ethylamino]-1-oxopropan-2-yl]amino]-4-methyl-1-oxopentan-2-yl]amino]-5-oxopentanoic acid"
78093979,227613,CC(CCCCCCCCC(=O)O)OC1OC(C)C(O)CC1O,CC[C@@]12CCCN3CC[C@]4(c5cccc(OC)c5N(C(C)=O)[C@@H]4CC1)[C@H]32,substitution,False,"10-(3,5-dihydroxy-6-methyloxan-2-yl)oxyundecanoic acid","1-[(1R,9R,12R,19R)-12-ethyl-6-methoxy-8,16-diazapentacyclo[10.6.1.01,9.02,7.016,19]nonadeca-2(7),3,5-trien-8-yl]ethanone"
135886618,439230,Cl.Oc1ccccc1/C=C/c1ccc2ccccc2n1,C[C@@](O)(CCO)CC(=O)O,substitution,False,2-[(E)-2-quinolin-2-ylethenyl]phenol;hydrochloride,"(3R)-3,5-dihydroxy-3-methylpentanoic acid"
11560992,122198194,CC[C@H](C[C@@H](O)[C@@H](C)[C@H]1CC[C@H]2[C@@H]3CCC4=CC(=O)CC[C@]4(C)[C@H]3CC[C@]12C)C(C)C,NCCCC[C@H](N)C(=O)O,substitution,False,"(8S,9S,10R,13S,14S,17R)-17-[(2S,3R,5R)-5-ethyl-3-hydroxy-6-methylheptan-2-yl]-10,13-dimethyl-1,2,6,7,8,9,11,12,14,15,16,17-dodecahydrocyclopenta[a]phenanthren-3-one",(2S)-6-amino-2-azaniumylhexanoate
129011067,49859611,CCCCC/C=C\C/C=C\C/C=C\C/C=C\CCCC(O)=NCCOP(=O)(O)OC[C@H](O)CO/C=C\CCCCCCCCCCCCCCCC,CC(C)(COP(=O)([O-])[O-])[C@@H](O)C(=O)[O-],substitution,False,"[(2R)-2-hydroxy-3-[(Z)-octadec-1-enoxy]propyl] 2-[[(5Z,8Z,11Z,14Z)-icosa-5,8,11,14-tetraenoyl]amino]ethyl hydrogen phosphate","(2R)-2-hydroxy-3,3-dimethyl-4-phosphonatooxybutanoate"
5372367,3478,COc1cc(C2Oc3c(OC)cc(/C=C/CO)cc3C2CO)ccc1O,Cc1cnc(C(O)=NCCc2ccc(S(=O)(=O)NC(O)=NC3CCCCC3)cc2)cn1,substitution,False,"4-[3-(hydroxymethyl)-5-[(E)-3-hydroxyprop-1-enyl]-7-methoxy-2,3-dihydro-1-benzofuran-2-yl]-2-methoxyphenol",N-[2-[4-(cyclohexylcarbamoylsulfamoyl)phenyl]ethyl]-5-methylpyrazine-2-carboxamide
44123467,160883,CC(O)=NCCCCC[NH3+],CCCC[N+]1(C)[C@@H]2CC(OC(=O)[C@H](CO)c3ccccc3)C[C@H]1[C@@H]1O[C@@H]12,substitution,False,5-acetamidopentylazanium,"[(1S,2S,4R,5R)-9-butyl-9-methyl-3-oxa-9-azoniatricyclo[3.3.1.02,4]nonan-7-yl] (2S)-3-hydroxy-2-phenylpropanoate"
56669874,9963963,COc1cc(OC)c2c(c1)O/C(=C\c1ccc(OC)c(O)c1)C2=O,CCCCCCCCCCCCC/C=C/[C@@H](O)[C@H](CO[C@@H]1O[C@H](CO)[C@@H](O[C@@H]2O[C@H](CO)[C@H](O[C@@H]3O[C@H](CO)[C@H](O)[C@H](O[C@@H]4O[C@H](CO)[C@H](O)[C@H](O)[C@H]4O)[C@H]3N=C(C)O)[C@H](O[C@]3(C(=O)O)C[C@H](O)[C@@H](N=C(C)O)[C@H]([C@H](O)[C@H](O)CO)O3)[C@H]2O)[C@H](O)[C@H]1O)N=C(O)CCCCCCCCCCCCCCCCC,substitution,False,"(2Z)-2-[(3-hydroxy-4-methoxyphenyl)methylidene]-4,6-dimethoxy-1-benzofuran-3-one","(2S,4S,5R,6R)-5-acetamido-2-[(2S,3R,4R,5S,6R)-5-[(2S,3R,4R,5R,6R)-3-acetamido-5-hydroxy-6-(hydroxymethyl)-4-[(2R,3R,4S,5R,6R)-3,4,5-trihydroxy-6-(hydroxymethyl)oxan-2-yl]oxyoxan-2-yl]oxy-2-[(2R,3S,4R,5R,6R)-4,5-dihydroxy-2-(hydroxymethyl)-6-[(E,2S,3R)-3-hydroxy-2-(octadecanoylamino)octadec-4-enoxy]oxan-3-yl]oxy-3-hydroxy-6-(hydroxymethyl)oxan-4-yl]oxy-4-hydroxy-6-[(1R,2R)-1,2,3-trihydroxypropyl]oxane-2-carboxylic acid"
138911104,71296192,CC(C)C[C@H](N=C(O)[C@@H](N)CO)C(O)=N[C@@H](CO)C(=O)O,CC(O)=N[C@@H]1[C@@H](O[C@@H]2O[C@H](CO)[C@@H](O[C@@H]3O[C@H](CO[C@]4(C(=O)O)C[C@H](O)[C@@H](N=C(C)O)[C@H]([C@H](O)[C@H](O)CO)O4)[C@H](O)[C@H](O)[C@H]3O)[C@H](O)[C@H]2N=C(C)O)[C@@H](O)[C@@H](CO)O[C@H]1O,substitution,False,(2S)-2-[[(2S)-2-[[(2S)-2-amino-3-hydroxypropanoyl]amino]-4-methylpentanoyl]amino]-3-hydroxypropanoic acid,"(2R,4S,5R,6R)-5-acetamido-2-[[(2R,3R,4S,5R,6S)-6-[(2R,3S,4R,5R,6R)-5-acetamido-6-[(2R,3R,4R,5R,6R)-3-acetamido-2,5-dihydroxy-6-(hydroxymethyl)oxan-4-yl]oxy-4-hydroxy-2-(hydroxymethyl)oxan-3-yl]oxy-3,4,5-trihydroxyoxan-2-yl]methoxy]-4-hydroxy-6-[(1R,2R)-1,2,3-trihydroxypropyl]oxane-2-carboxylic acid"
10205431,73271,CCC(C)C(=O)c1c(O)c(Cc2c(O)c(C)c(O)c(C(C)=O)c2O)c(O)c2c1OC(C)(C)C=C2,O=C(O)Cc1cc(O)nc(O)n1,substitution,False,"1-[6-[(3-acetyl-2,4,6-trihydroxy-5-methylphenyl)methyl]-5,7-dihydroxy-2,2-dimethylchromen-8-yl]-2-methylbutan-1-one","2-(2,4-dioxo-1H-pyrimidin-6-yl)acetic acid"
440624,9543223,COc1cc2c(cc1O)CC[C@@H]1[C@@H]2CC[C@]2(C)C(=O)CC[C@@H]12,NC(/C=C\C(=O)[O-])=C/C(=O)C(=O)[O-],substitution,False,"(8R,9S,13S,14S)-3-hydroxy-2-methoxy-13-methyl-7,8,9,11,12,14,15,16-octahydro-6H-cyclopenta[a]phenanthren-17-one","(2Z,4E)-4-amino-6-oxohepta-2,4-dienedioate"
6741,467296,C[C@H]1C[C@@H]2[C@H]([C@@H](O)C[C@@]3(C)[C@H]2CC[C@]3(O)C(=O)CO)[C@@]2(C)C=CC(=O)C=C12,COc1cc(C(=O)O[C@@H]2Cc3c(O)cc(O)cc3O[C@@H]2c2ccc(O)c(O)c2)cc(O)c1O,substitution,False,"(6S,8S,9S,10R,11S,13S,14S,17R)-11,17-dihydroxy-17-(2-hydroxyacetyl)-6,10,13-trimethyl-7,8,9,11,12,14,15,16-octahydro-6H-cyclopenta[a]phenanthren-3-one","[(2R,3R)-2-(3,4-dihydroxyphenyl)-5,7-dihydroxy-3,4-dihydro-2H-chromen-3-yl] 3,4-dihydroxy-5-methoxybenzoate"
44140558,256420,CCN=c1cc2oc3cc([NH2+]CC)c(C)cc3c(CCC(=O)O)c-2cc1C,COc1cc(OC)c(-c2cc(=O)c3c(OC)c(OC)c(OC)c(OC)c3o2)cc1OC,substitution,False,"[9-(2-carboxyethyl)-6-(ethylamino)-2,7-dimethylxanthen-3-ylidene]-ethylazanium","5,6,7,8-tetramethoxy-2-(2,4,5-trimethoxyphenyl)chromen-4-one"
132282489,44140558,C[C@@H]1O[C@@H](OCCCCCCCCCCCCCCCCCCC(=O)SCCN=C([O-])CCN=C([O-])[C@H](O)C(C)(C)COP(=O)(O)OP(=O)(O)OC[C@H]2O[C@@H](n3cnc4c(N)ncnc43)[C@H](O)[C@@H]2OP(=O)([O-])[O-])[C@H](O)C[C@H]1O,CCN=c1cc2oc3cc([NH2+]CC)c(C)cc3c(CCC(=O)O)c-2cc1C,substitution,False,"[(2R,3S,4R,5R)-5-(6-aminopurin-9-yl)-2-[[[[(3R)-4-[[3-[2-[19-[(2R,3R,5R,6S)-3,5-dihydroxy-6-methyloxan-2-yl]oxynonadecanoylsulfanyl]ethylamino]-3-oxopropyl]amino]-3-hydroxy-2,2-dimethyl-4-oxobutoxy]-oxidophosphoryl]oxy-oxidophosphoryl]oxymethyl]-4-hydroxyoxolan-3-yl] phosphate","[9-(2-carboxyethyl)-6-(ethylamino)-2,7-dimethylxanthen-3-ylidene]-ethylazanium"
134160281,62712,CC(O)=N[C@H]1[C@H](OCCCCCN)O[C@H](CO)[C@H](O[C@@H]2O[C@@H](C)[C@H](O)[C@@H](O)[C@H]2O[C@H]2O[C@H](CO)[C@@H](O)[C@H](O)[C@H]2N=C(C)O)[C@@H]1O,O.O=S(=O)([O-])[O-].[Fe+2],substitution,False,"N-[(2R,3R,4R,5S,6R)-2-[(2S,3R,4R,5R,6S)-2-[(2R,3R,4R,5R,6R)-5-acetamido-6-(5-aminopentoxy)-4-hydroxy-2-(hydroxymethyl)oxan-3-yl]oxy-4,5-dihydroxy-6-methyloxan-3-yl]oxy-4,5-dihydroxy-6-(hydroxymethyl)oxan-3-yl]acetamide",iron(2+);sulfate;hydrate
40425339,86289202,CC([O-])=Nc1ccc(O)c(SC[C@H](N=C(C)O)C(=O)O)c1,CCCCCCCC/C=C\CCCCCCCC(=O)OC[C@@H](O)COP(=O)([O-])OCC(O)COP(=O)([O-])OC[C@@H](COC(=O)CCCCCCC/C=C\CCCCCCCC)OC(=O)CCCCCCC/C=C\CCCCCCCC,substitution,False,(2R)-2-acetamido-3-(5-acetamido-2-hydroxyphenyl)sulfanylpropanoate,"[3-[[(2R)-2,3-bis[[(Z)-octadec-9-enoyl]oxy]propoxy]-oxidophosphoryl]oxy-2-hydroxypropyl] [(2R)-2-hydroxy-3-[(Z)-octadec-9-enoyl]oxypropyl] phosphate"
70679136,91760,CCCCCCCCCCCCCCCCCCC(O)C(O)=N[C@@H](CO[C@@H]1O[C@H](CO)[C@@H](O)[C@H](O)[C@H]1O)[C@H](O)[C@H](O)CCCCCCCCCCC(C)C,CS(=O)(=O)c1ccc(C(=O)C2C(=O)CCCC2=O)c(Cl)c1,substitution,False,"N-[(2S,3S,4R)-3,4-dihydroxy-15-methyl-1-[(2R,3R,4S,5S,6R)-3,4,5-trihydroxy-6-(hydroxymethyl)oxan-2-yl]oxyhexadecan-2-yl]-2-hydroxyicosanamide","2-(2-chloro-4-methylsulfonylbenzoyl)cyclohexane-1,3-dione"
24778518,45266519,CCCCC/C=C\C/C=C\C/C=C\C/C=C\CCCC(=O)O[C@H](COC(=O)CCCCCCCCCCCCCCCC)COP(=O)([O-])OCC[N+](C)(C)C,O=C([O-])C(=O)Cc1c[nH]c2ccc(OCc3ccccc3)cc12,substitution,False,"[(2R)-3-heptadecanoyloxy-2-[(5Z,8Z,11Z,14Z)-icosa-5,8,11,14-tetraenoyl]oxypropyl] 2-(trimethylazaniumyl)ethyl phosphate",2-oxo-3-(5-phenylmethoxy-1H-indol-3-yl)propanoate
11127621,49800068,Cc1ccnc(-c2cc(C(=O)O)ccn2)c1,C=C1/C(=C\C=C2/CCC[C@]3(C)[C@@H]([C@H](C)/C=C/[C@@H](O)C4CC4)CC[C@@H]23)C[C@@H](O)C[C@@H]1O.O,substitution,False,2-(4-methylpyridin-2-yl)pyridine-4-carboxylic acid,"(1R,3S,5Z)-5-[(2E)-2-[(1R,3aS,7aR)-1-[(E,2R,5S)-5-cyclopropyl-5-hydroxypent-3-en-2-yl]-7a-methyl-2,3,3a,5,6,7-hexahydro-1H-inden-4-ylidene]ethylidene]-4-methylidenecyclohexane-1,3-diol;hydrate"
5283159,71464583,CCCCC/C=C\C/C=C\C/C=C\C=C\C(=O)CCCC(=O)O,N[C@@H](CCCCNC1=CC(=O)C(=O)C=C1C[C@H](N)C(=O)O)C(=O)O,substitution,False,"(6E,8Z,11Z,14Z)-5-oxoicosa-6,8,11,14-tetraenoic acid","(2S)-2-amino-6-[[6-[(2S)-2-amino-2-carboxyethyl]-3,4-dioxocyclohexa-1,5-dien-1-yl]amino]hexanoic acid"
6993401,70788998,C[C@H](N=C(O)[C@@H](N)Cc1c[nH]c2ccccc12)C(=O)O,N=C(O)CC[C@H](Nc1c([N+](=O)[O-])cc([N+](=O)[O-])cc1[N+](=O)[O-])C(=O)O,substitution,False,(2S)-2-[[(2S)-2-amino-3-(1H-indol-3-yl)propanoyl]amino]propanoic acid,"(2S)-5-amino-5-oxo-2-(2,4,6-trinitroanilino)pentanoic acid"
86290129,13376,CC(CO)CCCCCCCCCCCCCC(=O)[O-],CCCCN=CO,substitution,False,16-hydroxy-15-methylhexadecanoate,N-butylformamide
91847929,91772,OC[C@H]1O[C@@H](O)[C@H](O)[C@@H](O)[C@@H]1O[C@@H]1OC[C@@H](O)[C@H](O)[C@H]1O,COc1nc(C)nc(N(C)C(O)=NS(=O)(=O)c2ccccc2C(=O)O)n1,substitution,False,"(2R,3R,4R,5S,6R)-6-(hydroxymethyl)-5-[(2S,3R,4S,5R)-3,4,5-trihydroxyoxan-2-yl]oxyoxane-2,3,4-triol","2-[[(4-methoxy-6-methyl-1,3,5-triazin-2-yl)-methylcarbamoyl]sulfamoyl]benzoic acid"
70813,13926,C=CC#Cc1ccc(-c2cccs2)s1,O=c1oc(-c2ccccc2)nc2ccccc12,substitution,False,2-but-3-en-1-ynyl-5-thiophen-2-ylthiophene,"2-phenyl-3,1-benzoxazin-4-one"
439524,71627173,CC(C)C[C@@H](N)C(=O)O,CC(C)C[C@H](N=C(O)[C@H](Cc1ccccc1)C[C@@H](O)[C@H](Cc1ccccc1)N=C(O)OC(C)(C)C)C(O)=N[C@@H](Cc1ccccc1)C(O)=NCCCOCCOCCOCCCN=C(O)COCCOCCOCC(O)=NCCCOCCOCCOCCCN=C(O)CCSSCCN=C(O)CCCC[C@@H]1SC[C@@H]2N=C(O)N[C@@H]21,substitution,False,(2R)-2-amino-4-methylpentanoic acid,"tert-butyl N-[(2S,3R,5R)-6-[[(2S)-1-[[(2S)-1-[3-[2-[2-[3-[[2-[2-[2-[2-[3-[2-[2-[3-[3-[2-[5-[(3aS,4S,6aR)-2-oxo-1,3,3a,4,6,6a-hexahydrothieno[3,4-d]imidazol-4-yl]pentanoylamino]ethyldisulfanyl]propanoylamino]propoxy]ethoxy]ethoxy]propylamino]-2-oxoethoxy]ethoxy]ethoxy]acetyl]amino]propoxy]ethoxy]ethoxy]propylamino]-1-oxo-3-phenylpropan-2-yl]amino]-4-methyl-1-oxopentan-2-yl]amino]-5-benzyl-3-hydroxy-6-oxo-1-phenylhexan-2-yl]carbamate"
134814695,3536342,CC(C)=CCC/C(C)=C/CC/C(C)=C/CC/C(C)=C\CC/C(C)=C\CC/C(C)=C\CC/C(C)=C\CC/C(C)=C\CC/C(C)=C\CC/C(C)=C\CC/C(C)=C\CC/C(C)=C\COP(=O)([O-])O[C@@H]1O[C@H](C(=O)[O-])[C@H](O)[C@H](O)[C@H]1O,O=C(O)c1ccccc1C([O-])=Nc1cccc2ccccc12,substitution,False,"(2S,3R,4S,5R,6S)-6-[[(2Z,6Z,10Z,14Z,18Z,22Z,26Z,30Z,34Z,38E,42E)-3,7,11,15,19,23,27,31,35,39,43,47-dodecamethyloctatetraconta-2,6,10,14,18,22,26,30,34,38,42,46-dodecaenoxy]-oxidophosphoryl]oxy-3,4,5-trihydroxyoxane-2-carboxylate",2-(naphthalen-1-ylcarbamoyl)benzoate
