target_molecule_id,distractor_molecule_id,distractor_smiles
5354212,69527,CCCCCCCCCCCC(=O)OC(=O)CCCCCCCCCCC
5354212,761520,COc1ccc(SCCc2ccncc2)cc1
53239731,71298190,CC(O)=N[C@H]1C(O)O[C@H](CO)[C@H](O)[C@@H]1O[C@@H]1O[C@H](CO)[C@H](O[C@H]2O[C@H](CO)[C@H](O)[C@H](O)[C@H]2O)[C@H](O)[C@H]1O[C@@H]1O[C@@H](C)[C@@H](O)[C@@H](O)[C@@H]1O
53239731,65832,COc1cccc(CCN(C)CCCC(C#N)(c2ccc(OC)c(OC)c2)C(C)C)c1
49859627,6537198,O=S(=O)(O)O/N=C(\Cc1c[nH]c2ccccc12)S[C@@H]1O[C@H](CO)[C@@H](O)[C@H](O)[C@H]1O
49859627,3955,CN(C)C(=O)C(CCN1CCC(O)(c2ccc(Cl)cc2)CC1)(c1ccccc1)c1ccccc1
49859627,24892804,O=C(O)CCCC[C@@](O)(CC(=O)O)C(=O)O
3955,71420,CN(C)C(=O)C(CCN1CCC(O)(c2ccc(Cl)cc2)CC1)(c1ccccc1)c1ccccc1.Cl
3955,49859627,COc1cccc2[nH]cc(C/C(=N/OS(=O)(=O)[O-])S[C@@H]3O[C@H](CO)[C@@H](O)[C@H](O)[C@H]3O)c12
3955,121225531,CC(C)=CCC/C(C)=C/CC/C(C)=C/CC/C(C)=C\CC/C(C)=C\CC/C(C)=C\CC/C(C)=C\CC/C(C)=C\CC/C(C)=C\CC/C(C)=C\CC/C(C)=C\COP(=O)(O)OP(=O)(O)O[C@H]1O[C@H](CO)[C@@H](O[C@@H]2O[C@H](CO)[C@@H](OP(=O)([O-])OC[C@H](O)COP(=O)([O-])OC[C@H](O)CO)[C@H](O)[C@H]2N=C(C)[O-])[C@H](O)[C@H]1N=C(C)[O-]
440649,49859627,COc1cccc2[nH]cc(C/C(=N/OS(=O)(=O)[O-])S[C@@H]3O[C@H](CO)[C@@H](O)[C@H](O)[C@H]3O)c12
440649,139600860,CCCCCCCCCCCCCCCCCCCCCCCCCC(O)=N[C@@H](CO[C@H]1O[C@H](CO)[C@H](OCc2ccc(F)cc2)[C@H](O)[C@H]1O)[C@H](O)[C@H](O)CCCCCCCCCCCCCC
5780,52929771,CCCCCCCCCCCCCCCC/C=C\OC[C@@H](O)COP(=O)(O)O
5780,279,N=C(O)NC(CC(=O)O)C(=O)O
5780,10197842,C[S+](C)CC[C@H](N)C(=O)[O-]
52929771,5780,OC[C@@H](O)[C@@H](O)[C@H](O)[C@@H](O)CO
52929771,69527,CCCCCCCCCCCC(=O)OC(=O)CCCCCCCCCCC
52929771,6119,CC(C)(N)C(=O)O
56955923,30951,C=CCOc1ccc(CC(=O)O)cc1Cl
56955923,5780,OC[C@@H](O)[C@@H](O)[C@H](O)[C@@H](O)CO
56955923,10404741,C=CC(C)(C)c1cc(O)c2oc3c(ccc4ccoc43)c(=O)c2c1O
69527,5780,OC[C@@H](O)[C@@H](O)[C@H](O)[C@@H](O)CO
69527,5354212,COC(=O)/C=C1/CC[C@H]2[C@@H]3CCC4=CC(=O)CC[C@]4(C)[C@H]3C(=O)C[C@]12C
69527,637039,CC1=C(/C=C/C(C)=C/C=C/C(C)=C/C=C/C=C(C)/C=C/C=C(C)/C=C/C=C(\C)C(=O)O)C(C)(C)CCC1
86289485,92136201,N[C@@H](CCC([O-])=Nc1ccc2ccccc2c1)C(=O)O
86289485,5780,OC[C@@H](O)[C@@H](O)[C@H](O)[C@@H](O)CO
86289485,54758613,CC([O-])=N[C@@H]1[C@@H](O)[C@@H](O)[C@@H](COS(=O)(=O)O)O[C@H]1O
23724633,5780,OC[C@@H](O)[C@@H](O)[C@H](O)[C@@H](O)CO
23724633,52929771,CCCCCCCCCCCCCCCC/C=C\OC[C@@H](O)COP(=O)(O)O
23724633,11815,O=C1CC(=O)c2ccccc21
71298190,53239731,CC(O)=N[C@@H]1[C@@H](O[C@@H]2O[C@@H](C)[C@@H](O)[C@@H](O)[C@@H]2O)[C@H](O[C@@H]2O[C@H](CO)[C@@H](O)[C@H](O)[C@H]2N=C(C)O)[C@@H](CO[C@@H]2O[C@@H](C)[C@@H](O)[C@@H](O)[C@@H]2O)O[C@H]1O
71298190,135402057,CC(C)N(CCCN)/[N+]([O-])=N/O
23674745,135814272,O=C(O)[C@H]1CSC(c2nc3ccc([O-])cc3s2)=N1
23674745,131801242,C[C@@H]1O[C@@H](O[C@@H]2[C@H](O)[C@@H](O)[C@@H](O)O[C@@H]2C(=O)[O-])[C@H](O[C@H]2O[C@H](C(=O)[O-])[C@H](O)[C@H](O)[C@H]2O)[C@H](O)[C@H]1O
70678725,53380618,O=P(O)(O)OC1[C@@H](OP(=O)(O)O)[C@H](OP(=O)(O)OP(=O)(O)O)C(O)[C@H](OP(=O)(O)OP(=O)(O)O)[C@H]1OP(=O)(O)O
70678725,224389,NC(CCC(=O)O)CC(=O)O
69212,71464583,N[C@@H](CCCCNC1=CC(=O)C(=O)C=C1C[C@H](N)C(=O)O)C(=O)O
69212,443144,CC(=O)C[C@@H]1CCCN1C
69212,76972186,C=C(C)[C@]12C[C@@H](C)[C@@]34O[C@](Cc5ccccc5)(O[C@@H]1[C@@H]3C=C(COC(=O)Cc1ccc(O)cc1)C[C@]1(O)C(=O)C(C)=C[C@@H]41)O2
12308716,49859627,COc1cccc2[nH]cc(C/C(=N/OS(=O)(=O)[O-])S[C@@H]3O[C@H](CO)[C@@H](O)[C@H](O)[C@H]3O)c12
12308716,86583476,CCCCCCCCCCCCC/C=C/[C@@H](O)[C@@H]([NH3+])CO[C@@H]1O[C@H](CO)[C@@H](O)[C@H](O)[C@H]1O
5471966,49859627,COc1cccc2[nH]cc(C/C(=N/OS(=O)(=O)[O-])S[C@@H]3O[C@H](CO)[C@@H](O)[C@H](O)[C@H]3O)c12
5471966,108976,NCC[C@@H](O)C[C@H](N)C(=O)O
13376,5780,OC[C@@H](O)[C@@H](O)[C@H](O)[C@@H](O)CO
13376,75551,CSCC(=O)O
13376,5702692,CCN1C(=CC=CC=Cc2[o+]c3ccccc3n2CC)Oc2ccccc21.[I-]
6913121,5354212,COC(=O)/C=C1/CC[C@H]2[C@@H]3CCC4=CC(=O)CC[C@]4(C)[C@H]3C(=O)C[C@]12C
6913121,7541,Clc1nc(Cl)[nH]c(=Nc2ccccc2Cl)n1
86289860,5780,OC[C@@H](O)[C@@H](O)[C@H](O)[C@@H](O)CO
86289860,56955923,O=[As]([O-])(O)c1ccccc1
86289860,169485,CC(C)=CC(O)=NCC(=O)O
14345637,5780,OC[C@@H](O)[C@@H](O)[C@H](O)[C@@H](O)CO
14345637,71298190,CC(O)=N[C@H]1C(O)O[C@H](CO)[C@H](O)[C@@H]1O[C@@H]1O[C@H](CO)[C@H](O[C@H]2O[C@H](CO)[C@H](O)[C@H](O)[C@H]2O)[C@H](O)[C@H]1O[C@@H]1O[C@@H](C)[C@@H](O)[C@@H](O)[C@@H]1O
14345637,83133,O=P(O)(O)Oc1ccc2ccccc2c1
10825777,135814272,O=C(O)[C@H]1CSC(c2nc3ccc([O-])cc3s2)=N1
10825777,15061532,CCCCCCCCCCCCCCCC(=O)O[C@H](CO)COP(=O)([O-])OCC[N+](C)(C)C
11060176,49859627,COc1cccc2[nH]cc(C/C(=N/OS(=O)(=O)[O-])S[C@@H]3O[C@H](CO)[C@@H](O)[C@H](O)[C@H]3O)c12
11060176,5280891,CCCCC[C@H](O)/C=C/[C@H]1OC(=O)C[C@H](O)[C@@H]1C/C=C\CCCC(=O)O
279,5780,OC[C@@H](O)[C@@H](O)[C@H](O)[C@@H](O)CO
279,5780,OC[C@@H](O)[C@@H](O)[C@H](O)[C@@H](O)CO
279,71464507,CCCCCCCC/C=C\CCCCCCCCCC(=O)OC(CC(=O)[O-])C[N+](C)(C)C
135814272,23674745,CC(C(=O)[O-])c1ccc(CC2CCCC2=O)cc1.O.O.[Na+]
135814272,151021,O=C(O)[C@H](Cc1ccc(O)cc1)N=C(O)c1ccccc1
72189985,5780,OC[C@@H](O)[C@@H](O)[C@H](O)[C@@H](O)CO
72189985,440649,Cc1ncc(C[n+]2c(C(O)CCC(=O)O)sc(CCOP(=O)(O)OP(=O)(O)O)c2C)c(=N)[nH]1
72189985,25201943,CC(O)=NCCC[NH2+]CCCC[NH2+]CCC[NH3+]
443078,49859627,COc1cccc2[nH]cc(C/C(=N/OS(=O)(=O)[O-])S[C@@H]3O[C@H](CO)[C@@H](O)[C@H](O)[C@H]3O)c12
443078,72193864,CCn1cc(C(=O)O)c(=O)c2c(N)c(F)c(NC3CCCCC3)cc21
132282124,6433272,C[C@@H]1[C@H](O)[C@@H](C)/C=C/C=C/CC/C=C/C=C/C=C/C=C/C(O[C@H]2O[C@H](C)[C@@H](O)[C@H](N)[C@@H]2O)CC2O[C@](O)(CC(O)C(O)CCC(O)CC(O)CC(O)CC(=O)O[C@H]1C)CC(O)C2C(=O)O
132282124,108109,CC(C)CCC[C@@H](C)[C@H]1CC[C@H]2[C@@H]3C[C@H]4O[C@]45C[C@@H](O)CC[C@]5(C)[C@H]3CC[C@]12C
68057,70804,O=C(O)c1ccc2c(c1)CCCC2
68057,5780,OC[C@@H](O)[C@@H](O)[C@H](O)[C@@H](O)CO
68057,44237331,COc1cc(/C=C/C(=O)OCCCCCCCCCCCCCCCC(=O)O)ccc1[O-]
134160296,5284552,COc1cc(C[C@@H]2c3c(cc(OC)c(OC)c3OC)CC[N@@+]2(C)CCCOC(=O)CCC(=O)OCCC[N@@+]2(C)CCc3cc(OC)c(OC)c(OC)c3[C@@H]2Cc2cc(OC)c(OC)c(OC)c2)cc(OC)c1OC
134160296,452110,CCCCCCCCCCCCCCCC(=O)OC[C@H](COP(=O)([O-])OCC[N+](C)(C)C)OC(=O)CCCCCCCCCCCCCCC
6433272,132282124,C[C@@H]1O[C@@H](OCCCCCC(=O)SCCN=C(O)CCN=C(O)[C@H](O)C(C)(C)COP(=O)(O)OP(=O)(O)OC[C@H]2O[C@@H](n3cnc4c(N)ncnc43)[C@H](O)[C@@H]2OP(=O)(O)O)[C@H](O)C[C@H]1O
6433272,98285,O=C(O)C1Cc2c([nH]c3ccccc23)CN1
57330977,49859627,COc1cccc2[nH]cc(C/C(=N/OS(=O)(=O)[O-])S[C@@H]3O[C@H](CO)[C@@H](O)[C@H](O)[C@H]3O)c12
57330977,91855404,C[C@@H]1O[C@@H](O[C@H]2[C@@H](O)[C@@H](CO)O[C@@H](OC[C@H]3O[C@@H](O)[C@H](O)[C@@H](O)[C@H]3O)[C@@H]2O)[C@@H](O)[C@H](O)[C@@H]1O
5315318,49859627,COc1cccc2[nH]cc(C/C(=N/OS(=O)(=O)[O-])S[C@@H]3O[C@H](CO)[C@@H](O)[C@H](O)[C@H]3O)c12
5315318,70678703,C=C(C)C1Cc2c(oc3cc(OC)c(/C=C/C(C)C)c(O)c3c2=O)-c2ccc(O)cc2O1
25031915,57379018,CN=C(O)c1cccc2cc(Oc3ccnc4cc(OCC5(N)CC5)c(OC)cc34)ccc12.Cl
25031915,49859627,COc1cccc2[nH]cc(C/C(=N/OS(=O)(=O)[O-])S[C@@H]3O[C@H](CO)[C@@H](O)[C@H](O)[C@H]3O)c12
25031915,86289288,C/C=C1/C[C@@H](C)[C@@](C)(O)C(=O)OCC2=CC[NH+]3CC[C@@H](OC1=O)[C@@H]23
443144,7408258,O=C(O)[C@H](CO)N=C(O)[C@@H]1CCCN1
443144,69212,CC1=CC(=O)C(=O)C=C1O
443144,126456491,O=C(O)[C@H](O)C(=O)COP(=O)(O)O
108086,23674745,CC(C(=O)[O-])c1ccc(CC2CCCC2=O)cc1.O.O.[Na+]
108086,135885207,CCN1c2cc3c(cc2C(C)=CC1(C)C)C(=CC=CC=CC1=[N+](CCCS(=O)(=O)O)c2ccc(S(=O)(=O)[O-])cc2C1(C)CCCC(=O)[O-])C=C(C(C)(C)C)O3
14212362,72551571,CCCCCC/C=C\CCCCCCCC(=O)CC(=O)SCCN=C([O-])CCN=C([O-])[C@H](O)C(C)(C)COP(=O)(O)OP(=O)(O)OC[C@H]1O[C@@H](n2cnc3c(N)ncnc32)[C@H](O)[C@@H]1OP(=O)([O-])[O-]
14212362,5354212,COC(=O)/C=C1/CC[C@H]2[C@@H]3CCC4=CC(=O)CC[C@]4(C)[C@H]3C(=O)C[C@]12C
14212362,25105143,CCCCCCCCCCCCCC[C@@H](O)[C@@H](O)[C@H](CO[C@H]1O[C@H](CO)[C@H](O)[C@H](O)[C@H]1O)N=C(O)CCCCCCCCCc1ccccc1
73271,118429016,CC(=O)/C=C/c1c(O)nc(O)nc1CC[C@H](O)[C@H](O)[C@H](O)CO
73271,5780,OC[C@@H](O)[C@@H](O)[C@H](O)[C@@H](O)CO
73271,1745,OCc1cnc[nH]1
5280695,5281603,COc1c(O)cc2oc(-c3ccc(O)c(O)c3)c(OC)c(=O)c2c1O
5280695,5354212,COC(=O)/C=C1/CC[C@H]2[C@@H]3CCC4=CC(=O)CC[C@]4(C)[C@H]3C(=O)C[C@]12C
5280695,439934,N[C@@H]1C(O)[C@H](N)[C@@H](O)C(OP(=O)(O)O)[C@H]1O
119035,5424,O=C1C(O)=C(O)C(=O)C(O)=C1O
119035,5780,OC[C@@H](O)[C@@H](O)[C@H](O)[C@@H](O)CO
119035,53297389,COC(=O)[C@@H]1c2cc3c(c(O)c2C(=O)C[C@]1(C)O)C(=O)c1c(O)cccc1C3=O
121596220,5780,OC[C@@H](O)[C@@H](O)[C@H](O)[C@@H](O)CO
121596220,10825777,NC(Cc1cc(O)c2c(c1)SCC(O)=N2)C(=O)O
121596220,16724520,COc1cccc2nnc3cccc(OC)c3c12
30951,56955923,O=[As]([O-])(O)c1ccccc1
30951,86289860,O=C(O)C[C@H](O)CCCCCCCO
30951,6419961,Cl.N[C@H]1C[C@@H]1c1ccccc1
91972219,70678649,CC(O)=N[C@@H]1[C@@H](O)[C@H](O[C@@H]2O[C@H](CO)[C@H](OS(=O)(=O)O)[C@H](O)[C@H]2O)[C@@H](CO)O[C@H]1O
91972219,49859627,COc1cccc2[nH]cc(C/C(=N/OS(=O)(=O)[O-])S[C@@H]3O[C@H](CO)[C@@H](O)[C@H](O)[C@H]3O)c12
91972219,3036388,O/C=C\O
514186,56955923,O=[As]([O-])(O)c1ccccc1
514186,10825777,NC(Cc1cc(O)c2c(c1)SCC(O)=N2)C(=O)O
514186,51351812,C=CC1=C(C)C([O-])=NC1Cc1[nH]c(Cc2[nH]c3c(c2C)C(=O)C/C3=C2/N[C@H](C(=O)O)[C@@H](C)[C@@H]2CCC(=O)[O-])c(CC)c1C
11001318,23674745,CC(C(=O)[O-])c1ccc(CC2CCCC2=O)cc1.O.O.[Na+]
11001318,5357283,COC(=O)/C=C/c1ccc(O)c(OC)c1
97783,5780,OC[C@@H](O)[C@@H](O)[C@H](O)[C@@H](O)CO
97783,56955923,O=[As]([O-])(O)c1ccccc1
97783,135926581,C[C@@H]1Nc2[nH]c(=N)nc([O-])c2N2C=[N+](c3ccc(C[C@H](O)[C@H](O)[C@H](O)CO[C@H]4O[C@H](COP(=O)([O-])O[C@@H](CCC(=O)[O-])C(=O)O)[C@@H](O)[C@H]4O)cc3)[C@H](C)[C@@H]12
5284552,132282124,C[C@@H]1O[C@@H](OCCCCCC(=O)SCCN=C(O)CCN=C(O)[C@H](O)C(C)(C)COP(=O)(O)OP(=O)(O)OC[C@H]2O[C@@H](n3cnc4c(N)ncnc43)[C@H](O)[C@@H]2OP(=O)(O)O)[C@H](O)C[C@H]1O
5284552,70680335,CC(O)=N[C@@H]1[C@@H](O)[C@H](O[C@@H]2O[C@H](CO[C@H]3O[C@H](CO)[C@@H](O)[C@H](O)[C@H]3N=C(C)O)[C@H](O)[C@H](O)[C@H]2O)[C@@H](CO)O[C@H]1O
25244168,5780,OC[C@@H](O)[C@@H](O)[C@H](O)[C@@H](O)CO
25244168,56955923,O=[As]([O-])(O)c1ccccc1
25244168,90659804,CCCCCCCC/C=C\CCCCCCCCCCCCCC(O)=N[C@@H](CO[C@@H]1O[C@H](CO)[C@@H](O[C@@H]2O[C@H](CO)[C@H](O[C@H]3O[C@H](CO)[C@H](O)[C@H](O)[C@H]3O)[C@H](O)[C@H]2O)[C@H](O)[C@H]1O)[C@H](O)/C=C/CCCCCCCCCCCCC
46931152,5780,OC[C@@H](O)[C@@H](O)[C@H](O)[C@@H](O)CO
46931152,70678903,CC(C)=CCC/C(C)=C/CC/C(C)=C/CC/C(C)=C/CC/C(C)=C\CC/C(C)=C\CC/C(C)=C\CC/C(C)=C\CC/C(C)=C\CC/C(C)=C\CC/C(C)=C\COP(=O)(O)OP(=O)(O)O[C@H]1O[C@H](C)[C@@H](N=C(C)[O-])[C@H](O[C@H]2O[C@H](CO)[C@H](O[C@H]3O[C@H](CO)[C@H](O)[C@H](O)[C@H]3N=C(C)[O-])[C@H](O)[C@H]2N=C(C)O)[C@H]1N=C(C)O
46931152,91855664,OC[C@@H](O)[C@@H]1OC(O)[C@H](O)[C@H]1O[C@H]1O[C@H](CO)[C@H](O[C@H]2O[C@H](CO)[C@H](O)[C@H](O)[C@H]2O)[C@H](O)[C@H]1O
108976,5780,OC[C@@H](O)[C@@H](O)[C@H](O)[C@@H](O)CO
108976,279,N=C(O)NC(CC(=O)O)C(=O)O
108976,637568,COC(=O)/C=C/C(=O)OC
54699185,49859627,COc1cccc2[nH]cc(C/C(=N/OS(=O)(=O)[O-])S[C@@H]3O[C@H](CO)[C@@H](O)[C@H](O)[C@H]3O)c12
54699185,72144,Cc1cc(O)c([C@@H]2C[C@H]3CC[C@]2(C)C3(C)C)cc1C
6245,10825777,NC(Cc1cc(O)c2c(c1)SCC(O)=N2)C(=O)O
6245,56927734,Cc1cn([C@H]2C[C@H](O)[C@@H](COP(=O)(O)OP(=O)(O)O[C@H]3O[C@H](C)[C@H](O)[C@H](N(C)C)[C@H]3O)O2)c(=O)nc1O
31101,53239731,CC(O)=N[C@@H]1[C@@H](O[C@@H]2O[C@@H](C)[C@@H](O)[C@@H](O)[C@@H]2O)[C@H](O[C@@H]2O[C@H](CO)[C@@H](O)[C@H](O)[C@H]2N=C(C)O)[C@@H](CO[C@@H]2O[C@@H](C)[C@@H](O)[C@@H](O)[C@@H]2O)O[C@H]1O
31101,145864724,COc1cc([O-])c2c(O)c3c(=O)cc(C)oc3cc2c1
91828250,25245067,CCCCCCCCCCCCCC(=O)O[C@H](CCCCCCCCCCC)CC(=O)O[C@@H]1[C@@H](N=C(O)C[C@@H](CCCCCCCCCCC)OC(=O)CCCCCCCCCCC)[C@H](OC[C@H]2O[C@H](OP(=O)(O)O[C@H]3OC[C@H](N)[C@H](O)[C@H]3O)[C@H](N=C(O)C[C@H](O)CCCCCCCCCCC)[C@@H](OC(=O)C[C@H](O)CCCCCCCCCCC)[C@@H]2O)O[C@H](CO[C@]2(C(=O)O)C[C@@H](O[C@]3(C(=O)O)C[C@@H](O)[C@@H](O)[C@@H]([C@H](O)CO)O3)[C@@H](O)[C@@H]([C@H](O)CO)O2)[C@H]1OP(=O)(O)O[C@H]1OC[C@H](N)[C@H](O)[C@H]1O
91828250,643956,NC(Cc1c[nH]c2c(Cl)cccc12)C(=O)O
1119,5780,OC[C@@H](O)[C@@H](O)[C@H](O)[C@@H](O)CO
1119,73981,[Mg+2].[OH-].[OH-]
1119,1549302,O=C(O)[C@@H](O)C(O)[C@H](O)C(=O)O
53239760,92136163,CCCCCCCCCCCCC/C=C/[C@@H](O)[C@H](CO[C@@H]1O[C@H](CO)[C@@H](O[C@@H]2O[C@H](CO)[C@H](O[C@@H]3O[C@H](CO)[C@H](O)[C@H](O[C@@H]4O[C@H](CO)[C@H](O)[C@H](O[C@]5(C(=O)O)C[C@H](O)[C@@H](N=C(C)O)[C@H]([C@H](O)[C@H](O)CO)O5)[C@H]4O)[C@H]3N=C(C)O)[C@H](O[C@]3(C(=O)O)C[C@H](O)[C@@H](N=C(C)O)[C@H]([C@H](O)[C@H](O)CO)O3)[C@H]2O)[C@H](O)[C@H]1O)N=C(O)CCCCCCCCCCCCCCCCC
53239760,56600471,O=C1c2ccccc2[C@H](O)C[C@@H]1[C@H]1C[C@@H](O)c2ccccc2C1=O
86289183,5780,OC[C@@H](O)[C@@H](O)[C@H](O)[C@@H](O)CO
86289183,49859627,COc1cccc2[nH]cc(C/C(=N/OS(=O)(=O)[O-])S[C@@H]3O[C@H](CO)[C@@H](O)[C@H](O)[C@H]3O)c12
86289183,49852318,N[C@@H](CCN[C@@H](CCN1CC[C@H]1C(=O)O)C(=O)O)C(=O)O
10922936,56955923,O=[As]([O-])(O)c1ccccc1
10922936,10825777,NC(Cc1cc(O)c2c(c1)SCC(O)=N2)C(=O)O
10922936,3078139,N#Cc1nn(-c2c(Cl)cc(C(F)(F)F)cc2Cl)c(N)c1S(=O)(=O)C(F)(F)F
71668339,5780,OC[C@@H](O)[C@@H](O)[C@H](O)[C@@H](O)CO
71668339,23674745,CC(C(=O)[O-])c1ccc(CC2CCCC2=O)cc1.O.O.[Na+]
71668339,126456479,O=C(O)CCC[C@H](O)/C=C\C=C\C=C\[C@H](O)C/C=C\CCCCC(=O)O[C@@H]1O[C@H](C(=O)O)[C@@H](O)[C@H](O)[C@H]1O
21953369,5780,OC[C@@H](O)[C@@H](O)[C@H](O)[C@@H](O)CO
21953369,121596220,CC(C(=O)[O-])C(=O)OC(CC(=O)[O-])C[N+](C)(C)C
21953369,91847324,OC[C@H]1OC(O[C@H]2[C@H](O)[C@@H](O)[C@@H](O[C@H]3[C@H](O)[C@@H](O)[C@H](O)O[C@@H]3CO)O[C@@H]2CO)[C@H](O)[C@@H](O)[C@@H]1O
91855080,131801208,C[C@@H]1O[C@@H](O[C@@H]2[C@@H](O)[C@H](C)O[C@@H](OCCCCCN)[C@@H]2O)[C@H](O)[C@H](O)[C@H]1O
91855080,23674745,CC(C(=O)[O-])c1ccc(CC2CCCC2=O)cc1.O.O.[Na+]
91855080,124202377,N[C@@H](CCC(O)=N[C@@H](CSc1cc([O-])ccc1O)C(O)=NCC(=O)O)C(=O)O
85904018,5780,OC[C@@H](O)[C@@H](O)[C@H](O)[C@@H](O)CO
85904018,52929771,CCCCCCCCCCCCCCCC/C=C\OC[C@@H](O)COP(=O)(O)O
85904018,46843906,COc1cc(C(=O)N2CCC(N3CCN(C)CC3)CC2)ccc1Nc1ncc2c(n1)N(C)c1ccccc1C(=O)N2C
57320776,52929771,CCCCCCCCCCCCCCCC/C=C\OC[C@@H](O)COP(=O)(O)O
57320776,86289282,CCCCCCCC/C=C\CCCCCCCC(=O)O[C@H](CO)COP(=O)([O-])[O-]
16078938,49859627,COc1cccc2[nH]cc(C/C(=N/OS(=O)(=O)[O-])S[C@@H]3O[C@H](CO)[C@@H](O)[C@H](O)[C@H]3O)c12
16078938,53477563,CC(C)=CCC/C(C)=C/CC/C(C)=C/CC/C(C)=C\CC/C(C)=C\CC/C(C)=C\CC/C(C)=C\CC/C(C)=C\CC/C(C)=C\CC/C(C)=C\CC/C(C)=C\COP(=O)(O)OP(=O)(O)O[C@H]1O[C@H](CO)[C@@H](O[C@@H]2O[C@H](CO)[C@@H](O)[C@H](O[C@H]3O[C@H](CO)[C@@H](O)[C@H](O)[C@@H]3O)[C@H]2O)[C@H](O)[C@H]1O
3374,10825777,NC(Cc1cc(O)c2c(c1)SCC(O)=N2)C(=O)O
3374,5283345,CCCCCCC/C=C/C=O
124202362,49859627,COc1cccc2[nH]cc(C/C(=N/OS(=O)(=O)[O-])S[C@@H]3O[C@H](CO)[C@@H](O)[C@H](O)[C@H]3O)c12
124202362,10197842,C[S+](C)CC[C@H](N)C(=O)[O-]
129626641,5780,OC[C@@H](O)[C@@H](O)[C@H](O)[C@@H](O)CO
129626641,49859627,COc1cccc2[nH]cc(C/C(=N/OS(=O)(=O)[O-])S[C@@H]3O[C@H](CO)[C@@H](O)[C@H](O)[C@H]3O)c12
129626641,24892782,C/C(=C\CNc1ncnc2c1ncn2[C@@H]1O[C@H](COP(=O)(O)OP(=O)(O)OP(=O)(O)O)[C@@H](O)[C@H]1O)CO
57971952,53297328,CCCCCCCCCCCCCCCC(O)=N[C@H]1C[C@@H](O)[C@@H](O)N=C(O)[C@@H]2[C@@H](O)[C@@H](C)CN2C(=O)[C@H]([C@H](O)CC(=N)O)N=C(O)[C@H]([C@H](O)[C@@H](O)c2ccc(O)cc2)N=C(O)[C@@H]2C[C@@H](O)CN2C(=O)[C@H]([C@@H](C)O)N=C1O
57971952,132282124,C[C@@H]1O[C@@H](OCCCCCC(=O)SCCN=C(O)CCN=C(O)[C@H](O)C(C)(C)COP(=O)(O)OP(=O)(O)OC[C@H]2O[C@@H](n3cnc4c(N)ncnc43)[C@H](O)[C@@H]2OP(=O)(O)O)[C@H](O)C[C@H]1O
57971952,3034394,C=C[C@](C)(O)CC[C@H]1C(=C)CC[C@H]2C(C)(C)CCC[C@]12C
439258,5780,OC[C@@H](O)[C@@H](O)[C@H](O)[C@@H](O)CO
439258,56955923,O=[As]([O-])(O)c1ccccc1
439258,11953899,N#C[C@@H](O[C@@H]1O[C@H](CO[C@@H]2OC[C@@H](OC(=O)/C=C/c3ccc(O[C@@H]4O[C@H](CO)[C@@H](O)[C@H](O)[C@H]4O)cc3)[C@H](O)[C@H]2O)[C@@H](O)[C@H](O)[C@H]1O)c1ccccc1
91856628,49859627,COc1cccc2[nH]cc(C/C(=N/OS(=O)(=O)[O-])S[C@@H]3O[C@H](CO)[C@@H](O)[C@H](O)[C@H]3O)c12
91856628,8146,CCOCCOCCO
53380618,53477674,O=P(O)(O)O[C@@H]1[C@@H](OP(=O)(O)O)[C@H](OP(=O)(O)O)[C@H](O)[C@H](OP(=O)(O)OP(=O)(O)O)[C@H]1OP(=O)(O)O
53380618,53239731,CC(O)=N[C@@H]1[C@@H](O[C@@H]2O[C@@H](C)[C@@H](O)[C@@H](O)[C@@H]2O)[C@H](O[C@@H]2O[C@H](CO)[C@@H](O)[C@H](O)[C@H]2N=C(C)O)[C@@H](CO[C@@H]2O[C@@H](C)[C@@H](O)[C@@H](O)[C@@H]2O)O[C@H]1O
53380618,122391246,COC(=O)[C@@H]1C[C@H](O)[C@]2(C)CC[C@]3(C)C(=CC[C@@H]4[C@@]5(C)CCC(=O)C(C)(C)[C@@H]5CC[C@]43C)[C@H]2[C@H]1C
23724670,242486,COc1ccc(C2CC(=O)c3c(cc(OC)c(OC)c3OC)O2)cc1
23724670,10825777,NC(Cc1cc(O)c2c(c1)SCC(O)=N2)C(=O)O
23724670,86278053,COc1ccc2c(c1OC)C[N+]1(C)CCc3cc4c(c(O)c3[C@@H]1[C@H]2O)OCO4
243,56955923,O=[As]([O-])(O)c1ccccc1
243,176983,C=C(C)C1=CC=C(C)CC1
243,439462,Nc1c(O)nc(O)nc1N[C@@H]1O[C@H](COP(=O)(O)O)[C@@H](O)[C@H]1O
104881,23674745,CC(C(=O)[O-])c1ccc(CC2CCCC2=O)cc1.O.O.[Na+]
104881,145864719,CCCCCCCCCCCCCCC(CCCCCCCCCCCCCC)CO[C@@H]1O[C@H](CO)[C@@H](O[C@@H]2O[C@H](CO)[C@H](O)[C@H](O[C@@H]3O[C@H](COS(=O)(=O)O)[C@@H](O[C@@H]4O[C@H](CO)[C@H](O)[C@H](OC56C[C@H](O)[C@@H](N=C5O)[C@H]([C@H](O)[C@H](O)CO)O6)[C@H]4O)[C@H](O[C@@H]4O[C@@H](C)[C@@H](O)[C@@H](O)[C@@H]4O)[C@H]3N=C(C)[O-])[C@H]2O)[C@H](O)[C@H]1O.[Na+]
75551,5780,OC[C@@H](O)[C@@H](O)[C@H](O)[C@@H](O)CO
75551,13376,CCCCN=CO
75551,91666451,CCCCCCCC[C@@H](O)[C@H](CCCCCCCC(=O)[O-])OP(=O)([O-])[O-]
51041863,92136163,CCCCCCCCCCCCC/C=C/[C@@H](O)[C@H](CO[C@@H]1O[C@H](CO)[C@@H](O[C@@H]2O[C@H](CO)[C@H](O[C@@H]3O[C@H](CO)[C@H](O)[C@H](O[C@@H]4O[C@H](CO)[C@H](O)[C@H](O[C@]5(C(=O)O)C[C@H](O)[C@@H](N=C(C)O)[C@H]([C@H](O)[C@H](O)CO)O5)[C@H]4O)[C@H]3N=C(C)O)[C@H](O[C@]3(C(=O)O)C[C@H](O)[C@@H](N=C(C)O)[C@H]([C@H](O)[C@H](O)CO)O3)[C@H]2O)[C@H](O)[C@H]1O)N=C(O)CCCCCCCCCCCCCCCCC
51041863,890,O=P(O)(O)OC1C(OP(=O)(O)O)C(OP(=O)(O)O)C(OP(=O)(O)O)C(OP(=O)(O)O)C1OP(=O)(O)O
176983,46878520,O=C([O-])CCC1=CC=C[C@H](O)[C@@H]1O
176983,69212,CC1=CC(=O)C(=O)C=C1O
176983,4474580,NCCCC(NC(CCC(=O)O)C(=O)O)C(=O)O
11460189,86583397,O=C1C[C@@](O)(COP(=O)([O-])[O-])[C@@H](O)[C@H](O)[C@@H]1O
11460189,23674745,CC(C(=O)[O-])c1ccc(CC2CCCC2=O)cc1.O.O.[Na+]
11460189,118796897,CC1C(=O)c2ccccc2NC1C=O
102026334,132282124,C[C@@H]1O[C@@H](OCCCCCC(=O)SCCN=C(O)CCN=C(O)[C@H](O)C(C)(C)COP(=O)(O)OP(=O)(O)OC[C@H]2O[C@@H](n3cnc4c(N)ncnc43)[C@H](O)[C@@H]2OP(=O)(O)O)[C@H](O)C[C@H]1O
102026334,135567475,CCCCCCCCCCCCCCCCCCCCCCCCCC(O)=N[C@@H](CO[C@H]1O[C@H](CO)[C@H](OCc2ccc(C)cc2)[C@H](O)[C@H]1O)[C@H](O)[C@H](O)CCCCCCCCCCCCCC
44123467,5780,OC[C@@H](O)[C@@H](O)[C@H](O)[C@@H](O)CO
44123467,69212,CC1=CC(=O)C(=O)C=C1O
44123467,53356709,OC[C@H]1O[C@H](OC[C@H]2O[C@H](O[C@@H]3[C@@H](O[C@@H]4C(O)O[C@H](CO)[C@@H](O)[C@@H]4O)O[C@H](CO)[C@@H](O)[C@@H]3O)[C@@H](O)[C@@H](O[C@H]3O[C@H](CO)[C@@H](O)[C@H](O)[C@@H]3O)[C@@H]2O)[C@@H](O)[C@@H](O)[C@@H]1O
137333888,5354212,COC(=O)/C=C1/CC[C@H]2[C@@H]3CCC4=CC(=O)CC[C@]4(C)[C@H]3C(=O)C[C@]12C
137333888,31264,CC1OC(C)OC(C)O1
71362816,5780,OC[C@@H](O)[C@@H](O)[C@H](O)[C@@H](O)CO
71362816,6921820,COc1ccc(C[C@H]2[NH2+]CCc3cc(OC)c(OC)cc32)cc1OC
70698038,14274761,COc1cc([C@@H](O)[C@@H](CO)Oc2ccc(/C=C/CO)cc2OC)ccc1O
70698038,5354212,COC(=O)/C=C1/CC[C@H]2[C@@H]3CCC4=CC(=O)CC[C@]4(C)[C@H]3C(=O)C[C@]12C
70698038,75606,O=C(O)CN=CO
33255,49859627,COc1cccc2[nH]cc(C/C(=N/OS(=O)(=O)[O-])S[C@@H]3O[C@H](CO)[C@@H](O)[C@H](O)[C@H]3O)c12
33255,71491931,O=C(O)/C=C/C(=O)O.O=C(c1ccc(F)c(F)c1Nc1ccc(I)cc1F)N1CC(O)([C@@H]2CCCCN2)C1.O=C(c1ccc(F)c(F)c1Nc1ccc(I)cc1F)N1CC(O)([C@@H]2CCCCN2)C1
72551571,14212362,Nc1nc(O)nc2c1ncn2[C@@H]1O[C@H](COP(=O)(O)O)[C@@H](O)[C@H]1O
72551571,132282124,C[C@@H]1O[C@@H](OCCCCCC(=O)SCCN=C(O)CCN=C(O)[C@H](O)C(C)(C)COP(=O)(O)OP(=O)(O)OC[C@H]2O[C@@H](n3cnc4c(N)ncnc43)[C@H](O)[C@@H]2OP(=O)(O)O)[C@H](O)C[C@H]1O
72551571,65663,CCOC(=O)[C@H]1O[C@@H]1C(O)=N[C@@H](CC(C)C)C(O)=NCCC(C)C
3692773,5780,OC[C@@H](O)[C@@H](O)[C@H](O)[C@@H](O)CO
3692773,6327678,NP(O)O
3692773,54580211,COc1c(-c2ccc(O[C@@H]3O[C@H](CO)[C@@H](O)[C@H](O)[C@H]3O)c(O)c2)oc2cc(O[C@@H]3O[C@H](CO)[C@@H](O)[C@H](O)[C@H]3O)cc(O)c2c1=O
36690813,5354212,COC(=O)/C=C1/CC[C@H]2[C@@H]3CCC4=CC(=O)CC[C@]4(C)[C@H]3C(=O)C[C@]12C
36690813,72144,Cc1cc(O)c([C@@H]2C[C@H]3CC[C@]2(C)C3(C)C)cc1C
34006,5780,OC[C@@H](O)[C@@H](O)[C@H](O)[C@@H](O)CO
34006,69212,CC1=CC(=O)C(=O)C=C1O
34006,20846129,CC[C@](C)(O)C(=O)C(=O)O
86289694,45266740,CC([O-])=N[C@H]1C(O)O[C@H](COP(=O)([O-])O)[C@@H](O)[C@@H]1O[C@H](C)C(=O)[O-]
86289694,5354212,COC(=O)/C=C1/CC[C@H]2[C@@H]3CCC4=CC(=O)CC[C@]4(C)[C@H]3C(=O)C[C@]12C
86289694,44140558,CCN=c1cc2oc3cc([NH2+]CC)c(C)cc3c(CCC(=O)O)c-2cc1C
2724,56955923,O=[As]([O-])(O)c1ccccc1
2724,10825777,NC(Cc1cc(O)c2c(c1)SCC(O)=N2)C(=O)O
2724,3008318,CCCCCCCCCCCCCCCC(O)=N[C@H](CN1CCOCC1)[C@H](O)c1ccccc1
117705,5354212,COC(=O)/C=C1/CC[C@H]2[C@@H]3CCC4=CC(=O)CC[C@]4(C)[C@H]3C(=O)C[C@]12C
117705,5283143,CCCCCCCC/C=C\C/C=C\C=C\[C@@H](O)CCCC(=O)O
91859262,53239731,CC(O)=N[C@@H]1[C@@H](O[C@@H]2O[C@@H](C)[C@@H](O)[C@@H](O)[C@@H]2O)[C@H](O[C@@H]2O[C@H](CO)[C@@H](O)[C@H](O)[C@H]2N=C(C)O)[C@@H](CO[C@@H]2O[C@@H](C)[C@@H](O)[C@@H](O)[C@@H]2O)O[C@H]1O
91859262,72193664,COc1cc(/C=C/C(=O)OC[C@H]2OC(Oc3cc(O)c4c(=O)cc(-c5cc(OC)c(O[C@@H]6O[C@H](CO)[C@@H](O)[C@H](O)[C@H]6O)c(OC)c5)oc4c3)[C@H](O)[C@@H](O)[C@@H]2O)cc(OC)c1O
443277,23674745,CC(C(=O)[O-])c1ccc(CC2CCCC2=O)cc1.O.O.[Na+]
443277,2832487,O=C(Nc1ccc(Br)cc1)c1ccc2c(c1)C(=O)N(c1ccc(C(O)=Nc3ccc(Br)cc3)cc1)C2=O
5460887,5780,OC[C@@H](O)[C@@H](O)[C@H](O)[C@@H](O)CO
5460887,5354212,COC(=O)/C=C1/CC[C@H]2[C@@H]3CCC4=CC(=O)CC[C@]4(C)[C@H]3C(=O)C[C@]12C
5460887,118770,CC(C)OC(=O)c1ccccc1C(=O)O
121596228,121596227,C[C@]12CC[C@H](OS(=O)(=O)[O-])C[C@@H]1CC[C@@H]1[C@@H]2CC[C@]2(C)[C@H](OS(=O)(=O)[O-])CC[C@@H]12
121596228,49859627,COc1cccc2[nH]cc(C/C(=N/OS(=O)(=O)[O-])S[C@@H]3O[C@H](CO)[C@@H](O)[C@H](O)[C@H]3O)c12
121596228,50900595,CCO[C@@H]1OC[C@@]2(C)CCC[C@@]13c1cc(O)c(C(C)C)cc1CC[C@@H]23
23976,5780,OC[C@@H](O)[C@@H](O)[C@H](O)[C@@H](O)CO
23976,7855,C=CC#N
23976,104794,COc1ccc2c(c1)CC[C@@H]1[C@@H]2CC[C@]2(C)[C@@H](NCCCCCCN3C(=O)C=CC3=O)CC[C@@H]12
5280436,5780,OC[C@@H](O)[C@@H](O)[C@H](O)[C@@H](O)CO
5280436,5354212,COC(=O)/C=C1/CC[C@H]2[C@@H]3CCC4=CC(=O)CC[C@]4(C)[C@H]3C(=O)C[C@]12C
5280436,73296,C[C@@H]1O[C@@H](O[C@H]2[C@H](O[C@H]3CC[C@@]4(C)[C@@H](CC[C@]5(C)[C@@H]4CC=C4[C@@H]6CC(C)(C)CC[C@]6(C(=O)O)CC[C@]45C)[C@]3(C)CO)OC[C@H](O)[C@@H]2O)[C@H](O)[C@H](O)[C@H]1O
450268,56955923,O=[As]([O-])(O)c1ccccc1
450268,5780,OC[C@@H](O)[C@@H](O)[C@H](O)[C@@H](O)CO
450268,71581040,Cc1nc2n(C)c3c(ncn3[C@@H]3O[C@H](COP(=O)(O)O)[C@@H](O)[C@H]3O)c(=O)n2c1CC(O)[C@H](N)C(=O)O
6451149,440649,Cc1ncc(C[n+]2c(C(O)CCC(=O)O)sc(CCOP(=O)(O)OP(=O)(O)O)c2C)c(=N)[nH]1
6451149,1286902,CCc1cc2c(=O)c(-c3nc4ccccc4s3)coc2c(CN2CCCCC2)c1O
135563653,23674745,CC(C(=O)[O-])c1ccc(CC2CCCC2=O)cc1.O.O.[Na+]
135563653,440834,Oc1cc(O)c2c(c1)O[C@H](c1ccc(O)c(O)c1)CC2O
92136163,45266861,CC(O)=N[C@H]1[C@H](O[C@@H]2[C@H](O[C@]3(C(=O)O)C[C@H](O)[C@@H](N=C(C)O)[C@H]([C@H](O)[C@H](O)CO)O3)[C@@H](O)[C@H](O[C@H]3[C@H](O)[C@@H](O)[C@H](O)O[C@@H]3CO)O[C@@H]2CO)O[C@H](CO)[C@H](O)[C@@H]1O[C@@H]1O[C@H](CO)[C@H](O)[C@H](O[C@]2(C(=O)O)C[C@H](O)[C@@H](N=C(C)O)[C@H]([C@H](O)[C@H](O)CO)O2)[C@H]1O
92136163,53239760,C[C@H](N=C(O)[C@H](CCC(=N)O)N=C(O)CN)C(O)=NCC(O)=N[C@@H](Cc1cscn1)C(O)=N[C@@H](CC[C@H](CN)O[C@@H]1O[C@H](CO)[C@H](O)[C@H](O)[C@H]1O)C(O)=NCC(O)=N[C@@H](CCC(=O)O)C(O)=N[C@@H](CCC(=N)O)C(O)=NCC(=O)N1CCC[C@H]1C(O)=N[C@@H](CCCCN)C(O)=NCC(O)=N[C@@H](CCC(=O)O)C(O)=N[C@H](C(=O)O)[C@@H](C)O
92136163,86289912,CCCCCCCCCCCCCCCCCCCCCCCCCC(O)C(CCCCCCCCCCC1CC1CCCCCCCCCCCCCCCCCC)C(=O)OC[C@H]1O[C@H](O[C@H]2O[C@H](COC(=O)C(CCCCCCCCCCC3CC3CCCCCCCCCCCCCCCCCC)C(O)CCCCCCCCCCCCCCCCCCCCCCCCC)[C@@H](O)[C@H](O)[C@H]2O)[C@H](O)[C@@H](O)[C@@H]1O
46931086,51351660,CC(O)=N[C@@H]1[C@H](O)[C@@H](O)C(OP(=O)(O)OP(=O)(O)OC[C@H]2O[C@@H](n3cc(C)c(O)nc3=O)C[C@@H]2O)O[C@@H]1C
46931086,53239731,CC(O)=N[C@@H]1[C@@H](O[C@@H]2O[C@@H](C)[C@@H](O)[C@@H](O)[C@@H]2O)[C@H](O[C@@H]2O[C@H](CO)[C@@H](O)[C@H](O)[C@H]2N=C(C)O)[C@@H](CO[C@@H]2O[C@@H](C)[C@@H](O)[C@@H](O)[C@@H]2O)O[C@H]1O
46931086,441284,CN1CCC[C@@H]2c3cccc4[nH]cc(c34)C[C@H]21
25245067,25202130,CCCCCCCCCCCCCC(=O)O[C@H](CCCCCCCCCCC)CC(=O)O[C@@H]1[C@@H](N=C([O-])C[C@@H](CCCCCCCCCCC)OC(=O)CCCCCCCCCCC)[C@H](OC[C@H]2O[C@H](OP(=O)(O)O[C@H]3OC[C@H](N)[C@H](O)[C@H]3O)[C@H](N=C([O-])C[C@H](O)CCCCCCCCCCC)[C@@H](OC(=O)C[C@H](O)CCCCCCCCCCC)[C@@H]2O)O[C@H](CO[C@]2(C(=O)O)C[C@@H](O[C@]3(C(=O)O)C[C@@H](O)[C@@H](O)[C@@H]([C@H](O)CO)O3)[C@@H](O)[C@@H]([C@H](O)CO)O2)[C@H]1OP(=O)(O)O[C@H]1OC[C@H](N)[C@H](O)[C@H]1O
25245067,91828250,CC(O)=N[C@@H]1[C@@H](O)[C@H](O[C@@H]2O[C@H](CO)[C@@H](O[C@@H]3O[C@H](CO[C@H]4O[C@H](CO)[C@@H](O)[C@H](O)[C@@H]4O[C@@H]4O[C@H](CO)[C@@H](O[C@@H]5O[C@H](CO)[C@H](O)[C@H](O[C@]6(C(=O)O)C[C@H](O)[C@@H](N=C(C)O)[C@H]([C@H](O)[C@H](O)CO)O6)[C@H]5O)[C@H](O)[C@H]4N=C(C)O)[C@@H](O[C@@H]4O[C@H](CO)[C@@H](O)[C@H](O)[C@H]4N=C(C)O)[C@H](O[C@H]4O[C@H](CO)[C@@H](O)[C@H](O)[C@@H]4O[C@@H]4O[C@H](CO)[C@@H](O[C@@H]5O[C@H](CO)[C@H](O)[C@H](O[C@]6(C(=O)O)C[C@H](O)[C@@H](N=C(C)O)[C@H]([C@H](O)[C@H](O)CO)O6)[C@H]5O)[C@H](O)[C@H]4N=C(C)O)[C@@H]3O)[C@H](O)[C@H]2N=C(C)O)[C@@H](CO)O[C@H]1O
25245067,76962957,CC(C)[C@@]1(C)NC(c2nc3ccccc3cc2C(=O)O)=NC1=O.N
54740347,14345637,CCCCC/C=C\C/C=C\C/C=C\C/C=C\CCCC(=O)OC(CO)COC(=O)CCCCCCCCCCCCCCCCC
54740347,135398703,C[C@@H]1Nc2[nH]c(=N)nc(O)c2N2C=[N+](c3ccc(C[C@H](O)[C@H](O)[C@H](O)CO[C@H]4O[C@H](COP(=O)(O)O[C@@H](CCC(=O)O)C(=O)O)[C@@H](O)[C@H]4O)cc3)[C@H](C)[C@@H]12
1549302,5780,OC[C@@H](O)[C@@H](O)[C@H](O)[C@@H](O)CO
1549302,5780,OC[C@@H](O)[C@@H](O)[C@H](O)[C@@H](O)CO
1549302,6441048,C/C=C/c1cc(OC)c2c(c1)[C@@H](C)[C@H](c1ccc(OC)c(OC)c1)O2
443250,5780,OC[C@@H](O)[C@@H](O)[C@H](O)[C@@H](O)CO
443250,5780,OC[C@@H](O)[C@@H](O)[C@H](O)[C@@H](O)CO
443250,54682905,CC1=C/C(=C(\c2cc(C)c([O-])c(C(=O)[O-])c2)c2ccccc2S(=O)(=O)O)C=C(C(=O)[O-])C1=O.[Na+].[Na+].[Na+]
14542801,5780,OC[C@@H](O)[C@@H](O)[C@H](O)[C@@H](O)CO
14542801,49859627,COc1cccc2[nH]cc(C/C(=N/OS(=O)(=O)[O-])S[C@@H]3O[C@H](CO)[C@@H](O)[C@H](O)[C@H]3O)c12
14542801,10236,O=C1c2ccccc2C(=O)C1(O)O
7251185,10825777,NC(Cc1cc(O)c2c(c1)SCC(O)=N2)C(=O)O
7251185,5312554,CCCCC/C=C\C/C=C\CCCCCCCCCCCC(=O)O
5460775,243,O=C(O)c1ccccc1
5460775,6570,C=CC(C)=O
95070,5780,OC[C@@H](O)[C@@H](O)[C@H](O)[C@@H](O)CO
95070,5354212,COC(=O)/C=C1/CC[C@H]2[C@@H]3CCC4=CC(=O)CC[C@]4(C)[C@H]3C(=O)C[C@]12C
95070,10322911,C[C@@]1(C(=O)O)CC[C@]2(C)CC[C@]3(C)C4=CC(=O)c5c(cc(O)c(O)c5C=O)[C@]4(C)CC[C@@]3(C)[C@@H]2C1
10371340,14345637,CCCCC/C=C\C/C=C\C/C=C\C/C=C\CCCC(=O)OC(CO)COC(=O)CCCCCCCCCCCCCCCCC
10371340,7824,CCCCCC(=O)OC
4124016,111804,Cc1ccc(N=Nc2c(O)c(S(=O)(=O)O)cc3cc(S(=O)(=O)O)ccc23)c(C)c1
4124016,49859627,COc1cccc2[nH]cc(C/C(=N/OS(=O)(=O)[O-])S[C@@H]3O[C@H](CO)[C@@H](O)[C@H](O)[C@H]3O)c12
4124016,54690912,Cc1ncc(C(=O)O)cc1[O-]
50994224,52929771,CCCCCCCCCCCCCCCC/C=C\OC[C@@H](O)COP(=O)(O)O
50994224,25245298,CCCCCCCCCCCCC/C=C/[C@@H](O)[C@@H]([NH3+])CO[C@@H]1O[C@H](CO)[C@H](O)[C@H](O)[C@H]1O
11188,5780,OC[C@@H](O)[C@@H](O)[C@H](O)[C@@H](O)CO
11188,279,N=C(O)NC(CC(=O)O)C(=O)O
11188,91854726,C[C@@H]1O[C@@H](O[C@@H](CO)[C@@H](O)[C@H](O)[C@H](O)CO)[C@@H](O)[C@H](O)[C@@H]1O
9782,5311051,C[C@H]1C[C@H]2[C@@H]3CCC4=CC(=O)C=C[C@]4(C)[C@@]3(F)[C@@H](O)C[C@]2(C)[C@@]1(O)C(=O)CCl
9782,5354212,COC(=O)/C=C1/CC[C@H]2[C@@H]3CCC4=CC(=O)CC[C@]4(C)[C@H]3C(=O)C[C@]12C
9782,21158466,CCCCC/C=C\C/C=C\C/C=C\C=C\[C@H](CCCC(=O)[O-])OO
6951135,56955923,O=[As]([O-])(O)c1ccccc1
6951135,5780,OC[C@@H](O)[C@@H](O)[C@H](O)[C@@H](O)CO
6951135,135460129,CN(C)c1ccc2[nH]c3c(C(=[NH2+])O)cc(=O)c(=O)c=3oc2c1
6282,70678725,COC1=C(Br)[C@H](O)[C@@]2(C=C1Br)CC(C(=O)NCCCCNC(=O)C1=NO[C@@]3(C=C(Br)C(=O)[C@H](Br)[C@H]3O)C1)=NO2
6282,4037,Cc1ccc(Cl)c(Nc2ccccc2C(=O)O)c1Cl
442439,14345637,CCCCC/C=C\C/C=C\C/C=C\C/C=C\CCCC(=O)OC(CO)COC(=O)CCCCCCCCCCCCCCCCC
442439,122391323,N[C@@H](CCC([O-])=N[C@@H](CSCCl)C(O)=NCC(=O)O)C(=O)O
25193530,23674745,CC(C(=O)[O-])c1ccc(CC2CCCC2=O)cc1.O.O.[Na+]
25193530,262,CC(O)C(C)O
6919000,279,N=C(O)NC(CC(=O)O)C(=O)O
6919000,92145,CC(=O)O[C@H]1CC[C@H]2[C@@H]3CCC4=CC(=O)CC[C@]4(C)[C@H]3CC[C@]12C
91819953,11494158,O=C(O)CCCC#CC#CCCCCCCCCCCCc1ccco1
91819953,23674745,CC(C(=O)[O-])c1ccc(CC2CCCC2=O)cc1.O.O.[Na+]
91819953,10657292,COC(=O)[C@@H](c1ccccc1)[C@@H]1CCCCN1
71728373,5780,OC[C@@H](O)[C@@H](O)[C@H](O)[C@@H](O)CO
71728373,53239731,CC(O)=N[C@@H]1[C@@H](O[C@@H]2O[C@@H](C)[C@@H](O)[C@@H](O)[C@@H]2O)[C@H](O[C@@H]2O[C@H](CO)[C@@H](O)[C@H](O)[C@H]2N=C(C)O)[C@@H](CO[C@@H]2O[C@@H](C)[C@@H](O)[C@@H](O)[C@@H]2O)O[C@H]1O
71728373,5283960,C[C@H](CCC(=O)O)[C@H]1CC[C@H]2[C@@H]3[C@@H](O)C[C@@H]4CC(=O)CC[C@]4(C)[C@H]3CC(=O)[C@]12C
35330,49859627,COc1cccc2[nH]cc(C/C(=N/OS(=O)(=O)[O-])S[C@@H]3O[C@H](CO)[C@@H](O)[C@H](O)[C@H]3O)c12
35330,129626825,CC(C)=CCC/C(C)=C/CSC[C@H](N)C(=O)O
91852300,132282124,C[C@@H]1O[C@@H](OCCCCCC(=O)SCCN=C(O)CCN=C(O)[C@H](O)C(C)(C)COP(=O)(O)OP(=O)(O)OC[C@H]2O[C@@H](n3cnc4c(N)ncnc43)[C@H](O)[C@@H]2OP(=O)(O)O)[C@H](O)C[C@H]1O
91852300,86290028,C[C@]12CC[C@H]3[C@@H](CCC4=CC(=O)CC[C@@]43C)[C@@H]1CC[C@@H]2O[C@H]1O[C@H](CO)[C@@H](O)C(O)C1O
173745,7058116,O=C1OC2(c3ccccc31)c1cc([N+](=O)[O-])c([O-])c(Br)c1Oc1c2cc([N+](=O)[O-])c([O-])c1Br
173745,53239731,CC(O)=N[C@@H]1[C@@H](O[C@@H]2O[C@@H](C)[C@@H](O)[C@@H](O)[C@@H]2O)[C@H](O[C@@H]2O[C@H](CO)[C@@H](O)[C@H](O)[C@H]2N=C(C)O)[C@@H](CO[C@@H]2O[C@@H](C)[C@@H](O)[C@@H](O)[C@@H]2O)O[C@H]1O
173745,73427387,CCCCCCCCCCCCCC[C@@H](O)[C@@H](O)[C@H](/C=C/[C@H]1O[C@H](CO)[C@H](O)[C@H](O)[C@H]1O)N=C(O)CCCCCCCc1ccccc1
45266740,86289694,C[C@H](CCCCCCCCC/C=C/C(=O)O)O[C@@H]1O[C@@H](C)[C@H](O)C[C@H]1O
45266740,5354212,COC(=O)/C=C1/CC[C@H]2[C@@H]3CCC4=CC(=O)CC[C@]4(C)[C@H]3C(=O)C[C@]12C
45266740,44123467,CC(O)=NCCCCC[NH3+]
70761166,5354212,COC(=O)/C=C1/CC[C@H]2[C@@H]3CCC4=CC(=O)CC[C@]4(C)[C@H]3C(=O)C[C@]12C
70761166,69527,CCCCCCCCCCCC(=O)OC(=O)CCCCCCCCCCC
71581037,14212362,Nc1nc(O)nc2c1ncn2[C@@H]1O[C@H](COP(=O)(O)O)[C@@H](O)[C@H]1O
71581037,132282124,C[C@@H]1O[C@@H](OCCCCCC(=O)SCCN=C(O)CCN=C(O)[C@H](O)C(C)(C)COP(=O)(O)OP(=O)(O)OC[C@H]2O[C@@H](n3cnc4c(N)ncnc43)[C@H](O)[C@@H]2OP(=O)(O)O)[C@H](O)C[C@H]1O
71581037,16219987,Cl.O=C1C[C@@H]2OCC=C3CN4CC[C@]56c7ccccc7N1[C@H]5[C@H]2[C@H]3C[C@H]46
134131607,5354212,COC(=O)/C=C1/CC[C@H]2[C@@H]3CCC4=CC(=O)CC[C@]4(C)[C@H]3C(=O)C[C@]12C
134131607,5283662,C=C(CC[C@@H](C)[C@H]1CC[C@H]2C3=CC[C@H]4C[C@@H](O)CC[C@]4(C)[C@H]3CC[C@]12C)C(C)C
78294,5780,OC[C@@H](O)[C@@H](O)[C@H](O)[C@@H](O)CO
78294,49859627,COc1cccc2[nH]cc(C/C(=N/OS(=O)(=O)[O-])S[C@@H]3O[C@H](CO)[C@@H](O)[C@H](O)[C@H]3O)c12
78294,131801208,C[C@@H]1O[C@@H](O[C@@H]2[C@@H](O)[C@H](C)O[C@@H](OCCCCCN)[C@@H]2O)[C@H](O)[C@H](O)[C@H]1O
16122509,5780,OC[C@@H](O)[C@@H](O)[C@H](O)[C@@H](O)CO
16122509,23674745,CC(C(=O)[O-])c1ccc(CC2CCCC2=O)cc1.O.O.[Na+]
16122509,91826524,C/C(=C/CC(=O)SCCN=C(O)CCN=C(O)[C@H](O)C(C)(C)COP(=O)(O)OP(=O)(O)OC[C@H]1O[C@@H](n2cnc3c(N)ncnc32)[C@H](O)[C@@H]1OP(=O)(O)O)[C@H]1CC[C@H]2[C@@H]3CC=C4C[C@@H](O)CC[C@]4(C)[C@H]3CC[C@]12C
11527,5780,OC[C@@H](O)[C@@H](O)[C@H](O)[C@@H](O)CO
11527,69212,CC1=CC(=O)C(=O)C=C1O
11527,91825739,CCCCCCCC(O)CC(=O)SCCN=C([O-])CCN=C([O-])[C@H](O)C(C)(C)COP(=O)(O)OP(=O)(O)OC[C@H]1O[C@@H](n2cnc3c(N)ncnc32)[C@H](O)[C@@H]1OP(=O)([O-])[O-]
45266759,5780,OC[C@@H](O)[C@@H](O)[C@H](O)[C@@H](O)CO
45266759,56955923,O=[As]([O-])(O)c1ccccc1
45266759,91666328,CC(=O)O[C@H]1/C(C)=C\C[C@H]2[C@@H](/C=C(\C)C(=O)[C@@]3(OC(=O)c4ccccc4)C[C@H](C)[C@H](O)[C@H]13)C2(C)C
456309,5354212,COC(=O)/C=C1/CC[C@H]2[C@@H]3CCC4=CC(=O)CC[C@]4(C)[C@H]3C(=O)C[C@]12C
456309,54694262,COc1cc(C(=O)O)cc(OC)c1[O-]
2763159,348137,O=Cc1c[nH]c2ccccc2c1=O
2763159,10825777,NC(Cc1cc(O)c2c(c1)SCC(O)=N2)C(=O)O
2763159,135563672,CCCCCC([O-])=N[C@@H](O)C(=O)O
10958189,56955923,O=[As]([O-])(O)c1ccccc1
10958189,23674745,CC(C(=O)[O-])c1ccc(CC2CCCC2=O)cc1.O.O.[Na+]
10958189,131801254,CC(C)=CCC[C@@H](C)[C@H]1CC[C@@]2(C)[C@@H]3CC=C4[C@@H](CC[C@H](O)C4(C)C)[C@]3(C)C(=O)C[C@]12C
24755502,5780,OC[C@@H](O)[C@@H](O)[C@H](O)[C@@H](O)CO
24755502,69212,CC1=CC(=O)C(=O)C=C1O
24755502,91851320,CC(O)=N[C@H]1[C@H](OC[C@H]2O[C@H](O[C@H]3C(O)O[C@H](CO)[C@@H](O)[C@@H]3O)[C@H](O)[C@@H](O)[C@@H]2O)O[C@H](CO)[C@@H](O)[C@@H]1O
54686804,135563708,COc1cc(/C(C)=C/CO)oc(=O)c1C
54686804,5780,OC[C@@H](O)[C@@H](O)[C@H](O)[C@@H](O)CO
54686804,11966110,CCCCCCCCC/C=C/C(=O)SCCN=C(O)CCN=C(O)[C@H](O)C(C)(C)COP(=O)(O)OP(=O)(O)OC[C@H]1O[C@@H](n2cnc3c(N)ncnc32)[C@H](O)[C@@H]1OP(=O)(O)O
75447,5354212,COC(=O)/C=C1/CC[C@H]2[C@@H]3CCC4=CC(=O)CC[C@]4(C)[C@H]3C(=O)C[C@]12C
75447,13926,O=c1oc(-c2ccccc2)nc2ccccc12
62672,5780,OC[C@@H](O)[C@@H](O)[C@H](O)[C@@H](O)CO
62672,5780,OC[C@@H](O)[C@@H](O)[C@H](O)[C@@H](O)CO
62672,139600860,CCCCCCCCCCCCCCCCCCCCCCCCCC(O)=N[C@@H](CO[C@H]1O[C@H](CO)[C@H](OCc2ccc(F)cc2)[C@H](O)[C@H]1O)[C@H](O)[C@H](O)CCCCCCCCCCCCCC
6326776,5780,OC[C@@H](O)[C@@H](O)[C@H](O)[C@@H](O)CO
6326776,13376,CCCCN=CO
6326776,785072,N#Cc1ccccc1/C=C/C(=O)O
13284402,903,CC(O)=NCCc1c[nH]c2ccc(O)cc12
13284402,5780,OC[C@@H](O)[C@@H](O)[C@H](O)[C@@H](O)CO
13284402,25203591,O=C([O-])C1=CC(O)OC(C(=O)[O-])=C1
86289482,56955923,O=[As]([O-])(O)c1ccccc1
86289482,5780,OC[C@@H](O)[C@@H](O)[C@H](O)[C@@H](O)CO
86289482,135398596,N=c1nc([O-])c2ncn([C@H]3C[C@H](O)[C@@H](COP(=O)([O-])O)O3)c2[nH]1
118797962,86289694,C[C@H](CCCCCCCCC/C=C/C(=O)O)O[C@@H]1O[C@@H](C)[C@H](O)C[C@H]1O
118797962,440649,Cc1ncc(C[n+]2c(C(O)CCC(=O)O)sc(CCOP(=O)(O)OP(=O)(O)O)c2C)c(=N)[nH]1
118797962,3256859,O=C(O)CCCCCN=C(O)Cc1ccc([O-])c([N+](=O)[O-])c1
137547,5780,OC[C@@H](O)[C@@H](O)[C@H](O)[C@@H](O)CO
137547,11428,CCC(O)CC
137547,5282161,O=C1C=CC(=C2Oc3cc(O)cc(O[C@@H]4O[C@H](CO)[C@@H](O)[C@H](O)[C@H]4O)c3C=C2O[C@@H]2O[C@H](C[O+]=C(O)C=Cc3ccc(O)c(O)c3)[C@@H](O)[C@H](O)[C@H]2O)C=C1
74603253,56955923,O=[As]([O-])(O)c1ccccc1
74603253,56955923,O=[As]([O-])(O)c1ccccc1
74603253,126456475,C[C@H](O)/C=C\C/C=C\C[C@@H](O)/C=C/C=C\C/C=C\C/C=C\CCC(=O)[O-]
11595378,5780,OC[C@@H](O)[C@@H](O)[C@H](O)[C@@H](O)CO
11595378,5354212,COC(=O)/C=C1/CC[C@H]2[C@@H]3CCC4=CC(=O)CC[C@]4(C)[C@H]3C(=O)C[C@]12C
11595378,134692071,CCCCCCCCCCCCC/C=C/[C@@H](O)[C@H](CO[C@@H]1O[C@H](CO)[C@@H](O[C@@H]2O[C@H](CO)[C@H](O[C@@H]3O[C@H](CO)[C@H](O)[C@H](O)[C@H]3N=C(C)O)[C@H](O[C@]3(C(=O)O)C[C@H](O)[C@@H](N=C(C)O)[C@H]([C@H](O)[C@H](O)CO)O3)[C@H]2O)[C@H](O)[C@H]1O)N=C(O)CCCCCCCCCCCCCCC
151001,56955923,O=[As]([O-])(O)c1ccccc1
151001,5780,OC[C@@H](O)[C@@H](O)[C@H](O)[C@@H](O)CO
151001,10313378,CSC[C@H]1OC(O)[C@H](O)[C@@H]1O
22806751,70679030,C[C@@H]1O[C@@H](O[C@H]2[C@H](O[C@@H]3O[C@H](CO)[C@H](O)[C@H](O)[C@H]3O)[C@@H](COS(=O)(=O)O)OC(O)[C@@H]2O)[C@@H](O)[C@H](O)[C@@H]1O
22806751,49859627,COc1cccc2[nH]cc(C/C(=N/OS(=O)(=O)[O-])S[C@@H]3O[C@H](CO)[C@@H](O)[C@H](O)[C@H]3O)c12
22806751,11148,CCCCCCCCCCCCCC(=O)OCC(COC(=O)CCCCCCCCCCCCC)OC(=O)CCCCCCCCCCCCC
16061345,11954137,C[C@@H]1C(=O)CC[C@]2(C)[C@H]3CC[C@]4(C)[C@@H](O)CC[C@H]4[C@@H]3CC[C@@H]12
16061345,52929771,CCCCCCCCCCCCCCCC/C=C\OC[C@@H](O)COP(=O)(O)O
16061345,86289575,CCCCCCCC/C=C\CCCCCCCCOC[C@@H](O)COP(=O)([O-])[O-]
135398682,53239731,CC(O)=N[C@@H]1[C@@H](O[C@@H]2O[C@@H](C)[C@@H](O)[C@@H](O)[C@@H]2O)[C@H](O[C@@H]2O[C@H](CO)[C@@H](O)[C@H](O)[C@H]2N=C(C)O)[C@@H](CO[C@@H]2O[C@@H](C)[C@@H](O)[C@@H](O)[C@@H]2O)O[C@H]1O
135398682,24778881,CCCCCCCC/C=C\CCCCCCCCCCCCCC(=O)O[C@H](COC(=O)CCCCCCCCCCCCCCCCC)COP(=O)([O-])OCC[N+](C)(C)C
70679009,132282124,C[C@@H]1O[C@@H](OCCCCCC(=O)SCCN=C(O)CCN=C(O)[C@H](O)C(C)(C)COP(=O)(O)OP(=O)(O)OC[C@H]2O[C@@H](n3cnc4c(N)ncnc43)[C@H](O)[C@@H]2OP(=O)(O)O)[C@H](O)C[C@H]1O
70679009,14016224,C[C@]12CC[C@@H]3c4cc(O[C@@H]5O[C@H](C(=O)O)[C@@H](O)[C@H](O)[C@H]5O)c(O)cc4CC[C@H]3[C@@H]1CCC2=O
446816,23674745,CC(C(=O)[O-])c1ccc(CC2CCCC2=O)cc1.O.O.[Na+]
446816,86289881,C[C@H](CCCCCCCCCCCC(=O)O[C@@H]1O[C@H](CO)[C@@H](O)[C@H](O)[C@H]1O)O[C@@H]1O[C@@H](C)[C@H](O)C[C@H]1O
91972203,53239760,C[C@H](N=C(O)[C@H](CCC(=N)O)N=C(O)CN)C(O)=NCC(O)=N[C@@H](Cc1cscn1)C(O)=N[C@@H](CC[C@H](CN)O[C@@H]1O[C@H](CO)[C@H](O)[C@H](O)[C@H]1O)C(O)=NCC(O)=N[C@@H](CCC(=O)O)C(O)=N[C@@H](CCC(=N)O)C(O)=NCC(=O)N1CCC[C@H]1C(O)=N[C@@H](CCCCN)C(O)=NCC(O)=N[C@@H](CCC(=O)O)C(O)=N[C@H](C(=O)O)[C@@H](C)O
91972203,50909878,C[C@@H]1O[C@@H](O[C@H](COP(=O)(O)O)[C@@H](O)[C@@H](O)CO)[C@H](O)[C@H](O[C@H]2O[C@H](CO)[C@@H](O)[C@H](O[C@H]3O[C@H](CO)[C@H](O)[C@H](O)[C@H]3O)[C@H]2O)[C@H]1O
54445,5780,OC[C@@H](O)[C@@H](O)[C@H](O)[C@@H](O)CO
54445,24820759,Nc1ncnc2c1ncn2[C@@H]1O[C@H](COP(=O)(O)OP(=O)(O)OP(=O)(O)O)[C@H]2OC3(O[C@H]21)C([N+](=O)[O-])=CC([N+](=O)[O-])=CC3[N+](=O)[O-]
70680257,14345637,CCCCC/C=C\C/C=C\C/C=C\C/C=C\CCCC(=O)OC(CO)COC(=O)CCCCCCCCCCCCCCCCC
70680257,136165269,C[C@@H](Nc1ccc(C[C@H](O)[C@H](O)[C@H](O)CO[C@H]2O[C@H](COP(=O)(O)O[C@@H](CCC(=O)[O-])C([O-])=N[C@@H](CCC(=O)[O-])C([O-])=N[C@@H](CC(=O)[O-])C(=O)O)[C@@H](O)[C@H]2O)cc1)c1cnc2[nH]c(=N)nc(O)c2n1
62852,86289694,C[C@H](CCCCCCCCC/C=C/C(=O)O)O[C@@H]1O[C@@H](C)[C@H](O)C[C@H]1O
62852,23674745,CC(C(=O)[O-])c1ccc(CC2CCCC2=O)cc1.O.O.[Na+]
62852,52921608,CC(O)=N[C@H]1[C@H](OC[C@H]2O[C@@H](O)[C@H](O)[C@@H](O)[C@H]2O)O[C@H](CO)[C@@H](O[C@@H]2O[C@H](CO)[C@H](O)[C@H](O)[C@H]2O)[C@@H]1O
57339203,53239731,CC(O)=N[C@@H]1[C@@H](O[C@@H]2O[C@@H](C)[C@@H](O)[C@@H](O)[C@@H]2O)[C@H](O[C@@H]2O[C@H](CO)[C@@H](O)[C@H](O)[C@H]2N=C(C)O)[C@@H](CO[C@@H]2O[C@@H](C)[C@@H](O)[C@@H](O)[C@@H]2O)O[C@H]1O
57339203,45266570,CC(C)C(=O)SCCN=C([O-])CCN=C([O-])[C@H](O)C(C)(C)COP(=O)(O)OP(=O)(O)OC[C@H]1O[C@@H](n2cnc3c(N)ncnc32)[C@H](O)[C@@H]1OP(=O)([O-])[O-]
9543176,5780,OC[C@@H](O)[C@@H](O)[C@H](O)[C@@H](O)CO
9543176,5780,OC[C@@H](O)[C@@H](O)[C@H](O)[C@@H](O)CO
9543176,7058168,O=c1nc([O-])ccn1[C@@H]1O[C@H](COP(=O)([O-])OP(=O)(O)OP(=O)([O-])[O-])[C@@H](O)[C@H]1O
29507,5780,OC[C@@H](O)[C@@H](O)[C@H](O)[C@@H](O)CO
29507,5354212,COC(=O)/C=C1/CC[C@H]2[C@@H]3CCC4=CC(=O)CC[C@]4(C)[C@H]3C(=O)C[C@]12C
29507,73064,NC(CC(=O)O)CC(=O)O
2826714,86289694,C[C@H](CCCCCCCCC/C=C/C(=O)O)O[C@@H]1O[C@@H](C)[C@H](O)C[C@H]1O
2826714,53239731,CC(O)=N[C@@H]1[C@@H](O[C@@H]2O[C@@H](C)[C@@H](O)[C@@H](O)[C@@H]2O)[C@H](O[C@@H]2O[C@H](CO)[C@@H](O)[C@H](O)[C@H]2N=C(C)O)[C@@H](CO[C@@H]2O[C@@H](C)[C@@H](O)[C@@H](O)[C@@H]2O)O[C@H]1O
2826714,447213,N[C@H](CO)Cc1ccccc1
5281006,47965,CC1=C(C(=O)O)N2C(=O)[C@@H](N=C(O)[C@H](N)c3ccc(O)cc3)[C@H]2SC1
5281006,5354212,COC(=O)/C=C1/CC[C@H]2[C@@H]3CCC4=CC(=O)CC[C@]4(C)[C@H]3C(=O)C[C@]12C
5281006,643965,CCCCCCCCCCCCCCCC(=O)OC[C@H](COP(=O)(O)OC1[C@H](O)[C@H](O)C(OP(=O)(O)O)[C@H](O)[C@H]1O)OC(=O)CCCCCCCCCCCCCCC
66826,56955923,O=[As]([O-])(O)c1ccccc1
66826,10825777,NC(Cc1cc(O)c2c(c1)SCC(O)=N2)C(=O)O
66826,50897,CCCCOC(=O)C(C)Oc1ccc(Oc2ccc(C(F)(F)F)cn2)cc1
73670,23674745,CC(C(=O)[O-])c1ccc(CC2CCCC2=O)cc1.O.O.[Na+]
73670,72666,Cc1c(N=CO)c(=O)n(-c2ccccc2)n1C
11561674,49859627,COc1cccc2[nH]cc(C/C(=N/OS(=O)(=O)[O-])S[C@@H]3O[C@H](CO)[C@@H](O)[C@H](O)[C@H]3O)c12
11561674,31264,CC1OC(C)OC(C)O1
132274411,5780,OC[C@@H](O)[C@@H](O)[C@H](O)[C@@H](O)CO
132274411,14345637,CCCCC/C=C\C/C=C\C/C=C\C/C=C\CCCC(=O)OC(CO)COC(=O)CCCCCCCCCCCCCCCCC
132274411,2302673,OC(=N[C@H](Cc1ccccc1)C(O)=Nc1ccc2ccccc2c1)c1ccccc1
15558960,10825777,NC(Cc1cc(O)c2c(c1)SCC(O)=N2)C(=O)O
15558960,135738580,C[C@H](O)[C@@H](O)c1cnc2[nH]c(=N)nc(O)c2n1
24778945,5780,OC[C@@H](O)[C@@H](O)[C@H](O)[C@@H](O)CO
24778945,70678725,COC1=C(Br)[C@H](O)[C@@]2(C=C1Br)CC(C(=O)NCCCCNC(=O)C1=NO[C@@]3(C=C(Br)C(=O)[C@H](Br)[C@H]3O)C1)=NO2
24778945,7641,CCCCC(CC)COC(=O)CCCCC(=O)OCC(CC)CCCC
69351,5780,OC[C@@H](O)[C@@H](O)[C@H](O)[C@@H](O)CO
69351,5780,OC[C@@H](O)[C@@H](O)[C@H](O)[C@@H](O)CO
69351,456309,O[C@H](c1cc(C(F)(F)F)nc2c(C(F)(F)F)cccc12)[C@@H]1CCCCN1
53476539,14212362,Nc1nc(O)nc2c1ncn2[C@@H]1O[C@H](COP(=O)(O)O)[C@@H](O)[C@H]1O
53476539,134160296,CSC[C@H]1O[C@H](O[C@H]2[C@H](O)[C@H](O)[C@@H](OC[C@H]3O[C@@H](O[C@@H]4[C@@H](OC[C@H]5O[C@H](OC[C@H]6OC(O)[C@@H](O)[C@@H]6O)[C@@H](O)[C@@H]5O[C@H]5O[C@H](CO)[C@@H](O)[C@@H]5O[C@@H]5O[C@H](CO)[C@@H](O)[C@@H]5O)O[C@H](CO)[C@H]4O)[C@@H](O)[C@@H]3O)O[C@@H]2CO)[C@H](O)[C@H]1O
53476539,9500,N=C(O)c1ccc(=N)[nH]c1
42607475,5780,OC[C@@H](O)[C@@H](O)[C@H](O)[C@@H](O)CO
42607475,440649,Cc1ncc(C[n+]2c(C(O)CCC(=O)O)sc(CCOP(=O)(O)OP(=O)(O)O)c2C)c(=N)[nH]1
42607475,72715788,CN[C@H](CC(C)C)C(O)=N[C@H]1C(O)=N[C@@H](CC(=[NH2+])O)C(O)=N[C@H]2C(O)=N[C@H]3C(O)=N[C@H](C(O)=N[C@H](C(=O)O)c4cc(O)cc(O)c4-c4cc3ccc4O)[C@H](O)c3ccc(c(Cl)c3)Oc3cc2cc(c3O[C@@H]2O[C@H](CO)[C@@H](O)[C@H](O)[C@H]2O[C@H]2C[C@](C)(N)[C@H](O)[C@H](C)O2)Oc2ccc(cc2Cl)[C@H]1O
10103306,5780,OC[C@@H](O)[C@@H](O)[C@H](O)[C@@H](O)CO
10103306,69212,CC1=CC(=O)C(=O)C=C1O
10103306,45357453,CCCCCCCCCCCCC(O)=NCC(=O)O
43815,5354212,COC(=O)/C=C1/CC[C@H]2[C@@H]3CCC4=CC(=O)CC[C@]4(C)[C@H]3C(=O)C[C@]12C
43815,91825679,C=C(N=C(O)C(=C)N=C(O)c1csc(-c2ccc3c(n2)-c2csc(n2)[C@H](CSC(=O)c2[nH]c4cccc(C)c4c2C)N=C(O)c2csc(n2)[C@H](CCC(=O)O)N=C(O)c2cnc(s2)/C(=C/C)N=C(O)[C@H]([C@@H](C)O)N=C(O)c2csc-3n2)n1)C(=O)O
145712527,5354212,COC(=O)/C=C1/CC[C@H]2[C@@H]3CCC4=CC(=O)CC[C@]4(C)[C@H]3C(=O)C[C@]12C
145712527,25053148,COc1c2n(c3ccccc13)[C@]1(O)C(=O)N(C)C(=O)[C@]1(O)c1c-2[nH]c2ccccc12
53852982,49859627,COc1cccc2[nH]cc(C/C(=N/OS(=O)(=O)[O-])S[C@@H]3O[C@H](CO)[C@@H](O)[C@H](O)[C@H]3O)c12
53852982,138701,CC12CCC(C1)C(C)(C)C2
25200557,5780,OC[C@@H](O)[C@@H](O)[C@H](O)[C@@H](O)CO
25200557,56955923,O=[As]([O-])(O)c1ccccc1
25200557,86583406,CCCCCCCCCCCCCCCCCC(=O)O[C@H](COC(=O)CCCCCCCCCCCCCCCC)COP(=O)([O-])[O-]
86289483,56955923,O=[As]([O-])(O)c1ccccc1
86289483,56955923,O=[As]([O-])(O)c1ccccc1
86289483,86289391,C/C1=C2/N=C(/C=C3\N/C(=C(/C)C4=N[C@@](C)([C@@H]5N=C1[C@](C)(CCC(=O)O)[C@H]5CC(=O)O)[C@@](C)(CC(=N)[O-])[C@@H]4CCC(=O)O)[C@@](C)(CC(=N)[O-])[C@@H]3CCC(=O)O)C(C)(C)[C@@H]2CCC(=O)O
5280612,5780,OC[C@@H](O)[C@@H](O)[C@H](O)[C@@H](O)CO
5280612,49859627,COc1cccc2[nH]cc(C/C(=N/OS(=O)(=O)[O-])S[C@@H]3O[C@H](CO)[C@@H](O)[C@H](O)[C@H]3O)c12
5280612,87206149,CCCCCCCCC/C=C(\O)C(=O)O
53478105,5780,OC[C@@H](O)[C@@H](O)[C@H](O)[C@@H](O)CO
53478105,14345637,CCCCC/C=C\C/C=C\C/C=C\C/C=C\CCCC(=O)OC(CO)COC(=O)CCCCCCCCCCCCCCCCC
53478105,71768063,CC1=C(O)C(=O)[C@H]2CC(=O)[C@@]34C(O)=N[C@@H](Cc5c[nH]c6ccccc56)[C@@H]3C(C)=C(C)[C@@H](O)[C@@H]4/C=C/C[C@H](C)[C@H]12
128505,5354212,COC(=O)/C=C1/CC[C@H]2[C@@H]3CCC4=CC(=O)CC[C@]4(C)[C@H]3C(=O)C[C@]12C
128505,54672239,C/C=C/C1=CC2=CC(=O)[C@@](C)(OC(=O)c3c(C)cc(O)cc3O)C(=O)[C@@]2(O)CO1
5280406,5354212,COC(=O)/C=C1/CC[C@H]2[C@@H]3CCC4=CC(=O)CC[C@]4(C)[C@H]3C(=O)C[C@]12C
5280406,279,N=C(O)NC(CC(=O)O)C(=O)O
5460889,5780,OC[C@@H](O)[C@@H](O)[C@H](O)[C@@H](O)CO
5460889,69212,CC1=CC(=O)C(=O)C=C1O
5460889,71296160,COc1ccc(O)c2oc3c4c(cc(OC)c3c(=O)c12)O[C@H]1OC=C[C@@H]41
70678903,46931152,CCCCCCCC/C=C\CCCCCCCC(=O)OC[C@H](COP(=O)(O)OCC(O)COP(=O)(O)OC[C@@H](COC(=O)CCCCCCC/C=C\CCCCCCCC)OC(=O)CCCCCCC/C=C\CCCCCCCC)OC(=O)CCCCCCC/C=C\CCCCCCCC
70678903,123886,CCCCCC(=O)c1c(O)c(Cl)c(OC)c(Cl)c1O
56927880,5780,OC[C@@H](O)[C@@H](O)[C@H](O)[C@@H](O)CO
56927880,68057,Cc1ccc2c(c1)CCCC2(C)C
56927880,11953816,CCCCCCCCCCCCCCCC(=O)O[C@H](CC(=O)[O-])C[N+](C)(C)C
93362,56955923,O=[As]([O-])(O)c1ccccc1
93362,10825777,NC(Cc1cc(O)c2c(c1)SCC(O)=N2)C(=O)O
93362,91666328,CC(=O)O[C@H]1/C(C)=C\C[C@H]2[C@@H](/C=C(\C)C(=O)[C@@]3(OC(=O)c4ccccc4)C[C@H](C)[C@H](O)[C@H]13)C2(C)C
121232727,441107,Cc1c2cccc(O)c2c(O)c2c(O)c3c(O)c(C(=N)O)c(O)cc3cc12
121232727,5354212,COC(=O)/C=C1/CC[C@H]2[C@@H]3CCC4=CC(=O)CC[C@]4(C)[C@H]3C(=O)C[C@]12C
121232727,65478,C[C@H]1C[C@H]2[C@@H]3CCC4=CC(=O)C=C[C@]4(C)[C@@]3(F)[C@@H](O)C[C@]2(C)[C@@]1(O)C(=O)COP(=O)([O-])[O-].[Na+].[Na+]
6366484,5780,OC[C@@H](O)[C@@H](O)[C@H](O)[C@@H](O)CO
6366484,10825777,NC(Cc1cc(O)c2c(c1)SCC(O)=N2)C(=O)O
6366484,10648,Cl.c1ccc2c(c1)CCCC2C1=NCCN1
53363843,100929735,COc1cc2c(cc1C(C)C)CC[C@H]1C(C)=C(C(=O)O)CC[C@]21C
53363843,5354212,COC(=O)/C=C1/CC[C@H]2[C@@H]3CCC4=CC(=O)CC[C@]4(C)[C@H]3C(=O)C[C@]12C
53363843,6558437,O=C(O)[C@H]1CNCCN1
53477674,53380618,O=P(O)(O)OC1[C@@H](OP(=O)(O)O)[C@H](OP(=O)(O)OP(=O)(O)O)C(O)[C@H](OP(=O)(O)OP(=O)(O)O)[C@H]1OP(=O)(O)O
53477674,53239731,CC(O)=N[C@@H]1[C@@H](O[C@@H]2O[C@@H](C)[C@@H](O)[C@@H](O)[C@@H]2O)[C@H](O[C@@H]2O[C@H](CO)[C@@H](O)[C@H](O)[C@H]2N=C(C)O)[C@@H](CO[C@@H]2O[C@@H](C)[C@@H](O)[C@@H](O)[C@@H]2O)O[C@H]1O
53477674,5289352,CC(O)=N[C@@H]1[C@@H](O[C@@H]2O[C@H](CO)[C@H](O)[C@H](OS(=O)(=O)O)[C@H]2O)[C@H](O[C@@H]2O[C@@H](C)[C@@H](O)[C@@H](O)[C@@H]2O)[C@@H](CO)O[C@H]1O
6419766,23674745,CC(C(=O)[O-])c1ccc(CC2CCCC2=O)cc1.O.O.[Na+]
6419766,252379,C[C@]12CC[C@H]3[C@@H](CCC4=CC(=O)CC[C@@]43CO)[C@@H]1CCC2=O
86289422,49859627,COc1cccc2[nH]cc(C/C(=N/OS(=O)(=O)[O-])S[C@@H]3O[C@H](CO)[C@@H](O)[C@H](O)[C@H]3O)c12
86289422,91825606,C[N+](C)(C)C[C@@H](CC(=O)O)OC(=O)CC(=O)[O-]
25093353,5354212,COC(=O)/C=C1/CC[C@H]2[C@@H]3CCC4=CC(=O)CC[C@]4(C)[C@H]3C(=O)C[C@]12C
25093353,71464681,N=C(O)CC[C@H](N)C(O)=N[C@@H](Cc1ccccc1)C(O)=N[C@@H](Cc1c[nH]c2ccccc12)C(O)=N[C@@H](Cc1ccc(O)cc1)C(=O)O
179394,5780,OC[C@@H](O)[C@@H](O)[C@H](O)[C@@H](O)CO
179394,5780,OC[C@@H](O)[C@@H](O)[C@H](O)[C@@H](O)CO
179394,9998041,[Mn+].[O-].[OH-].[O].[O]
17756117,17756116,COC(=O)CCCn1c(C)cc2cc(=O)cc3oc(C)cc1c23
17756117,56955923,O=[As]([O-])(O)c1ccccc1
17756117,47965,CC1=C(C(=O)O)N2C(=O)[C@@H](N=C(O)[C@H](N)c3ccc(O)cc3)[C@H]2SC1
71728420,5780,OC[C@@H](O)[C@@H](O)[C@H](O)[C@@H](O)CO
71728420,14345637,CCCCC/C=C\C/C=C\C/C=C\C/C=C\CCCC(=O)OC(CO)COC(=O)CCCCCCCCCCCCCCCCC
71728420,5282452,O=C(O)C[C@H](O)C[C@H](O)/C=C/c1c(C2CC2)nc2ccccc2c1-c1ccc(F)cc1
81466,5780,OC[C@@H](O)[C@@H](O)[C@H](O)[C@@H](O)CO
81466,69212,CC1=CC(=O)C(=O)C=C1O
81466,7251185,C=C1C(=O)O[C@@H]2[C@H]3O[C@]3(C)CC/C=C(\C)CC[C@@H]12
57412271,3083907,CN1CC[C@]23C(=O)C[C@H]4C(=CCO[C@H]5CC(=O)N(c6ccccc62)[C@H]3[C@H]54)C1
57412271,5354212,COC(=O)/C=C1/CC[C@H]2[C@@H]3CCC4=CC(=O)CC[C@]4(C)[C@H]3C(=O)C[C@]12C
57412271,57339197,C=CCCCCCCCCCCC/C=C\CCCC
6436081,5780,OC[C@@H](O)[C@@H](O)[C@H](O)[C@@H](O)CO
6436081,10825777,NC(Cc1cc(O)c2c(c1)SCC(O)=N2)C(=O)O
6436081,11794029,CC[C@@H](C)c1cc(=O)c2c(CO)cc3c(c2o1)C(=O)c1c(O)cccc1C3=O
152990,5780,OC[C@@H](O)[C@@H](O)[C@H](O)[C@@H](O)CO
152990,5780,OC[C@@H](O)[C@@H](O)[C@H](O)[C@@H](O)CO
152990,25201352,O=C([O-])[C@H](O)C(=O)CO
5281718,5354212,COC(=O)/C=C1/CC[C@H]2[C@@H]3CCC4=CC(=O)CC[C@]4(C)[C@H]3C(=O)C[C@]12C
5281718,15606394,CN(C)C/C=C/C(O)=Nc1cc2c(Nc3ccc(F)c(Cl)c3)ncnc2cc1O[C@H]1CCOC1.O=C(O)/C=C\C(=O)O.O=C(O)/C=C\C(=O)O
11999968,14345637,CCCCC/C=C\C/C=C\C/C=C\C/C=C\CCCC(=O)OC(CO)COC(=O)CCCCCCCCCCCCCCCCC
11999968,46878552,COc1cc(C[C@H]2c3c(cc(OC)c(OC)c3OC)CC[N@+]2(C)CCCOC(=O)CCC(=O)OCCC[N@@+]2(C)CCc3cc(OC)c(OC)c(OC)c3[C@@H]2Cc2cc(OC)c(OC)c(OC)c2)cc(OC)c1OC.[Cl-].[Cl-]
439507,86289694,C[C@H](CCCCCCCCC/C=C/C(=O)O)O[C@@H]1O[C@@H](C)[C@H](O)C[C@H]1O
439507,5780,OC[C@@H](O)[C@@H](O)[C@H](O)[C@@H](O)CO
439507,5479539,CO/N=C(\C(O)=N[C@@H]1C(=O)N2C(C(=O)[O-])=C(C[n+]3cccc4c3CCC4)CS[C@H]12)c1csc(=N)[nH]1
90659882,14212362,Nc1nc(O)nc2c1ncn2[C@@H]1O[C@H](COP(=O)(O)O)[C@@H](O)[C@H]1O
90659882,70678725,COC1=C(Br)[C@H](O)[C@@]2(C=C1Br)CC(C(=O)NCCCCNC(=O)C1=NO[C@@]3(C=C(Br)C(=O)[C@H](Br)[C@H]3O)C1)=NO2
90659882,102571769,CCCCCC(/C=C/C=C\C/C=C\C/C=C\CCCC(=O)[O-])OO
312145,52929771,CCCCCCCCCCCCCCCC/C=C\OC[C@@H](O)COP(=O)(O)O
312145,50906608,CO[C@@H]1[C@@H](O)[C@H](N=C(O)CC(C)(C)O)[C@@H](C)O[C@H]1O
25202134,5780,OC[C@@H](O)[C@@H](O)[C@H](O)[C@@H](O)CO
25202134,69212,CC1=CC(=O)C(=O)C=C1O
25202134,9920426,CC(=O)[C@H](O)c1ccccc1
15375588,86289136,CO[C@H]1[C@H](C)O[C@H](OP(=O)(O)OP(=O)([O-])OC[C@H]2O[C@@H](n3cc(C)c([O-])nc3=O)C[C@@H]2O)C[C@]1(C)NO
15375588,440649,Cc1ncc(C[n+]2c(C(O)CCC(=O)O)sc(CCOP(=O)(O)OP(=O)(O)O)c2C)c(=N)[nH]1
15375588,54679752,O=c1oc2cc(O)ccc2c(O)c1-c1ccc(O)cc1O
16736529,23674745,CC(C(=O)[O-])c1ccc(CC2CCCC2=O)cc1.O.O.[Na+]
16736529,53357352,C=C(C)[C@@H]1CCC(C)=C[C@H]1c1c(O)cc(CCCC(C)O)cc1O
45052211,10507084,CO[C@@H]1O[C@H](COS(=O)(=O)O)[C@@H](O[C@H]2O[C@H](COS(=O)(=O)O)[C@@H](O)[C@H](O)[C@H]2O)[C@H](O)[C@H]1O
45052211,5354212,COC(=O)/C=C1/CC[C@H]2[C@@H]3CCC4=CC(=O)CC[C@]4(C)[C@H]3C(=O)C[C@]12C
45052211,91848494,CC(O)=N[C@H]1[C@@H](O[C@H]2[C@H](O)[C@@H](CO)OC(O)[C@@H]2N=C(C)O)O[C@H](CO)[C@@H](O)[C@@H]1O
6437379,56955923,O=[As]([O-])(O)c1ccccc1
6437379,10825777,NC(Cc1cc(O)c2c(c1)SCC(O)=N2)C(=O)O
6437379,72193722,CC(C)(COP(=O)(O)OP(=O)(O)OC[C@H]1O[C@@H](n2cnc3c(N)ncnc32)[C@H](O)[C@@H]1OP(=O)([O-])[O-])[C@@H](O)C([O-])=NCCC([O-])=NCCSC(=O)CCCCCCC(=O)[O-]
46173958,70678725,COC1=C(Br)[C@H](O)[C@@]2(C=C1Br)CC(C(=O)NCCCCNC(=O)C1=NO[C@@]3(C=C(Br)C(=O)[C@H](Br)[C@H]3O)C1)=NO2
46173958,15047965,CCC(C)CCCCCCCCCCCCCCCCCCCCC(=O)O
51351807,5780,OC[C@@H](O)[C@@H](O)[C@H](O)[C@@H](O)CO
51351807,53239731,CC(O)=N[C@@H]1[C@@H](O[C@@H]2O[C@@H](C)[C@@H](O)[C@@H](O)[C@@H]2O)[C@H](O[C@@H]2O[C@H](CO)[C@@H](O)[C@H](O)[C@H]2N=C(C)O)[C@@H](CO[C@@H]2O[C@@H](C)[C@@H](O)[C@@H](O)[C@@H]2O)O[C@H]1O
51351807,137349618,C=CCO[C@@H]1[C@H](O)[C@@H](O)[C@@H](OC[C@H](N=C(O)CCCCCCCCCCCCCCCCCCCCCCCCC)[C@H](O)[C@H](O)CCCCCCCCCCCCCC)O[C@@H]1CO
36324,23674745,CC(C(=O)[O-])c1ccc(CC2CCCC2=O)cc1.O.O.[Na+]
36324,441107,Cc1c2cccc(O)c2c(O)c2c(O)c3c(O)c(C(=N)O)c(O)cc3cc12
95433,5780,OC[C@@H](O)[C@@H](O)[C@H](O)[C@@H](O)CO
95433,243,O=C(O)c1ccccc1
95433,441187,O=C[C@H](O)[C@@H](O)[C@H](O)COP(=O)(O)O
118797961,86289694,C[C@H](CCCCCCCCC/C=C/C(=O)O)O[C@@H]1O[C@@H](C)[C@H](O)C[C@H]1O
118797961,440649,Cc1ncc(C[n+]2c(C(O)CCC(=O)O)sc(CCOP(=O)(O)OP(=O)(O)O)c2C)c(=N)[nH]1
118797961,10368709,C=C(CC[C@@H](C(=O)O)[C@H]1[C@H](O)C[C@@]2(C)C3=CC[C@H]4C(C)(C)[C@H](O)CC[C@]4(C)C3=CC[C@]12C)C(C)(C)O
1794427,5354212,COC(=O)/C=C1/CC[C@H]2[C@@H]3CCC4=CC(=O)CC[C@]4(C)[C@H]3C(=O)C[C@]12C
1794427,443249,O=C(O)[C@H](CS(=O)(=O)O)OP(=O)(O)O
70678649,91972219,CC(O)=N[C@H]1[C@H](O[C@H]2[C@H](O)[C@@H](N=C(C)O)C(O)O[C@@H]2CO)O[C@H](COS(=O)(=O)O)[C@H](O)[C@@H]1O
70678649,49859627,COc1cccc2[nH]cc(C/C(=N/OS(=O)(=O)[O-])S[C@@H]3O[C@H](CO)[C@@H](O)[C@H](O)[C@H]3O)c12
70678649,128812,CCCCCCCC(=O)OC[C@H](COP(=O)(O)OC1[C@H](O)[C@H](O)C(O)[C@H](O)[C@H]1O)OC(=O)CCCCCCC
122198276,126456439,C/C(=C\C(=O)N([O-])CCC[C@@H]1N=C(O)[C@H](CCCN([O-])C(=O)/C=C(\C)CCOC(=O)[C@@H](N)CCCN([O-])C(=O)/C=C(\C)CCO)N=C1O)CCO.[Fe+3]
122198276,53239731,CC(O)=N[C@@H]1[C@@H](O[C@@H]2O[C@@H](C)[C@@H](O)[C@@H](O)[C@@H]2O)[C@H](O[C@@H]2O[C@H](CO)[C@@H](O)[C@H](O)[C@H]2N=C(C)O)[C@@H](CO[C@@H]2O[C@@H](C)[C@@H](O)[C@@H](O)[C@@H]2O)O[C@H]1O
122198276,135455418,N=c1nc(O)c2ncn([C@@H](CO)OC(CO)CO)c2[nH]1
14475218,23656876,Cc1cc(N=c2cc[nH]cc2S(=O)(=O)NC(O)=NC(C)C)ccc1O
14475218,5354212,COC(=O)/C=C1/CC[C@H]2[C@@H]3CCC4=CC(=O)CC[C@]4(C)[C@H]3C(=O)C[C@]12C
14475218,57330977,O=C(O)[C@H]1O[C@@H](Oc2cc(O)cc3oc(-c4cc(O)c(O)c(O)c4)c(O)c(=O)c23)[C@H](O)[C@@H](O)[C@@H]1O
135418940,23674745,CC(C(=O)[O-])c1ccc(CC2CCCC2=O)cc1.O.O.[Na+]
135418940,25245067,CCCCCCCCCCCCCC(=O)O[C@H](CCCCCCCCCCC)CC(=O)O[C@@H]1[C@@H](N=C(O)C[C@@H](CCCCCCCCCCC)OC(=O)CCCCCCCCCCC)[C@H](OC[C@H]2O[C@H](OP(=O)(O)O[C@H]3OC[C@H](N)[C@H](O)[C@H]3O)[C@H](N=C(O)C[C@H](O)CCCCCCCCCCC)[C@@H](OC(=O)C[C@H](O)CCCCCCCCCCC)[C@@H]2O)O[C@H](CO[C@]2(C(=O)O)C[C@@H](O[C@]3(C(=O)O)C[C@@H](O)[C@@H](O)[C@@H]([C@H](O)CO)O3)[C@@H](O)[C@@H]([C@H](O)CO)O2)[C@H]1OP(=O)(O)O[C@H]1OC[C@H](N)[C@H](O)[C@H]1O
7955,69212,CC1=CC(=O)C(=O)C=C1O
7955,122198262,C/C(=C\CC/C(C)=C/CC/C(C)=C/C[C@@]12O[C@@H]1[C@H](O)C(CO)=CC2=O)CO
6438678,5780,OC[C@@H](O)[C@@H](O)[C@H](O)[C@@H](O)CO
6438678,56955923,O=[As]([O-])(O)c1ccccc1
6438678,24778485,CCCCC[C@H](O)/C=C/[C@@H]1[C@@H](C/C=C\CCCC(=O)OCC(O)CO)[C@@H](O)C[C@H]1O
11428,5780,OC[C@@H](O)[C@@H](O)[C@H](O)[C@@H](O)CO
11428,137547,C#CCC(=O)O
11428,45480624,CC(O)=N[C@H]1[C@H](O[C@H]2[C@@H](O)[C@@H](CO)O[C@@H](O[C@H]3[C@H](O)[C@@H](O)[C@H](O[C@H]4[C@H](O[C@H]5O[C@H]([C@@H](O)CO)[C@@H](O)[C@H](OP(=O)(O)OCCN)[C@@H]5O[C@H]5O[C@H](CO)[C@@H](O)[C@H](O)[C@H]5N=C(C)O)[C@H](O)[C@@H](O[C@H]5[C@@H]([C@H](O)CO)O[C@@](O)(C(=O)O)C[C@H]5O)O[C@@H]4[C@@H](O)CO)O[C@@H]3CO)[C@@H]2O)O[C@H](CO)[C@@H](O[C@@H]2O[C@H](CO)[C@H](O)[C@H](O)[C@H]2O)[C@@H]1O
71581261,14212362,Nc1nc(O)nc2c1ncn2[C@@H]1O[C@H](COP(=O)(O)O)[C@@H](O)[C@H]1O
71581261,134160296,CSC[C@H]1O[C@H](O[C@H]2[C@H](O)[C@H](O)[C@@H](OC[C@H]3O[C@@H](O[C@@H]4[C@@H](OC[C@H]5O[C@H](OC[C@H]6OC(O)[C@@H](O)[C@@H]6O)[C@@H](O)[C@@H]5O[C@H]5O[C@H](CO)[C@@H](O)[C@@H]5O[C@@H]5O[C@H](CO)[C@@H](O)[C@@H]5O)O[C@H](CO)[C@H]4O)[C@@H](O)[C@@H]3O)O[C@@H]2CO)[C@H](O)[C@H]1O
71581261,7955,N=c1[nH]c(=N)[nH]c(=N)[nH]1
3084375,5780,OC[C@@H](O)[C@@H](O)[C@H](O)[C@@H](O)CO
3084375,49859627,COc1cccc2[nH]cc(C/C(=N/OS(=O)(=O)[O-])S[C@@H]3O[C@H](CO)[C@@H](O)[C@H](O)[C@H]3O)c12
3084375,25246222,Nc1ncnc2c1ncn2[C@@H]1O[C@H](CSCC[C@H](N)C(=O)O)[C@@H](O)[C@H]1O
91848953,70678725,COC1=C(Br)[C@H](O)[C@@]2(C=C1Br)CC(C(=O)NCCCCNC(=O)C1=NO[C@@]3(C=C(Br)C(=O)[C@H](Br)[C@H]3O)C1)=NO2
91848953,7058168,O=c1nc([O-])ccn1[C@@H]1O[C@H](COP(=O)([O-])OP(=O)(O)OP(=O)([O-])[O-])[C@@H](O)[C@H]1O
9796904,23674745,CC(C(=O)[O-])c1ccc(CC2CCCC2=O)cc1.O.O.[Na+]
9796904,5443,O=C(O)c1ccccc1S
193732,14212362,Nc1nc(O)nc2c1ncn2[C@@H]1O[C@H](COP(=O)(O)O)[C@@H](O)[C@H]1O
193732,52929771,CCCCCCCCCCCCCCCC/C=C\OC[C@@H](O)COP(=O)(O)O
193732,92389,Nc1c([N+](=O)[O-])ccc(Oc2ccccc2)c1Cl
91848827,70678725,COC1=C(Br)[C@H](O)[C@@]2(C=C1Br)CC(C(=O)NCCCCNC(=O)C1=NO[C@@]3(C=C(Br)C(=O)[C@H](Br)[C@H]3O)C1)=NO2
91848827,70678883,CC(O)=N[C@H]1[C@H](O[C@H]2[C@H](O)[C@@H](N=C(C)O)C(O)O[C@@H]2CO)O[C@H](CO)[C@H](O)[C@@H]1O[C@@H]1O[C@@H](C)[C@@H](O)[C@@H](O)[C@@H]1O
85692,5780,OC[C@@H](O)[C@@H](O)[C@H](O)[C@@H](O)CO
85692,52929771,CCCCCCCCCCCCCCCC/C=C\OC[C@@H](O)COP(=O)(O)O
85692,91855404,C[C@@H]1O[C@@H](O[C@H]2[C@@H](O)[C@@H](CO)O[C@@H](OC[C@H]3O[C@@H](O)[C@H](O)[C@@H](O)[C@H]3O)[C@@H]2O)[C@@H](O)[C@H](O)[C@@H]1O
67206,121596220,CC(C(=O)[O-])C(=O)OC(CC(=O)[O-])C[N+](C)(C)C
67206,441586,COc1ccc(CCN(C)Cc2ccc(OC)c(OC)c2)cc1
254630,23674745,CC(C(=O)[O-])c1ccc(CC2CCCC2=O)cc1.O.O.[Na+]
254630,75,NCCC=O
16759325,5780,OC[C@@H](O)[C@@H](O)[C@H](O)[C@@H](O)CO
16759325,23674745,CC(C(=O)[O-])c1ccc(CC2CCCC2=O)cc1.O.O.[Na+]
16759325,1286902,CCc1cc2c(=O)c(-c3nc4ccccc4s3)coc2c(CN2CCCCC2)c1O
6950480,5780,OC[C@@H](O)[C@@H](O)[C@H](O)[C@@H](O)CO
6950480,13376,CCCCN=CO
6950480,118797910,CS(=O)C=CCC/C(=N/S(=O)(=O)O)S[C@@H]1O[C@H](CO)[C@@H](O)[C@H](O)[C@H]1O
17106,86289694,C[C@H](CCCCCCCCC/C=C/C(=O)O)O[C@@H]1O[C@@H](C)[C@H](O)C[C@H]1O
17106,279,N=C(O)NC(CC(=O)O)C(=O)O
17106,71296143,O=C(O)CC(=O)OC[C@H]1O[C@@H](Oc2cc(=O)cc3oc(-c4ccc([O-])c(O)c4)c(O[C@@H]4O[C@H](COC(=O)/C=C/c5ccc(O[C@@H]6O[C@H](CO)[C@@H](O)[C@H](O)[C@H]6O)cc5)[C@@H](O)[C@H](O)[C@H]4O[C@@H]4OC[C@@H](O)[C@H](O)[C@H]4O)cc2-3)[C@H](O)[C@@H](O)[C@@H]1O
9543003,44229137,COc1cc(/C=C/C(=O)SCCN=C([O-])CCN=C([O-])[C@H](O)C(C)(C)COP(=O)(O)OP(=O)(O)OC[C@H]2O[C@@H](n3cnc4c(N)ncnc43)[C@H](O)[C@@H]2OP(=O)([O-])O)ccc1[O-]
9543003,132282124,C[C@@H]1O[C@@H](OCCCCCC(=O)SCCN=C(O)CCN=C(O)[C@H](O)C(C)(C)COP(=O)(O)OP(=O)(O)OC[C@H]2O[C@@H](n3cnc4c(N)ncnc43)[C@H](O)[C@@H]2OP(=O)(O)O)[C@H](O)C[C@H]1O
9543003,122198284,CN[C@@H]1C(=O)C(C(=N)O)=C(O)[C@@]2(O)C(=O)c3c(c(C)c4cccc(O)c4c3O)C[C@@H]12
10621,442431,C[C@@H]1O[C@@H](OC[C@H]2O[C@@H](Oc3cc(O)c4c(c3)O[C@H](c3ccc(O)cc3)CC4=O)[C@H](O)[C@@H](O)[C@@H]2O)[C@H](O)[C@H](O)[C@H]1O
10621,14345637,CCCCC/C=C\C/C=C\C/C=C\C/C=C\CCCC(=O)OC(CO)COC(=O)CCCCCCCCCCCCCCCCC
10621,15938961,Cc1ncc(C[n+]2csc(CCOP(=O)([O-])OP(=O)([O-])OP(=O)([O-])OC[C@H]3O[C@@H](n4cnc5c(N)ncnc54)[C@H](O)[C@@H]3O)c2C)c(=N)[nH]1
132282070,132282124,C[C@@H]1O[C@@H](OCCCCCC(=O)SCCN=C(O)CCN=C(O)[C@H](O)C(C)(C)COP(=O)(O)OP(=O)(O)OC[C@H]2O[C@@H](n3cnc4c(N)ncnc43)[C@H](O)[C@@H]2OP(=O)(O)O)[C@H](O)C[C@H]1O
132282070,557527,C=CCCCCCCCCCCCCCCC=O
52922146,5780,OC[C@@H](O)[C@@H](O)[C@H](O)[C@@H](O)CO
52922146,53239731,CC(O)=N[C@@H]1[C@@H](O[C@@H]2O[C@@H](C)[C@@H](O)[C@@H](O)[C@@H]2O)[C@H](O[C@@H]2O[C@H](CO)[C@@H](O)[C@H](O)[C@H]2N=C(C)O)[C@@H](CO[C@@H]2O[C@@H](C)[C@@H](O)[C@@H](O)[C@@H]2O)O[C@H]1O
52922146,56932132,CCC(=O)Nc1ccc(N(Cc2ccsc2)C(=O)Cn2nnc3ccccc32)cc1
16737097,5354212,COC(=O)/C=C1/CC[C@H]2[C@@H]3CCC4=CC(=O)CC[C@]4(C)[C@H]3C(=O)C[C@]12C
16737097,3246373,CN(C)c1ccc2[nH+]c3c(C(=O)O)cc(=O)c(O)c-3oc2c1
3587356,5780,OC[C@@H](O)[C@@H](O)[C@H](O)[C@@H](O)CO
3587356,13376,CCCCN=CO
3587356,71728374,CCCCC/C=C\C/C=C\C/C=C\C/C=C\CCCC(=O)O[C@H](COC(=O)CCCCCCC/C=C\CCCCCCCC)COP(=O)([O-])[O-]
68853159,5354212,COC(=O)/C=C1/CC[C@H]2[C@@H]3CCC4=CC(=O)CC[C@]4(C)[C@H]3C(=O)C[C@]12C
68853159,134692071,CCCCCCCCCCCCC/C=C/[C@@H](O)[C@H](CO[C@@H]1O[C@H](CO)[C@@H](O[C@@H]2O[C@H](CO)[C@H](O[C@@H]3O[C@H](CO)[C@H](O)[C@H](O)[C@H]3N=C(C)O)[C@H](O[C@]3(C(=O)O)C[C@H](O)[C@@H](N=C(C)O)[C@H]([C@H](O)[C@H](O)CO)O3)[C@H]2O)[C@H](O)[C@H]1O)N=C(O)CCCCCCCCCCCCCCC
10006666,129626820,C[C@H](CCC([O-])=NCC(=O)O)[C@H]1CC[C@H]2[C@@H]3C(=O)C[C@@H]4C[C@H](O)CC[C@]4(C)[C@H]3CC[C@]12C
10006666,49859627,COc1cccc2[nH]cc(C/C(=N/OS(=O)(=O)[O-])S[C@@H]3O[C@H](CO)[C@@H](O)[C@H](O)[C@H]3O)c12
10006666,54682905,CC1=C/C(=C(\c2cc(C)c([O-])c(C(=O)[O-])c2)c2ccccc2S(=O)(=O)O)C=C(C(=O)[O-])C1=O.[Na+].[Na+].[Na+]
439282,5780,OC[C@@H](O)[C@@H](O)[C@H](O)[C@@H](O)CO
439282,68057,Cc1ccc2c(c1)CCCC2(C)C
439282,135498233,N=C1N=C(O)C2=NC(=O)NC2=N1
57339202,91851869,CC(O)=N[C@H]1[C@@H](O[C@H]2[C@H](O)[C@@H](CO)OC(O)[C@@H]2N=C(C)O)O[C@H](CO)[C@H](O)[C@@H]1O
57339202,5354212,COC(=O)/C=C1/CC[C@H]2[C@@H]3CCC4=CC(=O)CC[C@]4(C)[C@H]3C(=O)C[C@]12C
57339202,5941539,CC(C)c1cc(/C=C(\C#N)C(O)=NCCCc2ccccc2)cc(C(C)C)c1O
45380432,49859627,COc1cccc2[nH]cc(C/C(=N/OS(=O)(=O)[O-])S[C@@H]3O[C@H](CO)[C@@H](O)[C@H](O)[C@H]3O)c12
45380432,20722666,NCc1cn([C@@H]2O[C@H](CO)[C@@H](O)[C@H]2O)c(=S)nc1O
23065692,5780,OC[C@@H](O)[C@@H](O)[C@H](O)[C@@H](O)CO
23065692,71298190,CC(O)=N[C@H]1C(O)O[C@H](CO)[C@H](O)[C@@H]1O[C@@H]1O[C@H](CO)[C@H](O[C@H]2O[C@H](CO)[C@H](O)[C@H](O)[C@H]2O)[C@H](O)[C@H]1O[C@@H]1O[C@@H](C)[C@@H](O)[C@@H](O)[C@@H]1O
23065692,25001002,CC(C)=CCC/C(C)=C/CC/C(C)=C/CC[C@]1(C)[C@H](C)CCC(=C(C)C)[C@H]1CCC=O
121596227,121596228,C[C@]12CC[C@H](OS(=O)(=O)[O-])C[C@@H]1CC[C@@H]1[C@@H]2CC[C@]2(C)[C@@H](OS(=O)(=O)[O-])CC[C@@H]12
121596227,49859627,COc1cccc2[nH]cc(C/C(=N/OS(=O)(=O)[O-])S[C@@H]3O[C@H](CO)[C@@H](O)[C@H](O)[C@H]3O)c12
121596227,9543115,CNCCCC(=O)[O-]
70697875,440649,Cc1ncc(C[n+]2c(C(O)CCC(=O)O)sc(CCOP(=O)(O)OP(=O)(O)O)c2C)c(=N)[nH]1
70697875,53785916,C=CCCCCCCCCCCCCCCCC(C)C
56655569,56655568,CCCCCCCCCCCCCC(=O)O[C@H]1CC[C@@](C)(OC(C)=O)[C@@H]2O[C@H](C[C@]1(C)O)[C@@H]1[C@H]2[C@@H](C(C)C)[C@H](OC(C)=O)[C@H](OC(C)=O)[C@@]12CO2
56655569,53239731,CC(O)=N[C@@H]1[C@@H](O[C@@H]2O[C@@H](C)[C@@H](O)[C@@H](O)[C@@H]2O)[C@H](O[C@@H]2O[C@H](CO)[C@@H](O)[C@H](O)[C@H]2N=C(C)O)[C@@H](CO[C@@H]2O[C@@H](C)[C@@H](O)[C@@H](O)[C@@H]2O)O[C@H]1O
56655569,9281,COc1cc(-c2ccc(-[n+]3nc(-c4ccccc4)nn3-c3ccc([N+](=O)[O-])cc3)c(OC)c2)ccc1-[n+]1nc(-c2ccccc2)nn1-c1ccc([N+](=O)[O-])cc1.[Cl-].[Cl-]
242486,23724670,O=C1CC(c2ccc(O)cc2)Oc2cc(O)c(O)cc21
242486,5354212,COC(=O)/C=C1/CC[C@H]2[C@@H]3CCC4=CC(=O)CC[C@]4(C)[C@H]3C(=O)C[C@]12C
242486,24802447,CCCCCCCC/C=C\CCCCCCCC(=O)OCC(O)COC(=O)CCCCCCCCCCCCCCC
42626433,124202052,N=C(NCCC[C@H](N)C(=O)[O-])N[C@H]1O[C@H](COP(=O)(O)OP(=O)(O)OC[C@H]2O[C@@H](n3cnc4c(N)ncnc43)[C@H](O)[C@@H]2O)[C@@H](O)[C@H]1O
42626433,71298190,CC(O)=N[C@H]1C(O)O[C@H](CO)[C@H](O)[C@@H]1O[C@@H]1O[C@H](CO)[C@H](O[C@H]2O[C@H](CO)[C@H](O)[C@H](O)[C@H]2O)[C@H](O)[C@H]1O[C@@H]1O[C@@H](C)[C@@H](O)[C@@H](O)[C@@H]1O
42626433,3536595,Cc1cc(C(C)(C)C)c(O)c(C)c1CC1=[NH+]CCN1
9543236,14212362,Nc1nc(O)nc2c1ncn2[C@@H]1O[C@H](COP(=O)(O)O)[C@@H](O)[C@H]1O
9543236,6433272,C[C@@H]1[C@H](O)[C@@H](C)/C=C/C=C/CC/C=C/C=C/C=C/C=C/C(O[C@H]2O[C@H](C)[C@@H](O)[C@H](N)[C@@H]2O)CC2O[C@](O)(CC(O)C(O)CCC(O)CC(O)CC(O)CC(=O)O[C@H]1C)CC(O)C2C(=O)O
9543236,92136209,CC(O)=N[C@H]1[C@H](O[C@H]2[C@H](O)[C@@H](N=C(C)O)C(O)O[C@@H]2CO)O[C@H](CO)[C@@H](O[C@@H]2O[C@H](CO[C@H]3O[C@H](CO)[C@@H](O)[C@H](O)[C@@H]3O[C@@H]3O[C@H](CO)[C@@H](O[C@@H]4O[C@H](CO)[C@H](O)[C@H](O[C@@H]5O[C@H](CO)[C@@H](O[C@@H]6O[C@H](CO)[C@H](O)[C@H](O[C@@H]7O[C@H](CO)[C@@H](O[C@@H]8O[C@H](CO)[C@H](O)[C@H](O[C@]9(C(=O)O)C[C@H](O)[C@@H](N=C(C)O)[C@H]([C@H](O)[C@H](O)CO)O9)[C@H]8O)[C@H](O)[C@H]7N=C(C)O)[C@H]6O)[C@H](O)[C@H]5N=C(C)O)[C@H]4O)[C@H](O)[C@H]3N=C(C)O)[C@@H](O)[C@H](O[C@H]3O[C@H](CO)[C@@H](O)[C@H](O)[C@@H]3O[C@@H]3O[C@H](CO)[C@@H](O[C@@H]4O[C@H](CO)[C@H](O)[C@H](O[C@@H]5O[C@H](CO)[C@@H](O[C@@H]6O[C@H](CO)[C@H](O)[C@H](O[C@@H]7O[C@H](CO)[C@@H](O[C@@H]8O[C@H](CO)[C@H](O)[C@H](O[C@]9(C(=O)O)C[C@H](O)[C@@H](N=C(C)O)[C@H]([C@H](O)[C@H](O)CO)O9)[C@H]8O)[C@H](O)[C@H]7N=C(C)O)[C@H]6O)[C@H](O)[C@H]5N=C(C)O)[C@H]4O)[C@H](O)[C@H]3N=C(C)O)[C@@H]2O)[C@@H]1O
138453915,5354212,COC(=O)/C=C1/CC[C@H]2[C@@H]3CCC4=CC(=O)CC[C@]4(C)[C@H]3C(=O)C[C@]12C
138453915,49852308,O=c1nc([O-])ccn1[C@H]1C[C@H](O)[C@@H](COP(=O)(O)OP(=O)(O)OP(=O)([O-])[O-])O1
131953077,70678725,COC1=C(Br)[C@H](O)[C@@]2(C=C1Br)CC(C(=O)NCCCCNC(=O)C1=NO[C@@]3(C=C(Br)C(=O)[C@H](Br)[C@H]3O)C1)=NO2
131953077,40490689,CCCCC[C@H](O)[C@@H](O)C/C=C\C/C=C\C/C=C\CCCC(=O)[O-]
56659293,14345637,CCCCC/C=C\C/C=C\C/C=C\C/C=C\CCCC(=O)OC(CO)COC(=O)CCCCCCCCCCCCCCCCC
56659293,86289508,COC(=O)c1c(O[C@@H]2O[C@@H](C)[C@H](OC)[C@@H](OC)[C@H]2OC)cc2cc3c(c(O)c2c1C)C(=O)[C@]1(O)C(=O)C=C(OC)[C@@H](O)[C@]1(O)C3=O
53462,5780,OC[C@@H](O)[C@@H](O)[C@H](O)[C@@H](O)CO
53462,24892749,O=P(O)(O)OCC(COP(=O)(O)OCC(O)CO)O[C@H]1O[C@H](CO)[C@@H](O)[C@H](O)[C@H]1O
5280906,5354212,COC(=O)/C=C1/CC[C@H]2[C@@H]3CCC4=CC(=O)CC[C@]4(C)[C@H]3C(=O)C[C@]12C
5280906,118796915,O=C(O)CCCCCCCCCCCCCCCCCCc1ccc([O-])cc1
24832659,14345637,CCCCC/C=C\C/C=C\C/C=C\C/C=C\CCCC(=O)OC(CO)COC(=O)CCCCCCCCCCCCCCCCC
24832659,9548603,O=C([O-])C(O)Cc1c[nH]c2ccccc12
10409977,52929771,CCCCCCCCCCCCCCCC/C=C\OC[C@@H](O)COP(=O)(O)O
10409977,5281692,O=c1c(O)c(-c2cc(O)c(O)c(O)c2)oc2cc(O)ccc12
6991986,5780,OC[C@@H](O)[C@@H](O)[C@H](O)[C@@H](O)CO
6991986,5780,OC[C@@H](O)[C@@H](O)[C@H](O)[C@@H](O)CO
6991986,71581172,CCCCC/C=C\C/C=C\C/C=C\C/C=C\CCCCCCCCCCCCCCCC(=O)SCCN=C([O-])CCN=C([O-])[C@H](O)C(C)(C)COP(=O)(O)OP(=O)(O)OC[C@H]1O[C@@H](n2cnc3c(N)ncnc32)[C@H](O)[C@@H]1OP(=O)([O-])[O-]
134716637,134716638,CC1(C)CCC=C([C@@H]2CC=C(C(=O)O)CC2)C1
134716637,30951,C=CCOc1ccc(CC(=O)O)cc1Cl
134716637,445091,CC1(C)CC=C(c2cnc3ccccc3c2)c2cc(C(=O)Nc3ccc(C(=O)O)cc3)ccc21
10726905,11831045,CC1=C[C@@H]2[C@@H](C(C)C)CC[C@H](C)[C@]2(O)CC1
10726905,56955923,O=[As]([O-])(O)c1ccccc1
10726905,23615192,O=C([O-])CCCC(=O)C(=O)[O-]
54677972,5354212,COC(=O)/C=C1/CC[C@H]2[C@@H]3CCC4=CC(=O)CC[C@]4(C)[C@H]3C(=O)C[C@]12C
54677972,14213975,C=CC(C)(C)C1=Cc2c(c(C(C)(C)C=C)c3oc(=O)ccc3c2O)OC1(C)C
132282134,132282124,C[C@@H]1O[C@@H](OCCCCCC(=O)SCCN=C(O)CCN=C(O)[C@H](O)C(C)(C)COP(=O)(O)OP(=O)(O)OC[C@H]2O[C@@H](n3cnc4c(N)ncnc43)[C@H](O)[C@@H]2OP(=O)(O)O)[C@H](O)C[C@H]1O
132282134,61975,O=C(O)CNCCNCC(=O)O
4679,5354212,COC(=O)/C=C1/CC[C@H]2[C@@H]3CCC4=CC(=O)CC[C@]4(C)[C@H]3C(=O)C[C@]12C
4679,7020027,N=C(O)CC[C@H](N)C(O)=Nc1ccc2ccccc2c1
49866383,49859627,COc1cccc2[nH]cc(C/C(=N/OS(=O)(=O)[O-])S[C@@H]3O[C@H](CO)[C@@H](O)[C@H](O)[C@H]3O)c12
49866383,16736470,CO[C@@H]1C[C@@H](C)O[C@H]2O[C@@H]3C=C4CC[C@@H]5[C@H](CC[C@]6(C)[C@@H](C7=CC(=O)OC7)[C@@H](OC(C)=O)C[C@]56O)[C@@]4(C)C[C@H]3O[C@]21O
444972,5780,OC[C@@H](O)[C@@H](O)[C@H](O)[C@@H](O)CO
444972,243,O=C(O)c1ccccc1
444972,443588,CN1C([C@H]2CSC(c3ccccc3O)=N2)SC[C@H]1C(=O)O
138756165,86289694,C[C@H](CCCCCCCCC/C=C/C(=O)O)O[C@@H]1O[C@@H](C)[C@H](O)C[C@H]1O
138756165,49859627,COc1cccc2[nH]cc(C/C(=N/OS(=O)(=O)[O-])S[C@@H]3O[C@H](CO)[C@@H](O)[C@H](O)[C@H]3O)c12
138756165,231285,CCC(C)C(CC)C(O)=NC(=N)O
11246488,52929771,CCCCCCCCCCCCCCCC/C=C\OC[C@@H](O)COP(=O)(O)O
11246488,56928103,COC(=O)CC(=O)SCCN=C(O)CCN=C(O)C(O)C(C)(C)COP(=O)(O)OP(=O)(O)OC[C@H]1O[C@@H](n2cnc3c(N)ncnc32)[C@H](O)[C@@H]1OP(=O)(O)O
31200,56955923,O=[As]([O-])(O)c1ccccc1
31200,23674745,CC(C(=O)[O-])c1ccc(CC2CCCC2=O)cc1.O.O.[Na+]
31200,443265,OCC(CO)O[C@@H]1O[C@H](CO)[C@@H](O)[C@H](O)[C@H]1O
6917929,52929771,CCCCCCCCCCCCCCCC/C=C\OC[C@@H](O)COP(=O)(O)O
6917929,40469168,O=C(O)[C@H]1O[C@@H](Oc2cc3oc(-c4ccccc4)cc(=O)c3c(O)c2[O-])[C@H](O)[C@@H](O)[C@@H]1O
53477670,5780,OC[C@@H](O)[C@@H](O)[C@H](O)[C@@H](O)CO
53477670,279,N=C(O)NC(CC(=O)O)C(=O)O
53477670,9832481,N=c1ccc2c(-c3ccc(C(=O)O)cc3C(=O)O)c3ccc(N)c(S(=O)(=O)O)c3oc-2c1S(=O)(=O)O
122391240,40469168,O=C(O)[C@H]1O[C@@H](Oc2cc3oc(-c4ccccc4)cc(=O)c3c(O)c2[O-])[C@H](O)[C@@H](O)[C@@H]1O
122391240,440649,Cc1ncc(C[n+]2c(C(O)CCC(=O)O)sc(CCOP(=O)(O)OP(=O)(O)O)c2C)c(=N)[nH]1
122391240,6440428,CCCC/C=C\CCCCCCCCCCCCO
86289136,15375588,Cc1cn([C@H]2C[C@H](O)[C@@H](COP(=O)(O)OP(=O)(O)O[C@H]3O[C@@H](C)[C@@H](O)[C@@H](O)[C@H]3O)O2)c(=O)nc1O
86289136,440649,Cc1ncc(C[n+]2c(C(O)CCC(=O)O)sc(CCOP(=O)(O)OP(=O)(O)O)c2C)c(=N)[nH]1
86289136,5043349,O=C([O-])CC(Cc1ccccc1)C(=O)[O-]
6277,5780,OC[C@@H](O)[C@@H](O)[C@H](O)[C@@H](O)CO
6277,5780,OC[C@@H](O)[C@@H](O)[C@H](O)[C@@H](O)CO
6277,70678615,CCCCCCCCCCCCCCCCCC(=O)[C@@H](N)CO
132472357,5780,OC[C@@H](O)[C@@H](O)[C@H](O)[C@@H](O)CO
132472357,5354212,COC(=O)/C=C1/CC[C@H]2[C@@H]3CCC4=CC(=O)CC[C@]4(C)[C@H]3C(=O)C[C@]12C
132472357,11435803,CC(C)CCCCCCC/C=C/C(=O)O
9908783,52929771,CCCCCCCCCCCCCCCC/C=C\OC[C@@H](O)COP(=O)(O)O
9908783,10988713,C[C@@H]1CC[C@H]2C(C(=O)O)=C[C@@H]3[C@@H](O)C(C)(C)C[C@@]132
3485262,5780,OC[C@@H](O)[C@@H](O)[C@H](O)[C@@H](O)CO
3485262,23674745,CC(C(=O)[O-])c1ccc(CC2CCCC2=O)cc1.O.O.[Na+]
3485262,45266800,CC1(C)S[C@H](C(N=C(O)Cc2ccccc2)C(O)=NCCCC[C@@H](N)C(=O)O)N[C@H]1C(=O)O.NCCCC[C@@H](N)C(=O)O
135398643,14212362,Nc1nc(O)nc2c1ncn2[C@@H]1O[C@H](COP(=O)(O)O)[C@@H](O)[C@H]1O
135398643,49859627,COc1cccc2[nH]cc(C/C(=N/OS(=O)(=O)[O-])S[C@@H]3O[C@H](CO)[C@@H](O)[C@H](O)[C@H]3O)c12
135398643,6604385,Clc1ccc([C@H](Cn2ccnc2)OCc2c(Cl)cccc2Cl)c(Cl)c1
65732,23674745,CC(C(=O)[O-])c1ccc(CC2CCCC2=O)cc1.O.O.[Na+]
65732,5043349,O=C([O-])CC(Cc1ccccc1)C(=O)[O-]
68848,441284,CN1CCC[C@@H]2c3cccc4[nH]cc(c34)C[C@H]21
68848,5354212,COC(=O)/C=C1/CC[C@H]2[C@@H]3CCC4=CC(=O)CC[C@]4(C)[C@H]3C(=O)C[C@]12C
68848,9546817,CCCCC/C=C\C/C=C\C/C=C\C/C=C\CCCCCC(=O)O[C@H](COC(=O)CCCCCCCCCCCCCCC)COP(=O)(O)OCCN
21283465,117,Nc1[nH]cnc1C(=O)O
21283465,69212,CC1=CC(=O)C(=O)C=C1O
21283465,71668261,OCc1cc([C@@H](O)C[NH2+]CCCCCCOCCOCc2c(Cl)cccc2Cl)ccc1O
53344596,9841162,COc1cc2c(cc1O)[C@H](c1ccc(O)c(O)c1)[C@@H](CO)[C@H](CO)C2
53344596,5354212,COC(=O)/C=C1/CC[C@H]2[C@@H]3CCC4=CC(=O)CC[C@]4(C)[C@H]3C(=O)C[C@]12C
53344596,5281421,C=C1C(=O)O[C@@H]2/C=C(\CO)CC/C=C(\CO)C[C@H](OC(=O)C(C)C)[C@@H]12
53477637,134160296,CSC[C@H]1O[C@H](O[C@H]2[C@H](O)[C@H](O)[C@@H](OC[C@H]3O[C@@H](O[C@@H]4[C@@H](OC[C@H]5O[C@H](OC[C@H]6OC(O)[C@@H](O)[C@@H]6O)[C@@H](O)[C@@H]5O[C@H]5O[C@H](CO)[C@@H](O)[C@@H]5O[C@@H]5O[C@H](CO)[C@@H](O)[C@@H]5O)O[C@H](CO)[C@H]4O)[C@@H](O)[C@@H]3O)O[C@@H]2CO)[C@H](O)[C@H]1O
53477637,86289647,CCCCC/C=C\C/C=C\C/C=C\C/C=C\CCCC(=O)O[C@H](COC(=O)CCCCCCC/C=C\CCCCCCCC)COP(=O)(O)OC1[C@H](O)[C@H](O)C(O)[C@H](O)[C@H]1O
40490621,71728401,CCCCC/C=C\C[C@H]1O[C@@H]1/C=C/[C@H](O)C/C=C\CCCC(=O)O
40490621,23674745,CC(C(=O)[O-])c1ccc(CC2CCCC2=O)cc1.O.O.[Na+]
40490621,86583473,C[C@@H]1O[C@H](O[C@H]2[C@H](Oc3ccc4c(c3)OC(c3ccccc3)CC4=O)O[C@H](CO)[C@@H](O)[C@@H]2O)[C@H](O)[C@H](O)[C@H]1O
25229567,70678725,COC1=C(Br)[C@H](O)[C@@]2(C=C1Br)CC(C(=O)NCCCCNC(=O)C1=NO[C@@]3(C=C(Br)C(=O)[C@H](Br)[C@H]3O)C1)=NO2
25229567,16070014,C[C@]12CC[C@H]3C(CC[C@]4(O)C[C@@H](O)CC[C@]34C=O)[C@@]1(O)CC[C@@H]2c1ccc(=O)oc1
11268094,5354212,COC(=O)/C=C1/CC[C@H]2[C@@H]3CCC4=CC(=O)CC[C@]4(C)[C@H]3C(=O)C[C@]12C
11268094,10917111,CC(C)[C@@H](C)/C=C/[C@@H](C)[C@H]1CCC2=C3C=CC4=C[C@H](NC(=N)O)CC[C@]4(C)[C@H]3CC[C@@]21C
90657233,5780,OC[C@@H](O)[C@@H](O)[C@H](O)[C@@H](O)CO
90657233,71298190,CC(O)=N[C@H]1C(O)O[C@H](CO)[C@H](O)[C@@H]1O[C@@H]1O[C@H](CO)[C@H](O[C@H]2O[C@H](CO)[C@H](O)[C@H](O)[C@H]2O)[C@H](O)[C@H]1O[C@@H]1O[C@@H](C)[C@@H](O)[C@@H](O)[C@@H]1O
90657233,16888,CCN(Cc1cccc(S(=O)(=O)O)c1)c1ccc(C(=C2C=CC(=O)C=C2S(=O)(=O)O)c2ccc([NH+](CC)Cc3cccc(S(=O)(=O)O)c3)cc2)cc1
47965,5281006,C/C=C/C1=C(C(=O)O)N2C(=O)[C@@H](N=C(O)[C@H](N)c3ccc(O)cc3)[C@H]2SC1
47965,5354212,COC(=O)/C=C1/CC[C@H]2[C@@H]3CCC4=CC(=O)CC[C@]4(C)[C@H]3C(=O)C[C@]12C
47965,34230,CO[C@@H]1C[C@@H](C[C@H]2CC[C@H](C)[C@H]([C@@H](C)C(=O)O)O2)O[C@]2(O[C@](C)([C@H]3CC[C@@](C)([C@@H]4O[C@@H]([C@H]5O[C@@](O)(CO)[C@H](C)C[C@@H]5C)C[C@@H]4C)O3)C[C@H]2C)[C@@H]1C
145944422,6433272,C[C@@H]1[C@H](O)[C@@H](C)/C=C/C=C/CC/C=C/C=C/C=C/C=C/C(O[C@H]2O[C@H](C)[C@@H](O)[C@H](N)[C@@H]2O)CC2O[C@](O)(CC(O)C(O)CCC(O)CC(O)CC(O)CC(=O)O[C@H]1C)CC(O)C2C(=O)O
145944422,67550006,CC(CO)[C@H](C)[C@@H](O)[C@H](O)[C@@H](C)[C@H]1CC[C@H]2[C@@H]3COC(=O)[C@H]4C[C@H](O)[C@H](O)C[C@]4(C)[C@H]3CC[C@]12C
1549438,5780,OC[C@@H](O)[C@@H](O)[C@H](O)[C@@H](O)CO
1549438,5780,OC[C@@H](O)[C@@H](O)[C@H](O)[C@@H](O)CO
1549438,2537,CC12CCC(CC1=O)C2(C)C
70697829,6433272,C[C@@H]1[C@H](O)[C@@H](C)/C=C/C=C/CC/C=C/C=C/C=C/C=C/C(O[C@H]2O[C@H](C)[C@@H](O)[C@H](N)[C@@H]2O)CC2O[C@](O)(CC(O)C(O)CCC(O)CC(O)CC(O)CC(=O)O[C@H]1C)CC(O)C2C(=O)O
70697829,91856628,OC[C@H]1O[C@H](O[C@@H]2[C@@H](O)[C@@H](O)O[C@H](CO)[C@H]2O[C@H]2O[C@H](CO)[C@@H](O)[C@H](O)[C@H]2O)[C@H](O)[C@@H](O)[C@@H]1O
169137,5780,OC[C@@H](O)[C@@H](O)[C@H](O)[C@@H](O)CO
169137,58067884,CC(C)=C[C@@H]1CC[C@@H](C)[C@H]2CCC(C)=C12
92097,52929771,CCCCCCCCCCCCCCCC/C=C\OC[C@@H](O)COP(=O)(O)O
92097,25137933,CC(=O)[C@@H](O)[C@H](O)C(=O)COP(=O)(O)O
460602,5780,OC[C@@H](O)[C@@H](O)[C@H](O)[C@@H](O)CO
460602,49859627,COc1cccc2[nH]cc(C/C(=N/OS(=O)(=O)[O-])S[C@@H]3O[C@H](CO)[C@@H](O)[C@H](O)[C@H]3O)c12
460602,45480539,COCCO[C@@H](C)CO[C@H](C)CO[C@H](C)CO[C@H](C)CO[C@@H](C)CO[C@@H](C)CO[C@H](C)CO[C@H](C)COC[C@H](C)N
117,21283465,Cn1cnc(CC(=O)[O-])c1
117,69212,CC1=CC(=O)C(=O)C=C1O
117,72551431,COC(=O)C(CC(=O)[C@@H]1OC1(C)C)[C@@H]1CC[C@]2(C)C3=CC[C@H]4C(C)(C)C(=O)CC[C@]4(C)[C@H]3CC[C@@]12C
10404741,5354212,COC(=O)/C=C1/CC[C@H]2[C@@H]3CCC4=CC(=O)CC[C@]4(C)[C@H]3C(=O)C[C@]12C
10404741,7059387,N[C@@H](COP(=O)([O-])O)C(=O)[O-]
11481776,30951,C=CCOc1ccc(CC(=O)O)cc1Cl
11481776,903,CC(O)=NCCc1c[nH]c2ccc(O)cc12
11170991,5780,OC[C@@H](O)[C@@H](O)[C@H](O)[C@@H](O)CO
11170991,69212,CC1=CC(=O)C(=O)C=C1O
11170991,70678657,N=C(NO[C@@H]1O[C@H](C(=O)O)[C@@H](O)[C@H](O)[C@H]1O)N1CCc2ccccc2C1
9109155,5354212,COC(=O)/C=C1/CC[C@H]2[C@@H]3CCC4=CC(=O)CC[C@]4(C)[C@H]3C(=O)C[C@]12C
9109155,6347578,C[C@H](N=C(O)[C@@H]1CCCN1)C(=O)O
24900162,5354212,COC(=O)/C=C1/CC[C@H]2[C@@H]3CCC4=CC(=O)CC[C@]4(C)[C@H]3C(=O)C[C@]12C
24900162,4075158,CCCCCCCCCCCCCC(=O)[O-]
86311107,23724670,O=C1CC(c2ccc(O)cc2)Oc2cc(O)c(O)cc21
86311107,23674745,CC(C(=O)[O-])c1ccc(CC2CCCC2=O)cc1.O.O.[Na+]
86311107,24792125,O=C(c1cc(COc2cccc(C(F)(F)F)c2)on1)N1CCC(c2ccncc2)CC1
91768,49859627,COc1cccc2[nH]cc(C/C(=N/OS(=O)(=O)[O-])S[C@@H]3O[C@H](CO)[C@@H](O)[C@H](O)[C@H]3O)c12
91768,91826591,O=C([O-])OP(=O)([O-])O
439524,5780,OC[C@@H](O)[C@@H](O)[C@H](O)[C@@H](O)CO
439524,69212,CC1=CC(=O)C(=O)C=C1O
439524,5461003,CCCCC/C=C\C/C=C\C/C=C\CCCCC(=O)[O-]
45480539,5780,OC[C@@H](O)[C@@H](O)[C@H](O)[C@@H](O)CO
45480539,14345637,CCCCC/C=C\C/C=C\C/C=C\C/C=C\CCCC(=O)OC(CO)COC(=O)CCCCCCCCCCCCCCCCC
45480539,49791945,O=C([O-])Cc1cn(C2O[C@H](COP(=O)([O-])[O-])[C@@H](O)[C@H]2O)cn1
168356,5780,OC[C@@H](O)[C@@H](O)[C@H](O)[C@@H](O)CO
168356,69212,CC1=CC(=O)C(=O)C=C1O
168356,288,C[N+](C)(C)CC(O)CC(=O)[O-]
119219,56955923,O=[As]([O-])(O)c1ccccc1
119219,69212,CC1=CC(=O)C(=O)C=C1O
119219,6992567,CC(C)[C@H](N=C(O)[C@@H](N)CCC(=O)O)C(=O)O
10313378,70678984,CP(=O)([O-])O[C@H]1O[C@H](COP(=O)([O-])[O-])[C@@H](O)[C@H]1O
10313378,5780,OC[C@@H](O)[C@@H](O)[C@H](O)[C@@H](O)CO
10313378,24178773,CO[C@@H]1OC(=O)C2=CC[C@H]3[C@]4(C)CC[C@H]5C(C)(C)CCC[C@]5(C)[C@H]4C[C@@H](OC(C)=O)[C@]3(C)[C@H]21
5215,10825777,NC(Cc1cc(O)c2c(c1)SCC(O)=N2)C(=O)O
5215,31284,CCCCCCCCCCCCCC(=O)OC
16091519,16091524,O=C(Cc1ccc(O)c(O)c1)O[C@H]1[C@H](OCCc2cc(O)c(O)cc2O)O[C@H](CO)[C@@H](O)[C@@H]1O
16091519,49859627,COc1cccc2[nH]cc(C/C(=N/OS(=O)(=O)[O-])S[C@@H]3O[C@H](CO)[C@@H](O)[C@H](O)[C@H]3O)c12
16091519,71464690,C[C@H](N)C(O)=N[C@@H](CS)C(O)=NCC(=O)O
9998041,5780,OC[C@@H](O)[C@@H](O)[C@H](O)[C@@H](O)CO
9998041,243,O=C(O)c1ccccc1
9998041,10198228,O=C([C@@H]1CCCN1)N1CCC[C@H]1B(O)O
135514797,11127621,Cc1ccnc(-c2cc(C(=O)O)ccn2)c1
135514797,30951,C=CCOc1ccc(CC(=O)O)cc1Cl
135514797,5353454,CC(/C=C/c1cccc(Oc2ccc(F)cc2)c1)N(O)C(=N)O
102571769,5780,OC[C@@H](O)[C@@H](O)[C@H](O)[C@@H](O)CO
102571769,5354212,COC(=O)/C=C1/CC[C@H]2[C@@H]3CCC4=CC(=O)CC[C@]4(C)[C@H]3C(=O)C[C@]12C
102571769,376,CC(=O)CC(O)CC(=O)O
74563,5780,OC[C@@H](O)[C@@H](O)[C@H](O)[C@@H](O)CO
74563,243,O=C(O)c1ccccc1
74563,51351667,CCSSCCCCCCCCCCCCCCC(=O)OC[C@H]1O[C@@H](OC)[C@H](O)[C@@H](O)[C@H]1O
15047965,5780,OC[C@@H](O)[C@@H](O)[C@H](O)[C@@H](O)CO
15047965,5354212,COC(=O)/C=C1/CC[C@H]2[C@@H]3CCC4=CC(=O)CC[C@]4(C)[C@H]3C(=O)C[C@]12C
15047965,7058055,Nc1ncnc2c1ncn2[C@@H]1O[C@H](COP(=O)([O-])OP(=O)([O-])[O-])[C@@H](O)[C@H]1O
122391323,5780,OC[C@@H](O)[C@@H](O)[C@H](O)[C@@H](O)CO
122391323,5354212,COC(=O)/C=C1/CC[C@H]2[C@@H]3CCC4=CC(=O)CC[C@]4(C)[C@H]3C(=O)C[C@]12C
122391323,54675756,O=C(O)/C=C\C=C(\O)C(=O)O
21597700,5780,OC[C@@H](O)[C@@H](O)[C@H](O)[C@@H](O)CO
21597700,23674745,CC(C(=O)[O-])c1ccc(CC2CCCC2=O)cc1.O.O.[Na+]
21597700,147394,COc1ccc([C@@H]2CC(=O)c3c(O)cc(O[C@@H]4O[C@H](CO)[C@@H](O)[C@H](O)[C@H]4O)cc3O2)cc1O
36573,279,N=C(O)NC(CC(=O)O)C(=O)O
36573,70680348,CC(C)CCCCCCCCC/C=C/C(=O)SCCN=C([O-])CCN=C([O-])[C@H](O)C(C)(C)COP(=O)(O)OP(=O)(O)OC[C@H]1O[C@@H](n2cnc3c(N)ncnc32)[C@H](O)[C@@H]1OP(=O)([O-])[O-]
132472336,5780,OC[C@@H](O)[C@@H](O)[C@H](O)[C@@H](O)CO
132472336,5354212,COC(=O)/C=C1/CC[C@H]2[C@@H]3CCC4=CC(=O)CC[C@]4(C)[C@H]3C(=O)C[C@]12C
132472336,24900162,COc1ccc2c(C[C@@H]3N=C(O)[C@@H]4CCCN4C3=O)c(C(=O)C=C(C)C)[nH]c2c1
151927,5780,OC[C@@H](O)[C@@H](O)[C@H](O)[C@@H](O)CO
151927,5780,OC[C@@H](O)[C@@H](O)[C@H](O)[C@@H](O)CO
151927,135398513,N=c1nc(O)c2ncn(COCCO)c2[nH]1
4643312,5780,OC[C@@H](O)[C@@H](O)[C@H](O)[C@@H](O)CO
4643312,13376,CCCCN=CO
4643312,5362376,CCOc1ccccc1OCCN[C@H](C)Cc1ccc(OC)c(S(N)(=O)=O)c1.Cl
25240371,5780,OC[C@@H](O)[C@@H](O)[C@H](O)[C@@H](O)CO
25240371,70678725,COC1=C(Br)[C@H](O)[C@@]2(C=C1Br)CC(C(=O)NCCCCNC(=O)C1=NO[C@@]3(C=C(Br)C(=O)[C@H](Br)[C@H]3O)C1)=NO2
25240371,16736470,CO[C@@H]1C[C@@H](C)O[C@H]2O[C@@H]3C=C4CC[C@@H]5[C@H](CC[C@]6(C)[C@@H](C7=CC(=O)OC7)[C@@H](OC(C)=O)C[C@]56O)[C@@]4(C)C[C@H]3O[C@]21O
440961,15375588,Cc1cn([C@H]2C[C@H](O)[C@@H](COP(=O)(O)OP(=O)(O)O[C@H]3O[C@@H](C)[C@@H](O)[C@@H](O)[C@H]3O)O2)c(=O)nc1O
440961,14345637,CCCCC/C=C\C/C=C\C/C=C\C/C=C\CCCC(=O)OC(CO)COC(=O)CCCCCCCCCCCCCCCCC
440961,67495,c1ccc2c(c1)Cc1ccccc1S2
452110,5780,OC[C@@H](O)[C@@H](O)[C@H](O)[C@@H](O)CO
452110,53239731,CC(O)=N[C@@H]1[C@@H](O[C@@H]2O[C@@H](C)[C@@H](O)[C@@H](O)[C@@H]2O)[C@H](O[C@@H]2O[C@H](CO)[C@@H](O)[C@H](O)[C@H]2N=C(C)O)[C@@H](CO[C@@H]2O[C@@H](C)[C@@H](O)[C@@H](O)[C@@H]2O)O[C@H]1O
452110,91848494,CC(O)=N[C@H]1[C@@H](O[C@H]2[C@H](O)[C@@H](CO)OC(O)[C@@H]2N=C(C)O)O[C@H](CO)[C@@H](O)[C@@H]1O
58177710,5780,OC[C@@H](O)[C@@H](O)[C@H](O)[C@@H](O)CO
58177710,49859627,COc1cccc2[nH]cc(C/C(=N/OS(=O)(=O)[O-])S[C@@H]3O[C@H](CO)[C@@H](O)[C@H](O)[C@H]3O)c12
58177710,5276374,CCCC[C@@H](C)C1=C(O)C(=O)[C@@H]2C[C@H](C)C[C@H](C(=O)O)[C@H]2[C@]1(C)C(=O)CCO
195103,14345637,CCCCC/C=C\C/C=C\C/C=C\C/C=C\CCCC(=O)OC(CO)COC(=O)CCCCCCCCCCCCCCCCC
195103,1826,O=C(O)Cc1c[nH]c2ccc(O)cc12
86291590,49859627,COc1cccc2[nH]cc(C/C(=N/OS(=O)(=O)[O-])S[C@@H]3O[C@H](CO)[C@@H](O)[C@H](O)[C@H]3O)c12
86291590,135886618,Cl.Oc1ccccc1/C=C/c1ccc2ccccc2n1
5311051,9782,C[C@H]1C[C@H]2[C@@H]3CCC4=CC(=O)C=C[C@]4(C)[C@@]3(F)[C@@H](O)C[C@]2(C)[C@@]1(O)C(=O)CO
5311051,52929771,CCCCCCCCCCCCCCCC/C=C\OC[C@@H](O)COP(=O)(O)O
5311051,15842091,CCOCN(C(=O)C(=O)O)c1c(C)cccc1CC
53359463,440649,Cc1ncc(C[n+]2c(C(O)CCC(=O)O)sc(CCOP(=O)(O)OP(=O)(O)O)c2C)c(=N)[nH]1
53359463,60822,CC(C)c1c(C(O)=Nc2ccccc2)c(-c2ccccc2)c(-c2ccc(F)cc2)n1CC[C@@H](O)C[C@@H](O)CC(=O)O.CC(C)c1c(C([O-])=Nc2ccccc2)c(-c2ccccc2)c(-c2ccc(F)cc2)n1CC[C@@H](O)C[C@@H](O)CC(=O)[O-].[Ca+2]
2266,5780,OC[C@@H](O)[C@@H](O)[C@H](O)[C@@H](O)CO
2266,5780,OC[C@@H](O)[C@@H](O)[C@H](O)[C@@H](O)CO
2266,5464344,C[C@H](N[C@@H](CCc1ccccc1)C(=O)O)C(=O)N1C(=O)N(C)C[C@H]1C(=O)O
53481753,5780,OC[C@@H](O)[C@@H](O)[C@H](O)[C@@H](O)CO
53481753,70678725,COC1=C(Br)[C@H](O)[C@@]2(C=C1Br)CC(C(=O)NCCCCNC(=O)C1=NO[C@@]3(C=C(Br)C(=O)[C@H](Br)[C@H]3O)C1)=NO2
53481753,71464513,N=C(O)NOC[C@H](N)C(=O)O
24820759,53239731,CC(O)=N[C@@H]1[C@@H](O[C@@H]2O[C@@H](C)[C@@H](O)[C@@H](O)[C@@H]2O)[C@H](O[C@@H]2O[C@H](CO)[C@@H](O)[C@H](O)[C@H]2N=C(C)O)[C@@H](CO[C@@H]2O[C@@H](C)[C@@H](O)[C@@H](O)[C@@H]2O)O[C@H]1O
24820759,54686804,CCCCCc1cc(O)cc(=O)o1
65070,49852308,O=c1nc([O-])ccn1[C@H]1C[C@H](O)[C@@H](COP(=O)(O)OP(=O)(O)OP(=O)([O-])[O-])O1
65070,49859627,COc1cccc2[nH]cc(C/C(=N/OS(=O)(=O)[O-])S[C@@H]3O[C@H](CO)[C@@H](O)[C@H](O)[C@H]3O)c12
65070,5460822,N[C@@H](Cc1ccc([O-])cc1)C(=O)O
9547164,5780,OC[C@@H](O)[C@@H](O)[C@H](O)[C@@H](O)CO
9547164,71298190,CC(O)=N[C@H]1C(O)O[C@H](CO)[C@H](O)[C@@H]1O[C@@H]1O[C@H](CO)[C@H](O[C@H]2O[C@H](CO)[C@H](O)[C@H](O)[C@H]2O)[C@H](O)[C@H]1O[C@@H]1O[C@@H](C)[C@@H](O)[C@@H](O)[C@@H]1O
9547164,18625119,CCCCCCC/C=C/C(=O)[O-]
91474,52929771,CCCCCCCCCCCCCCCC/C=C\OC[C@@H](O)COP(=O)(O)O
91474,24798695,CC(C)(COP(=O)(O)OP(=O)(O)OC[C@H]1O[C@@H](n2cnc3c(N)ncnc32)[C@H](O)[C@@H]1OP(=O)(O)O)[C@@H](O)C(O)=NCCC(O)=NCCSC(=O)C(O)CCCC(=O)O
18954,5780,OC[C@@H](O)[C@@H](O)[C@H](O)[C@@H](O)CO
18954,121596220,CC(C(=O)[O-])C(=O)OC(CC(=O)[O-])C[N+](C)(C)C
18954,51351803,CC(O)=N[C@H]1[C@H](O[C@@H]2[C@@H](O)[C@H](O)O[C@H](CO)[C@@H]2O)O[C@H](CO[C@@H]2O[C@H](CO)[C@@H](O[C@@H]3O[C@H](CO)[C@H](O)[C@H](O)[C@H]3O)[C@H](O)[C@H]2O)[C@@H](O)[C@@H]1O
71339995,5780,OC[C@@H](O)[C@@H](O)[C@H](O)[C@@H](O)CO
71339995,49859627,COc1cccc2[nH]cc(C/C(=N/OS(=O)(=O)[O-])S[C@@H]3O[C@H](CO)[C@@H](O)[C@H](O)[C@H]3O)c12
71339995,102304306,CC(=O)Cc1cc2cc(O)cc(O)c2c(=O)o1
78093979,86289694,C[C@H](CCCCCCCCC/C=C/C(=O)O)O[C@@H]1O[C@@H](C)[C@H](O)C[C@H]1O
78093979,5354212,COC(=O)/C=C1/CC[C@H]2[C@@H]3CCC4=CC(=O)CC[C@]4(C)[C@H]3C(=O)C[C@]12C
78093979,445675,CC(O)=N[C@H]1[C@@H](OP(=O)(O)OP(=O)(O)OC[C@H]2O[C@@H](n3ccc(O)nc3=O)[C@H](O)[C@@H]2O)O[C@H](CO)[C@@H](O)[C@@H]1O
11435803,5780,OC[C@@H](O)[C@@H](O)[C@H](O)[C@@H](O)CO
11435803,56955923,O=[As]([O-])(O)c1ccccc1
11435803,62999,Cl.O=C(O)c1cn(C2CC2)c2cc(N3CCNCC3)c(F)cc2c1=O
122164864,5780,OC[C@@H](O)[C@@H](O)[C@H](O)[C@@H](O)CO
122164864,5780,OC[C@@H](O)[C@@H](O)[C@H](O)[C@@H](O)CO
122164864,53326128,CC(C)c1cc2c(cc1O)[C@]13CCC[C@](C)(CO[C@H]1O)[C@@H]3CC2
91856437,53239716,CC(O)=N[C@H]1[C@H](O[C@@H]2[C@@H](O)[C@@H](O)[C@@H](CO)O[C@H]2O)O[C@H](CO)[C@H](O)[C@@H]1O
91856437,5354212,COC(=O)/C=C1/CC[C@H]2[C@@H]3CCC4=CC(=O)CC[C@]4(C)[C@H]3C(=O)C[C@]12C
91856437,54728953,COc1c(O)c(C)c(C/C=C(\C)CCCCCCc2ccccc2)oc1=O
32014,52929771,CCCCCCCCCCCCCCCC/C=C\OC[C@@H](O)COP(=O)(O)O
32014,23615388,O=C([O-])[C@@H](O)Cc1cnc[nH]1
21114947,5780,OC[C@@H](O)[C@@H](O)[C@H](O)[C@@H](O)CO
21114947,10825777,NC(Cc1cc(O)c2c(c1)SCC(O)=N2)C(=O)O
21114947,91972203,CC(O)=N[C@@H]1[C@@H](O)[C@H](O[C@@H]2O[C@H](CO)[C@@H](O[C@@H]3O[C@H](CO[C@H]4O[C@H](CO)[C@@H](O)[C@H](O)[C@@H]4O[C@@H]4O[C@H](CO)[C@@H](O)[C@H](O[C@@H]5O[C@H](CO)[C@H](O)[C@H](O)[C@H]5O)[C@H]4N=C(C)O)[C@@H](O[C@@H]4O[C@H](CO)[C@@H](O)[C@H](O)[C@H]4N=C(C)O)[C@H](O[C@H]4O[C@H](CO)[C@@H](O)[C@H](O)[C@@H]4O[C@@H]4O[C@H](CO)[C@@H](O)[C@H](O[C@@H]5O[C@H](CO)[C@H](O)[C@H](O)[C@H]5O)[C@H]4N=C(C)O)[C@@H]3O)[C@H](O)[C@H]2N=C(C)O)[C@@H](CO)O[C@H]1O
9338,56955923,O=[As]([O-])(O)c1ccccc1
9338,443144,CC(=O)C[C@@H]1CCCN1C
9338,1730593,COc1ccc(/C=C2/SC(=O)N(CN(C)C)C2=O)cc1
7310978,5780,OC[C@@H](O)[C@@H](O)[C@H](O)[C@@H](O)CO
7310978,69212,CC1=CC(=O)C(=O)C=C1O
7310978,3202,CC[N+](C)(C)c1cccc(O)c1
10198228,9818200,CC(C)[C@H](N)C(=O)N1CCC[C@H]1C(=O)N1CCC[C@H]1C(=O)O
10198228,56955923,O=[As]([O-])(O)c1ccccc1
10198228,900,CC(O)=NC1C(OP(=O)(O)O)OC(CO)C(O)C1O
70697892,46931152,CCCCCCCC/C=C\CCCCCCCC(=O)OC[C@H](COP(=O)(O)OCC(O)COP(=O)(O)OC[C@@H](COC(=O)CCCCCCC/C=C\CCCCCCCC)OC(=O)CCCCCCC/C=C\CCCCCCCC)OC(=O)CCCCCCC/C=C\CCCCCCCC
70697892,5706736,CCCCCCCCCCCCCCCCCCN1C(=CC=CC2=[N+](CCCCCCCCCCCCCCCCCC)c3ccccc3C2(C)C)C(C)(C)c2ccccc21
86290020,86289694,C[C@H](CCCCCCCCC/C=C/C(=O)O)O[C@@H]1O[C@@H](C)[C@H](O)C[C@H]1O
86290020,53239731,CC(O)=N[C@@H]1[C@@H](O[C@@H]2O[C@@H](C)[C@@H](O)[C@@H](O)[C@@H]2O)[C@H](O[C@@H]2O[C@H](CO)[C@@H](O)[C@H](O)[C@H]2N=C(C)O)[C@@H](CO[C@@H]2O[C@@H](C)[C@@H](O)[C@@H](O)[C@@H]2O)O[C@H]1O
86290020,9860695,Cc1cc2oc3cc(O)c(O)c(C(=O)O)c3c(=O)c2cn1
56951724,53239760,C[C@H](N=C(O)[C@H](CCC(=N)O)N=C(O)CN)C(O)=NCC(O)=N[C@@H](Cc1cscn1)C(O)=N[C@@H](CC[C@H](CN)O[C@@H]1O[C@H](CO)[C@H](O)[C@H](O)[C@H]1O)C(O)=NCC(O)=N[C@@H](CCC(=O)O)C(O)=N[C@@H](CCC(=N)O)C(O)=NCC(=O)N1CCC[C@H]1C(O)=N[C@@H](CCCCN)C(O)=NCC(O)=N[C@@H](CCC(=O)O)C(O)=N[C@H](C(=O)O)[C@@H](C)O
56951724,91855080,OC[C@H]1OC(O)[C@H](O)[C@@H](O[C@@H]2OC[C@@H](O)[C@H](O)[C@H]2O)[C@@H]1O
9909190,52929771,CCCCCCCCCCCCCCCC/C=C\OC[C@@H](O)COP(=O)(O)O
9909190,95433,CCC(C)(O)C(=O)O
10343437,24178773,CO[C@@H]1OC(=O)C2=CC[C@H]3[C@]4(C)CC[C@H]5C(C)(C)CCC[C@]5(C)[C@H]4C[C@@H](OC(C)=O)[C@]3(C)[C@H]21
10343437,49859627,COc1cccc2[nH]cc(C/C(=N/OS(=O)(=O)[O-])S[C@@H]3O[C@H](CO)[C@@H](O)[C@H](O)[C@H]3O)c12
10343437,5288725,CN[C@@H](C)C(=O)O
91972197,91972198,CCCCCCCCCCCCCC(=O)O[C@H](CCCCCCCCCCC)CC(=O)O[C@@H]1[C@@H](N=C(O)C[C@@H](CCCCCCCCCCC)OC(=O)CCCCCCCCCCC)[C@H](OC[C@H]2O[C@H](OP(=O)(O)OP(=O)(O)O)[C@H](N=C(O)C[C@H](O)CCCCCCCCCCC)[C@@H](OC(=O)C[C@H](O)CCCCCCCCCCC)[C@@H]2O)O[C@H](CO[C@]2(C(=O)O)C[C@@H](O[C@]3(C(=O)O)C[C@@H](O)[C@@H](O)[C@@H]([C@H](O)CO)O3)[C@@H](O[C@H]3O[C@H]([C@@H](O)CO)[C@@H](OP(=O)(O)O)[C@H](O[C@H]4O[C@H]([C@@H](O)CO[C@H]5O[C@H]([C@@H](O)CO)[C@@H](O)[C@H](O)[C@@H]5O)[C@@H](OP(=O)(O)O)[C@H](O[C@H]5O[C@H](CO[C@H]6O[C@H](CO)[C@H](O)[C@H](O)[C@H]6O)[C@@H](O)[C@H](O[C@H]6O[C@H](CO)[C@@H](O)[C@H](O)[C@H]6O[C@H]6O[C@H](CO[C@H]7O[C@H]([C@@H](O)CO)[C@@H](O)[C@H](O)[C@@H]7O)[C@@H](O)[C@H](O)[C@H]6O)[C@H]5O)[C@@H]4O)[C@@H]3O)[C@@H]([C@H](O)CO)O2)[C@H]1OP(=O)(O)O
91972197,92136209,CC(O)=N[C@H]1[C@H](O[C@H]2[C@H](O)[C@@H](N=C(C)O)C(O)O[C@@H]2CO)O[C@H](CO)[C@@H](O[C@@H]2O[C@H](CO[C@H]3O[C@H](CO)[C@@H](O)[C@H](O)[C@@H]3O[C@@H]3O[C@H](CO)[C@@H](O[C@@H]4O[C@H](CO)[C@H](O)[C@H](O[C@@H]5O[C@H](CO)[C@@H](O[C@@H]6O[C@H](CO)[C@H](O)[C@H](O[C@@H]7O[C@H](CO)[C@@H](O[C@@H]8O[C@H](CO)[C@H](O)[C@H](O[C@]9(C(=O)O)C[C@H](O)[C@@H](N=C(C)O)[C@H]([C@H](O)[C@H](O)CO)O9)[C@H]8O)[C@H](O)[C@H]7N=C(C)O)[C@H]6O)[C@H](O)[C@H]5N=C(C)O)[C@H]4O)[C@H](O)[C@H]3N=C(C)O)[C@@H](O)[C@H](O[C@H]3O[C@H](CO)[C@@H](O)[C@H](O)[C@@H]3O[C@@H]3O[C@H](CO)[C@@H](O[C@@H]4O[C@H](CO)[C@H](O)[C@H](O[C@@H]5O[C@H](CO)[C@@H](O[C@@H]6O[C@H](CO)[C@H](O)[C@H](O[C@@H]7O[C@H](CO)[C@@H](O[C@@H]8O[C@H](CO)[C@H](O)[C@H](O[C@]9(C(=O)O)C[C@H](O)[C@@H](N=C(C)O)[C@H]([C@H](O)[C@H](O)CO)O9)[C@H]8O)[C@H](O)[C@H]7N=C(C)O)[C@H]6O)[C@H](O)[C@H]5N=C(C)O)[C@H]4O)[C@H](O)[C@H]3N=C(C)O)[C@@H]2O)[C@@H]1O
91972197,118797927,CC(C)=CCC/C(C)=C/CC/C(C)=C/Cc1c([O-])c(C)[n+]([O-])c2ccccc12
70679030,22806751,CC(O)=N[C@H]1C(O)O[C@H](CO)[C@@H](O[C@@H]2O[C@@H](C)[C@@H](O)[C@@H](O)[C@@H]2O)[C@@H]1O[C@@H]1O[C@H](CO)[C@H](O)[C@H](O)[C@H]1O
70679030,440649,Cc1ncc(C[n+]2c(C(O)CCC(=O)O)sc(CCOP(=O)(O)OP(=O)(O)O)c2C)c(=N)[nH]1
70679030,10919182,C=C(C)[C@H]1C=C[C@@H](OC(C)=O)[C@]23CO[C@](O)([C@@](C)(O)[C@H]12)[C@@]1(OC(C)=O)C[C@H](C)[C@H](OC(C)=O)[C@@H]1[C@H]3OC(=O)c1cccnc1
5462148,5780,OC[C@@H](O)[C@@H](O)[C@H](O)[C@@H](O)CO
5462148,121596220,CC(C(=O)[O-])C(=O)OC(CC(=O)[O-])C[N+](C)(C)C
5462148,24778770,CCCCCC/C=C\CCCCCCCC(=O)OC[C@H](COP(=O)([O-])OCC[N+](C)(C)C)OC(C)=O
10648,121596220,CC(C(=O)[O-])C(=O)OC(CC(=O)[O-])C[N+](C)(C)C
10648,136249538,CC([O-])=N[C@H]1[C@H](O)[C@H](O)[C@@H](OP(=O)(O)OP(=O)(O)OC[C@H]2O[C@@H](n3cnc4c([O-])nc(=N)[nH]c43)[C@H](O)[C@@H]2O)O[C@@H]1C
101597,46878511,Cl.O[C@](CCN1CCCCC1)(c1ccccc1)C1CCCC1
101597,23674745,CC(C(=O)[O-])c1ccc(CC2CCCC2=O)cc1.O.O.[Na+]
101597,9860695,Cc1cc2oc3cc(O)c(O)c(C(=O)O)c3c(=O)c2cn1
129626727,14212362,Nc1nc(O)nc2c1ncn2[C@@H]1O[C@H](COP(=O)(O)O)[C@@H](O)[C@H]1O
129626727,6433272,C[C@@H]1[C@H](O)[C@@H](C)/C=C/C=C/CC/C=C/C=C/C=C/C=C/C(O[C@H]2O[C@H](C)[C@@H](O)[C@H](N)[C@@H]2O)CC2O[C@](O)(CC(O)C(O)CCC(O)CC(O)CC(O)CC(=O)O[C@H]1C)CC(O)C2C(=O)O
129626727,12314983,Oc1ccc2c(c1)O[C@H](c1cc(O)c(O)c(O)c1)[C@@H](O)C2
3168,5354212,COC(=O)/C=C1/CC[C@H]2[C@@H]3CCC4=CC(=O)CC[C@]4(C)[C@H]3C(=O)C[C@]12C
3168,440233,C[C@H](CN)OP(=O)(O)O
24865464,21126521,CC(O)=N[C@H]1C(O)O[C@H](CO[C@@H]2O[C@H](CO)[C@H](O)[C@H](O)[C@H]2O)[C@H](O)[C@@H]1O
24865464,70678725,COC1=C(Br)[C@H](O)[C@@]2(C=C1Br)CC(C(=O)NCCCCNC(=O)C1=NO[C@@]3(C=C(Br)C(=O)[C@H](Br)[C@H]3O)C1)=NO2
24865464,12398,CCCCCCCCCCCCCCCCC
160883,5354212,COC(=O)/C=C1/CC[C@H]2[C@@H]3CCC4=CC(=O)CC[C@]4(C)[C@H]3C(=O)C[C@]12C
160883,11560992,CC[C@H](C[C@@H](O)[C@@H](C)[C@H]1CC[C@H]2[C@@H]3CCC4=CC(=O)CC[C@]4(C)[C@H]3CC[C@]12C)C(C)C
73981,5780,OC[C@@H](O)[C@@H](O)[C@H](O)[C@@H](O)CO
73981,1119,O=S=O
73981,16722151,CO[C@@H]1[C@H](N=C(O)CCOCCOCCOCCOCN)C[C@H]2O[C@]1(C)n1c3ccccc3c3c4c(c5c6ccccc6n2c5c31)C(O)=NC4
90659193,5780,OC[C@@H](O)[C@@H](O)[C@H](O)[C@@H](O)CO
90659193,30951,C=CCOc1ccc(CC(=O)O)cc1Cl
90659193,16680369,CC1=C(C)C(=O)O[C@@H]([C@@H](C)[C@@]23O[C@@H]2C[C@H]2[C@@H]4C[C@H]5O[C@]56[C@@H](O)C=CC(=O)[C@]6(C)[C@H]4CC[C@@]23C)C1
46173730,86289694,C[C@H](CCCCCCCCC/C=C/C(=O)O)O[C@@H]1O[C@@H](C)[C@H](O)C[C@H]1O
46173730,132282124,C[C@@H]1O[C@@H](OCCCCCC(=O)SCCN=C(O)CCN=C(O)[C@H](O)C(C)(C)COP(=O)(O)OP(=O)(O)OC[C@H]2O[C@@H](n3cnc4c(N)ncnc43)[C@H](O)[C@@H]2OP(=O)(O)O)[C@H](O)C[C@H]1O
46173730,2088,NCCCC(O)(P(=O)(O)O)P(=O)(O)O
51402819,25201364,O=c1c(O[C@@H]2O[C@H](CO)[C@H](O)[C@H](O)[C@H]2O)c(-c2ccc([O-])cc2)oc2cc(O)cc(O)c12
51402819,49859627,COc1cccc2[nH]cc(C/C(=N/OS(=O)(=O)[O-])S[C@@H]3O[C@H](CO)[C@@H](O)[C@H](O)[C@H]3O)c12
51402819,12416228,O=Cc1ccc(CO)[nH]1
76965883,86289284,Cc1ccc(S(=O)(=O)O)cc1.N[C@@H]1CCN(c2nc3c(cc2F)c(=O)c(C(=O)O)cn3-c2ccc(F)cc2F)C1.O
76965883,440649,Cc1ncc(C[n+]2c(C(O)CCC(=O)O)sc(CCOP(=O)(O)OP(=O)(O)O)c2C)c(=N)[nH]1
76965883,40490688,CCCCC[C@@H](O)[C@H](O)C/C=C\C/C=C\C/C=C\CCCC(=O)[O-]
21594148,13918522,CC1(C)CC[C@]2(C)CC[C@]3(C)C(=C[C@@H](O)[C@@H]4[C@@]5(C)CC[C@H](O)C(C)(C)[C@@H]5CC[C@]43C)[C@@H]2C1
21594148,49859627,COc1cccc2[nH]cc(C/C(=N/OS(=O)(=O)[O-])S[C@@H]3O[C@H](CO)[C@@H](O)[C@H](O)[C@H]3O)c12
21594148,126451,COc1cc2c(c3oc4c(O)cccc4c(=O)c13)C[C@H]([C@@]1(C)CO1)O2
5281645,52929771,CCCCCCCCCCCCCCCC/C=C\OC[C@@H](O)COP(=O)(O)O
5281645,86289881,C[C@H](CCCCCCCCCCCC(=O)O[C@@H]1O[C@H](CO)[C@@H](O)[C@H](O)[C@H]1O)O[C@@H]1O[C@@H](C)[C@H](O)C[C@H]1O
16617,5780,OC[C@@H](O)[C@@H](O)[C@H](O)[C@@H](O)CO
16617,5780,OC[C@@H](O)[C@@H](O)[C@H](O)[C@@H](O)CO
16617,17754024,N[C@@H]1C(C(=O)O)=CC=C[C@@H]1O
49852308,65070,O=c1nc(O)ccn1[C@H]1C[C@H](O)[C@@H](COP(=O)(O)OP(=O)(O)OP(=O)(O)O)O1
49852308,49859627,COc1cccc2[nH]cc(C/C(=N/OS(=O)(=O)[O-])S[C@@H]3O[C@H](CO)[C@@H](O)[C@H](O)[C@H]3O)c12
49852308,5460350,O=C(O)Cc1ccc([O-])c(O)c1
91666421,5780,OC[C@@H](O)[C@@H](O)[C@H](O)[C@@H](O)CO
91666421,132282124,C[C@@H]1O[C@@H](OCCCCCC(=O)SCCN=C(O)CCN=C(O)[C@H](O)C(C)(C)COP(=O)(O)OP(=O)(O)OC[C@H]2O[C@@H](n3cnc4c(N)ncnc43)[C@H](O)[C@@H]2OP(=O)(O)O)[C@H](O)C[C@H]1O
91666421,92139,CC(C)=CCCC(C)c1ccc(C)cc1
1730593,23674745,CC(C(=O)[O-])c1ccc(CC2CCCC2=O)cc1.O.O.[Na+]
1730593,23656876,Cc1cc(N=c2cc[nH]cc2S(=O)(=O)NC(O)=NC(C)C)ccc1O
91856787,49859627,COc1cccc2[nH]cc(C/C(=N/OS(=O)(=O)[O-])S[C@@H]3O[C@H](CO)[C@@H](O)[C@H](O)[C@H]3O)c12
91856787,123131571,CSCCCCCCCC[C@@H](C(=O)O)N(O)O
62999,5354212,COC(=O)/C=C1/CC[C@H]2[C@@H]3CCC4=CC(=O)CC[C@]4(C)[C@H]3C(=O)C[C@]12C
62999,102571770,CCCCC/C=C\C/C=C\C/C=C\C=C\C(CCCC(=O)[O-])OO
93486,5354212,COC(=O)/C=C1/CC[C@H]2[C@@H]3CCC4=CC(=O)CC[C@]4(C)[C@H]3C(=O)C[C@]12C
93486,124202403,CCCCC/C=C\C/C=C\CC1OC1C/C=C\CCCC(=O)SCCN=C(O)CCN=C(O)[C@H](O)C(C)(C)COP(=O)(O)OP(=O)(O)OC[C@H]1O[C@@H](n2cnc3c(N)ncnc32)[C@H](O)[C@@H]1OP(=O)(O)O
53262337,11029802,C[C@H]1C[C@@]1(N)C(=O)O
53262337,134160296,CSC[C@H]1O[C@H](O[C@H]2[C@H](O)[C@H](O)[C@@H](OC[C@H]3O[C@@H](O[C@@H]4[C@@H](OC[C@H]5O[C@H](OC[C@H]6OC(O)[C@@H](O)[C@@H]6O)[C@@H](O)[C@@H]5O[C@H]5O[C@H](CO)[C@@H](O)[C@@H]5O[C@@H]5O[C@H](CO)[C@@H](O)[C@@H]5O)O[C@H](CO)[C@H]4O)[C@@H](O)[C@@H]3O)O[C@@H]2CO)[C@H](O)[C@H]1O
53262337,439276,O=P(O)(O)OC[C@@H](O)CO
70697754,49859627,COc1cccc2[nH]cc(C/C(=N/OS(=O)(=O)[O-])S[C@@H]3O[C@H](CO)[C@@H](O)[C@H](O)[C@H]3O)c12
70697754,25203688,CC(C)(COP(=O)(O)OP(=O)(O)OC[C@H]1O[C@@H](n2cnc3c(N)ncnc32)[C@H](O)[C@@H]1OP(=O)([O-])[O-])[C@@H](O)C([O-])=NCCC([O-])=NCCSC(=O)C1=C(N)CCC(=O)C1
11953795,5780,OC[C@@H](O)[C@@H](O)[C@H](O)[C@@H](O)CO
11953795,23674745,CC(C(=O)[O-])c1ccc(CC2CCCC2=O)cc1.O.O.[Na+]
11953795,92136184,CCCCCCCCCCCCCCCCCCCCCCCC[C@@H](C(=O)OC[C@H]1O[C@@H](O)[C@H](O)[C@@H](O)[C@@H]1O)[C@H](O)CCCCCCCCCCCCCCC1CC1CCCCCCCCCCCCCCCCCCCC(OC)C(C)CCCCCCCCCCCCCCCCCC
146672896,86289694,C[C@H](CCCCCCCCC/C=C/C(=O)O)O[C@@H]1O[C@@H](C)[C@H](O)C[C@H]1O
146672896,49859627,COc1cccc2[nH]cc(C/C(=N/OS(=O)(=O)[O-])S[C@@H]3O[C@H](CO)[C@@H](O)[C@H](O)[C@H]3O)c12
146672896,11751458,COC1=CC(=O)C=C(C[C@H]2[C@]3(C)CC[C@@H]4[C@]5(CCC[C@]4(C)C(=O)OC5)[C@H]3CC[C@]2(C)O)C1=O
56926207,14345637,CCCCC/C=C\C/C=C\C/C=C\C/C=C\CCCC(=O)OC(CO)COC(=O)CCCCCCCCCCCCCCCCC
56926207,91859262,CC(O)=N[C@H]1C(O)O[C@H](CO)[C@@H](O[C@@H]2O[C@H](CO)[C@H](O)[C@H](O[C@@H]3O[C@@H](C)[C@@H](O)[C@@H](O)[C@@H]3O)[C@H]2O)[C@@H]1O[C@@H]1O[C@@H](C)[C@@H](O)[C@@H](O)[C@@H]1O
65977,5780,OC[C@@H](O)[C@@H](O)[C@H](O)[C@@H](O)CO
65977,56955923,O=[As]([O-])(O)c1ccccc1
65977,74982266,O=C([O-])CCS(=O)[O-]
552086,12586,C1COCO1
552086,5354212,COC(=O)/C=C1/CC[C@H]2[C@@H]3CCC4=CC(=O)CC[C@]4(C)[C@H]3C(=O)C[C@]12C
552086,71296218,CCCCCCCCCCCCC/C=C/[C@@H](O)[C@H](COP(=O)([O-])O)N=C([O-])CCCCCCCCCCCCCCCCCCC
132472338,5780,OC[C@@H](O)[C@@H](O)[C@H](O)[C@@H](O)CO
132472338,5354212,COC(=O)/C=C1/CC[C@H]2[C@@H]3CCC4=CC(=O)CC[C@]4(C)[C@H]3C(=O)C[C@]12C
132472338,11570897,O=c1cc(-c2ccc(O)c(O)c2)oc2cc(O[C@@H]3O[C@H](CO)[C@@H](O)[C@H](O[C@@H]4O[C@H](CO)[C@@H](O)[C@H](O)[C@H]4O)[C@H]3O)c(O)c(O)c12
53262360,86289694,C[C@H](CCCCCCCCC/C=C/C(=O)O)O[C@@H]1O[C@@H](C)[C@H](O)C[C@H]1O
53262360,5354212,COC(=O)/C=C1/CC[C@H]2[C@@H]3CCC4=CC(=O)CC[C@]4(C)[C@H]3C(=O)C[C@]12C
53262360,166589,CCCN[C@H]1CCc2[nH]c(=N)sc2C1.Cl.Cl.O
54684684,3538644,O=C([O-])c1ccc2ccccc2n1
54684684,56955923,O=[As]([O-])(O)c1ccccc1
54684684,21594148,CC1(C)CC[C@]2(C(=O)O)CC[C@]3(C)C(=CC[C@@H]4[C@@]5(C)CC[C@H](O)[C@](C)(CO)[C@@H]5CC[C@]43C)[C@@H]2[C@@H]1O
5281603,5280695,COc1c(O)cc(O)c2c(=O)c(O)c(-c3ccc(O)c(O)c3)oc12
5281603,5354212,COC(=O)/C=C1/CC[C@H]2[C@@H]3CCC4=CC(=O)CC[C@]4(C)[C@H]3C(=O)C[C@]12C
5281603,18596452,Cn1c(=N)[nH]c2c(ncn2[C@@H]2O[C@H](COP(=O)(O)O)[C@@H](O)[C@H]2O)c1=O
135515530,52929771,CCCCCCCCCCCCCCCC/C=C\OC[C@@H](O)COP(=O)(O)O
135515530,6426909,CC[C@H]1C[C@H]2CN3CCc4c([nH]c5ccccc45)[C@](C(=O)OC)(C2)[C@H]13
22298950,5780,OC[C@@H](O)[C@@H](O)[C@H](O)[C@@H](O)CO
22298950,121596220,CC(C(=O)[O-])C(=O)OC(CC(=O)[O-])C[N+](C)(C)C
22298950,15466,COc1nc(C)nc(=N)[nH]1
91849816,92136209,CC(O)=N[C@H]1[C@H](O[C@H]2[C@H](O)[C@@H](N=C(C)O)C(O)O[C@@H]2CO)O[C@H](CO)[C@@H](O[C@@H]2O[C@H](CO[C@H]3O[C@H](CO)[C@@H](O)[C@H](O)[C@@H]3O[C@@H]3O[C@H](CO)[C@@H](O[C@@H]4O[C@H](CO)[C@H](O)[C@H](O[C@@H]5O[C@H](CO)[C@@H](O[C@@H]6O[C@H](CO)[C@H](O)[C@H](O[C@@H]7O[C@H](CO)[C@@H](O[C@@H]8O[C@H](CO)[C@H](O)[C@H](O[C@]9(C(=O)O)C[C@H](O)[C@@H](N=C(C)O)[C@H]([C@H](O)[C@H](O)CO)O9)[C@H]8O)[C@H](O)[C@H]7N=C(C)O)[C@H]6O)[C@H](O)[C@H]5N=C(C)O)[C@H]4O)[C@H](O)[C@H]3N=C(C)O)[C@@H](O)[C@H](O[C@H]3O[C@H](CO)[C@@H](O)[C@H](O)[C@@H]3O[C@@H]3O[C@H](CO)[C@@H](O[C@@H]4O[C@H](CO)[C@H](O)[C@H](O[C@@H]5O[C@H](CO)[C@@H](O[C@@H]6O[C@H](CO)[C@H](O)[C@H](O[C@@H]7O[C@H](CO)[C@@H](O[C@@H]8O[C@H](CO)[C@H](O)[C@H](O[C@]9(C(=O)O)C[C@H](O)[C@@H](N=C(C)O)[C@H]([C@H](O)[C@H](O)CO)O9)[C@H]8O)[C@H](O)[C@H]7N=C(C)O)[C@H]6O)[C@H](O)[C@H]5N=C(C)O)[C@H]4O)[C@H](O)[C@H]3N=C(C)O)[C@@H]2O)[C@@H]1O
91849816,91847674,OC[C@@H](O)[C@@H](O)[C@H](O)[C@@H](CO)O[C@H]1O[C@H](CO)[C@@H](O)[C@H](O)[C@@H]1O
7654,56955923,O=[As]([O-])(O)c1ccccc1
7654,279,N=C(O)NC(CC(=O)O)C(=O)O
7654,86289422,O=c1cc2oc(-c3ccc([O-])c(O)c3)c(O[C@@H]3O[C@H](CO)[C@H](O)[C@H](O)[C@H]3O)cc-2c(O)c1
70697777,53239731,CC(O)=N[C@@H]1[C@@H](O[C@@H]2O[C@@H](C)[C@@H](O)[C@@H](O)[C@@H]2O)[C@H](O[C@@H]2O[C@H](CO)[C@@H](O)[C@H](O)[C@H]2N=C(C)O)[C@@H](CO[C@@H]2O[C@@H](C)[C@@H](O)[C@@H](O)[C@@H]2O)O[C@H]1O
70697777,16091519,O=C(Cc1ccc(O)c(O)c1)O[C@H]1[C@H](OCCc2ccc(O)c(O)c2)O[C@H](CO)[C@@H](O)[C@@H]1O
6441048,5354212,COC(=O)/C=C1/CC[C@H]2[C@@H]3CCC4=CC(=O)CC[C@]4(C)[C@H]3C(=O)C[C@]12C
6441048,90658768,CCCCCC[C@@H](O)C/C=C\CCCCCCCC(=O)SCCN=C(O)CCN=C(O)[C@H](O)C(C)(C)COP(=O)(O)OP(=O)(O)OC[C@H]1O[C@@H](n2cnc3c(N)ncnc32)[C@H](O)[C@@H]1OP(=O)(O)O
73416432,5354212,COC(=O)/C=C1/CC[C@H]2[C@@H]3CCC4=CC(=O)CC[C@]4(C)[C@H]3C(=O)C[C@]12C
73416432,99642563,CCCCCCCC(O)=N[C@@H](O)C(=O)O
54751688,14212362,Nc1nc(O)nc2c1ncn2[C@@H]1O[C@H](COP(=O)(O)O)[C@@H](O)[C@H]1O
54751688,5354212,COC(=O)/C=C1/CC[C@H]2[C@@H]3CCC4=CC(=O)CC[C@]4(C)[C@H]3C(=O)C[C@]12C
54751688,5497105,CC(C)=CCC/C(C)=C/CC/C(C)=C/CC/C(C)=C/COP(=O)([O-])OP(=O)([O-])[O-]
2825766,45266800,CC1(C)S[C@H](C(N=C(O)Cc2ccccc2)C(O)=NCCCC[C@@H](N)C(=O)O)N[C@H]1C(=O)O.NCCCC[C@@H](N)C(=O)O
2825766,23674745,CC(C(=O)[O-])c1ccc(CC2CCCC2=O)cc1.O.O.[Na+]
2825766,16203739,C[C@@H](OC[C@@]1(c2ccccc2)CC[C@]2(CCC(O)=N2)CN1)c1cc(C(F)(F)F)cc(C(F)(F)F)c1.Cl.O
299577,56955923,O=[As]([O-])(O)c1ccccc1
299577,91825610,CC(C(=O)[O-])C(=O)O[C@H](CC(=O)O)C[N+](C)(C)C
54758613,86289694,C[C@H](CCCCCCCCC/C=C/C(=O)O)O[C@@H]1O[C@@H](C)[C@H](O)C[C@H]1O
54758613,23674745,CC(C(=O)[O-])c1ccc(CC2CCCC2=O)cc1.O.O.[Na+]
54758613,134692038,CC(/C=C/C(O)=C1/C(=O)CN=C1O)=C\[C@@H](C)[C@H]1O[C@@]23O[C@H](C(=O)C[C@]2(C)O[C@H](C)[C@@H]3C(=O)O)[C@@H]1C
101062652,23674745,CC(C(=O)[O-])c1ccc(CC2CCCC2=O)cc1.O.O.[Na+]
101062652,10988713,C[C@@H]1CC[C@H]2C(C(=O)O)=C[C@@H]3[C@@H](O)C(C)(C)C[C@@]132
3536595,10825777,NC(Cc1cc(O)c2c(c1)SCC(O)=N2)C(=O)O
3536595,15940186,C=CC[NH+]1CC[C@]23c4c5ccc(O)c4O[C@H]2C(=O)CC[C@@]3(O)[C@H]1C5
440310,56955923,O=[As]([O-])(O)c1ccccc1
440310,3955,CN(C)C(=O)C(CCN1CCC(O)(c2ccc(Cl)cc2)CC1)(c1ccccc1)c1ccccc1
440310,9882094,CC/C=C\C/C=C\C/C=C\CCCCCCCC(=N)O
53239747,53239760,C[C@H](N=C(O)[C@H](CCC(=N)O)N=C(O)CN)C(O)=NCC(O)=N[C@@H](Cc1cscn1)C(O)=N[C@@H](CC[C@H](CN)O[C@@H]1O[C@H](CO)[C@H](O)[C@H](O)[C@H]1O)C(O)=NCC(O)=N[C@@H](CCC(=O)O)C(O)=N[C@@H](CCC(=N)O)C(O)=NCC(=O)N1CCC[C@H]1C(O)=N[C@@H](CCCCN)C(O)=NCC(O)=N[C@@H](CCC(=O)O)C(O)=N[C@H](C(=O)O)[C@@H](C)O
53239747,71764877,CCCCCCCCCCCCCCC[C@@H](C[C@@H](O)C[C@@H](O)C[C@@H](O)C[C@@H](O)C[C@H]1CC=CC(=O)O1)OC(C)=O
86289328,5780,OC[C@@H](O)[C@@H](O)[C@H](O)[C@@H](O)CO
86289328,70678725,COC1=C(Br)[C@H](O)[C@@]2(C=C1Br)CC(C(=O)NCCCCNC(=O)C1=NO[C@@]3(C=C(Br)C(=O)[C@H](Br)[C@H]3O)C1)=NO2
86289328,5169,Oc1ccc(-c2nc(-c3ccncc3)c(-c3ccc(F)cc3)[nH]2)cc1
20434161,56955923,O=[As]([O-])(O)c1ccccc1
20434161,5780,OC[C@@H](O)[C@@H](O)[C@H](O)[C@@H](O)CO
20434161,70698333,CC1(C)[C@@H](O)CC[C@]2(C)[C@H]3C(=O)C=C4[C@@H]5C[C@@](C)(C=O)CC[C@]5(C)CC[C@@]4(C)[C@]3(C)CC[C@@H]12
3086674,52929771,CCCCCCCCCCCCCCCC/C=C\OC[C@@H](O)COP(=O)(O)O
3086674,86289844,C[C@@H]1O[C@@H](OCCCCCC[C@@H](O)CC(=O)O)[C@H](O)C[C@H]1O
903,13284402,O=CC(=O)c1c[nH]c2ccccc12
903,56955923,O=[As]([O-])(O)c1ccccc1
903,6326776,O=C(O)[C@@H](O)CO
10914066,5280372,COc1cc(/C=C/CO)ccc1O[C@@H]1O[C@H](CO)[C@@H](O)[C@H](O)[C@H]1O
10914066,23674745,CC(C(=O)[O-])c1ccc(CC2CCCC2=O)cc1.O.O.[Na+]
10914066,20848964,C[C@H](CCC(=O)[O-])[C@H]1CC[C@H]2[C@@H]3[C@H](O)C[C@@H]4C[C@@H](O)CC[C@]4(C)[C@H]3C[C@H](O)[C@]12C
10436112,49859627,COc1cccc2[nH]cc(C/C(=N/OS(=O)(=O)[O-])S[C@@H]3O[C@H](CO)[C@@H](O)[C@H](O)[C@H]3O)c12
10436112,44298592,CC[C@H](C)[C@H](N)C(O)=N[C@@H](CC(=O)O)C(=O)O
21606527,14345637,CCCCC/C=C\C/C=C\C/C=C\C/C=C\CCCC(=O)OC(CO)COC(=O)CCCCCCCCCCCCCCCCC
21606527,70697895,Cc1c(O)cc(O)c2c(=O)ccoc12
91851901,14345637,CCCCC/C=C\C/C=C\C/C=C\C/C=C\CCCC(=O)OC(CO)COC(=O)CCCCCCCCCCCCCCCCC
91851901,71627264,OC[C@H]1O[C@@H](Oc2cc3c(O)cc(O)cc3[o+]c2-c2ccc(O)cc2)[C@H](O[C@@H]2OC[C@@H](O)[C@H](O)[C@H]2O)[C@@H](O)[C@@H]1O
2723698,54690912,Cc1ncc(C(=O)O)cc1[O-]
2723698,13376,CCCCN=CO
2723698,9548603,O=C([O-])C(O)Cc1c[nH]c2ccccc12
173576,6918933,COc1cccc([C@@]2(O)CCCC[C@@H]2C[NH+](C)C)c1
173576,10825777,NC(Cc1cc(O)c2c(c1)SCC(O)=N2)C(=O)O
173576,135340,CCCCCCCCCCCCCCCCCC(=O)OC[C@H](COP(=O)([O-])OCC[N+](C)(C)C)OC(C)=O
6951009,71308401,C[C@H](O)[C@H]1CC[C@H]2[C@@H]3CC[C@@H]4CC(=O)CC[C@]4(C)[C@H]3CC[C@]12C
6951009,23674745,CC(C(=O)[O-])c1ccc(CC2CCCC2=O)cc1.O.O.[Na+]
6951009,16498,CC(C)c1cccc(O)c1O
7408258,443144,CC(=O)C[C@@H]1CCCN1C
7408258,5780,OC[C@@H](O)[C@@H](O)[C@H](O)[C@@H](O)CO
7408258,10366713,C/C(C=O)=C\CC[C@@H](C)[C@H]1CC[C@@]2(C)C3=C(CC[C@]12C)[C@@]1(C)CC[C@H](O)C(C)(C)[C@@H]1CC3=O
62640,5780,OC[C@@H](O)[C@@H](O)[C@H](O)[C@@H](O)CO
62640,23674745,CC(C(=O)[O-])c1ccc(CC2CCCC2=O)cc1.O.O.[Na+]
62640,53239741,C[C@H](N=C(O)[C@H](CC1CC1)N=C(O)CN)C(O)=NCC(O)=N[C@@H](CC1CCCCC1)C(O)=N[C@@H](CC[C@H](CN)O[C@@H]1O[C@H](CO)[C@H](O)[C@H](O)[C@H]1O)C(O)=NCC(O)=N[C@@H](CCC(=O)O)C(O)=N[C@@H](CCC(=N)O)C(O)=NCC(=O)N1CCC[C@H]1C(O)=N[C@@H](CCCCN)C(O)=NCC(O)=N[C@@H](CCC(=O)O)C(O)=N[C@H](C(=O)O)[C@@H](C)O
23724874,5780,OC[C@@H](O)[C@@H](O)[C@H](O)[C@@H](O)CO
23724874,5354212,COC(=O)/C=C1/CC[C@H]2[C@@H]3CCC4=CC(=O)CC[C@]4(C)[C@H]3C(=O)C[C@]12C
23724874,54730539,O=C1O[C@H](CO)C([O-])=C1O
92865,5780,OC[C@@H](O)[C@@H](O)[C@H](O)[C@@H](O)CO
92865,10825777,NC(Cc1cc(O)c2c(c1)SCC(O)=N2)C(=O)O
92865,13284402,O=CC(=O)c1c[nH]c2ccccc12
71728338,5780,OC[C@@H](O)[C@@H](O)[C@H](O)[C@@H](O)CO
71728338,53239731,CC(O)=N[C@@H]1[C@@H](O[C@@H]2O[C@@H](C)[C@@H](O)[C@@H](O)[C@@H]2O)[C@H](O[C@@H]2O[C@H](CO)[C@@H](O)[C@H](O)[C@H]2N=C(C)O)[C@@H](CO[C@@H]2O[C@@H](C)[C@@H](O)[C@@H](O)[C@@H]2O)O[C@H]1O
71728338,70679051,CCCCCCCCCCCC(=O)[C@@H](N)CO
441203,5780,OC[C@@H](O)[C@@H](O)[C@H](O)[C@@H](O)CO
441203,23674745,CC(C(=O)[O-])c1ccc(CC2CCCC2=O)cc1.O.O.[Na+]
441203,25201568,CO[C@H]1C[C@H](O[C@H]2[C@H](C)[C@@H](O[C@@H]3O[C@H](C)C[C@H](N(C)C)[C@H]3OP(=O)([O-])O)[C@@H](C)C[C@@]3(CO3)C(=O)[C@H](C)[C@@H](O)[C@@H](C)[C@@H](C)OC(=O)[C@@H]2C)O[C@@H](C)[C@@H]1O
6999955,5780,OC[C@@H](O)[C@@H](O)[C@H](O)[C@@H](O)CO
6999955,5780,OC[C@@H](O)[C@@H](O)[C@H](O)[C@@H](O)CO
6999955,71581248,CC/C=C\C/C=C\C/C=C\C/C=C\C/C=C\C/C=C\CCC(=O)SCCN=C([O-])CCN=C([O-])[C@H](O)C(C)(C)COP(=O)(O)OP(=O)(O)OC[C@H]1O[C@@H](n2cnc3c(N)ncnc32)[C@H](O)[C@@H]1OP(=O)([O-])[O-]
5460107,5354212,COC(=O)/C=C1/CC[C@H]2[C@@H]3CCC4=CC(=O)CC[C@]4(C)[C@H]3C(=O)C[C@]12C
5460107,440171,O=P1(O)OCC(CO)O1
6857381,5780,OC[C@@H](O)[C@@H](O)[C@H](O)[C@@H](O)CO
6857381,5780,OC[C@@H](O)[C@@H](O)[C@H](O)[C@@H](O)CO
6857381,121225546,CCCCCCCCCCCCC/C=C/[C@@H](O)[C@H](CO[C@@H]1O[C@H](CO)[C@H](O)[C@H](OS(=O)(=O)O)[C@H]1O)N=C([O-])CCCCCCCCCCCCCCCCC
11947720,54682905,CC1=C/C(=C(\c2cc(C)c([O-])c(C(=O)[O-])c2)c2ccccc2S(=O)(=O)O)C=C(C(=O)[O-])C1=O.[Na+].[Na+].[Na+]
11947720,49859627,COc1cccc2[nH]cc(C/C(=N/OS(=O)(=O)[O-])S[C@@H]3O[C@H](CO)[C@@H](O)[C@H](O)[C@H]3O)c12
11947720,45266759,CC([O-])=N[C@@H](CCCNC(=N)O)C(=O)O
90728,5780,OC[C@@H](O)[C@@H](O)[C@H](O)[C@@H](O)CO
90728,243,O=C(O)c1ccccc1
90728,53239696,CC(O)=N[C@H]1[C@H](C=O)OC(O)(C(=O)O)C[C@@H]1O
6917698,49859627,COc1cccc2[nH]cc(C/C(=N/OS(=O)(=O)[O-])S[C@@H]3O[C@H](CO)[C@@H](O)[C@H](O)[C@H]3O)c12
6917698,52928634,CC/C=C\C/C=C\C/C=C\C/C=C\C/C=C\C/C=C\CCC(=O)O[C@H](COC(=O)CCCCCCC/C=C\CCCCCCCC)COP(=O)(O)O
129626746,5354212,COC(=O)/C=C1/CC[C@H]2[C@@H]3CCC4=CC(=O)CC[C@]4(C)[C@H]3C(=O)C[C@]12C
129626746,11,ClCCCl
53481665,5780,OC[C@@H](O)[C@@H](O)[C@H](O)[C@@H](O)CO
53481665,52929771,CCCCCCCCCCCCCCCC/C=C\OC[C@@H](O)COP(=O)(O)O
53481665,51351812,C=CC1=C(C)C([O-])=NC1Cc1[nH]c(Cc2[nH]c3c(c2C)C(=O)C/C3=C2/N[C@H](C(=O)O)[C@@H](C)[C@@H]2CCC(=O)[O-])c(CC)c1C
10065952,25034673,COc1cc(O)c2c(=O)c3c(O)cc(C)cc3oc2c1
10065952,5354212,COC(=O)/C=C1/CC[C@H]2[C@@H]3CCC4=CC(=O)CC[C@]4(C)[C@H]3C(=O)C[C@]12C
10065952,443249,O=C(O)[C@H](CS(=O)(=O)O)OP(=O)(O)O
5459389,86289694,C[C@H](CCCCCCCCC/C=C/C(=O)O)O[C@@H]1O[C@@H](C)[C@H](O)C[C@H]1O
5459389,6433272,C[C@@H]1[C@H](O)[C@@H](C)/C=C/C=C/CC/C=C/C=C/C=C/C=C/C(O[C@H]2O[C@H](C)[C@@H](O)[C@H](N)[C@@H]2O)CC2O[C@](O)(CC(O)C(O)CCC(O)CC(O)CC(O)CC(=O)O[C@H]1C)CC(O)C2C(=O)O
5459389,17204,CCN(CC)c1ccc(N=Nc2ccccc2)cc1
91851869,57339202,CC(O)=N[C@@H]1[C@@H](O[C@H]2O[C@H](CO)[C@H](O)[C@H](O)[C@H]2O)[C@@H](O)[C@@H](CO)O[C@H]1O
91851869,52929771,CCCCCCCCCCCCCCCC/C=C\OC[C@@H](O)COP(=O)(O)O
91851869,52921890,CC[C@H](O)/C=C/C=C\C[C@@H](O)/C=C/C=C/C=C\[C@@H](O)CCCC(=O)O
71314663,440649,Cc1ncc(C[n+]2c(C(O)CCC(=O)O)sc(CCOP(=O)(O)OP(=O)(O)O)c2C)c(=N)[nH]1
71314663,57339203,CC(=O)N(O)CCC[C@@H]1N=C(O)[C@H](CCCN(O)C(C)=O)[NH+]=C(O)C[NH+]=C(O)[C@H](CO)N=C(O)C[NH+]=C(O)[C@H](CCCN(O)C(C)=O)N=C1O.[Fe]
9870745,14212362,Nc1nc(O)nc2c1ncn2[C@@H]1O[C@H](COP(=O)(O)O)[C@@H](O)[C@H]1O
9870745,49859627,COc1cccc2[nH]cc(C/C(=N/OS(=O)(=O)[O-])S[C@@H]3O[C@H](CO)[C@@H](O)[C@H](O)[C@H]3O)c12
9870745,9543115,CNCCCC(=O)[O-]
21126521,24865464,CCCCCCCCCCCCCCCC(=O)OC[C@H](CO[C@@H]1O[C@H](CO[C@@H]2O[C@H](CO)[C@@H](O)[C@H](O)[C@H]2O)[C@H](O)[C@H](O)[C@H]1O)OC(=O)CCCCCCCCCCCCCCC
21126521,5354212,COC(=O)/C=C1/CC[C@H]2[C@@H]3CCC4=CC(=O)CC[C@]4(C)[C@H]3C(=O)C[C@]12C
21126521,57483975,N.O=C(O)Cc1c(Cl)ccc(Cl)c1Cl
91688,39800,Cn1sccc1=O
91688,23674745,CC(C(=O)[O-])c1ccc(CC2CCCC2=O)cc1.O.O.[Na+]
91688,3033895,CC/C(=C(\c1ccccc1)c1ccc(OCC[N+](C)(C)[O-])cc1)c1ccccc1
118796915,56955923,O=[As]([O-])(O)c1ccccc1
118796915,5354212,COC(=O)/C=C1/CC[C@H]2[C@@H]3CCC4=CC(=O)CC[C@]4(C)[C@H]3C(=O)C[C@]12C
118796915,6420179,O=P(O)(O)OC[C@@H](O)[C@H](O)[C@@H](O)CO
443453,14464358,C=C1C[C@]23C[C@H]1CC[C@H]2[C@]1(C(=O)O)CCC[C@@](C)(C(=O)O)[C@H]1[C@@H]3C(=O)O
443453,5354212,COC(=O)/C=C1/CC[C@H]2[C@@H]3CCC4=CC(=O)CC[C@]4(C)[C@H]3C(=O)C[C@]12C
443453,68352,C=C1CCOC1=O
25017463,53239731,CC(O)=N[C@@H]1[C@@H](O[C@@H]2O[C@@H](C)[C@@H](O)[C@@H](O)[C@@H]2O)[C@H](O[C@@H]2O[C@H](CO)[C@@H](O)[C@H](O)[C@H]2N=C(C)O)[C@@H](CO[C@@H]2O[C@@H](C)[C@@H](O)[C@@H](O)[C@@H]2O)O[C@H]1O
25017463,86289357,CCCCCCCCCCCCCCCCOC[C@@H]([NH3+])CO
161178,10825777,NC(Cc1cc(O)c2c(c1)SCC(O)=N2)C(=O)O
161178,6420179,O=P(O)(O)OC[C@@H](O)[C@H](O)[C@@H](O)CO
540,5780,OC[C@@H](O)[C@@H](O)[C@H](O)[C@@H](O)CO
540,9033,C1CN1
540,25111664,C[C@]12C[C@@]34C=CC(=O)[C@@](C)(CCC(O)=Nc5c(O)cccc5O)[C@@H]3[C@H](C[C@@H]1C4)O2
135563654,23674745,CC(C(=O)[O-])c1ccc(CC2CCCC2=O)cc1.O.O.[Na+]
135563654,86289860,O=C(O)C[C@H](O)CCCCCCCO
6444206,132282124,C[C@@H]1O[C@@H](OCCCCCC(=O)SCCN=C(O)CCN=C(O)[C@H](O)C(C)(C)COP(=O)(O)OP(=O)(O)OC[C@H]2O[C@@H](n3cnc4c(N)ncnc43)[C@H](O)[C@@H]2OP(=O)(O)O)[C@H](O)C[C@H]1O
6444206,54672239,C/C=C/C1=CC2=CC(=O)[C@@](C)(OC(=O)c3c(C)cc(O)cc3O)C(=O)[C@@]2(O)CO1
9544103,5780,OC[C@@H](O)[C@@H](O)[C@H](O)[C@@H](O)CO
9544103,70678725,COC1=C(Br)[C@H](O)[C@@]2(C=C1Br)CC(C(=O)NCCCCNC(=O)C1=NO[C@@]3(C=C(Br)C(=O)[C@H](Br)[C@H]3O)C1)=NO2
9544103,5280372,COc1cc(/C=C/CO)ccc1O[C@@H]1O[C@H](CO)[C@@H](O)[C@H](O)[C@H]1O
5281701,5280695,COc1c(O)cc(O)c2c(=O)c(O)c(-c3ccc(O)c(O)c3)oc12
5281701,23674745,CC(C(=O)[O-])c1ccc(CC2CCCC2=O)cc1.O.O.[Na+]
5281701,91825679,C=C(N=C(O)C(=C)N=C(O)c1csc(-c2ccc3c(n2)-c2csc(n2)[C@H](CSC(=O)c2[nH]c4cccc(C)c4c2C)N=C(O)c2csc(n2)[C@H](CCC(=O)O)N=C(O)c2cnc(s2)/C(=C/C)N=C(O)[C@H]([C@@H](C)O)N=C(O)c2csc-3n2)n1)C(=O)O
50986200,14212362,Nc1nc(O)nc2c1ncn2[C@@H]1O[C@H](COP(=O)(O)O)[C@@H](O)[C@H]1O
50986200,6433272,C[C@@H]1[C@H](O)[C@@H](C)/C=C/C=C/CC/C=C/C=C/C=C/C=C/C(O[C@H]2O[C@H](C)[C@@H](O)[C@H](N)[C@@H]2O)CC2O[C@](O)(CC(O)C(O)CCC(O)CC(O)CC(O)CC(=O)O[C@H]1C)CC(O)C2C(=O)O
50986200,24744,COC(O)=Nc1cccc(OC(O)=Nc2cccc(C)c2)c1
3034048,5354212,COC(=O)/C=C1/CC[C@H]2[C@@H]3CCC4=CC(=O)CC[C@]4(C)[C@H]3C(=O)C[C@]12C
3034048,49852370,CC(O)=N[C@H]1[C@H](O[C@H]2[C@@H](O)[C@@H](CO)OC(O)[C@@H]2O)O[C@H](CO)[C@H](O[C@H]2O[C@H](CO)[C@H](O)[C@H](O)[C@H]2O)[C@@H]1O
6101829,5354212,COC(=O)/C=C1/CC[C@H]2[C@@H]3CCC4=CC(=O)CC[C@]4(C)[C@H]3C(=O)C[C@]12C
6101829,5469424,COc1cc(/C=C/C(=O)CC(=O)/C=C/c2ccc(O)cc2)ccc1O
72715827,5288076,C[C@@H]1O[C@@H](O[C@H]2C[C@](O)(C(=O)CO)Cc3cc4c(c(O)c32)C(=O)c2c(O)cccc2C4=O)C[C@H](N)[C@@H]1O
72715827,440649,Cc1ncc(C[n+]2c(C(O)CCC(=O)O)sc(CCOP(=O)(O)OP(=O)(O)O)c2C)c(=N)[nH]1
72715827,49831950,CC(=O)O[C@@H](CCCCc1ccc(O)cc1)CCc1ccc(O)c(O)c1
135398596,135398595,N=c1nc(O)c2ncn([C@H]3C[C@H](O)[C@@H](COP(=O)(O)OP(=O)(O)O)O3)c2[nH]1
135398596,5354212,COC(=O)/C=C1/CC[C@H]2[C@@H]3CCC4=CC(=O)CC[C@]4(C)[C@H]3C(=O)C[C@]12C
135398596,2763159,CCCCCCCc1[nH]c2ccccc2c(=O)c1O
57339315,57339289,CC(O)=N[C@H]1[C@@H](O[C@H]2[C@H](O)[C@@H](O)[C@H]([NH3+])C[C@@H]2[NH3+])O[C@H](CO)[C@@H](O)[C@@H]1O
57339315,5354212,COC(=O)/C=C1/CC[C@H]2[C@@H]3CCC4=CC(=O)CC[C@]4(C)[C@H]3C(=O)C[C@]12C
57339315,50994224,C=C(C)/C=C/C[C@H](C)[C@@H]1CC[C@]2(C)C3=CC[C@H]4C(C)(C)C(=O)CC[C@]4(C)[C@H]3CC[C@@]12C
6993342,56955923,O=[As]([O-])(O)c1ccccc1
6993342,56955923,O=[As]([O-])(O)c1ccccc1
6993342,51399572,C/C(=C\C(=O)OCCCCCCCCC(=O)[O-])C[C@@H]1OC[C@H](C[C@@H]2O[C@H]2[C@@H](C)[C@H](C)O)[C@@H](O)[C@H]1O
11560992,101788,CC(=O)[C@H]1CC[C@H]2[C@@H]3CCC4=CC(=O)CC[C@]4(C)[C@H]3[C@@H](O)C[C@]12C
11560992,52929771,CCCCCCCCCCCCCCCC/C=C\OC[C@@H](O)COP(=O)(O)O
11560992,46878496,CC(C)=CCC/C(C)=C/CC/C(C)=C/CC/C(C)=C\CC/C(C)=C\CC/C(C)=C\CC/C(C)=C\CC/C(C)=C\CC/C(C)=C\CC/C(C)=C\CC/C(C)=C\COP(=O)(O)OP(=O)(O)O[C@H]1O[C@H](CO)[C@@H](O)[C@H](O[C@H](C)C(O)=N[C@@H](C)C(O)=N[C@H](CCC([O-])=N[C@@H](CCCCN)C(O)=N[C@H](C)C([O-])=N[C@H](C)C(=O)O)C(=O)O)[C@H]1N=C(C)[O-]
439230,5780,OC[C@@H](O)[C@@H](O)[C@H](O)[C@@H](O)CO
439230,69212,CC1=CC(=O)C(=O)C=C1O
439230,122724,CC1=C(O)C(=O)C=C2C1=CC=C1[C@@]2(C)CC[C@@]2(C)[C@@H]3C[C@](C)(C(=O)O)CC[C@]3(C)CC[C@]12C
123409,5780,OC[C@@H](O)[C@@H](O)[C@H](O)[C@@H](O)CO
123409,5354212,COC(=O)/C=C1/CC[C@H]2[C@@H]3CCC4=CC(=O)CC[C@]4(C)[C@H]3C(=O)C[C@]12C
123409,9830520,CO/N=C(\C(O)=N[C@@H]1C(=O)N2C(C(=O)O)=C(Cn3ccc(=N)n3CCO)CS[C@H]12)c1csc(=N)[nH]1
44237187,5353454,CC(/C=C/c1cccc(Oc2ccc(F)cc2)c1)N(O)C(=N)O
44237187,70678725,COC1=C(Br)[C@H](O)[C@@]2(C=C1Br)CC(C(=O)NCCCCNC(=O)C1=NO[C@@]3(C=C(Br)C(=O)[C@H](Br)[C@H]3O)C1)=NO2
44237187,94204,C=C(CC[C@@H](C)[C@H]1CC[C@@]2(C)[C@@H]3CC[C@H]4C(C)(C)[C@@H](O)CC[C@@]45C[C@@]35CC[C@]12C)C(C)C
440322,70678725,COC1=C(Br)[C@H](O)[C@@]2(C=C1Br)CC(C(=O)NCCCCNC(=O)C1=NO[C@@]3(C=C(Br)C(=O)[C@H](Br)[C@H]3O)C1)=NO2
440322,552086,CC(C)(CC(Br)CC(Cl)(Cl)Cl)C1OCCO1
44263378,447715,CC[C@H]1[C@@H](O)[C@@H]2[C@H](CC[C@]3(C)[C@@H]([C@H](C)CCC(=O)O)CC[C@@H]23)[C@@]2(C)CC[C@@H](O)C[C@@H]12
44263378,49859627,COc1cccc2[nH]cc(C/C(=N/OS(=O)(=O)[O-])S[C@@H]3O[C@H](CO)[C@@H](O)[C@H](O)[C@H]3O)c12
44263378,15689656,COc1ccc([C@@H]2COc3cc(O[C@@H]4O[C@H](CO)[C@@H](O)[C@H](O)[C@H]4O)ccc3C2)c(O)c1OC
5249538,56955923,O=[As]([O-])(O)c1ccccc1
5249538,69212,CC1=CC(=O)C(=O)C=C1O
5249538,1982,COP(=O)(N=C(C)O)SC
12312732,23674745,CC(C(=O)[O-])c1ccc(CC2CCCC2=O)cc1.O.O.[Na+]
12312732,49799795,C=C1C(=O)O[C@@H]2C[C@@H](C)/C=C\C(=O)[C@@](C)(O)[C@H](OC(C)=O)[C@@H](OC(=O)CC(C)C)[C@@H]12
74839,56955923,O=[As]([O-])(O)c1ccccc1
74839,56955923,O=[As]([O-])(O)c1ccccc1
74839,118797943,CCCCCCCCCCCCCCCCCCCCC(O)=N[C@@H](CO)[C@H](O)/C=C/CCCCCCCCC(C)CC
444881,13284402,O=CC(=O)c1c[nH]c2ccccc12
444881,56955923,O=[As]([O-])(O)c1ccccc1
444881,40565475,CCCCCC(=O)CC[C@H]1[C@H](O)CC(=O)[C@@H]1CCCCCCC(=O)[O-]
20849232,5780,OC[C@@H](O)[C@@H](O)[C@H](O)[C@@H](O)CO
20849232,5354212,COC(=O)/C=C1/CC[C@H]2[C@@H]3CCC4=CC(=O)CC[C@]4(C)[C@H]3C(=O)C[C@]12C
20849232,135498233,N=C1N=C(O)C2=NC(=O)NC2=N1
5312554,5780,OC[C@@H](O)[C@@H](O)[C@H](O)[C@@H](O)CO
5312554,5354212,COC(=O)/C=C1/CC[C@H]2[C@@H]3CCC4=CC(=O)CC[C@]4(C)[C@H]3C(=O)C[C@]12C
5312554,71464639,CC(C)C[C@H](N)C(O)=N[C@H](C(O)=N[C@@H](CC(=O)O)C(=O)O)C(C)C
90002174,13284402,O=CC(=O)c1c[nH]c2ccccc12
90002174,5780,OC[C@@H](O)[C@@H](O)[C@H](O)[C@@H](O)CO
90002174,8184,CCCCCCCCCCCO
104811,45266906,Cl.NCCCCCCN=C(O)CC1C(=O)N(c2ccccc2)N(c2ccccc2)C1=O
104811,5354212,COC(=O)/C=C1/CC[C@H]2[C@@H]3CCC4=CC(=O)CC[C@]4(C)[C@H]3C(=O)C[C@]12C
104811,70698002,C=C(C)[C@@H]1CC[C@]2(C(=O)O)CC[C@]3(C)[C@H](CC[C@@H]4[C@@]5(C)C[C@@H](O)[C@H](O)[C@@](C)(CO)[C@@H]5CC[C@]43C)[C@@H]12
54672239,52929771,CCCCCCCCCCCCCCCC/C=C\OC[C@@H](O)COP(=O)(O)O
54672239,10884902,CC[C@H]1CN2CCc3cc(OC)c(OC)cc3[C@@H]2C[C@@H]1C[C@@H]1NCCc2cc(O)c(O)cc21
6426850,13633097,COC[C@H](C)N(C(=O)CCl)c1c(C)csc1C
6426850,23674745,CC(C(=O)[O-])c1ccc(CC2CCCC2=O)cc1.O.O.[Na+]
6426850,21636178,CC(=O)O[C@@H]1C[C@@H](C)[C@](O)(CCC2=CC(=O)OC2)[C@@]2(C)CCCC(C)(C)[C@H]12
15011611,5354212,COC(=O)/C=C1/CC[C@H]2[C@@H]3CCC4=CC(=O)CC[C@]4(C)[C@H]3C(=O)C[C@]12C
15011611,91860861,OC[C@H]1O[C@H](OC[C@H]2O[C@H](OC[C@H]3O[C@H](O)[C@@H](O[C@H]4O[C@H](CO)[C@@H](O)[C@H](O)[C@@H]4O[C@H]4O[C@H](CO)[C@@H](O)[C@H](O)[C@@H]4O)[C@@H](O)[C@@H]3O)[C@@H](O)[C@@H](O)[C@@H]2O)[C@@H](O)[C@@H](O)[C@@H]1O
5288663,49859627,COc1cccc2[nH]cc(C/C(=N/OS(=O)(=O)[O-])S[C@@H]3O[C@H](CO)[C@@H](O)[C@H](O)[C@H]3O)c12
5288663,71764877,CCCCCCCCCCCCCCC[C@@H](C[C@@H](O)C[C@@H](O)C[C@@H](O)C[C@@H](O)C[C@H]1CC=CC(=O)O1)OC(C)=O
78968,137547,C#CCC(=O)O
78968,13624,N=c1[nH]c2ccccc2[nH]1
84951,5780,OC[C@@H](O)[C@@H](O)[C@H](O)[C@@H](O)CO
84951,5354212,COC(=O)/C=C1/CC[C@H]2[C@@H]3CCC4=CC(=O)CC[C@]4(C)[C@H]3C(=O)C[C@]12C
84951,3083930,CC1=C(CCC2=C(C)CC[C@H]3C(C)(C)[C@@H](O)CC[C@]23C)[C@@]2(C)CC[C@H](O)C(C)(C)[C@@H]2CC1
121225506,5780,OC[C@@H](O)[C@@H](O)[C@H](O)[C@@H](O)CO
121225506,23674745,CC(C(=O)[O-])c1ccc(CC2CCCC2=O)cc1.O.O.[Na+]
121225506,3246373,CN(C)c1ccc2[nH+]c3c(C(=O)O)cc(=O)c(O)c-3oc2c1
1229,56955923,O=[As]([O-])(O)c1ccccc1
1229,23674745,CC(C(=O)[O-])c1ccc(CC2CCCC2=O)cc1.O.O.[Na+]
1229,70679234,O=C1C(=O)c2ccccc2C([O-])=C1CCO
3946339,5354212,COC(=O)/C=C1/CC[C@H]2[C@@H]3CCC4=CC(=O)CC[C@]4(C)[C@H]3C(=O)C[C@]12C
3946339,24178773,CO[C@@H]1OC(=O)C2=CC[C@H]3[C@]4(C)CC[C@H]5C(C)(C)CCC[C@]5(C)[C@H]4C[C@@H](OC(C)=O)[C@]3(C)[C@H]21
91849027,91862037,O=C(O)C1=C(O)[C@H](O)[C@@H](O)[C@H](O[C@H]2[C@H](O)[C@@H](NS(=O)(=O)O)[C@@H](O)O[C@@H]2COS(=O)(=O)O)O1
91849027,49859627,COc1cccc2[nH]cc(C/C(=N/OS(=O)(=O)[O-])S[C@@H]3O[C@H](CO)[C@@H](O)[C@H](O)[C@H]3O)c12
91849027,6971138,COc1cc2c(cc1OC)C(=O)[C@H](CC1CC[NH+](Cc3ccccc3)CC1)C2
135473381,440649,Cc1ncc(C[n+]2c(C(O)CCC(=O)O)sc(CCOP(=O)(O)OP(=O)(O)O)c2C)c(=N)[nH]1
135473381,128812,CCCCCCCC(=O)OC[C@H](COP(=O)(O)OC1[C@H](O)[C@H](O)C(O)[C@H](O)[C@H]1O)OC(=O)CCCCCCC
13926,56955923,O=[As]([O-])(O)c1ccccc1
13926,115254,CC(C)(COP(=O)(O)O)[C@@H](O)C(O)=NCCC(O)=NCCS
79129,53380618,O=P(O)(O)OC1[C@@H](OP(=O)(O)O)[C@H](OP(=O)(O)OP(=O)(O)O)C(O)[C@H](OP(=O)(O)OP(=O)(O)O)[C@H]1OP(=O)(O)O
79129,13376,CCCCN=CO
79129,40488837,CCCCC[C@@H]1O[C@@H]1C/C=C\C/C=C\C/C=C\CCCC(=O)[O-]
67183,23674745,CC(C(=O)[O-])c1ccc(CC2CCCC2=O)cc1.O.O.[Na+]
67183,131708350,CCCCCCC(C)CC(=O)SCCN=C([O-])CCN=C([O-])[C@H](O)C(C)(C)COP(=O)(O)OP(=O)(O)OC[C@H]1O[C@@H](n2cnc3c(N)ncnc32)[C@H](O)[C@@H]1OP(=O)([O-])[O-]
138911100,52929771,CCCCCCCCCCCCCCCC/C=C\OC[C@@H](O)COP(=O)(O)O
138911100,5249538,[NH3+]CCc1ccc(O)cc1
101788,11560992,CC[C@H](C[C@@H](O)[C@@H](C)[C@H]1CC[C@H]2[C@@H]3CCC4=CC(=O)CC[C@]4(C)[C@H]3CC[C@]12C)C(C)C
101788,5354212,COC(=O)/C=C1/CC[C@H]2[C@@H]3CCC4=CC(=O)CC[C@]4(C)[C@H]3C(=O)C[C@]12C
101788,10726905,C=C(C)[C@H]1CC[C@@]2(C)CCC=C(C)[C@@H]2C1
14464358,443453,C=C1C[C@]23C[C@H]1CC[C@H]2[C@]1(CO)CCC[C@@](C)(C(=O)O)[C@H]1[C@@H]3C(=O)O
14464358,5354212,COC(=O)/C=C1/CC[C@H]2[C@@H]3CCC4=CC(=O)CC[C@]4(C)[C@H]3C(=O)C[C@]12C
14464358,5464032,O=S(=O)(O)O/N=C(/CCc1ccccc1)S[C@@H]1O[C@H](CO)[C@@H](O)[C@H](O)[C@H]1O
37888176,25271747,C[C@H](C(=O)O)c1ccc(C2CCCCC2)c2ccccc12
37888176,23674745,CC(C(=O)[O-])c1ccc(CC2CCCC2=O)cc1.O.O.[Na+]
37888176,132472357,CC/C=C\CC(O)C(O)/C=C/C=CC=CC=CC(O)CCCCCC(=O)[O-]
546,5780,OC[C@@H](O)[C@@H](O)[C@H](O)[C@@H](O)CO
546,69212,CC1=CC(=O)C(=O)C=C1O
546,132282128,C[C@@H]1O[C@@H](OCCCCC/C=C/C(=O)SCCN=C([O-])CCN=C([O-])[C@H](O)C(C)(C)COP(=O)(O)OP(=O)(O)OC[C@H]2O[C@@H](n3cnc4c(N)ncnc43)[C@H](O)[C@@H]2OP(=O)([O-])[O-])[C@H](O)C[C@H]1O
9832350,70678725,COC1=C(Br)[C@H](O)[C@@]2(C=C1Br)CC(C(=O)NCCCCNC(=O)C1=NO[C@@]3(C=C(Br)C(=O)[C@H](Br)[C@H]3O)C1)=NO2
9832350,124693,O=C1C(NCCO)=C(N2CC2)C(=O)C(NCCO)=C1N1CC1
18614382,5280889,CCCCC[C@H](O)/C=C/[C@H]1[C@H](O)CC(=O)[C@@H]1CC(=O)CCCCC(=O)O
18614382,69212,CC1=CC(=O)C(=O)C=C1O
18614382,6726,CN1CCN(C(c2ccccc2)c2ccccc2)CC1
3090777,13284402,O=CC(=O)c1c[nH]c2ccccc12
3090777,56955923,O=[As]([O-])(O)c1ccccc1
3090777,16212222,CC(C)N(C(=O)C(=O)O)c1ccc(F)cc1
78350,5780,OC[C@@H](O)[C@@H](O)[C@H](O)[C@@H](O)CO
78350,5780,OC[C@@H](O)[C@@H](O)[C@H](O)[C@@H](O)CO
78350,3542,CC1CNCCN1S(=O)(=O)c1cccc2cnccc12
3768578,10825777,NC(Cc1cc(O)c2c(c1)SCC(O)=N2)C(=O)O
3768578,128505,N[C@@H]1[C@@H](O)[C@H](O[C@H]2O[C@H](CO)[C@@H](O)[C@H](N)[C@H]2O)O[C@H](CO)[C@H]1O
448972,3955,CN(C)C(=O)C(CCN1CCC(O)(c2ccc(Cl)cc2)CC1)(c1ccccc1)c1ccccc1
448972,12308716,CC(=O)O[C@@H]1C[C@H]2C(C)(C)C(=O)C=C[C@]2(C)[C@H]2CC[C@]3(C)C(=CC(=O)[C@@H]3c3ccoc3)[C@@]21C
121232676,14345637,CCCCC/C=C\C/C=C\C/C=C\C/C=C\CCCC(=O)OC(CO)COC(=O)CCCCCCCCCCCCCCCCC
121232676,10877230,O=C(O)/C=C/CCC(=O)O
12487266,5780,OC[C@@H](O)[C@@H](O)[C@H](O)[C@@H](O)CO
12487266,13376,CCCCN=CO
12487266,17592,CN=C(O)Oc1cc(C)c(C)c(C)c1
45480552,5780,OC[C@@H](O)[C@@H](O)[C@H](O)[C@@H](O)CO
45480552,5780,OC[C@@H](O)[C@@H](O)[C@H](O)[C@@H](O)CO
45480552,176983,C=C(C)C1=CC=C(C)CC1
129659,68486,COc1cc2oc(=O)ccc2cc1CC=C(C)C
129659,121596220,CC(C(=O)[O-])C(=O)OC(CC(=O)[O-])C[N+](C)(C)C
129659,56955925,CC(O)=N[C@H]1[C@H](O[C@H]2[C@H](O[C@H]3O[C@H](CO)[C@@H](O)[C@H](O)[C@@H]3O)[C@@H](N=C(C)O)C(O)O[C@@H]2CO)O[C@H](CO)[C@@H](O[C@@H]2O[C@H](CO[C@H]3O[C@H](CO)[C@@H](O)[C@H](O)[C@@H]3O)[C@@H](O)[C@H](O)[C@@H]2O[C@@H]2OC[C@@H](O)[C@H](O)[C@H]2O)[C@@H]1O
40490689,5780,OC[C@@H](O)[C@@H](O)[C@H](O)[C@@H](O)CO
40490689,5354212,COC(=O)/C=C1/CC[C@H]2[C@@H]3CCC4=CC(=O)CC[C@]4(C)[C@H]3C(=O)C[C@]12C
40490689,25195446,CN(C)c1ccc(C(=C2C=CC(=[N+]=C=S)C=C2)c2ccc(N(C)C)cc2)cc1.[O-][Cl+3]([O-])([O-])[O-]
18752,56955923,O=[As]([O-])(O)c1ccccc1
18752,30951,C=CCOc1ccc(CC(=O)O)cc1Cl
18752,72204622,CC/C=C\C[C@@H](O)[C@H](O)/C=C/C=C/C=C\C=C\[C@H](O)C/C=C\CCC(=O)O
3678,23674745,CC(C(=O)[O-])c1ccc(CC2CCCC2=O)cc1.O.O.[Na+]
3678,10197842,C[S+](C)CC[C@H](N)C(=O)[O-]
102571757,46931152,CCCCCCCC/C=C\CCCCCCCC(=O)OC[C@H](COP(=O)(O)OCC(O)COP(=O)(O)OC[C@@H](COC(=O)CCCCCCC/C=C\CCCCCCCC)OC(=O)CCCCCCC/C=C\CCCCCCCC)OC(=O)CCCCCCC/C=C\CCCCCCCC
102571757,93362,CN=C(O)Sc1ccc(OS(C)(=O)=O)cc1
107737,53380618,O=P(O)(O)OC1[C@@H](OP(=O)(O)O)[C@H](OP(=O)(O)OP(=O)(O)O)C(O)[C@H](OP(=O)(O)OP(=O)(O)O)[C@H]1OP(=O)(O)O
107737,10825777,NC(Cc1cc(O)c2c(c1)SCC(O)=N2)C(=O)O
107737,158899,O=C(O)c1ccc(O)cc1N=C(O)c1ccccc1
5280885,5354212,COC(=O)/C=C1/CC[C@H]2[C@@H]3CCC4=CC(=O)CC[C@]4(C)[C@H]3C(=O)C[C@]12C
5280885,179394,N[C@@H](CCP(=O)(O)O)C(=O)O
3024,5780,OC[C@@H](O)[C@@H](O)[C@H](O)[C@@H](O)CO
3024,5780,OC[C@@H](O)[C@@H](O)[C@H](O)[C@@H](O)CO
3024,3081055,O=P(O)(O)O[C@H]1[C@H](O)[C@H](O)[C@H](OP(=O)(O)O)[C@@H](OP(=O)(O)O)[C@@H]1O
44229137,9543003,CC(C)(COP(=O)(O)OP(=O)(O)OC[C@H]1O[C@@H](n2cnc3c(N)ncnc32)[C@H](O)[C@@H]1OP(=O)(O)O)[C@@H](O)C(O)=NCCC(O)=NCCSC(=O)/C(=C/c1ccccc1)CC(=O)O
44229137,132282124,C[C@@H]1O[C@@H](OCCCCCC(=O)SCCN=C(O)CCN=C(O)[C@H](O)C(C)(C)COP(=O)(O)OP(=O)(O)OC[C@H]2O[C@@H](n3cnc4c(N)ncnc43)[C@H](O)[C@@H]2OP(=O)(O)O)[C@H](O)C[C@H]1O
44229137,135398696,OC(Cc1ccccc1)=Nc1ncc(-c2ccc(O)cc2)nc1Cc1ccccc1
151483,56955923,O=[As]([O-])(O)c1ccccc1
151483,121596220,CC(C(=O)[O-])C(=O)OC(CC(=O)[O-])C[N+](C)(C)C
151483,13344,O=C([O-])CC(O)(CC(=O)[O-])C(=O)[O-].[K+].[K+].[K+]
443265,86289694,C[C@H](CCCCCCCCC/C=C/C(=O)O)O[C@@H]1O[C@@H](C)[C@H](O)C[C@H]1O
443265,10825777,NC(Cc1cc(O)c2c(c1)SCC(O)=N2)C(=O)O
443265,18596452,Cn1c(=N)[nH]c2c(ncn2[C@@H]2O[C@H](COP(=O)(O)O)[C@@H](O)[C@H]2O)c1=O
70679003,46931152,CCCCCCCC/C=C\CCCCCCCC(=O)OC[C@H](COP(=O)(O)OCC(O)COP(=O)(O)OC[C@@H](COC(=O)CCCCCCC/C=C\CCCCCCCC)OC(=O)CCCCCCC/C=C\CCCCCCCC)OC(=O)CCCCCCC/C=C\CCCCCCCC
70679003,86583476,CCCCCCCCCCCCC/C=C/[C@@H](O)[C@@H]([NH3+])CO[C@@H]1O[C@H](CO)[C@@H](O)[C@H](O)[C@H]1O
5284627,5354212,COC(=O)/C=C1/CC[C@H]2[C@@H]3CCC4=CC(=O)CC[C@]4(C)[C@H]3C(=O)C[C@]12C
5284627,52921608,CC(O)=N[C@H]1[C@H](OC[C@H]2O[C@@H](O)[C@H](O)[C@@H](O)[C@H]2O)O[C@H](CO)[C@@H](O[C@@H]2O[C@H](CO)[C@H](O)[C@H](O)[C@H]2O)[C@@H]1O
70680305,14212362,Nc1nc(O)nc2c1ncn2[C@@H]1O[C@H](COP(=O)(O)O)[C@@H](O)[C@H]1O
70680305,132282124,C[C@@H]1O[C@@H](OCCCCCC(=O)SCCN=C(O)CCN=C(O)[C@H](O)C(C)(C)COP(=O)(O)OP(=O)(O)OC[C@H]2O[C@@H](n3cnc4c(N)ncnc43)[C@H](O)[C@@H]2OP(=O)(O)O)[C@H](O)C[C@H]1O
70680305,71362816,N=C1N=C(O)C2(N=C(O)N=C2O)N1
86289847,86289694,C[C@H](CCCCCCCCC/C=C/C(=O)O)O[C@@H]1O[C@@H](C)[C@H](O)C[C@H]1O
86289847,5354212,COC(=O)/C=C1/CC[C@H]2[C@@H]3CCC4=CC(=O)CC[C@]4(C)[C@H]3C(=O)C[C@]12C
86289847,70680257,COC(=O)C1=CO[C@@H](O[C@@H]2O[C@H](CO)[C@@H](O)[C@H](O)[C@H]2OC)[C@H]2[C@@H]1[C@@H]1O[C@@H]1[C@@]21C=C(C(=O)c2ccc(OC)c(O)c2)C(=O)O1
5329098,5329102,CCN(CC)CCN=C(O)c1c(C)[nH]c(/C=C2\C(O)=Nc3ccc(F)cc32)c1C
5329098,121596220,CC(C(=O)[O-])C(=O)OC(CC(=O)[O-])C[N+](C)(C)C
5329098,74822,CCCCCCCCCCCCCCCCCCCCCCCCCCCO
5283335,5780,OC[C@@H](O)[C@@H](O)[C@H](O)[C@@H](O)CO
5283335,69212,CC1=CC(=O)C(=O)C=C1O
5283335,124202362,COc1cc2c(=O)c(-c3ccc(O[C@@H]4O[C@H](C(=O)O)[C@@H](O)[C@H](O)[C@H]4O)cc3)coc2cc1O
5353454,44237187,NC(Cc1cc(I)c(Oc2cc(I)c(OS(=O)(=O)O)c(I)c2)c(I)c1)C(=O)[O-]
5353454,23674745,CC(C(=O)[O-])c1ccc(CC2CCCC2=O)cc1.O.O.[Na+]
5353454,56927826,N=C([O-])C1=CN([C@@H]2O[C@H](COP(=O)([O-])OP(=O)(O)OC[C@H]3O[C@@H](n4cnc5c(N)ncnc54)[C@H](OP(=O)([O-])[O-])[C@@H]3O)[C@@H](O)[C@H]2O)[C@H](O)CC1
49792041,25244241,CCCCCCCCCCC[C@@H](O)CC(=O)O[C@@H]1[C@@H](N=C(O)C[C@H](O)CCCCCCCCCCC)[C@H](OC[C@H]2O[C@H](OP(=O)(O)O)[C@H](N=C(O)C[C@H](O)CCCCCCCCCCC)[C@@H](OC(=O)C[C@H](O)CCCCCCCCCCC)[C@@H]2O)O[C@H](CO[C@]2(C(=O)O)C[C@@H](O[C@]3(C(=O)O)C[C@@H](O)[C@@H](O)[C@@H]([C@@H](CO)OP(=O)(O)OCCN)O3)[C@@H](O)[C@@H]([C@H](O)CO)O2)[C@H]1OP(=O)(O)O
49792041,70678725,COC1=C(Br)[C@H](O)[C@@]2(C=C1Br)CC(C(=O)NCCCCNC(=O)C1=NO[C@@]3(C=C(Br)C(=O)[C@H](Br)[C@H]3O)C1)=NO2
49792041,90659076,CC(C)=CCC[C@@H](C)[C@H]1CC[C@H]2C3=C(CC[C@]12C)[C@@]1(C)CC[C@H](O)[C@@H](C(=O)[O-])[C@@H]1CC3
25017464,53239731,CC(O)=N[C@@H]1[C@@H](O[C@@H]2O[C@@H](C)[C@@H](O)[C@@H](O)[C@@H]2O)[C@H](O[C@@H]2O[C@H](CO)[C@@H](O)[C@H](O)[C@H]2N=C(C)O)[C@@H](CO[C@@H]2O[C@@H](C)[C@@H](O)[C@@H](O)[C@@H]2O)O[C@H]1O
25017464,12546498,CCOC(=O)[C@@]1(c2ccccc2)CCC=C[C@@H]1N(C)C
11966219,14212362,Nc1nc(O)nc2c1ncn2[C@@H]1O[C@H](COP(=O)(O)O)[C@@H](O)[C@H]1O
11966219,6433272,C[C@@H]1[C@H](O)[C@@H](C)/C=C/C=C/CC/C=C/C=C/C=C/C=C/C(O[C@H]2O[C@H](C)[C@@H](O)[C@H](N)[C@@H]2O)CC2O[C@](O)(CC(O)C(O)CCC(O)CC(O)CC(O)CC(=O)O[C@H]1C)CC(O)C2C(=O)O
11966219,70680264,CO[C@H]1C[C@H](O[C@H]2CC[C@@]3(C)C(=CC[C@]4(O)[C@@H]3C[C@@H](OC(=O)/C=C(\C)C(C)C)[C@@]3(C)[C@]4(O)CC[C@@]3(O)C(C)=O)C2)O[C@H](C)[C@H]1O
135563672,5780,OC[C@@H](O)[C@@H](O)[C@H](O)[C@@H](O)CO
135563672,5780,OC[C@@H](O)[C@@H](O)[C@H](O)[C@@H](O)CO
135563672,221071,CC1=C2[C@H]3OC(=O)[C@@H](C)[C@@H]3CC[C@@]2(C)C=CC1=O
91766,49859627,COc1cccc2[nH]cc(C/C(=N/OS(=O)(=O)[O-])S[C@@H]3O[C@H](CO)[C@@H](O)[C@H](O)[C@H]3O)c12
91766,25203316,C[C@H](CCC([O-])=NCC(=O)O)[C@H]1CC[C@H]2[C@@H]3CC[C@@H]4C[C@H](O)CC[C@]4(C)[C@H]3C[C@H](O)[C@]12C
25001002,52929771,CCCCCCCCCCCCCCCC/C=C\OC[C@@H](O)COP(=O)(O)O
25001002,10917111,CC(C)[C@@H](C)/C=C/[C@@H](C)[C@H]1CCC2=C3C=CC4=C[C@H](NC(=N)O)CC[C@]4(C)[C@H]3CC[C@@]21C
41693,5354212,COC(=O)/C=C1/CC[C@H]2[C@@H]3CCC4=CC(=O)CC[C@]4(C)[C@H]3C(=O)C[C@]12C
41693,102030,C[C@]12CC[C@H](O)CC1=CC[C@@H]1[C@@H]2CC[C@]2(C)C(=O)[C@H](O)C[C@@H]12
6548,5780,OC[C@@H](O)[C@@H](O)[C@H](O)[C@@H](O)CO
6548,73271,O=C(O)Cc1cc(O)nc(O)n1
6548,5487785,COc1cc2occ(-c3ccc(O)cc3)c(=O)c2c(O)c1OC
70788966,56955923,O=[As]([O-])(O)c1ccccc1
70788966,23674745,CC(C(=O)[O-])c1ccc(CC2CCCC2=O)cc1.O.O.[Na+]
70788966,442426,C[C@@H](C=O)[C@H]1CC[C@H](C)[C@H]1C=O
135438605,5354212,COC(=O)/C=C1/CC[C@H]2[C@@H]3CCC4=CC(=O)CC[C@]4(C)[C@H]3C(=O)C[C@]12C
135438605,25245616,Cc1ncsc1CCOP(=O)([O-])[O-]
71728401,40490621,CC[C@@H]1O[C@@H]1C/C=C\C/C=C\C/C=C\C/C=C\CCCC(=O)[O-]
71728401,5354212,COC(=O)/C=C1/CC[C@H]2[C@@H]3CCC4=CC(=O)CC[C@]4(C)[C@H]3C(=O)C[C@]12C
71728401,18411366,N#P(N)N
70697736,14345637,CCCCC/C=C\C/C=C\C/C=C\C/C=C\CCCC(=O)OC(CO)COC(=O)CCCCCCCCCCCCCCCCC
70697736,348137,O=Cc1c[nH]c2ccccc2c1=O
90624,5780,OC[C@@H](O)[C@@H](O)[C@H](O)[C@@H](O)CO
90624,243,O=C(O)c1ccccc1
90624,10205431,CCC(C)C(=O)c1c(O)c(Cc2c(O)c(C)c(O)c(C(C)=O)c2O)c(O)c2c1OC(C)(C)C=C2
151730,1796510,O=C(O)[C@@H]1CCCNC1
151730,69212,CC1=CC(=O)C(=O)C=C1O
151730,70678533,O=C(O)[C@@H]1O[C@@H](O[C@H]2[C@H](O)[C@@H](NS(=O)(=O)O)[C@@H](O)O[C@@H]2CO)[C@H](O)[C@@H](O)[C@@H]1O
49852349,5780,OC[C@@H](O)[C@@H](O)[C@H](O)[C@@H](O)CO
49852349,69212,CC1=CC(=O)C(=O)C=C1O
49852349,15950376,CNc1ccc(-c2nc3ccc(O)cc3s2)cc1[18F]
56927727,56955923,O=[As]([O-])(O)c1ccccc1
56927727,10825777,NC(Cc1cc(O)c2c(c1)SCC(O)=N2)C(=O)O
56927727,11170991,CC(=O)C(=O)[C@@H](O)CO
72666,6009,Cc1c(N(C)C)c(=O)n(-c2ccccc2)n1C
72666,30951,C=CCOc1ccc(CC(=O)O)cc1Cl
72666,135956784,CC(O)=N[C@@H](Cc1ccc(O)c(N=Nc2ccc(C(=O)O)cc2)c1)C(O)=NCC(O)=NCC(=O)O
51042205,52929771,CCCCCCCCCCCCCCCC/C=C\OC[C@@H](O)COP(=O)(O)O
51042205,240,O=Cc1ccccc1
57339205,5780,OC[C@@H](O)[C@@H](O)[C@H](O)[C@@H](O)CO
57339205,23674745,CC(C(=O)[O-])c1ccc(CC2CCCC2=O)cc1.O.O.[Na+]
57339205,56927880,CCN.O=C(O)C(F)(F)F
3256859,56955923,O=[As]([O-])(O)c1ccccc1
3256859,23674745,CC(C(=O)[O-])c1ccc(CC2CCCC2=O)cc1.O.O.[Na+]
3256859,5460809,N[C@H](C[C]1C=CC(=O)C=C1)C(=O)O
52951052,52950912,C[C@H]1[C@H](C)C[C@H](O)[C@]2(C(=O)O[C@@H]3O[C@H](CO)[C@@H](O)[C@H](O)[C@H]3O)CC[C@]3(C)C(=CC[C@@H]4[C@@]5(C)CC[C@H](O)C(C)(C)[C@@H]5CC[C@]43C)[C@H]12
52951052,71298190,CC(O)=N[C@H]1C(O)O[C@H](CO)[C@H](O)[C@@H]1O[C@@H]1O[C@H](CO)[C@H](O[C@H]2O[C@H](CO)[C@H](O)[C@H](O)[C@H]2O)[C@H](O)[C@H]1O[C@@H]1O[C@@H](C)[C@@H](O)[C@@H](O)[C@@H]1O
52951052,71728441,CCCCCCCC/C=C\CCCCCCCC(=O)OC[C@H](CO)OC(=O)CCCCCCCCCCC
6992378,5780,OC[C@@H](O)[C@@H](O)[C@H](O)[C@@H](O)CO
6992378,56955923,O=[As]([O-])(O)c1ccccc1
6992378,369401,OC1=Nc2ccccc2-c2[nH]c3ccccc3c2C1
30479,56955923,O=[As]([O-])(O)c1ccccc1
30479,440333,N[C@@H](CCC[C@H](N=C(O)CCC(=O)O)C(=O)O)C(=O)O
348137,2763159,CCCCCCCc1[nH]c2ccccc2c(=O)c1O
348137,5780,OC[C@@H](O)[C@@H](O)[C@H](O)[C@@H](O)CO
348137,6993401,C[C@H](N=C(O)[C@@H](N)Cc1c[nH]c2ccccc12)C(=O)O
6327678,5780,OC[C@@H](O)[C@@H](O)[C@H](O)[C@@H](O)CO
6327678,3692773,CC(=O)C[NH3+]
6327678,7084,Cc1cc2nc3ccc(N(C)C)cc3sc-2cc1=[NH2+]
71296168,132282124,C[C@@H]1O[C@@H](OCCCCCC(=O)SCCN=C(O)CCN=C(O)[C@H](O)C(C)(C)COP(=O)(O)OP(=O)(O)OC[C@H]2O[C@@H](n3cnc4c(N)ncnc43)[C@H](O)[C@@H]2OP(=O)(O)O)[C@H](O)C[C@H]1O
71296168,56927709,C[NH2+][C@H]1C[C@@H]([NH3+])[C@H](O)[C@@H](O[C@@H]2O[C@H](CO)[C@H](O)[C@@H]3O[C@]4(O[C@H]23)O[C@H](C([NH3+])CO)[C@H](O)[C@H](O)[C@H]4O)[C@@H]1O
70679167,5780,OC[C@@H](O)[C@@H](O)[C@H](O)[C@@H](O)CO
70679167,70678725,COC1=C(Br)[C@H](O)[C@@]2(C=C1Br)CC(C(=O)NCCCCNC(=O)C1=NO[C@@]3(C=C(Br)C(=O)[C@H](Br)[C@H]3O)C1)=NO2
70679167,5312785,O=C(O)CCCCCCCCCCCCCCCCCCCCCCCCCO
86289647,53380618,O=P(O)(O)OC1[C@@H](OP(=O)(O)O)[C@H](OP(=O)(O)OP(=O)(O)O)C(O)[C@H](OP(=O)(O)OP(=O)(O)O)[C@H]1OP(=O)(O)O
86289647,70678725,COC1=C(Br)[C@H](O)[C@@]2(C=C1Br)CC(C(=O)NCCCCNC(=O)C1=NO[C@@]3(C=C(Br)C(=O)[C@H](Br)[C@H]3O)C1)=NO2
86289647,75810,Cn1cnc(CC(=O)O)c1
70678583,6433272,C[C@@H]1[C@H](O)[C@@H](C)/C=C/C=C/CC/C=C/C=C/C=C/C=C/C(O[C@H]2O[C@H](C)[C@@H](O)[C@H](N)[C@@H]2O)CC2O[C@](O)(CC(O)C(O)CCC(O)CC(O)CC(O)CC(=O)O[C@H]1C)CC(O)C2C(=O)O
70678583,98285,O=C(O)C1Cc2c([nH]c3ccccc23)CN1
11213569,49859627,COc1cccc2[nH]cc(C/C(=N/OS(=O)(=O)[O-])S[C@@H]3O[C@H](CO)[C@@H](O)[C@H](O)[C@H]3O)c12
11213569,439276,O=P(O)(O)OC[C@@H](O)CO
70813,56955923,O=[As]([O-])(O)c1ccccc1
70813,54900,Cl.O=C(c1ccc(OCCN2CCCCC2)cc1)c1c(-c2ccc(O)cc2)sc2cc(O)ccc12
11322503,10825777,NC(Cc1cc(O)c2c(c1)SCC(O)=N2)C(=O)O
11322503,8093,CCCCCCC(C)=O
5706736,11968038,CCCCCCCCCCCCCCCCCCN1C(=CC=CC2=[N+](CCCCCCCCCCCCCCCCCC)c3ccccc3C2(C)C)C(C)(C)c2ccccc21.[O-][Cl+3]([O-])([O-])[O-]
5706736,70678725,COC1=C(Br)[C@H](O)[C@@]2(C=C1Br)CC(C(=O)NCCCCNC(=O)C1=NO[C@@]3(C=C(Br)C(=O)[C@H](Br)[C@H]3O)C1)=NO2
5706736,57483975,N.O=C(O)Cc1c(Cl)ccc(Cl)c1Cl
44593871,86290192,N=c1ccn([C@@H]2O[C@H](COP(=O)(O)O)[C@@H](O)[C@H]2O)c(=NCCCC[C@H](N)C(=O)O)[nH]1
44593871,5354212,COC(=O)/C=C1/CC[C@H]2[C@@H]3CCC4=CC(=O)CC[C@]4(C)[C@H]3C(=O)C[C@]12C
44593871,17106,C[C@@H]1OC(O)[C@@H](O)[C@H](O)[C@@H]1O
3538644,54684684,O=C(O)c1cc(O)c2cccc([O-])c2n1
3538644,5780,OC[C@@H](O)[C@@H](O)[C@H](O)[C@@H](O)CO
3538644,30479,CSc1nnc(C(C)(C)C)c(=O)n1N
51399521,86289694,C[C@H](CCCCCCCCC/C=C/C(=O)O)O[C@@H]1O[C@@H](C)[C@H](O)C[C@H]1O
51399521,23674745,CC(C(=O)[O-])c1ccc(CC2CCCC2=O)cc1.O.O.[Na+]
51399521,86289252,CCCCCCCCCCCCCCCCCCOCC(=O)COP(=O)([O-])[O-]
53262364,132282124,C[C@@H]1O[C@@H](OCCCCCC(=O)SCCN=C(O)CCN=C(O)[C@H](O)C(C)(C)COP(=O)(O)OP(=O)(O)OC[C@H]2O[C@@H](n3cnc4c(N)ncnc43)[C@H](O)[C@@H]2OP(=O)(O)O)[C@H](O)C[C@H]1O
53262364,70678630,[NH3+]CCCNCC[C@H]([NH3+])C(=O)O
25320183,14212362,Nc1nc(O)nc2c1ncn2[C@@H]1O[C@H](COP(=O)(O)O)[C@@H](O)[C@H]1O
25320183,49859627,COc1cccc2[nH]cc(C/C(=N/OS(=O)(=O)[O-])S[C@@H]3O[C@H](CO)[C@@H](O)[C@H](O)[C@H]3O)c12
25320183,45266906,Cl.NCCCCCCN=C(O)CC1C(=O)N(c2ccccc2)N(c2ccccc2)C1=O
86289266,14212362,Nc1nc(O)nc2c1ncn2[C@@H]1O[C@H](COP(=O)(O)O)[C@@H](O)[C@H]1O
86289266,132282124,C[C@@H]1O[C@@H](OCCCCCC(=O)SCCN=C(O)CCN=C(O)[C@H](O)C(C)(C)COP(=O)(O)OP(=O)(O)OC[C@H]2O[C@@H](n3cnc4c(N)ncnc43)[C@H](O)[C@@H]2OP(=O)(O)O)[C@H](O)C[C@H]1O
86289266,122391271,NCCO[C@@H]1O[C@H](CO)[C@@H](O[C@@H]2O[C@H](C(=O)O)[C@@H](O)[C@H](O)[C@H]2O)[C@H](O)[C@H]1O
68159338,56955923,O=[As]([O-])(O)c1ccccc1
68159338,5780,OC[C@@H](O)[C@@H](O)[C@H](O)[C@@H](O)CO
68159338,70856898,CCCCCCCCCCCN1CC(C)OC(C)C1
6917852,53239731,CC(O)=N[C@@H]1[C@@H](O[C@@H]2O[C@@H](C)[C@@H](O)[C@@H](O)[C@@H]2O)[C@H](O[C@@H]2O[C@H](CO)[C@@H](O)[C@H](O)[C@H]2N=C(C)O)[C@@H](CO[C@@H]2O[C@@H](C)[C@@H](O)[C@@H](O)[C@@H]2O)O[C@H]1O
6917852,25190944,CC/C=C\C[C@@H]1C(=O)CC[C@@H]1CC(O)=N[C@H](C(=O)O)[C@@H](C)CC
9860695,23674745,CC(C(=O)[O-])c1ccc(CC2CCCC2=O)cc1.O.O.[Na+]
9860695,52951052,CC1(C)CC[C@]2(C(=O)O[C@@H]3O[C@H](CO)[C@@H](O)[C@H](O)[C@H]3O)CC[C@]3(C)C(=CC[C@@H]4[C@@]5(C)C[C@@H](O)[C@H](O)[C@@](C)(CO)[C@@H]5CC[C@]43C)[C@@H]2C1
23670851,6558437,O=C(O)[C@H]1CNCCN1
23670851,5354212,COC(=O)/C=C1/CC[C@H]2[C@@H]3CCC4=CC(=O)CC[C@]4(C)[C@H]3C(=O)C[C@]12C
23670851,9908783,Cc1ccccc1-n1c(Cn2cnc3c(N)ncnc32)nc2cccc(C)c2c1=O
18608320,90659804,CCCCCCCC/C=C\CCCCCCCCCCCCCC(O)=N[C@@H](CO[C@@H]1O[C@H](CO)[C@@H](O[C@@H]2O[C@H](CO)[C@H](O[C@H]3O[C@H](CO)[C@H](O)[C@H](O)[C@H]3O)[C@H](O)[C@H]2O)[C@H](O)[C@H]1O)[C@H](O)/C=C/CCCCCCCCCCCCC
18608320,440649,Cc1ncc(C[n+]2c(C(O)CCC(=O)O)sc(CCOP(=O)(O)OP(=O)(O)O)c2C)c(=N)[nH]1
18608320,5780,OC[C@@H](O)[C@@H](O)[C@H](O)[C@@H](O)CO
2832487,14345637,CCCCC/C=C\C/C=C\C/C=C\C/C=C\CCCC(=O)OC(CO)COC(=O)CCCCCCCCCCCCCCCCC
2832487,53239770,CC(O)=N[C@H]1[C@@H](O[C@H]2[C@@H](O)[C@@H](CO)O[C@@H](O[C@H]3[C@H](O)[C@@H](N=C(C)O)C(O)O[C@@H]3CO)[C@@H]2O[C@@H]2O[C@@H](C)[C@@H](O)[C@@H](O)[C@@H]2O)O[C@H](CO)[C@H](O)[C@@H]1O
139600853,52929771,CCCCCCCCCCCCCCCC/C=C\OC[C@@H](O)COP(=O)(O)O
139600853,25112180,COC(=O)C1=C2Nc3cc(OC)c(O)cc3[C@@]23CCN2CC[C@@H]4OCC[C@]4(C1)[C@H]23
5283118,3246853,O=C(O)CCCCC(=O)CC[C@@H]1[C@@H](CCC(=O)O)[C@@H](O)C[C@H]1O
5283118,5354212,COC(=O)/C=C1/CC[C@H]2[C@@H]3CCC4=CC(=O)CC[C@]4(C)[C@H]3C(=O)C[C@]12C
5283118,91859299,C[C@@H]1O[C@@H](O[C@H]2[C@H](O)[C@@H](O)[C@@H](O)O[C@@H]2CO)[C@@H](O)[C@H](O)[C@@H]1O
70698323,132282124,C[C@@H]1O[C@@H](OCCCCCC(=O)SCCN=C(O)CCN=C(O)[C@H](O)C(C)(C)COP(=O)(O)OP(=O)(O)OC[C@H]2O[C@@H](n3cnc4c(N)ncnc43)[C@H](O)[C@@H]2OP(=O)(O)O)[C@H](O)C[C@H]1O
70698323,5461003,CCCCC/C=C\C/C=C\C/C=C\CCCCC(=O)[O-]
6466,5354212,COC(=O)/C=C1/CC[C@H]2[C@@H]3CCC4=CC(=O)CC[C@]4(C)[C@H]3C(=O)C[C@]12C
6466,70678600,CCCCCCCCCCCCCCCCCCCCCCC(O)C(O)=N[C@@H](COP(=O)(O)O[C@@H]1[C@H](O)[C@H](O)[C@@H](O)[C@H](O)[C@H]1O[C@@H]1O[C@H](COP(=O)(O)OC2[C@H](O)[C@H](O)C(O)[C@H](O)[C@H]2O)[C@@H](O)[C@H](O)[C@@H]1O)[C@H](O)CCCCCCCCCCCCCCC
82050,5780,OC[C@@H](O)[C@@H](O)[C@H](O)[C@@H](O)CO
82050,137547,C#CCC(=O)O
82050,86289598,C[C@]12CC(=O)[C@H]3[C@@H](CCC4=CC(=O)CC[C@@]43C)[C@@H]1CC[C@@H]2C(=O)C=O
25244241,49792041,N[C@H]1[C@H](OC[C@H]2O[C@H](OP(=O)(O)O)[C@H](N)[C@@H](O)[C@@H]2O)O[C@H](CO[C@]2(C(=O)O)C[C@@H](O[C@]3(C(=O)O)C[C@@H](O)[C@@H](O)[C@@H]([C@H](O)CO)O3)[C@@H](O)[C@@H]([C@H](O)CO)O2)[C@@H](O)[C@@H]1O
25244241,51041863,CCCCCCCCCCCCC/C=C/[C@@H](O)[C@H](CO[C@@H]1O[C@H](CO)[C@@H](O[C@@H]2O[C@H](CO)[C@H](O[C@@H]3O[C@H](CO)[C@H](O)[C@H](O)[C@H]3N=C(C)O)[C@H](O[C@@H]3O[C@H](CO)[C@@H](O)[C@H](O[C@@H]4O[C@H](CO)[C@H](O[C@@H]5O[C@H](CO)[C@H](O)[C@H](O)[C@H]5N=C(C)O)[C@H](O[C@]5(C(=O)O)C[C@H](O)[C@@H](N=C(C)O)[C@H]([C@H](O)[C@H](O)CO)O5)[C@H]4O)[C@H]3N=C(C)O)[C@H]2O)[C@H](O)[C@H]1O)N=C(O)CCCCCCCCCCCCCCCCC
25244241,53354912,C=C[C@@H](c1ccc(OC)c(O)c1)c1cc(O)c(OC)cc1O
14274761,70698038,COc1cc([C@H](O)[C@H](CO)Oc2ccc(C(=O)O)cc2OC)ccc1O
14274761,5354212,COC(=O)/C=C1/CC[C@H]2[C@@H]3CCC4=CC(=O)CC[C@]4(C)[C@H]3C(=O)C[C@]12C
14274761,135659033,CC(C)(S)[C@@H](N=Cc1nc(Cc2ccccc2)oc1O)C(=O)O
123985,40490621,CC[C@@H]1O[C@@H]1C/C=C\C/C=C\C/C=C\C/C=C\CCCC(=O)[O-]
123985,5354212,COC(=O)/C=C1/CC[C@H]2[C@@H]3CCC4=CC(=O)CC[C@]4(C)[C@H]3C(=O)C[C@]12C
123985,10461,ClCCSCCCl
49852400,14345637,CCCCC/C=C\C/C=C\C/C=C\C/C=C\CCCC(=O)OC(CO)COC(=O)CCCCCCCCCCCCCCCCC
49852400,121225546,CCCCCCCCCCCCC/C=C/[C@@H](O)[C@H](CO[C@@H]1O[C@H](CO)[C@H](O)[C@H](OS(=O)(=O)O)[C@H]1O)N=C([O-])CCCCCCCCCCCCCCCCC
12310812,13284402,O=CC(=O)c1c[nH]c2ccccc12
12310812,56955923,O=[As]([O-])(O)c1ccccc1
12310812,51041530,CCCC1=CC2=C(CO1)C(=O)[C@](C)(OC(=O)c1c(C)cc(O)c(O)c1OC)[C@H](O)C2
13895495,5780,OC[C@@H](O)[C@@H](O)[C@H](O)[C@@H](O)CO
13895495,5780,OC[C@@H](O)[C@@H](O)[C@H](O)[C@@H](O)CO
13895495,18608320,CCO[C@@H]1O[C@H](CO)[C@@H](O[C@@H]2O[C@H](CO)[C@H](O[C@H]3O[C@H](CO)[C@H](O)[C@H](O)[C@H]3O)[C@H](O)[C@H]2O)[C@H](O)[C@H]1N=C(C)O
244872,5780,OC[C@@H](O)[C@@H](O)[C@H](O)[C@@H](O)CO
244872,5354212,COC(=O)/C=C1/CC[C@H]2[C@@H]3CCC4=CC(=O)CC[C@]4(C)[C@H]3C(=O)C[C@]12C
244872,11106,Cc1cc2nc3ccc(N(C)C)cc3nc2cc1N
132472315,5780,OC[C@@H](O)[C@@H](O)[C@H](O)[C@@H](O)CO
132472315,5354212,COC(=O)/C=C1/CC[C@H]2[C@@H]3CCC4=CC(=O)CC[C@]4(C)[C@H]3C(=O)C[C@]12C
132472315,71581011,CCCCCCCC/C=C\CCCCCCCCCC(=O)SCCN=C([O-])CCN=C([O-])[C@H](O)C(C)(C)COP(=O)(O)OP(=O)(O)OC[C@H]1O[C@@H](n2cnc3c(N)ncnc32)[C@H](O)[C@@H]1OP(=O)([O-])[O-]
168718,70678725,COC1=C(Br)[C@H](O)[C@@]2(C=C1Br)CC(C(=O)NCCCCNC(=O)C1=NO[C@@]3(C=C(Br)C(=O)[C@H](Br)[C@H]3O)C1)=NO2
168718,6857436,CC(C)=CCC/C(C)=C/CC/C(C)=C/CC[C@]1(C)CCc2cc(O)ccc2O1
7058116,173745,O=C1OC2(c3ccc(N=C=S)cc31)c1cc(Br)c(O)c(Br)c1Oc1c2cc(Br)c(O)c1Br
7058116,440649,Cc1ncc(C[n+]2c(C(O)CCC(=O)O)sc(CCOP(=O)(O)OP(=O)(O)O)c2C)c(=N)[nH]1
7058116,439524,CC(C)C[C@@H](N)C(=O)O
9546810,5780,OC[C@@H](O)[C@@H](O)[C@H](O)[C@@H](O)CO
9546810,53239731,CC(O)=N[C@@H]1[C@@H](O[C@@H]2O[C@@H](C)[C@@H](O)[C@@H](O)[C@@H]2O)[C@H](O[C@@H]2O[C@H](CO)[C@@H](O)[C@H](O)[C@H]2N=C(C)O)[C@@H](CO[C@@H]2O[C@@H](C)[C@@H](O)[C@@H](O)[C@@H]2O)O[C@H]1O
9546810,445675,CC(O)=N[C@H]1[C@@H](OP(=O)(O)OP(=O)(O)OC[C@H]2O[C@@H](n3ccc(O)nc3=O)[C@H](O)[C@@H]2O)O[C@H](CO)[C@@H](O)[C@@H]1O
135659033,5354212,COC(=O)/C=C1/CC[C@H]2[C@@H]3CCC4=CC(=O)CC[C@]4(C)[C@H]3C(=O)C[C@]12C
135659033,6917852,O=C([O-])Cc1cn(-c2ccccc2)nc1-c1ccc(Cl)cc1.O=C([O-])Cc1cn(-c2ccccc2)nc1-c1ccc(Cl)cc1.[Ca+2]
135398595,135398596,N=c1nc([O-])c2ncn([C@H]3C[C@H](O)[C@@H](COP(=O)([O-])O)O3)c2[nH]1
135398595,52929771,CCCCCCCCCCCCCCCC/C=C\OC[C@@H](O)COP(=O)(O)O
135398595,119219,O=CCc1ccc(O)c(O)c1
11769495,5780,OC[C@@H](O)[C@@H](O)[C@H](O)[C@@H](O)CO
11769495,135563649,CC[C@H](C)[C@H]1C(=O)OC2c3cc(C)cc(O)c3C3=C(C(=O)c4c(O)cccc4C3=O)N21
13984470,49859627,COc1cccc2[nH]cc(C/C(=N/OS(=O)(=O)[O-])S[C@@H]3O[C@H](CO)[C@@H](O)[C@H](O)[C@H]3O)c12
13984470,9853053,OC(=NC1CCN(CCCCC2(C(O)=NCC(F)(F)F)c3ccccc3-c3ccccc32)CC1)c1ccccc1-c1ccc(C(F)(F)F)cc1
90659852,134160296,CSC[C@H]1O[C@H](O[C@H]2[C@H](O)[C@H](O)[C@@H](OC[C@H]3O[C@@H](O[C@@H]4[C@@H](OC[C@H]5O[C@H](OC[C@H]6OC(O)[C@@H](O)[C@@H]6O)[C@@H](O)[C@@H]5O[C@H]5O[C@H](CO)[C@@H](O)[C@@H]5O[C@@H]5O[C@H](CO)[C@@H](O)[C@@H]5O)O[C@H](CO)[C@H]4O)[C@@H](O)[C@@H]3O)O[C@@H]2CO)[C@H](O)[C@H]1O
90659852,10922936,COc1cc(/C=C/C=O)cc(OC)c1OC(C)=O
16070023,5780,OC[C@@H](O)[C@@H](O)[C@H](O)[C@@H](O)CO
16070023,23674745,CC(C(=O)[O-])c1ccc(CC2CCCC2=O)cc1.O.O.[Na+]
16070023,45480539,COCCO[C@@H](C)CO[C@H](C)CO[C@H](C)CO[C@H](C)CO[C@@H](C)CO[C@@H](C)CO[C@H](C)CO[C@H](C)COC[C@H](C)N
146170797,56955923,O=[As]([O-])(O)c1ccccc1
146170797,8501,O=C(Cl)c1ccc(Cl)cc1
5280372,10914066,O=C(O)c1cc(O[C@@H]2O[C@H](CO)[C@@H](O)[C@H](O)[C@H]2O)ccc1O
5280372,5354212,COC(=O)/C=C1/CC[C@H]2[C@@H]3CCC4=CC(=O)CC[C@]4(C)[C@H]3C(=O)C[C@]12C
5280372,45266885,CCC[N+](CC)(CC)CCOC(=O)C(c1ccccc1)c1ccccc1
135563708,54686804,CCCCCc1cc(O)cc(=O)o1
135563708,56955923,O=[As]([O-])(O)c1ccccc1
135563708,56659293,CCCCCCCC/C=C\CCCCCCCC(=O)OCCCc1cc(OC)c2oc(-c3ccc4c(c3)OCO4)cc2c1
3034394,23674745,CC(C(=O)[O-])c1ccc(CC2CCCC2=O)cc1.O.O.[Na+]
3034394,92946,C[C@H](N)C(O)=N[C@@H](Cc1ccc(O)cc1)C(=O)O
6992044,5780,OC[C@@H](O)[C@@H](O)[C@H](O)[C@@H](O)CO
6992044,243,O=C(O)c1ccccc1
6992044,92097,CC1(C)CC[C@]2(C)CC=C3[C@]4(C)CC[C@H]5C(C)(C)[C@@H](O)CC[C@]5(C)[C@H]4CC[C@@]3(C)[C@@H]2C1
4079728,49859627,COc1cccc2[nH]cc(C/C(=N/OS(=O)(=O)[O-])S[C@@H]3O[C@H](CO)[C@@H](O)[C@H](O)[C@H]3O)c12
4079728,85519,CSCCCOC(C)=O
71581204,53380618,O=P(O)(O)OC1[C@@H](OP(=O)(O)O)[C@H](OP(=O)(O)OP(=O)(O)O)C(O)[C@H](OP(=O)(O)OP(=O)(O)O)[C@H]1OP(=O)(O)O
71581204,70678725,COC1=C(Br)[C@H](O)[C@@]2(C=C1Br)CC(C(=O)NCCCCNC(=O)C1=NO[C@@]3(C=C(Br)C(=O)[C@H](Br)[C@H]3O)C1)=NO2
71581204,24900162,COc1ccc2c(C[C@@H]3N=C(O)[C@@H]4CCCN4C3=O)c(C(=O)C=C(C)C)[nH]c2c1
5283833,121596228,C[C@]12CC[C@H](OS(=O)(=O)[O-])C[C@@H]1CC[C@@H]1[C@@H]2CC[C@]2(C)[C@@H](OS(=O)(=O)[O-])CC[C@@H]12
5283833,5354212,COC(=O)/C=C1/CC[C@H]2[C@@H]3CCC4=CC(=O)CC[C@]4(C)[C@H]3C(=O)C[C@]12C
5283833,52923465,CCCCCCCCCCCCCCCCCCCCCC(=O)OC[C@H](COP(=O)([O-])OCC[N+](C)(C)C)OC(=O)CCCCCCCCCCCCCCCCCCC
92145,11560992,CC[C@H](C[C@@H](O)[C@@H](C)[C@H]1CC[C@H]2[C@@H]3CCC4=CC(=O)CC[C@]4(C)[C@H]3CC[C@]12C)C(C)C
92145,5354212,COC(=O)/C=C1/CC[C@H]2[C@@H]3CCC4=CC(=O)CC[C@]4(C)[C@H]3C(=O)C[C@]12C
92145,69435,C[C@H](O)[C@@H](N)C(=O)O
136351794,56955923,O=[As]([O-])(O)c1ccccc1
136351794,30951,C=CCOc1ccc(CC(=O)O)cc1Cl
136351794,23656876,Cc1cc(N=c2cc[nH]cc2S(=O)(=O)NC(O)=NC(C)C)ccc1O
45266553,14212362,Nc1nc(O)nc2c1ncn2[C@@H]1O[C@H](COP(=O)(O)O)[C@@H](O)[C@H]1O
45266553,70678725,COC1=C(Br)[C@H](O)[C@@]2(C=C1Br)CC(C(=O)NCCCCNC(=O)C1=NO[C@@]3(C=C(Br)C(=O)[C@H](Br)[C@H]3O)C1)=NO2
45266553,136249538,CC([O-])=N[C@H]1[C@H](O)[C@H](O)[C@@H](OP(=O)(O)OP(=O)(O)OC[C@H]2O[C@@H](n3cnc4c([O-])nc(=N)[nH]c43)[C@H](O)[C@@H]2O)O[C@@H]1C
71296212,10825777,NC(Cc1cc(O)c2c(c1)SCC(O)=N2)C(=O)O
71296212,53262277,[O]C1=C([O-])[C@@H]([C@@H](O)CO)OC1=O
5460407,5780,OC[C@@H](O)[C@@H](O)[C@H](O)[C@@H](O)CO
5460407,69212,CC1=CC(=O)C(=O)C=C1O
5460407,71306370,Cc1cn([C@H]2C[C@H](OP(=O)(O)OC[C@H]3O[C@@H](n4cc(C)c(O)nc4=O)C[C@@H]3OP(=O)(O)OC[C@H]3O[C@@H](n4cc(C)c(O)nc4=O)C[C@@H]3OP(=O)(O)OC[C@H]3O[C@@H](n4cc(C)c(O)nc4=O)C[C@@H]3OP(=O)(O)OC[C@H]3O[C@@H](n4cc(C)c(O)nc4=O)C[C@@H]3O)[C@@H](COP(=O)(O)O)O2)c(=O)nc1O
439268,86289694,C[C@H](CCCCCCCCC/C=C/C(=O)O)O[C@@H]1O[C@@H](C)[C@H](O)C[C@H]1O
439268,279,N=C(O)NC(CC(=O)O)C(=O)O
439268,121490127,CCCCC/C=C\C=C\[C@@H](CCCCCCCC(=O)OC)OO
57339321,44263323,CC(C)CCC[C@@H](C)[C@H]1CC[C@H]2C3=C(CC[C@]12C)[C@@]1(C)CCC(=O)[C@@H](C)[C@@H]1CC3
57339321,52929771,CCCCCCCCCCCCCCCC/C=C\OC[C@@H](O)COP(=O)(O)O
57339321,5460285,O=C([O-])CCC(C(=O)[O-])C(O)C(=O)[O-]
91855404,91855999,CC(O)=N[C@H]1[C@H](OC[C@H]2OC(O)[C@H](N=C(C)O)[C@@H](O)[C@H]2O)O[C@H](CO)[C@@H](O)[C@@H]1O[C@@H]1O[C@@H](C)[C@@H](O)[C@@H](O)[C@@H]1O
91855404,49859627,COc1cccc2[nH]cc(C/C(=N/OS(=O)(=O)[O-])S[C@@H]3O[C@H](CO)[C@@H](O)[C@H](O)[C@H]3O)c12
91855404,11966219,CC(O)(CC(=O)SCCN=C(O)CCN=C(O)[C@H](O)C(C)(C)COP(=O)(O)OP(=O)(O)OC[C@H]1O[C@@H](n2cnc3c(N)ncnc32)[C@H](O)[C@@H]1OP(=O)(O)O)C(=O)O
6993205,65070,O=c1nc(O)ccn1[C@H]1C[C@H](O)[C@@H](COP(=O)(O)OP(=O)(O)OP(=O)(O)O)O1
6993205,23674745,CC(C(=O)[O-])c1ccc(CC2CCCC2=O)cc1.O.O.[Na+]
6993205,118634407,COc1ccccc1[C@@H](NS(=O)(=O)c1ccc2[nH]c(=O)ccc2c1)C(=O)N(Cc1ccco1)Cc1cccs1
52951747,70678725,COC1=C(Br)[C@H](O)[C@@]2(C=C1Br)CC(C(=O)NCCCCNC(=O)C1=NO[C@@]3(C=C(Br)C(=O)[C@H](Br)[C@H]3O)C1)=NO2
52951747,6436223,CO/C1=C\C(C)=C\[C@@H](C)[C@@H](O)[C@@H](C)C/C(C)=C/C=C/[C@H](OC)[C@@H]([C@@H](C)[C@@H](O)[C@H](C)[C@@]2(O)C[C@@H](O)[C@H](C)[C@@H](C(C)C)O2)OC1=O
9153,10825777,NC(Cc1cc(O)c2c(c1)SCC(O)=N2)C(=O)O
9153,44593590,CC1=CC(=O)[C@@H](O)[C@]2(C)[C@H]3[C@@H](O)[C@H](O)[C@@]4(C)OC[C@@]35[C@@H](C[C@@H]12)OC(=O)[C@H](O)[C@@H]45
15842091,56955923,O=[As]([O-])(O)c1ccccc1
15842091,10825777,NC(Cc1cc(O)c2c(c1)SCC(O)=N2)C(=O)O
15842091,15938961,Cc1ncc(C[n+]2csc(CCOP(=O)([O-])OP(=O)([O-])OP(=O)([O-])OC[C@H]3O[C@@H](n4cnc5c(N)ncnc54)[C@H](O)[C@@H]3O)c2C)c(=N)[nH]1
131801254,49859627,COc1cccc2[nH]cc(C/C(=N/OS(=O)(=O)[O-])S[C@@H]3O[C@H](CO)[C@@H](O)[C@H](O)[C@H]3O)c12
131801254,69248,O=C(O)[C@@H]1CC(O)CN1
262,5780,OC[C@@H](O)[C@@H](O)[C@H](O)[C@@H](O)CO
262,137547,C#CCC(=O)O
262,135903081,CC1(CCCC(=O)[O-])C(=CC=Cc2cc(-c3ccccc3)[o+]c3cc4c(cc23)C(CS(=O)(=O)O)=CC(C)(C)N4CCCS(=O)(=O)[O-])N(CCCS(=O)(=O)[O-])c2ccc(S(=O)(=O)[O-])cc21.[Na+].[Na+].[Na+]
70678695,91851125,CO[C@H]1[C@@H](O)[C@@H](CO)O[C@@H](O[C@H]2[C@H](O)[C@@H](N=C(C)O)C(O)O[C@@H]2CO)[C@@H]1O[C@@H]1O[C@@H](C)[C@@H](O)[C@@H](O)[C@@H]1O
70678695,440649,Cc1ncc(C[n+]2c(C(O)CCC(=O)O)sc(CCOP(=O)(O)OP(=O)(O)O)c2C)c(=N)[nH]1
70678695,59768,COC(=O)CCc1ccc(OCC(O)CNC(C)C)cc1
71491931,134160296,CSC[C@H]1O[C@H](O[C@H]2[C@H](O)[C@H](O)[C@@H](OC[C@H]3O[C@@H](O[C@@H]4[C@@H](OC[C@H]5O[C@H](OC[C@H]6OC(O)[C@@H](O)[C@@H]6O)[C@@H](O)[C@@H]5O[C@H]5O[C@H](CO)[C@@H](O)[C@@H]5O[C@@H]5O[C@H](CO)[C@@H](O)[C@@H]5O)O[C@H](CO)[C@H]4O)[C@@H](O)[C@@H]3O)O[C@@H]2CO)[C@H](O)[C@H]1O
71491931,25085695,[39Ar]
70697724,44593590,CC1=CC(=O)[C@@H](O)[C@]2(C)[C@H]3[C@@H](O)[C@H](O)[C@@]4(C)OC[C@@]35[C@@H](C[C@@H]12)OC(=O)[C@H](O)[C@@H]45
70697724,440649,Cc1ncc(C[n+]2c(C(O)CCC(=O)O)sc(CCOP(=O)(O)OP(=O)(O)O)c2C)c(=N)[nH]1
70697724,14355116,C/C=C/CCCCc1c(O)cc(CC=C(C)C)c(O)c1C=O
7824,5780,OC[C@@H](O)[C@@H](O)[C@H](O)[C@@H](O)CO
7824,69212,CC1=CC(=O)C(=O)C=C1O
7824,67495,c1ccc2c(c1)Cc1ccccc1S2
6674,52929771,CCCCCCCCCCCCCCCC/C=C\OC[C@@H](O)COP(=O)(O)O
6674,3485262,CN(C)C(=S)[S-].CN(C)C(=S)[S-].[Zn+2]
14145,56955923,O=[As]([O-])(O)c1ccccc1
14145,5354212,COC(=O)/C=C1/CC[C@H]2[C@@H]3CCC4=CC(=O)CC[C@]4(C)[C@H]3C(=O)C[C@]12C
14145,3016406,NN1CC(CN2CCOCC2)OC1=O
45266517,5362065,C=CC1=C(C(=O)O)N2C(=O)[C@@H](N=C(O)/C(=N\OCC(=O)O)c3csc(=N)[nH]3)[C@H]2SC1
45266517,5354212,COC(=O)/C=C1/CC[C@H]2[C@@H]3CCC4=CC(=O)CC[C@]4(C)[C@H]3C(=O)C[C@]12C
45266517,13586798,COc1cc(C#N)nc(-c2ccccn2)c1
126456457,49859627,COc1cccc2[nH]cc(C/C(=N/OS(=O)(=O)[O-])S[C@@H]3O[C@H](CO)[C@@H](O)[C@H](O)[C@H]3O)c12
126456457,53239747,Cc1cccc(C[C@H](N=C(O)CN=C(O)[C@H](C)N=C(O)[C@H](Cc2cscn2)N=C(O)CN)C(O)=N[C@@H](CC[C@H](CN)O[C@@H]2O[C@H](CO)[C@H](O)[C@H](O)[C@H]2O)C(O)=NCC(O)=N[C@@H](CCC(=O)O)C(O)=N[C@@H](CCC(=N)O)C(O)=NCC(=O)N2CCC[C@H]2C(O)=N[C@@H](CCCCN)C(O)=NCC(O)=N[C@@H](CCC(=O)O)C(O)=N[C@H](C(=O)O)[C@@H](C)O)c1
65679,5354212,COC(=O)/C=C1/CC[C@H]2[C@@H]3CCC4=CC(=O)CC[C@]4(C)[C@H]3C(=O)C[C@]12C
65679,165000,O=c1cc2oc(-c3ccc(O)c(O)c3)c(O[C@@H]3O[C@H](CO)[C@@H](O)[C@H](O)[C@H]3O)cc-2c(O[C@@H]2O[C@H](CO)[C@@H](O)[C@H](O)[C@H]2O)c1
129626762,5780,OC[C@@H](O)[C@@H](O)[C@H](O)[C@@H](O)CO
129626762,49859627,COc1cccc2[nH]cc(C/C(=N/OS(=O)(=O)[O-])S[C@@H]3O[C@H](CO)[C@@H](O)[C@H](O)[C@H]3O)c12
129626762,91859771,OC[C@H]1O[C@@H](OC[C@H]2O[C@@H](O)[C@H](O)[C@@H](O)[C@@H]2O[C@H]2O[C@H](CO)[C@@H](O)[C@H](O)[C@H]2O)[C@H](O)[C@@H](O)[C@@H]1O
9966861,5780,OC[C@@H](O)[C@@H](O)[C@H](O)[C@@H](O)CO
9966861,23674745,CC(C(=O)[O-])c1ccc(CC2CCCC2=O)cc1.O.O.[Na+]
9966861,71581172,CCCCC/C=C\C/C=C\C/C=C\C/C=C\CCCCCCCCCCCCCCCC(=O)SCCN=C([O-])CCN=C([O-])[C@H](O)C(C)(C)COP(=O)(O)OP(=O)(O)OC[C@H]1O[C@@H](n2cnc3c(N)ncnc32)[C@H](O)[C@@H]1OP(=O)([O-])[O-]
46878496,86289694,C[C@H](CCCCCCCCC/C=C/C(=O)O)O[C@@H]1O[C@@H](C)[C@H](O)C[C@H]1O
46878496,53239760,C[C@H](N=C(O)[C@H](CCC(=N)O)N=C(O)CN)C(O)=NCC(O)=N[C@@H](Cc1cscn1)C(O)=N[C@@H](CC[C@H](CN)O[C@@H]1O[C@H](CO)[C@H](O)[C@H](O)[C@H]1O)C(O)=NCC(O)=N[C@@H](CCC(=O)O)C(O)=N[C@@H](CCC(=N)O)C(O)=NCC(=O)N1CCC[C@H]1C(O)=N[C@@H](CCCCN)C(O)=NCC(O)=N[C@@H](CCC(=O)O)C(O)=N[C@H](C(=O)O)[C@@H](C)O
46878496,10403490,CC(C)c1cc2c(c(O)c1O)[C@@]1(C)CCCC(C)(C)[C@@H]1CC2=O
1796510,151730,O=C(O)C1CCC(O)CN1
1796510,69212,CC1=CC(=O)C(=O)C=C1O
1796510,138911135,C[C@@H]1O[C@@H](Oc2c(-c3cc(O)c(O)c(O)c3)oc3cc([O-])cc(O)c3c2=O)[C@H](O[C@@H]2O[C@H](COC(=O)/C=C/c3ccc([O-])cc3)[C@@H](O)[C@H](O)[C@H]2O)[C@H](O)[C@H]1O
15558376,12309527,C[C@]12CC[C@@H](O)C[C@H]1CC[C@@H]1[C@@H]2C[C@@H](O)[C@]2(C)[C@@H](C3=CC(=O)OC3)CC[C@]12O
15558376,52929771,CCCCCCCCCCCCCCCC/C=C\OC[C@@H](O)COP(=O)(O)O
15558376,91855664,OC[C@@H](O)[C@@H]1OC(O)[C@H](O)[C@H]1O[C@H]1O[C@H](CO)[C@H](O[C@H]2O[C@H](CO)[C@H](O)[C@H](O)[C@H]2O)[C@H](O)[C@H]1O
642376,5780,OC[C@@H](O)[C@@H](O)[C@H](O)[C@@H](O)CO
642376,86289598,C[C@]12CC(=O)[C@H]3[C@@H](CCC4=CC(=O)CC[C@@]43C)[C@@H]1CC[C@@H]2C(=O)C=O
5312802,5780,OC[C@@H](O)[C@@H](O)[C@H](O)[C@@H](O)CO
5312802,5780,OC[C@@H](O)[C@@H](O)[C@H](O)[C@@H](O)CO
5312802,124202052,N=C(NCCC[C@H](N)C(=O)[O-])N[C@H]1O[C@H](COP(=O)(O)OP(=O)(O)OC[C@H]2O[C@@H](n3cnc4c(N)ncnc43)[C@H](O)[C@@H]2O)[C@@H](O)[C@H]1O
572,5780,OC[C@@H](O)[C@@H](O)[C@H](O)[C@@H](O)CO
572,5780,OC[C@@H](O)[C@@H](O)[C@H](O)[C@@H](O)CO
572,70678811,CCCCCCCCCCCCCCC[C@@H](O)C[NH3+]
10052850,5780,OC[C@@H](O)[C@@H](O)[C@H](O)[C@@H](O)CO
10052850,440649,Cc1ncc(C[n+]2c(C(O)CCC(=O)O)sc(CCOP(=O)(O)OP(=O)(O)O)c2C)c(=N)[nH]1
10052850,86289525,O=c1c(-c2ccc3c(c2)OCO3)coc2cc([O-])ccc12
716315,56955923,O=[As]([O-])(O)c1ccccc1
716315,5780,OC[C@@H](O)[C@@H](O)[C@H](O)[C@@H](O)CO
716315,16061104,CCCCC/C=C/C=C1/C=CC(=O)[C@@H]1C/C=C\CCCC(=O)O
50986247,56955923,O=[As]([O-])(O)c1ccccc1
50986247,53239731,CC(O)=N[C@@H]1[C@@H](O[C@@H]2O[C@@H](C)[C@@H](O)[C@@H](O)[C@@H]2O)[C@H](O[C@@H]2O[C@H](CO)[C@@H](O)[C@H](O)[C@H]2N=C(C)O)[C@@H](CO[C@@H]2O[C@@H](C)[C@@H](O)[C@@H](O)[C@@H]2O)O[C@H]1O
50986247,35023177,CCCCC[C@](C)(O)/C=C/[C@@H]1[C@@H](C/C=C\CCCC(=O)O)[C@@H](O)C[C@@H]1O
12407,5780,OC[C@@H](O)[C@@H](O)[C@H](O)[C@@H](O)CO
12407,5354212,COC(=O)/C=C1/CC[C@H]2[C@@H]3CCC4=CC(=O)CC[C@]4(C)[C@H]3C(=O)C[C@]12C
12407,60815,CCC(=O)N(c1ccccc1)C1(C(=O)OC)CCN(CCC(=O)OC)CC1
5312827,5780,OC[C@@H](O)[C@@H](O)[C@H](O)[C@@H](O)CO
5312827,5780,OC[C@@H](O)[C@@H](O)[C@H](O)[C@@H](O)CO
5312827,15558960,C[C@@H]1C[C@@H]2OC(=O)[C@@H](C)[C@H]2[C@H](O)[C@]2(C)C(=O)C=C[C@@H]12
6161490,5780,OC[C@@H](O)[C@@H](O)[C@H](O)[C@@H](O)CO
6161490,23674745,CC(C(=O)[O-])c1ccc(CC2CCCC2=O)cc1.O.O.[Na+]
6161490,56927727,O=C(O)Cc1cc(Br)c(O)c([N+](=O)[O-])c1
9576089,5780,OC[C@@H](O)[C@@H](O)[C@H](O)[C@@H](O)CO
9576089,5780,OC[C@@H](O)[C@@H](O)[C@H](O)[C@@H](O)CO
9576089,6993342,O=[N+]([O-])c1ccc(OS(=O)(=O)[O-])cc1
25243884,5280551,COc1ccc(-c2coc3cc(O)ccc3c2=O)c(O)c1
25243884,23674745,CC(C(=O)[O-])c1ccc(CC2CCCC2=O)cc1.O.O.[Na+]
25243884,5282241,N=c1[nH]c(/C(=C/CC(=O)O)C(O)=N[C@@H]2C(=O)N3C(C(=O)O)=CCS[C@H]23)cs1.O.O
91828241,91828250,CC(O)=N[C@@H]1[C@@H](O)[C@H](O[C@@H]2O[C@H](CO)[C@@H](O[C@@H]3O[C@H](CO[C@H]4O[C@H](CO)[C@@H](O)[C@H](O)[C@@H]4O[C@@H]4O[C@H](CO)[C@@H](O[C@@H]5O[C@H](CO)[C@H](O)[C@H](O[C@]6(C(=O)O)C[C@H](O)[C@@H](N=C(C)O)[C@H]([C@H](O)[C@H](O)CO)O6)[C@H]5O)[C@H](O)[C@H]4N=C(C)O)[C@@H](O[C@@H]4O[C@H](CO)[C@@H](O)[C@H](O)[C@H]4N=C(C)O)[C@H](O[C@H]4O[C@H](CO)[C@@H](O)[C@H](O)[C@@H]4O[C@@H]4O[C@H](CO)[C@@H](O[C@@H]5O[C@H](CO)[C@H](O)[C@H](O[C@]6(C(=O)O)C[C@H](O)[C@@H](N=C(C)O)[C@H]([C@H](O)[C@H](O)CO)O6)[C@H]5O)[C@H](O)[C@H]4N=C(C)O)[C@@H]3O)[C@H](O)[C@H]2N=C(C)O)[C@@H](CO)O[C@H]1O
91828241,90659865,COc1cc(/C=C/C(O)=NCCCCNCCCN=C(O)/C=C/c2cc(OC)c(O)c(OC)c2)cc(OC)c1O
5460862,5780,OC[C@@H](O)[C@@H](O)[C@H](O)[C@@H](O)CO
5460862,69212,CC1=CC(=O)C(=O)C=C1O
5460862,11027987,CC(O)=N[C@H]1[C@H](OC[C@H]2O[C@@H](O[C@H]3[C@H](O)[C@@H](O)C(O)O[C@@H]3CO)[C@H](O)[C@@H](O)[C@H]2O)O[C@H](CO)[C@@H](O)[C@@H]1O
66643700,56955923,O=[As]([O-])(O)c1ccccc1
66643700,10825777,NC(Cc1cc(O)c2c(c1)SCC(O)=N2)C(=O)O
66643700,45266553,C[C@H](O)CC(=O)SCCN=C([O-])CCN=C([O-])[C@H](O)C(C)(C)COP(=O)(O)OP(=O)(O)OC[C@H]1O[C@@H](n2cnc3c(N)ncnc32)[C@H](O)[C@@H]1OP(=O)([O-])[O-]
192372,5354212,COC(=O)/C=C1/CC[C@H]2[C@@H]3CCC4=CC(=O)CC[C@]4(C)[C@H]3C(=O)C[C@]12C
192372,86289949,[NH3+]CCC[NH2+]CCCC[NH+](CCC[NH3+])CCC[NH3+]
227,56955923,O=[As]([O-])(O)c1ccccc1
227,69212,CC1=CC(=O)C(=O)C=C1O
227,4079728,Cc1[nH]n(-c2cc(Cl)c(S(=O)(=O)[O-])cc2Cl)c(=O)c1N=Nc1ccc(S(=O)(=O)[O-])cc1
6857436,92729,Cc1c(O)cc2c(c1C)O[C@](C)(CCC[C@H](C)CCC[C@H](C)CCCC(C)C)CC2
6857436,5354212,COC(=O)/C=C1/CC[C@H]2[C@@H]3CCC4=CC(=O)CC[C@]4(C)[C@H]3C(=O)C[C@]12C
6857436,11966221,CC(C)(COP(=O)(O)OP(=O)(O)OC[C@H]1O[C@@H](n2cnc3c(N)ncnc32)[C@H](O)[C@@H]1OP(=O)(O)O)[C@@H](O)C(O)=NCCC(O)=NCCSC(=O)[C@H](O)Cc1ccccc1
10747577,53380618,O=P(O)(O)OC1[C@@H](OP(=O)(O)O)[C@H](OP(=O)(O)OP(=O)(O)O)C(O)[C@H](OP(=O)(O)OP(=O)(O)O)[C@H]1OP(=O)(O)O
10747577,53239731,CC(O)=N[C@@H]1[C@@H](O[C@@H]2O[C@@H](C)[C@@H](O)[C@@H](O)[C@@H]2O)[C@H](O[C@@H]2O[C@H](CO)[C@@H](O)[C@H](O)[C@H]2N=C(C)O)[C@@H](CO[C@@H]2O[C@@H](C)[C@@H](O)[C@@H](O)[C@@H]2O)O[C@H]1O
10747577,131801235,CCCCCCCC/C=C\CCCCCCCC(=O)OC[C@H](O)COP(=O)([O-])OC[C@@H](O)CO
6119,5780,OC[C@@H](O)[C@@H](O)[C@H](O)[C@@H](O)CO
6119,13376,CCCCN=CO
6119,128505,N[C@@H]1[C@@H](O)[C@H](O[C@H]2O[C@H](CO)[C@@H](O)[C@H](N)[C@H]2O)O[C@H](CO)[C@H]1O
176947,56955923,O=[As]([O-])(O)c1ccccc1
176947,10825777,NC(Cc1cc(O)c2c(c1)SCC(O)=N2)C(=O)O
176947,1549438,C[C@@H](N)C(O)=N[C@H](CO)C(=O)O
13918522,21594148,CC1(C)CC[C@]2(C(=O)O)CC[C@]3(C)C(=CC[C@@H]4[C@@]5(C)CC[C@H](O)[C@](C)(CO)[C@@H]5CC[C@]43C)[C@@H]2[C@@H]1O
13918522,49859627,COc1cccc2[nH]cc(C/C(=N/OS(=O)(=O)[O-])S[C@@H]3O[C@H](CO)[C@@H](O)[C@H](O)[C@H]3O)c12
13918522,70788998,N=C(O)CC[C@H](Nc1c([N+](=O)[O-])cc([N+](=O)[O-])cc1[N+](=O)[O-])C(=O)O
11029802,53262337,CCCCCCCCCCCCCCCCCCCCCCCC[C@@H](C(=O)O)[C@H](O)CCCCCCCCCCCCCCCCC[C@H]1C[C@H]1CCCCCCCCCCCCCCCC[C@@H](OC)[C@H](C)CCCCCCCCCCCCCCCCCC
11029802,243,O=C(O)c1ccccc1
11029802,9543050,CC(C)(COP(=O)(O)OP(=O)(O)OC[C@H]1O[C@@H](n2cnc3c(N)ncnc32)[C@H](O)[C@@H]1OP(=O)(O)O)[C@@H](O)C(O)=NCCC(O)=NCCSC(=O)/C=C/CC(=O)O
4149208,5780,OC[C@@H](O)[C@@H](O)[C@H](O)[C@@H](O)CO
4149208,5780,OC[C@@H](O)[C@@H](O)[C@H](O)[C@@H](O)CO
4149208,24857881,C[C@H](/C=C/C1=CC2=C(Cl)C(=O)[C@@]3(C)O[C@]4(O)[C@H](C)[C@@H](C)OC(=O)[C@@H]4[C@H]3C2=CO1)[C@@H](C)O
6436604,6436639,CC(C)(C)[C@H](O)/C(=C\c1ccc(Cl)cc1)n1cncn1
6436604,23674745,CC(C(=O)[O-])c1ccc(CC2CCCC2=O)cc1.O.O.[Na+]
6436604,10924480,CC1(C)[C@H](C(=O)O)[C@@H]1C=C(Br)Br
121232639,86289694,C[C@H](CCCCCCCCC/C=C/C(=O)O)O[C@@H]1O[C@@H](C)[C@H](O)C[C@H]1O
121232639,70678725,COC1=C(Br)[C@H](O)[C@@]2(C=C1Br)CC(C(=O)NCCCCNC(=O)C1=NO[C@@]3(C=C(Br)C(=O)[C@H](Br)[C@H]3O)C1)=NO2
121232639,70761166,CC(C)(O)CCc1cccc(C(=O)N2Cc3ccccc3C(O)C2)c1
161359,13284402,O=CC(=O)c1c[nH]c2ccccc12
161359,10825777,NC(Cc1cc(O)c2c(c1)SCC(O)=N2)C(=O)O
161359,56927955,C=C(C)C1CCC(C)(O)OC(=O)C1
51351663,23674745,CC(C(=O)[O-])c1ccc(CC2CCCC2=O)cc1.O.O.[Na+]
51351663,54677972,Cc1cc(=NC(=O)C2=C(O)c3ccccc3S(=O)(=O)N2C)[nH]o1
25034673,10065952,C=CC(C)(C)c1cc(O)c(OC)c2c(=O)c3c(O)ccc(O)c3oc12
25034673,10825777,NC(Cc1cc(O)c2c(c1)SCC(O)=N2)C(=O)O
25034673,16091519,O=C(Cc1ccc(O)c(O)c1)O[C@H]1[C@H](OCCc2ccc(O)c(O)c2)O[C@H](CO)[C@@H](O)[C@@H]1O
121232669,5780,OC[C@@H](O)[C@@H](O)[C@H](O)[C@@H](O)CO
121232669,5354212,COC(=O)/C=C1/CC[C@H]2[C@@H]3CCC4=CC(=O)CC[C@]4(C)[C@H]3C(=O)C[C@]12C
121232669,5517,NC1CCN(c2nc3c(cc2F)c(=O)c(C(=O)O)cn3-c2ccc(F)cc2F)C1
5280551,25243884,O=c1c(-c2ccc([O-])cc2O)coc2cc(O)cc(O)c12
5280551,23674745,CC(C(=O)[O-])c1ccc(CC2CCCC2=O)cc1.O.O.[Na+]
5280551,71581037,CCCCC/C=C\C/C=C\CCCCCCCC(=O)CC(=O)SCCN=C(O)CCN=C(O)[C@H](O)C(C)(C)COP(=O)(O)OP(=O)(O)OC[C@H]1O[C@@H](n2cnc3c(N)ncnc32)[C@H](O)[C@@H]1OP(=O)(O)O
122164823,86289694,C[C@H](CCCCCCCCC/C=C/C(=O)O)O[C@@H]1O[C@@H](C)[C@H](O)C[C@H]1O
122164823,52929771,CCCCCCCCCCCCCCCC/C=C\OC[C@@H](O)COP(=O)(O)O
122164823,91825578,CCCCCCCCCCCCC/C=C/[C@@H](O)[C@H](COP(=O)([O-])O)N=C([O-])CCCCCCC
45480569,53239731,CC(O)=N[C@@H]1[C@@H](O[C@@H]2O[C@@H](C)[C@@H](O)[C@@H](O)[C@@H]2O)[C@H](O[C@@H]2O[C@H](CO)[C@@H](O)[C@H](O)[C@H]2N=C(C)O)[C@@H](CO[C@@H]2O[C@@H](C)[C@@H](O)[C@@H](O)[C@@H]2O)O[C@H]1O
45480569,71581240,CCCCC/C=C\CCCCCCCC(=O)SCCN=C(O)CCN=C(O)[C@H](O)C(C)(C)COP(=O)(O)OP(=O)(O)OC[C@H]1O[C@@H](n2cnc3c(N)ncnc32)[C@H](O)[C@@H]1OP(=O)(O)O
5281758,56955923,O=[As]([O-])(O)c1ccccc1
5281758,56955923,O=[As]([O-])(O)c1ccccc1
5281758,445963,N[C@H]1CCOC1=O
25246220,15375588,Cc1cn([C@H]2C[C@H](O)[C@@H](COP(=O)(O)OP(=O)(O)O[C@H]3O[C@@H](C)[C@@H](O)[C@@H](O)[C@H]3O)O2)c(=O)nc1O
25246220,440649,Cc1ncc(C[n+]2c(C(O)CCC(=O)O)sc(CCOP(=O)(O)OP(=O)(O)O)c2C)c(=N)[nH]1
25246220,785,Oc1ccc(O)cc1
9547521,5280453,C=C1/C(=C\C=C2/CCC[C@]3(C)[C@@H]([C@H](C)CCCC(C)(C)O)CC[C@@H]23)C[C@@H](O)C[C@@H]1O
9547521,49859627,COc1cccc2[nH]cc(C/C(=N/OS(=O)(=O)[O-])S[C@@H]3O[C@H](CO)[C@@H](O)[C@H](O)[C@H]3O)c12
9547521,53477674,O=P(O)(O)O[C@@H]1[C@@H](OP(=O)(O)O)[C@H](OP(=O)(O)O)[C@H](O)[C@H](OP(=O)(O)OP(=O)(O)O)[C@H]1OP(=O)(O)O
9931715,52929771,CCCCCCCCCCCCCCCC/C=C\OC[C@@H](O)COP(=O)(O)O
9931715,53861142,C[C@@H](O)[C@H](N=C(O)CC[C@H](N)C(=O)O)C(=O)O
44256593,5780,OC[C@@H](O)[C@@H](O)[C@H](O)[C@@H](O)CO
44256593,52929771,CCCCCCCCCCCCCCCC/C=C\OC[C@@H](O)COP(=O)(O)O
44256593,126843490,C[C@H](CCC(=O)SCCN=C([O-])CCN=C([O-])[C@H](O)C(C)(C)COP(=O)(O)OP(=O)(O)OC[C@H]1O[C@@H](n2cnc3c(N)ncnc32)[C@H](O)[C@@H]1OP(=O)([O-])[O-])[C@H]1CC[C@H]2[C@@H]3CC[C@@H]4CC(=O)CC[C@]4(C)[C@H]3CC[C@]12C
138756230,51041863,CCCCCCCCCCCCC/C=C/[C@@H](O)[C@H](CO[C@@H]1O[C@H](CO)[C@@H](O[C@@H]2O[C@H](CO)[C@H](O[C@@H]3O[C@H](CO)[C@H](O)[C@H](O)[C@H]3N=C(C)O)[C@H](O[C@@H]3O[C@H](CO)[C@@H](O)[C@H](O[C@@H]4O[C@H](CO)[C@H](O[C@@H]5O[C@H](CO)[C@H](O)[C@H](O)[C@H]5N=C(C)O)[C@H](O[C@]5(C(=O)O)C[C@H](O)[C@@H](N=C(C)O)[C@H]([C@H](O)[C@H](O)CO)O5)[C@H]4O)[C@H]3N=C(C)O)[C@H]2O)[C@H](O)[C@H]1O)N=C(O)CCCCCCCCCCCCCCCCC
138756230,23314576,CCCCCCCCCCCCCCCCCCCCCCCCC(=O)[O-]
132274128,91828250,CC(O)=N[C@@H]1[C@@H](O)[C@H](O[C@@H]2O[C@H](CO)[C@@H](O[C@@H]3O[C@H](CO[C@H]4O[C@H](CO)[C@@H](O)[C@H](O)[C@@H]4O[C@@H]4O[C@H](CO)[C@@H](O[C@@H]5O[C@H](CO)[C@H](O)[C@H](O[C@]6(C(=O)O)C[C@H](O)[C@@H](N=C(C)O)[C@H]([C@H](O)[C@H](O)CO)O6)[C@H]5O)[C@H](O)[C@H]4N=C(C)O)[C@@H](O[C@@H]4O[C@H](CO)[C@@H](O)[C@H](O)[C@H]4N=C(C)O)[C@H](O[C@H]4O[C@H](CO)[C@@H](O)[C@H](O)[C@@H]4O[C@@H]4O[C@H](CO)[C@@H](O[C@@H]5O[C@H](CO)[C@H](O)[C@H](O[C@]6(C(=O)O)C[C@H](O)[C@@H](N=C(C)O)[C@H]([C@H](O)[C@H](O)CO)O6)[C@H]5O)[C@H](O)[C@H]4N=C(C)O)[C@@H]3O)[C@H](O)[C@H]2N=C(C)O)[C@@H](CO)O[C@H]1O
132274128,53792010,O=C[C@H]1O[C@@H](n2ccc(O)nc2=O)[C@H](O)[C@@H]1O
4075158,5780,OC[C@@H](O)[C@@H](O)[C@H](O)[C@@H](O)CO
4075158,30951,C=CCOc1ccc(CC(=O)O)cc1Cl
4075158,5460407,O=C(O)[C@H](O)[C@@H](O)CO
309,5780,OC[C@@H](O)[C@@H](O)[C@H](O)[C@@H](O)CO
309,5780,OC[C@@H](O)[C@@H](O)[C@H](O)[C@@H](O)CO
309,138911135,C[C@@H]1O[C@@H](Oc2c(-c3cc(O)c(O)c(O)c3)oc3cc([O-])cc(O)c3c2=O)[C@H](O[C@@H]2O[C@H](COC(=O)/C=C/c3ccc([O-])cc3)[C@@H](O)[C@H](O)[C@H]2O)[C@H](O)[C@H]1O
17592,56955923,O=[As]([O-])(O)c1ccccc1
17592,5780,OC[C@@H](O)[C@@H](O)[C@H](O)[C@@H](O)CO
17592,25202620,O=C([O-])[C@H]1O[C@H](OP(=O)(O)OP(=O)([O-])OC[C@H]2O[C@@H](n3ccc([O-])nc3=O)[C@H](O)[C@@H]2O)[C@H](O)[C@@H](O)[C@@H]1O
25171912,91666360,CCCCCCCCCCCCCCCCCC(=O)OC[C@H]1O[C@H](O[C@H]2O[C@H](COC(=O)CCCCCCCCCCCCCCCCC)[C@@H](O)[C@H](OC(=O)CCCCCCCCCCCCCCCCC)[C@H]2OC(=O)CCCCCCCCCCCCCCC)[C@H](OS(=O)(=O)O)[C@@H](O)[C@@H]1O
25171912,132282124,C[C@@H]1O[C@@H](OCCCCCC(=O)SCCN=C(O)CCN=C(O)[C@H](O)C(C)(C)COP(=O)(O)OP(=O)(O)OC[C@H]2O[C@@H](n3cnc4c(N)ncnc43)[C@H](O)[C@@H]2OP(=O)(O)O)[C@H](O)C[C@H]1O
25171912,9543872,CCCCC/C=C\C/C=C\C/C=C\C/C=C\CCCC(=O)OC[C@H](CO)OC(=O)CCC/C=C\C/C=C\C/C=C\C/C=C\CCCCC
91858192,91861847,C[C@@H]1O[C@@H](O[C@@H]2[C@@H](O[C@@H]3O[C@H](CO)[C@H](O)[C@H](O)[C@H]3O)[C@@H](O)[C@@H](CO)O[C@H]2O)[C@@H](O)[C@H](O)[C@@H]1O
91858192,14345637,CCCCC/C=C\C/C=C\C/C=C\C/C=C\CCCC(=O)OC(CO)COC(=O)CCCCCCCCCCCCCCCCC
91858192,16854,N=C(O)Nc1ccc(Cl)c(Cl)c1
900,86289694,C[C@H](CCCCCCCCC/C=C/C(=O)O)O[C@@H]1O[C@@H](C)[C@H](O)C[C@H]1O
900,23674745,CC(C(=O)[O-])c1ccc(CC2CCCC2=O)cc1.O.O.[Na+]
900,90657215,N[C@@H](CS/C(Cc1c[nH]c2ccccc12)=N/O)C(O)=NCC(=O)O
50897,20056425,CCOCCOC(=O)[C@@H](C)Oc1ccc(Oc2ncc(C(F)(F)F)cc2Cl)cc1
50897,5354212,COC(=O)/C=C1/CC[C@H]2[C@@H]3CCC4=CC(=O)CC[C@]4(C)[C@H]3C(=O)C[C@]12C
50897,638011,CC(C)=CCC/C(C)=C/C=O
5283662,65728,CC(C)CCC[C@@H](C)[C@H]1CC[C@H]2C3=CC[C@H]4C[C@@H](O)CC[C@]4(C)[C@H]3CC[C@]12C
5283662,52929771,CCCCCCCCCCCCCCCC/C=C\OC[C@@H](O)COP(=O)(O)O
5283662,86290182,CCCCCCCCCCCCCCCCCCCCCCC(C(=O)O)C(=O)SCCN=C(O)CCN=C(O)[C@H](O)C(C)(C)COP(=O)(O)OP(=O)(O)OC[C@H]1O[C@@H](n2cnc3c(N)ncnc32)[C@H](O)[C@@H]1OP(=O)(O)O
5375048,13284402,O=CC(=O)c1c[nH]c2ccccc12
5375048,5780,OC[C@@H](O)[C@@H](O)[C@H](O)[C@@H](O)CO
5375048,25034673,COc1cc(O)c2c(=O)c3c(O)cc(C)cc3oc2c1
439436,5780,OC[C@@H](O)[C@@H](O)[C@H](O)[C@@H](O)CO
439436,443144,CC(=O)C[C@@H]1CCCN1C
439436,57483975,N.O=C(O)Cc1c(Cl)ccc(Cl)c1Cl
5282409,23723101,CN(C)CCO[C@@H](c1ccc(Cl)cc1)c1ccccn1.O=C(O)/C=C\C(=O)O
5282409,52929771,CCCCCCCCCCCCCCCC/C=C\OC[C@@H](O)COP(=O)(O)O
5282409,3542,CC1CNCCN1S(=O)(=O)c1cccc2cnccc12
11757884,131953084,C=C1/C(=C\C=C2/CCC[C@]3(C)[C@@H]([C@H](C)CCCC(C)(C)O[C@@H]4O[C@H](C(=O)[O-])[C@@H](O)[C@H](O)[C@H]4O)CC[C@@H]23)C[C@@H](O)C[C@@H]1O
11757884,440649,Cc1ncc(C[n+]2c(C(O)CCC(=O)O)sc(CCOP(=O)(O)OP(=O)(O)O)c2C)c(=N)[nH]1
11757884,131801203,CC/C=C\C[C@@H]1C(=O)C=C[C@@H]1CCCCCCCC(=O)SCCN=C([O-])CCN=C([O-])[C@H](O)C(C)(C)COP(=O)(O)OP(=O)(O)OC[C@H]1O[C@@H](n2cnc3c(N)ncnc32)[C@H](O)[C@@H]1OP(=O)([O-])[O-]
92827,11560992,CC[C@H](C[C@@H](O)[C@@H](C)[C@H]1CC[C@H]2[C@@H]3CCC4=CC(=O)CC[C@]4(C)[C@H]3CC[C@]12C)C(C)C
92827,5354212,COC(=O)/C=C1/CC[C@H]2[C@@H]3CCC4=CC(=O)CC[C@]4(C)[C@H]3C(=O)C[C@]12C
92827,1549438,C[C@@H](N)C(O)=N[C@H](CO)C(=O)O
86289836,5780,OC[C@@H](O)[C@@H](O)[C@H](O)[C@@H](O)CO
86289836,23674745,CC(C(=O)[O-])c1ccc(CC2CCCC2=O)cc1.O.O.[Na+]
86289836,20848964,C[C@H](CCC(=O)[O-])[C@H]1CC[C@H]2[C@@H]3[C@H](O)C[C@@H]4C[C@@H](O)CC[C@]4(C)[C@H]3C[C@H](O)[C@]12C
16115401,49859627,COc1cccc2[nH]cc(C/C(=N/OS(=O)(=O)[O-])S[C@@H]3O[C@H](CO)[C@@H](O)[C@H](O)[C@H]3O)c12
16115401,6432426,CC(=O)OC[C@H]1O[C@H](OC(C)=O)[C@H](OC(C)=O)[C@@H](OC(C)=O)[C@H]1OC(C)=O
25244784,5780,OC[C@@H](O)[C@@H](O)[C@H](O)[C@@H](O)CO
25244784,23674745,CC(C(=O)[O-])c1ccc(CC2CCCC2=O)cc1.O.O.[Na+]
25244784,8184,CCCCCCCCCCCO
10473054,5354212,COC(=O)/C=C1/CC[C@H]2[C@@H]3CCC4=CC(=O)CC[C@]4(C)[C@H]3C(=O)C[C@]12C
10473054,23676771,CC(O)CC(=O)[O-].[Na+]
11339376,5780,OC[C@@H](O)[C@@H](O)[C@H](O)[C@@H](O)CO
11339376,52929771,CCCCCCCCCCCCCCCC/C=C\OC[C@@H](O)COP(=O)(O)O
11339376,122198227,OC[C@H]1O[C@@H](OC[C@H]2O[C@@H](OC[C@H]3O[C@@H](OC[C@H]4O[C@@H](OC[C@H]5O[C@@H](O[C@@H]6[C@@H](O)[C@H](O[C@@H]7[C@@H](O)[C@H](O[C@@H]8[C@@H](O)[C@H](O[C@@H]9[C@@H](O)[C@H](O)O[C@H](CO)[C@H]9O)O[C@H](CO)[C@H]8O)O[C@H](CO)[C@H]7O)O[C@H](CO)[C@H]6O)[C@H](O)[C@@H](O[C@@H]6O[C@H](CO)[C@@H](O)[C@H](O[C@@H]7O[C@H](CO)[C@@H](O)[C@H](O[C@@H]8O[C@H](CO)[C@@H](O)[C@H](O[C@@H]9O[C@H](CO)[C@@H](O)[C@H](O)[C@H]9O)[C@H]8O)[C@H]7O)[C@H]6O)[C@@H]5O)[C@H](O)[C@@H](O)[C@@H]4O)[C@H](O)[C@@H](O)[C@@H]3O)[C@H](O)[C@@H](O)[C@@H]2O)[C@H](O)[C@@H](O)[C@@H]1O
148386,56955923,O=[As]([O-])(O)c1ccccc1
148386,23674745,CC(C(=O)[O-])c1ccc(CC2CCCC2=O)cc1.O.O.[Na+]
148386,86289416,CCCCCC(=O)O[C@H]1CC[C@@]2(C)C(=CC[C@H]3[C@@H]4CC[C@H]([C@H](C)CC[C@H](O)C(C)C)[C@@]4(C)CC[C@@H]32)C1
50906608,86289694,C[C@H](CCCCCCCCC/C=C/C(=O)O)O[C@@H]1O[C@@H](C)[C@H](O)C[C@H]1O
50906608,23674745,CC(C(=O)[O-])c1ccc(CC2CCCC2=O)cc1.O.O.[Na+]
50906608,53262277,[O]C1=C([O-])[C@@H]([C@@H](O)CO)OC1=O
3246853,5283118,CCCCCC(=O)/C=C/[C@@H]1[C@@H](CCCCCCC(=O)O)[C@@H](O)C[C@H]1O
3246853,5354212,COC(=O)/C=C1/CC[C@H]2[C@@H]3CCC4=CC(=O)CC[C@]4(C)[C@H]3C(=O)C[C@]12C
3246853,23392,Cl.ClCc1ccccn1
71464674,5780,OC[C@@H](O)[C@@H](O)[C@H](O)[C@@H](O)CO
71464674,52929771,CCCCCCCCCCCCCCCC/C=C\OC[C@@H](O)COP(=O)(O)O
71464674,9543195,CC(C)(COP(=O)(O)OP(=O)(O)OC[C@H]1O[C@@H](n2cnc3c(N)ncnc32)[C@H](O)[C@@H]1OP(=O)(O)O)[C@@H](O)C(O)=NCCC(O)=NCCSC(=O)C1=CCC=CC1
56601862,132282124,C[C@@H]1O[C@@H](OCCCCCC(=O)SCCN=C(O)CCN=C(O)[C@H](O)C(C)(C)COP(=O)(O)OP(=O)(O)OC[C@H]2O[C@@H](n3cnc4c(N)ncnc43)[C@H](O)[C@@H]2OP(=O)(O)O)[C@H](O)C[C@H]1O
56601862,135514797,COc1cc(/C=N/O)nc(-c2ccccn2)c1
91666374,21145066,N=c1nc([O-])n([C@H]2C[C@H](O)[C@@H](COP(=O)([O-])O)O2)cc1CO
91666374,132282124,C[C@@H]1O[C@@H](OCCCCCC(=O)SCCN=C(O)CCN=C(O)[C@H](O)C(C)(C)COP(=O)(O)OP(=O)(O)OC[C@H]2O[C@@H](n3cnc4c(N)ncnc43)[C@H](O)[C@@H]2OP(=O)(O)O)[C@H](O)C[C@H]1O
91666374,424,NC(CC(=O)O)C(=O)O
25217850,5780,OC[C@@H](O)[C@@H](O)[C@H](O)[C@@H](O)CO
25217850,52929771,CCCCCCCCCCCCCCCC/C=C\OC[C@@H](O)COP(=O)(O)O
25217850,6918840,C=C1C[C@@]23CC[C@H]4[C@@](C)(CCC[C@@]4(C)C(=O)O[C@@H]4O[C@H](CO)[C@@H](O)[C@H](O)[C@H]4O)[C@@H]2CC[C@]1(O[C@@H]1O[C@H](CO)[C@@H](O)[C@H](O[C@@H]2O[C@H](CO)[C@@H](O)[C@H](O)[C@H]2O)[C@H]1O[C@@H]1O[C@H](CO)[C@@H](O)[C@H](O)[C@H]1O)C3
11236201,49859627,COc1cccc2[nH]cc(C/C(=N/OS(=O)(=O)[O-])S[C@@H]3O[C@H](CO)[C@@H](O)[C@H](O)[C@H]3O)c12
11236201,42607530,COc1ccc(/C=C/C(=O)c2cc(CC=C(C)C)c(OC)cc2O)cc1
46907870,5780,OC[C@@H](O)[C@@H](O)[C@H](O)[C@@H](O)CO
46907870,53239731,CC(O)=N[C@@H]1[C@@H](O[C@@H]2O[C@@H](C)[C@@H](O)[C@@H](O)[C@@H]2O)[C@H](O[C@@H]2O[C@H](CO)[C@@H](O)[C@H](O)[C@H]2N=C(C)O)[C@@H](CO[C@@H]2O[C@@H](C)[C@@H](O)[C@@H](O)[C@@H]2O)O[C@H]1O
46907870,45266792,CCCCCCCCCCCCCCCCCCCCCCC(C(=O)O)C(O)CCCCCCCCCCCCCCCCCC1CC1CCCCCCCCCCCCCCCCC(OC)C(C)CCCCCCCCCCCCCCCCCC
10241,5780,OC[C@@H](O)[C@@H](O)[C@H](O)[C@@H](O)CO
10241,10363838,N=C(O)CC[C@H](N=C(O)[C@H](CCC(=O)O)N=C(O)[C@@H](N)CCC(=O)O)C(=O)O
53262299,15375588,Cc1cn([C@H]2C[C@H](O)[C@@H](COP(=O)(O)OP(=O)(O)O[C@H]3O[C@@H](C)[C@@H](O)[C@@H](O)[C@H]3O)O2)c(=O)nc1O
53262299,14345637,CCCCC/C=C\C/C=C\C/C=C\C/C=C\CCCC(=O)OC(CO)COC(=O)CCCCCCCCCCCCCCCCC
53262299,23519621,C[C@H](O)CCCCn1c(=O)c2c(ncn2C)n(C)c1=O
442431,10621,COc1ccc([C@@H]2CC(=O)c3c(O)cc(O[C@@H]4O[C@H](CO[C@@H]5O[C@@H](C)[C@H](O)[C@@H](O)[C@H]5O)[C@@H](O)[C@H](O)[C@H]4O)cc3O2)cc1O
442431,440649,Cc1ncc(C[n+]2c(C(O)CCC(=O)O)sc(CCOP(=O)(O)OP(=O)(O)O)c2C)c(=N)[nH]1
442431,86289946,[NH3+]CCC[NH2+]CCCNCCC[NH2+]CCC[NH3+]
5364778,5780,OC[C@@H](O)[C@@H](O)[C@H](O)[C@@H](O)CO
5364778,69212,CC1=CC(=O)C(=O)C=C1O
5364778,5281316,CC(=O)OC(C)(C)/C=C/C(=O)[C@](C)(O)[C@H]1[C@H](O)C[C@@]2(C)[C@@H]3CC=C4[C@@H](C[C@H](O)C(=O)C4(C)C)[C@]3(C)C(=O)C[C@]12C
70679223,86289694,C[C@H](CCCCCCCCC/C=C/C(=O)O)O[C@@H]1O[C@@H](C)[C@H](O)C[C@H]1O
70679223,70678725,COC1=C(Br)[C@H](O)[C@@]2(C=C1Br)CC(C(=O)NCCCCNC(=O)C1=NO[C@@]3(C=C(Br)C(=O)[C@H](Br)[C@H]3O)C1)=NO2
70679223,91826591,O=C([O-])OP(=O)([O-])O
102571772,5780,OC[C@@H](O)[C@@H](O)[C@H](O)[C@@H](O)CO
102571772,5354212,COC(=O)/C=C1/CC[C@H]2[C@@H]3CCC4=CC(=O)CC[C@]4(C)[C@H]3C(=O)C[C@]12C
102571772,69310,CCCCCCCCCC(=O)OCC(COC(=O)CCCCCCCCC)OC(=O)CCCCCCCCC
19099096,5780,OC[C@@H](O)[C@@H](O)[C@H](O)[C@@H](O)CO
19099096,49859627,COc1cccc2[nH]cc(C/C(=N/OS(=O)(=O)[O-])S[C@@H]3O[C@H](CO)[C@@H](O)[C@H](O)[C@H]3O)c12
19099096,146170797,Cc1cn(CCO)c2nc(=O)nc(O)c-2n1
441490,5780,OC[C@@H](O)[C@@H](O)[C@H](O)[C@@H](O)CO
441490,52929771,CCCCCCCCCCCCCCCC/C=C\OC[C@@H](O)COP(=O)(O)O
441490,70678694,CCCCCCCCCCCCCCCCCCCCCCCCCC([O-])=N[C@@H](COP(=O)(O)O[C@@H]1[C@H](O)[C@H](O)[C@@H](O)[C@H](O)[C@H]1OC1O[C@H](CO)[C@@H](O)[C@H](O)[C@@H]1O)[C@H](O)CCCCCCCCCCCCCCCCC
10507084,45052211,OC[C@H]1O[C@H](O[C@@H]2COC(O)(CO)[C@@H](O)[C@@H]2O)[C@H](O)[C@@H](O)[C@@H]1O
10507084,49859627,COc1cccc2[nH]cc(C/C(=N/OS(=O)(=O)[O-])S[C@@H]3O[C@H](CO)[C@@H](O)[C@H](O)[C@H]3O)c12
10507084,21676217,O=c1c(-c2ccc(O)cc2)coc2c([C@@H]3O[C@H](CO[C@@H]4OC[C@](O)(CO)[C@H]4O)[C@@H](O)[C@H](O)[C@H]3O)c(O)ccc12
70788977,70789004,CC(O)=N[C@@H]1[C@@H](O)[C@H](O[C@@H]2O[C@H](CO[C@]3(C(=O)O)C[C@H](O)[C@@H](N=C(O)CO)[C@H]([C@H](O)[C@H](O)CO)O3)[C@H](O)[C@H](O)[C@H]2O)[C@@H](CO)O[C@H]1O
70788977,53239731,CC(O)=N[C@@H]1[C@@H](O[C@@H]2O[C@@H](C)[C@@H](O)[C@@H](O)[C@@H]2O)[C@H](O[C@@H]2O[C@H](CO)[C@@H](O)[C@H](O)[C@H]2N=C(C)O)[C@@H](CO[C@@H]2O[C@@H](C)[C@@H](O)[C@@H](O)[C@@H]2O)O[C@H]1O
70788977,25202957,COP(=O)(O)OCCNC(=N)N
14647435,134160296,CSC[C@H]1O[C@H](O[C@H]2[C@H](O)[C@H](O)[C@@H](OC[C@H]3O[C@@H](O[C@@H]4[C@@H](OC[C@H]5O[C@H](OC[C@H]6OC(O)[C@@H](O)[C@@H]6O)[C@@H](O)[C@@H]5O[C@H]5O[C@H](CO)[C@@H](O)[C@@H]5O[C@@H]5O[C@H](CO)[C@@H](O)[C@@H]5O)O[C@H](CO)[C@H]4O)[C@@H](O)[C@@H]3O)O[C@@H]2CO)[C@H](O)[C@H]1O
14647435,18954,N.N.N.O=C(O)CC(O)(CC(=O)O)C(=O)O
24889972,56955923,O=[As]([O-])(O)c1ccccc1
24889972,52929771,CCCCCCCCCCCCCCCC/C=C\OC[C@@H](O)COP(=O)(O)O
24889972,78294,CCCCCCCCCCCCCCCC(=O)OCCCCCCCCCCCCCC
25058784,14345637,CCCCC/C=C\C/C=C\C/C=C\C/C=C\CCCC(=O)OC(CO)COC(=O)CCCCCCCCCCCCCCCCC
25058784,56927824,Cc1cccc(C#Cc2ccccc2)[nH+]1
5460350,56955923,O=[As]([O-])(O)c1ccccc1
5460350,5780,OC[C@@H](O)[C@@H](O)[C@H](O)[C@@H](O)CO
5460350,5281701,O=c1cc(-c2cc(O)c(O)c(O)c2)oc2cc(O)cc(O)c12
441257,49859627,COc1cccc2[nH]cc(C/C(=N/OS(=O)(=O)[O-])S[C@@H]3O[C@H](CO)[C@@H](O)[C@H](O)[C@H]3O)c12
441257,5460285,O=C([O-])CCC(C(=O)[O-])C(O)C(=O)[O-]
72193705,14212362,Nc1nc(O)nc2c1ncn2[C@@H]1O[C@H](COP(=O)(O)O)[C@@H](O)[C@H]1O
72193705,132282124,C[C@@H]1O[C@@H](OCCCCCC(=O)SCCN=C(O)CCN=C(O)[C@H](O)C(C)(C)COP(=O)(O)OP(=O)(O)OC[C@H]2O[C@@H](n3cnc4c(N)ncnc43)[C@H](O)[C@@H]2OP(=O)(O)O)[C@H](O)C[C@H]1O
72193705,122391246,COC(=O)[C@@H]1C[C@H](O)[C@]2(C)CC[C@]3(C)C(=CC[C@@H]4[C@@]5(C)CCC(=O)C(C)(C)[C@@H]5CC[C@]43C)[C@H]2[C@H]1C
25201364,51402819,C[C@H]1O[C@@H](Oc2c(-c3ccc(O)c(O)c3)oc3cc(O)cc(O)c3c2=O)[C@H](O)[C@@H](O)[C@H]1O
25201364,49859627,COc1cccc2[nH]cc(C/C(=N/OS(=O)(=O)[O-])S[C@@H]3O[C@H](CO)[C@@H](O)[C@H](O)[C@H]3O)c12
25201364,5281236,CC1=C(/C=C/C(C)=C/C=C/C(C)=C/C=C/C=C(C)/C=C/C=C(C)/C=C/C2=C(C)C(=O)CCC2(C)C)C(C)(C)CCC1
4478249,70856898,CCCCCCCCCCCN1CC(C)OC(C)C1
4478249,5780,OC[C@@H](O)[C@@H](O)[C@H](O)[C@@H](O)CO
4478249,16019969,[C-]#[N+]S
439357,86289694,C[C@H](CCCCCCCCC/C=C/C(=O)O)O[C@@H]1O[C@@H](C)[C@H](O)C[C@H]1O
439357,5780,OC[C@@H](O)[C@@H](O)[C@H](O)[C@@H](O)CO
439357,34006,CCOC(C)C(=O)C(O)O
3083016,132282124,C[C@@H]1O[C@@H](OCCCCCC(=O)SCCN=C(O)CCN=C(O)[C@H](O)C(C)(C)COP(=O)(O)OP(=O)(O)OC[C@H]2O[C@@H](n3cnc4c(N)ncnc43)[C@H](O)[C@@H]2OP(=O)(O)O)[C@H](O)C[C@H]1O
3083016,16091524,O=C(Cc1ccc(O)c(O)c1)O[C@H]1[C@H](OCCc2cc(O)c(O)cc2O)O[C@H](CO)[C@@H](O)[C@@H]1O
439460,5780,OC[C@@H](O)[C@@H](O)[C@H](O)[C@@H](O)CO
439460,56955923,O=[As]([O-])(O)c1ccccc1
439460,92946,C[C@H](N)C(O)=N[C@@H](Cc1ccc(O)cc1)C(=O)O
91859299,91972219,CC(O)=N[C@H]1[C@H](O[C@H]2[C@H](O)[C@@H](N=C(C)O)C(O)O[C@@H]2CO)O[C@H](COS(=O)(=O)O)[C@H](O)[C@@H]1O
91859299,5354212,COC(=O)/C=C1/CC[C@H]2[C@@H]3CCC4=CC(=O)CC[C@]4(C)[C@H]3C(=O)C[C@]12C
91859299,23462646,C#CCC(=O)[O-]
65728,5283662,C=C(CC[C@@H](C)[C@H]1CC[C@H]2C3=CC[C@H]4C[C@@H](O)CC[C@]4(C)[C@H]3CC[C@]12C)C(C)C
65728,5354212,COC(=O)/C=C1/CC[C@H]2[C@@H]3CCC4=CC(=O)CC[C@]4(C)[C@H]3C(=O)C[C@]12C
65728,129626824,C[C@H](CCC(=O)[O-])[C@H]1CC[C@H]2[C@@H]3[C@@H](O)C[C@@H]4C[C@H](O)CC[C@]4(C)[C@H]3CC(=O)[C@]12C
447715,44263378,C[C@H](CCC(O)=NCCS(=O)(=O)O)[C@H]1CC[C@H]2[C@@H]3[C@@H](O)C[C@@H]4C[C@H](O)CC[C@]4(C)[C@H]3C[C@H](O)[C@]12C
447715,52929771,CCCCCCCCCCCCCCCC/C=C\OC[C@@H](O)COP(=O)(O)O
447715,91847513,OC[C@H]1OC(O)[C@H](O[C@@H]2O[C@H](CO)[C@@H](O)[C@H](O)[C@H]2O)[C@@H](O)[C@H]1O
656671,5780,OC[C@@H](O)[C@@H](O)[C@H](O)[C@@H](O)CO
656671,5780,OC[C@@H](O)[C@@H](O)[C@H](O)[C@@H](O)CO
656671,785,Oc1ccc(O)cc1
4711697,5354212,COC(=O)/C=C1/CC[C@H]2[C@@H]3CCC4=CC(=O)CC[C@]4(C)[C@H]3C(=O)C[C@]12C
4711697,91666328,CC(=O)O[C@H]1/C(C)=C\C[C@H]2[C@@H](/C=C(\C)C(=O)[C@@]3(OC(=O)c4ccccc4)C[C@H](C)[C@H](O)[C@H]13)C2(C)C
52921608,440649,Cc1ncc(C[n+]2c(C(O)CCC(=O)O)sc(CCOP(=O)(O)OP(=O)(O)O)c2C)c(=N)[nH]1
52921608,70697844,O=C(/C=C/c1ccc(O)cc1)OC[C@H]1O[C@@H](Oc2ccc([C@@H]3CC(=O)c4c(O)cc(O)cc4O3)cc2)[C@H](O)[C@@H](O)[C@@H]1O
71464583,69212,CC1=CC(=O)C(=O)C=C1O
71464583,5354212,COC(=O)/C=C1/CC[C@H]2[C@@H]3CCC4=CC(=O)CC[C@]4(C)[C@H]3C(=O)C[C@]12C
71464583,2916,NCCSP(=O)(O)O
5280533,5780,OC[C@@H](O)[C@@H](O)[C@H](O)[C@@H](O)CO
5280533,73271,O=C(O)Cc1cc(O)nc(O)n1
5280533,91825606,C[N+](C)(C)C[C@@H](CC(=O)O)OC(=O)CC(=O)[O-]
53714398,14212362,Nc1nc(O)nc2c1ncn2[C@@H]1O[C@H](COP(=O)(O)O)[C@@H](O)[C@H]1O
53714398,49859627,COc1cccc2[nH]cc(C/C(=N/OS(=O)(=O)[O-])S[C@@H]3O[C@H](CO)[C@@H](O)[C@H](O)[C@H]3O)c12
53714398,124202377,N[C@@H](CCC(O)=N[C@@H](CSc1cc([O-])ccc1O)C(O)=NCC(=O)O)C(=O)O
8328,12313148,Cc1cc(O)c2c(c1)C(=O)c1ccc(O)c(O)c1C2=O
8328,121596220,CC(C(=O)[O-])C(=O)OC(CC(=O)[O-])C[N+](C)(C)C
8328,441891,C[C@H](CC[C@@]1(O)O[C@H]2C[C@H]3[C@@H]4CC=C5C[C@@H](O[C@@H]6O[C@H](CO)[C@@H](O[C@@H]7O[C@@H](C)[C@H](O)[C@@H](O)[C@H]7O)[C@H](O)[C@H]6O[C@@H]6O[C@@H](C)[C@H](O)[C@@H](O)[C@H]6O)CC[C@]5(C)[C@H]4CC[C@]3(C)[C@H]2[C@@H]1C)CO[C@@H]1O[C@H](CO)[C@@H](O)[C@H](O)[C@H]1O
7913,5780,OC[C@@H](O)[C@@H](O)[C@H](O)[C@@H](O)CO
7913,13376,CCCCN=CO
7913,6998031,C[C@@H](O)[C@H](N=C(O)[C@@H](N)CCC(=O)O)C(=O)O
69435,5780,OC[C@@H](O)[C@@H](O)[C@H](O)[C@@H](O)CO
69435,243,O=C(O)c1ccccc1
69435,90657477,CC1=CC(=O)CC(C)(C)[C@@]1(O)/C=C/C(C)=C/C=O
11966252,5780,OC[C@@H](O)[C@@H](O)[C@H](O)[C@@H](O)CO
11966252,30951,C=CCOc1ccc(CC(=O)O)cc1Cl
11966252,90657728,CC(C)(COP(=O)(O)OP(=O)(O)OC[C@H]1O[C@@H](n2cnc3c(N)ncnc32)[C@H](O)[C@@H]1OP(=O)([O-])[O-])[C@@H](O)C([O-])=NCCC([O-])=NCCSC(=O)CCc1ccccc1
154234,5283118,CCCCCC(=O)/C=C/[C@@H]1[C@@H](CCCCCCC(=O)O)[C@@H](O)C[C@H]1O
154234,5354212,COC(=O)/C=C1/CC[C@H]2[C@@H]3CCC4=CC(=O)CC[C@]4(C)[C@H]3C(=O)C[C@]12C
154234,152639,CC[C@@]1(O)C[C@H](O[C@H]2C[C@H](N(C)C)[C@H](O[C@H]3C[C@H](O)[C@H](O)[C@H](C)O3)[C@H](C)O2)c2c(cc3c(c2O)C(=O)c2c(O)cccc2C3=O)[C@H]1C(=O)OC
85782,56955923,O=[As]([O-])(O)c1ccccc1
85782,5780,OC[C@@H](O)[C@@H](O)[C@H](O)[C@@H](O)CO
85782,71464507,CCCCCCCC/C=C\CCCCCCCCCC(=O)OC(CC(=O)[O-])C[N+](C)(C)C
44567151,49859627,COc1cccc2[nH]cc(C/C(=N/OS(=O)(=O)[O-])S[C@@H]3O[C@H](CO)[C@@H](O)[C@H](O)[C@H]3O)c12
44567151,10436112,CC(C)=CCC/C(C)=C/CC/C(C)=C/C[C@@]12O[C@@H]1C(=O)C(COC(=O)CC(C)(O)CC(=O)O)=CC2=O
2126,5354212,COC(=O)/C=C1/CC[C@H]2[C@@H]3CCC4=CC(=O)CC[C@]4(C)[C@H]3C(=O)C[C@]12C
2126,126843446,CCC(C)[C@H](N=C(O)[C@H](CC(=N)O)N=C(O)[C@H](CCCCN)N=C(O)[C@H](Cc1ccccc1)N=C(O)[C@H](Cc1ccccc1)N=C(O)[C@H](Cc1cnc[nH]1)N=C(O)[C@@H](N=C(O)[C@@H](N=C(O)[C@@H]1CCCN1C(=O)[C@@H](N)CC(=N)O)C(C)C)C(C)C)C(O)=N[C@H](C(O)=N[C@H](C(=O)N1CCC[C@H]1C(O)=N[C@@H](CCCNC(=N)N)C(O)=N[C@H](C(=O)N1CCC[C@H]1C(=O)N1CCC[C@H]1C(=O)N1CCC[C@H]1C(O)=N[C@@H](CO)C(=O)O)C(C)O)C(C)O)C(C)C
3330960,5780,OC[C@@H](O)[C@@H](O)[C@H](O)[C@@H](O)CO
3330960,5780,OC[C@@H](O)[C@@H](O)[C@H](O)[C@@H](O)CO
3330960,86289483,Cc1cc(C[C@H](N)C(=O)O)cc(O)c1O
53952360,23674745,CC(C(=O)[O-])c1ccc(CC2CCCC2=O)cc1.O.O.[Na+]
53952360,213046,O=C1[C@@H]2[C@H]3CC[C@H](C3)[C@@H]2C(=O)N1C[C@@H]1CCCC[C@H]1CN1CCN(c2nsc3ccccc23)CC1
21117695,11560992,CC[C@H](C[C@@H](O)[C@@H](C)[C@H]1CC[C@H]2[C@@H]3CCC4=CC(=O)CC[C@]4(C)[C@H]3CC[C@]12C)C(C)C
21117695,49859627,COc1cccc2[nH]cc(C/C(=N/OS(=O)(=O)[O-])S[C@@H]3O[C@H](CO)[C@@H](O)[C@H](O)[C@H]3O)c12
21117695,9548795,C/C=C\C(=O)[O-]
52923465,5780,OC[C@@H](O)[C@@H](O)[C@H](O)[C@@H](O)CO
52923465,70678725,COC1=C(Br)[C@H](O)[C@@]2(C=C1Br)CC(C(=O)NCCCCNC(=O)C1=NO[C@@]3(C=C(Br)C(=O)[C@H](Br)[C@H]3O)C1)=NO2
52923465,654,CCOP(=O)(O)OCC
164950,56955923,O=[As]([O-])(O)c1ccccc1
164950,12228,CN=C=O
10312147,50909829,O=C([O-])[C@H]1O[C@@H](O[C@H]2[C@H](Oc3cc4c(O)cc(O)cc4[o+]c3-c3ccc(O)c(O)c3)O[C@H](CO)[C@@H](O)[C@@H]2O)[C@H](O)[C@@H](O)[C@@H]1O
10312147,440649,Cc1ncc(C[n+]2c(C(O)CCC(=O)O)sc(CCOP(=O)(O)OP(=O)(O)O)c2C)c(=N)[nH]1
10312147,10931377,CCC[C@@H]1O[C@@H]1C
8189,5780,OC[C@@H](O)[C@@H](O)[C@H](O)[C@@H](O)CO
8189,5780,OC[C@@H](O)[C@@H](O)[C@H](O)[C@@H](O)CO
8189,16656807,N#CSCC(=O)c1ccc(O)c(O)c1
5283265,5780,OC[C@@H](O)[C@@H](O)[C@H](O)[C@@H](O)CO
5283265,121596220,CC(C(=O)[O-])C(=O)OC(CC(=O)[O-])C[N+](C)(C)C
5283265,4929,CSc1nc(=NC(C)C)[nH]c(=NC(C)C)[nH]1
71464690,5780,OC[C@@H](O)[C@@H](O)[C@H](O)[C@@H](O)CO
71464690,10825777,NC(Cc1cc(O)c2c(c1)SCC(O)=N2)C(=O)O
71464690,23615192,O=C([O-])CCCC(=O)C(=O)[O-]
70678600,70678595,CCCCCCCCCCCCCCCCCCCCCC(O)C(O)C(O)=N[C@@H](COP(=O)(O)O[C@@H]1[C@H](O)[C@H](O)[C@@H](O)[C@H](O)[C@H]1O[C@@H]1O[C@H](COP(=O)(O)OC2[C@H](O)[C@H](O)C(O)[C@H](O)[C@H]2O)[C@@H](O)[C@H](O)[C@@H]1O)[C@H](O)C(O)CCCCCCCCCCCCCC
70678600,53262337,CCCCCCCCCCCCCCCCCCCCCCCC[C@@H](C(=O)O)[C@H](O)CCCCCCCCCCCCCCCCC[C@H]1C[C@H]1CCCCCCCCCCCCCCCC[C@@H](OC)[C@H](C)CCCCCCCCCCCCCCCCCC
70678600,70679030,C[C@@H]1O[C@@H](O[C@H]2[C@H](O[C@@H]3O[C@H](CO)[C@H](O)[C@H](O)[C@H]3O)[C@@H](COS(=O)(=O)O)OC(O)[C@@H]2O)[C@@H](O)[C@H](O)[C@@H]1O
443879,53354912,C=C[C@@H](c1ccc(OC)c(O)c1)c1cc(O)c(OC)cc1O
443879,5354212,COC(=O)/C=C1/CC[C@H]2[C@@H]3CCC4=CC(=O)CC[C@]4(C)[C@H]3C(=O)C[C@]12C
443879,53957446,Cc1nn([C@H]2C[C@H](O)[C@@H](COP(=O)(O)O)O2)c(=O)nc1O
86583455,5780,OC[C@@H](O)[C@@H](O)[C@H](O)[C@@H](O)CO
86583455,49859627,COc1cccc2[nH]cc(C/C(=N/OS(=O)(=O)[O-])S[C@@H]3O[C@H](CO)[C@@H](O)[C@H](O)[C@H]3O)c12
86583455,70678903,CC(C)=CCC/C(C)=C/CC/C(C)=C/CC/C(C)=C/CC/C(C)=C\CC/C(C)=C\CC/C(C)=C\CC/C(C)=C\CC/C(C)=C\CC/C(C)=C\CC/C(C)=C\COP(=O)(O)OP(=O)(O)O[C@H]1O[C@H](C)[C@@H](N=C(C)[O-])[C@H](O[C@H]2O[C@H](CO)[C@H](O[C@H]3O[C@H](CO)[C@H](O)[C@H](O)[C@H]3N=C(C)[O-])[C@H](O)[C@H]2N=C(C)O)[C@H]1N=C(C)O
24414,5780,OC[C@@H](O)[C@@H](O)[C@H](O)[C@@H](O)CO
24414,30951,C=CCOc1ccc(CC(=O)O)cc1Cl
24414,169569,O.O.O.O.O.O.O=C([O-])P(=O)([O-])[O-].[Na+].[Na+].[Na+]
5281875,49859627,COc1cccc2[nH]cc(C/C(=N/OS(=O)(=O)[O-])S[C@@H]3O[C@H](CO)[C@@H](O)[C@H](O)[C@H]3O)c12
5281875,439258,N[C@@H](CCSC[C@H](N)C(=O)O)C(=O)O
25203408,5780,OC[C@@H](O)[C@@H](O)[C@H](O)[C@@H](O)CO
25203408,5780,OC[C@@H](O)[C@@H](O)[C@H](O)[C@@H](O)CO
25203408,9796904,CN1CC2CC3=CC(C(=O)CC3)C3C=C(CCC3=O)CC1CN2
5280453,9547521,C=C1/C(=C\C=C2/CCC[C@]3(COC(C)=O)[C@@H]([C@H](C)CCCC(C)(C)O)CC[C@@H]23)C[C@@H](O)C[C@@H]1O
5280453,52929771,CCCCCCCCCCCCCCCC/C=C\OC[C@@H](O)COP(=O)(O)O
5280453,70804,O=C(O)c1ccc2c(c1)CCCC2
6436246,51520704,C=C(C)[C@@H]1Cc2c(ccc3ccc(=O)oc23)O1
6436246,5354212,COC(=O)/C=C1/CC[C@H]2[C@@H]3CCC4=CC(=O)CC[C@]4(C)[C@H]3C(=O)C[C@]12C
6436246,51042408,C[C@](O)(CCCCCCCCCCCCc1ccccc1)C[C@]1(C)OC(=O)C[C@@H]1O
121935,86289416,CCCCCC(=O)O[C@H]1CC[C@@]2(C)C(=CC[C@H]3[C@@H]4CC[C@H]([C@H](C)CC[C@H](O)C(C)C)[C@@]4(C)CC[C@@H]32)C1
121935,52929771,CCCCCCCCCCCCCCCC/C=C\OC[C@@H](O)COP(=O)(O)O
121935,35023177,CCCCC[C@](C)(O)/C=C/[C@@H]1[C@@H](C/C=C\CCCC(=O)O)[C@@H](O)C[C@@H]1O
5460809,5780,OC[C@@H](O)[C@@H](O)[C@H](O)[C@@H](O)CO
5460809,46878557,N=c1ccn([C@@H]2O[C@H](COP(=O)(O)O[C@]3(C(=O)[O-])C[C@@H](O)[C@@H](O)[C@@H]([C@H](O)CO)O3)[C@@H](O)[C@H]2O)c([O-])n1
70678694,53356751,CCCCCCCCCCCCCCCCCCCCCCCC(O)=N[C@@H](COP(=O)(O)O[C@@H]1[C@H](O)[C@H](O)[C@@H](O)[C@H](O)[C@H]1OC1O[C@H](CO)[C@@H](O)[C@H](O)[C@@H]1O)[C@H](O)C(O)CCCCCCCCCCCCCCCC
70678694,132282124,C[C@@H]1O[C@@H](OCCCCCC(=O)SCCN=C(O)CCN=C(O)[C@H](O)C(C)(C)COP(=O)(O)OP(=O)(O)OC[C@H]2O[C@@H](n3cnc4c(N)ncnc43)[C@H](O)[C@@H]2OP(=O)(O)O)[C@H](O)C[C@H]1O
70678694,47528,O=[N+]([O-])OCCN=C(O)c1cccnc1
71581184,5780,OC[C@@H](O)[C@@H](O)[C@H](O)[C@@H](O)CO
71581184,440649,Cc1ncc(C[n+]2c(C(O)CCC(=O)O)sc(CCOP(=O)(O)OP(=O)(O)O)c2C)c(=N)[nH]1
71581184,75734,Oc1cnc2c(O)nc(O)nc2n1
25135703,71298190,CC(O)=N[C@H]1C(O)O[C@H](CO)[C@H](O)[C@@H]1O[C@@H]1O[C@H](CO)[C@H](O[C@H]2O[C@H](CO)[C@H](O)[C@H](O)[C@H]2O)[C@H](O)[C@H]1O[C@@H]1O[C@@H](C)[C@@H](O)[C@@H](O)[C@@H]1O
25135703,71807,COC(C(O)=N[C@@H]1C(=O)N2[C@@H]1SC(C)(C)[C@@H]2C(=O)O)c1ccc(Cl)c(Cl)c1
131801208,91855080,OC[C@H]1OC(O)[C@H](O)[C@@H](O[C@@H]2OC[C@@H](O)[C@H](O)[C@H]2O)[C@@H]1O
131801208,5354212,COC(=O)/C=C1/CC[C@H]2[C@@H]3CCC4=CC(=O)CC[C@]4(C)[C@H]3C(=O)C[C@]12C
131801208,9926791,C[C@@H]1CCN(C(=O)CC#N)C[C@@H]1N(C)c1ncnc2[nH]ccc12
10461,5780,OC[C@@H](O)[C@@H](O)[C@H](O)[C@@H](O)CO
10461,68057,Cc1ccc2c(c1)CCCC2(C)C
10461,5460049,O=C[C@H](O)[C@@H](O)CC(=O)C(=O)O
5460232,5780,OC[C@@H](O)[C@@H](O)[C@H](O)[C@@H](O)CO
5460232,13376,CCCCN=CO
5460232,74839,CC(O)=N[C@@H](Cc1ccccc1)C(=O)O
11067734,5354212,COC(=O)/C=C1/CC[C@H]2[C@@H]3CCC4=CC(=O)CC[C@]4(C)[C@H]3C(=O)C[C@]12C
11067734,44237331,COc1cc(/C=C/C(=O)OCCCCCCCCCCCCCCCC(=O)O)ccc1[O-]
637039,57339229,NC(CC1C=CC(O)CC1)C(=O)O
637039,49859627,COc1cccc2[nH]cc(C/C(=N/OS(=O)(=O)[O-])S[C@@H]3O[C@H](CO)[C@@H](O)[C@H](O)[C@H]3O)c12
637039,5372065,CC(C)CN=C(O)/C=C/CCCCc1ccc2c(c1)OCO2
10058450,86289694,C[C@H](CCCCCCCCC/C=C/C(=O)O)O[C@@H]1O[C@@H](C)[C@H](O)C[C@H]1O
10058450,5780,OC[C@@H](O)[C@@H](O)[C@H](O)[C@@H](O)CO
10058450,91850119,C[C@@H]1O[C@H](OC[C@H]2O[C@H](O)[C@H](O)[C@@H](O)[C@@H]2O)[C@@H](O)[C@H](O)[C@@H]1O
71296192,70678725,COC1=C(Br)[C@H](O)[C@@]2(C=C1Br)CC(C(=O)NCCCCNC(=O)C1=NO[C@@]3(C=C(Br)C(=O)[C@H](Br)[C@H]3O)C1)=NO2
71296192,11652906,CC1=COC(O)[C@H]2[C@@H]1CC[C@@H]2C
91666370,5780,OC[C@@H](O)[C@@H](O)[C@H](O)[C@@H](O)CO
91666370,53239731,CC(O)=N[C@@H]1[C@@H](O[C@@H]2O[C@@H](C)[C@@H](O)[C@@H](O)[C@@H]2O)[C@H](O[C@@H]2O[C@H](CO)[C@@H](O)[C@H](O)[C@H]2N=C(C)O)[C@@H](CO[C@@H]2O[C@@H](C)[C@@H](O)[C@@H](O)[C@@H]2O)O[C@H]1O
91666370,443326,CC[C@]12C=CCN3CC[C@]4(C(=C(C(=O)OC)C1)Nc1cc(O)ccc14)[C@@H]32
9555,5780,OC[C@@H](O)[C@@H](O)[C@H](O)[C@@H](O)CO
9555,49859627,COc1cccc2[nH]cc(C/C(=N/OS(=O)(=O)[O-])S[C@@H]3O[C@H](CO)[C@@H](O)[C@H](O)[C@H]3O)c12
9555,53363843,COc1c(C(C)C)cc(O)c2c1CC[C@H]1C(C)=C(C(=O)O)CC[C@]21C
138756162,5780,OC[C@@H](O)[C@@H](O)[C@H](O)[C@@H](O)CO
138756162,23674745,CC(C(=O)[O-])c1ccc(CC2CCCC2=O)cc1.O.O.[Na+]
138756162,36400,Clc1cc(Cl)cc(-c2cc(Cl)cc(Cl)c2)c1
5460814,56955923,O=[As]([O-])(O)c1ccccc1
5460814,5780,OC[C@@H](O)[C@@H](O)[C@H](O)[C@@H](O)CO
5460814,9548707,CC(C)C1CC[C@H](C)CCC[C@H](C)CC1
92475873,10825777,NC(Cc1cc(O)c2c(c1)SCC(O)=N2)C(=O)O
92475873,1826,O=C(O)Cc1c[nH]c2ccc(O)cc12
90659825,86289694,C[C@H](CCCCCCCCC/C=C/C(=O)O)O[C@@H]1O[C@@H](C)[C@H](O)C[C@H]1O
90659825,70678725,COC1=C(Br)[C@H](O)[C@@]2(C=C1Br)CC(C(=O)NCCCCNC(=O)C1=NO[C@@]3(C=C(Br)C(=O)[C@H](Br)[C@H]3O)C1)=NO2
90659825,6437379,CO/C=C(C(=O)OC)\C(C)=C/C=C/c1ccccc1
3611,279,N=C(O)NC(CC(=O)O)C(=O)O
3611,56927861,N=C(O)C1=CN([C@@H]2O[C@H](COP(=O)(O)OP(=O)(O)OC[C@H]3O[C@@H](n4cnc5c(N)ncnc54)[C@H](O)[C@@H]3O)[C@@H](O)[C@H]2O)[C@H](O)CC1
52921886,5780,OC[C@@H](O)[C@@H](O)[C@H](O)[C@@H](O)CO
52921886,5354212,COC(=O)/C=C1/CC[C@H]2[C@@H]3CCC4=CC(=O)CC[C@]4(C)[C@H]3C(=O)C[C@]12C
52921886,56955925,CC(O)=N[C@H]1[C@H](O[C@H]2[C@H](O[C@H]3O[C@H](CO)[C@@H](O)[C@H](O)[C@@H]3O)[C@@H](N=C(C)O)C(O)O[C@@H]2CO)O[C@H](CO)[C@@H](O[C@@H]2O[C@H](CO[C@H]3O[C@H](CO)[C@@H](O)[C@H](O)[C@@H]3O)[C@@H](O)[C@H](O)[C@@H]2O[C@@H]2OC[C@@H](O)[C@H](O)[C@H]2O)[C@@H]1O
57379345,440649,Cc1ncc(C[n+]2c(C(O)CCC(=O)O)sc(CCOP(=O)(O)OP(=O)(O)O)c2C)c(=N)[nH]1
57379345,5707,Cc1cccc(C)c1NC1=NCCCS1
53440779,10065952,C=CC(C)(C)c1cc(O)c(OC)c2c(=O)c3c(O)ccc(O)c3oc12
53440779,5354212,COC(=O)/C=C1/CC[C@H]2[C@@H]3CCC4=CC(=O)CC[C@]4(C)[C@H]3C(=O)C[C@]12C
53440779,440216,C=C(Cl)C[C@H](N)C(=O)O
14392217,49859627,COc1cccc2[nH]cc(C/C(=N/OS(=O)(=O)[O-])S[C@@H]3O[C@H](CO)[C@@H](O)[C@H](O)[C@H]3O)c12
14392217,16124714,CC(C)C[C@H](N=C(O)c1cccc(CN=C(O)[C@H](Cc2c[nH]c3ccccc23)NCCN=C(O)[C@H](C)N=C(O)[C@H](CC(C)C)N=C(O)[C@@H](N)CCC(=O)O)c1)C(O)=N[C@H](C(O)=N[C@H](C(=O)O)C(C)C)[C@@H](C)O
70678957,66679550,C=CCCCCCCO[C@@H]1O[C@H](CO)[C@@H](O[C@@H]2O[C@H](CO)[C@H](O)[C@H](O[C@H]3O[C@H](CO)[C@H](O)[C@H](O)[C@H]3O)[C@H]2O[C@@H]2O[C@@H](C)[C@@H](O)[C@@H](O)[C@@H]2O)[C@H](O)[C@H]1O
70678957,71298190,CC(O)=N[C@H]1C(O)O[C@H](CO)[C@H](O)[C@@H]1O[C@@H]1O[C@H](CO)[C@H](O[C@H]2O[C@H](CO)[C@H](O)[C@H](O)[C@H]2O)[C@H](O)[C@H]1O[C@@H]1O[C@@H](C)[C@@H](O)[C@@H](O)[C@@H]1O
70678957,441852,C[C@@H]1O[C@@H](O[C@H]2CC[C@]3(C=O)[C@H]4CC[C@]5(C)[C@@H](C6=CC(=O)OC6)CC[C@]5(O)[C@@H]4CC[C@]3(O)C2)[C@H](O)[C@H](O)[C@H]1O
45105206,5780,OC[C@@H](O)[C@@H](O)[C@H](O)[C@@H](O)CO
45105206,5354212,COC(=O)/C=C1/CC[C@H]2[C@@H]3CCC4=CC(=O)CC[C@]4(C)[C@H]3C(=O)C[C@]12C
45105206,86290028,C[C@]12CC[C@H]3[C@@H](CCC4=CC(=O)CC[C@@]43C)[C@@H]1CC[C@@H]2O[C@H]1O[C@H](CO)[C@@H](O)C(O)C1O
52950912,52951052,CC1(C)CC[C@]2(C(=O)O[C@@H]3O[C@H](CO)[C@@H](O)[C@H](O)[C@H]3O)CC[C@]3(C)C(=CC[C@@H]4[C@@]5(C)C[C@@H](O)[C@H](O)[C@@](C)(CO)[C@@H]5CC[C@]43C)[C@@H]2C1
52950912,71298190,CC(O)=N[C@H]1C(O)O[C@H](CO)[C@H](O)[C@@H]1O[C@@H]1O[C@H](CO)[C@H](O[C@H]2O[C@H](CO)[C@H](O)[C@H](O)[C@H]2O)[C@H](O)[C@H]1O[C@@H]1O[C@@H](C)[C@@H](O)[C@@H](O)[C@@H]1O
52950912,86289252,CCCCCCCCCCCCCCCCCCOCC(=O)COP(=O)([O-])[O-]
6584,5780,OC[C@@H](O)[C@@H](O)[C@H](O)[C@@H](O)CO
6584,3692773,CC(=O)C[NH3+]
6584,90546,N=C(O)N[C@@H](CS)C(=O)O
72193640,49859627,COc1cccc2[nH]cc(C/C(=N/OS(=O)(=O)[O-])S[C@@H]3O[C@H](CO)[C@@H](O)[C@H](O)[C@H]3O)c12
72193640,145712527,C=CC(C)(C)c1[nH]c2ccccc2c1CC1=CN2CCC[C@H]2C(O)=N1
66762,69212,CC1=CC(=O)C(=O)C=C1O
66762,52921642,CC(=O)[C@@]1(O)CC[C@H]2[C@@H]3CCC4=C/C(=N/OCC(=O)O)CC[C@]4(C)[C@H]3CC[C@@]21C
49792034,46931152,CCCCCCCC/C=C\CCCCCCCC(=O)OC[C@H](COP(=O)(O)OCC(O)COP(=O)(O)OC[C@@H](COC(=O)CCCCCCC/C=C\CCCCCCCC)OC(=O)CCCCCCC/C=C\CCCCCCCC)OC(=O)CCCCCCC/C=C\CCCCCCCC
49792034,457954,N=C(O)c1csc([C@@H]2O[C@H](CO)[C@@H](O)[C@H]2O)n1
68486,129659,O=c1ccc2ccc(OS(=O)(=O)O)cc2o1
68486,10825777,NC(Cc1cc(O)c2c(c1)SCC(O)=N2)C(=O)O
68486,135495951,ON=CC=NO
71464601,49859627,COc1cccc2[nH]cc(C/C(=N/OS(=O)(=O)[O-])S[C@@H]3O[C@H](CO)[C@@H](O)[C@H](O)[C@H]3O)c12
71464601,118797910,CS(=O)C=CCC/C(=N/S(=O)(=O)O)S[C@@H]1O[C@H](CO)[C@@H](O)[C@H](O)[C@H]1O
134160277,53239731,CC(O)=N[C@@H]1[C@@H](O[C@@H]2O[C@@H](C)[C@@H](O)[C@@H](O)[C@@H]2O)[C@H](O[C@@H]2O[C@H](CO)[C@@H](O)[C@H](O)[C@H]2N=C(C)O)[C@@H](CO[C@@H]2O[C@@H](C)[C@@H](O)[C@@H](O)[C@@H]2O)O[C@H]1O
134160277,40565475,CCCCCC(=O)CC[C@H]1[C@H](O)CC(=O)[C@@H]1CCCCCCC(=O)[O-]
121225531,91972219,CC(O)=N[C@H]1[C@H](O[C@H]2[C@H](O)[C@@H](N=C(C)O)C(O)O[C@@H]2CO)O[C@H](COS(=O)(=O)O)[C@H](O)[C@@H]1O
121225531,53239760,C[C@H](N=C(O)[C@H](CCC(=N)O)N=C(O)CN)C(O)=NCC(O)=N[C@@H](Cc1cscn1)C(O)=N[C@@H](CC[C@H](CN)O[C@@H]1O[C@H](CO)[C@H](O)[C@H](O)[C@H]1O)C(O)=NCC(O)=N[C@@H](CCC(=O)O)C(O)=N[C@@H](CCC(=N)O)C(O)=NCC(=O)N1CCC[C@H]1C(O)=N[C@@H](CCCCN)C(O)=NCC(O)=N[C@@H](CCC(=O)O)C(O)=N[C@H](C(=O)O)[C@@H](C)O
121225531,71668339,CCCCC/C=C\C/C=C\C=C\C(=O)C/C=C\CCCC(=O)[O-]
123131571,5780,OC[C@@H](O)[C@@H](O)[C@H](O)[C@@H](O)CO
123131571,10825777,NC(Cc1cc(O)c2c(c1)SCC(O)=N2)C(=O)O
123131571,9543872,CCCCC/C=C\C/C=C\C/C=C\C/C=C\CCCC(=O)OC[C@H](CO)OC(=O)CCC/C=C\C/C=C\C/C=C\C/C=C\CCCCC
45266902,5354212,COC(=O)/C=C1/CC[C@H]2[C@@H]3CCC4=CC(=O)CC[C@]4(C)[C@H]3C(=O)C[C@]12C
45266902,53392495,CCCCC[C@@H](O)C[C@@H](O)C[C@@H]1Cc2cc3cc(OC)c(-c4c(OC)cc5cc6c(c(O)c5c4O)C(=O)O[C@H](C[C@H](O)C[C@H](O)CCCCC)C6)c(O)c3c(O)c2C(=O)O1
91857585,53239731,CC(O)=N[C@@H]1[C@@H](O[C@@H]2O[C@@H](C)[C@@H](O)[C@@H](O)[C@@H]2O)[C@H](O[C@@H]2O[C@H](CO)[C@@H](O)[C@H](O)[C@H]2N=C(C)O)[C@@H](CO[C@@H]2O[C@@H](C)[C@@H](O)[C@@H](O)[C@@H]2O)O[C@H]1O
91857585,309,O=C(O)C=C(CC(=O)O)C(=O)O
7855,5780,OC[C@@H](O)[C@@H](O)[C@H](O)[C@@H](O)CO
7855,23976,[Cr]
7855,5281875,CC1(C)CN=C(NN=C(/C=C/c2ccc(C(F)(F)F)cc2)/C=C/c2ccc(C(F)(F)F)cc2)NC1
126456451,91828250,CC(O)=N[C@@H]1[C@@H](O)[C@H](O[C@@H]2O[C@H](CO)[C@@H](O[C@@H]3O[C@H](CO[C@H]4O[C@H](CO)[C@@H](O)[C@H](O)[C@@H]4O[C@@H]4O[C@H](CO)[C@@H](O[C@@H]5O[C@H](CO)[C@H](O)[C@H](O[C@]6(C(=O)O)C[C@H](O)[C@@H](N=C(C)O)[C@H]([C@H](O)[C@H](O)CO)O6)[C@H]5O)[C@H](O)[C@H]4N=C(C)O)[C@@H](O[C@@H]4O[C@H](CO)[C@@H](O)[C@H](O)[C@H]4N=C(C)O)[C@H](O[C@H]4O[C@H](CO)[C@@H](O)[C@H](O)[C@@H]4O[C@@H]4O[C@H](CO)[C@@H](O[C@@H]5O[C@H](CO)[C@H](O)[C@H](O[C@]6(C(=O)O)C[C@H](O)[C@@H](N=C(C)O)[C@H]([C@H](O)[C@H](O)CO)O6)[C@H]5O)[C@H](O)[C@H]4N=C(C)O)[C@@H]3O)[C@H](O)[C@H]2N=C(C)O)[C@@H](CO)O[C@H]1O
126456451,25031915,CN=C(O)c1cccc2cc(Oc3ccnc4cc(OCC5(N)CC5)c(OC)cc34)ccc12
5497123,5780,OC[C@@H](O)[C@@H](O)[C@H](O)[C@@H](O)CO
5497123,23674745,CC(C(=O)[O-])c1ccc(CC2CCCC2=O)cc1.O.O.[Na+]
5497123,4685776,COc1ccc(SCCc2cc[nH+]cc2)cc1
92946,56955923,O=[As]([O-])(O)c1ccccc1
92946,10825777,NC(Cc1cc(O)c2c(c1)SCC(O)=N2)C(=O)O
92946,25245298,CCCCCCCCCCCCC/C=C/[C@@H](O)[C@@H]([NH3+])CO[C@@H]1O[C@H](CO)[C@H](O)[C@H](O)[C@H]1O
53322523,70697895,Cc1c(O)cc(O)c2c(=O)ccoc12
53322523,30951,C=CCOc1ccc(CC(=O)O)cc1Cl
53322523,24755496,O=C([O-])CCC(C(=O)O)C(O)C(=O)O
44263323,57339321,CC(C)=CCC[C@@H](C)[C@H]1CC[C@H]2C3=C(CC[C@]12C)[C@@]1(C)CCC(=O)C(C(=O)[O-])[C@@H]1CC3
44263323,52929771,CCCCCCCCCCCCCCCC/C=C\OC[C@@H](O)COP(=O)(O)O
44263323,129011042,CO[C@@H]1O[C@H](CO)[C@H](O)[C@H](O[C@@H]2O[C@H](C(=O)O)[C@@H](O)[C@H](OS(=O)(=O)O)[C@H]2O)[C@H]1O
126456515,5780,OC[C@@H](O)[C@@H](O)[C@H](O)[C@@H](O)CO
126456515,440649,Cc1ncc(C[n+]2c(C(O)CCC(=O)O)sc(CCOP(=O)(O)OP(=O)(O)O)c2C)c(=N)[nH]1
126456515,9909190,CC1(C)CC=C(C#Cc2ccccc2)c2cc(/C=C/c3ccc(C(=O)O)cc3)ccc21
11671902,56955923,O=[As]([O-])(O)c1ccccc1
11671902,53239731,CC(O)=N[C@@H]1[C@@H](O[C@@H]2O[C@@H](C)[C@@H](O)[C@@H](O)[C@@H]2O)[C@H](O[C@@H]2O[C@H](CO)[C@@H](O)[C@H](O)[C@H]2N=C(C)O)[C@@H](CO[C@@H]2O[C@@H](C)[C@@H](O)[C@@H](O)[C@@H]2O)O[C@H]1O
11671902,42647297,Cc1ccc(C(O)=NC2CC2)cc1Nc1cc(=O)n(C)c2c1cnn2-c1ccc(F)cc1F
86289327,5780,OC[C@@H](O)[C@@H](O)[C@H](O)[C@@H](O)CO
86289327,49859627,COc1cccc2[nH]cc(C/C(=N/OS(=O)(=O)[O-])S[C@@H]3O[C@H](CO)[C@@H](O)[C@H](O)[C@H]3O)c12
86289327,40490662,CCCCC/C=C\C/C=C\C[C@@H]1O[C@@H]1C/C=C\CCCC(=O)O
6375,5780,OC[C@@H](O)[C@@H](O)[C@H](O)[C@@H](O)CO
6375,1119,O=S=O
6375,91825629,CCCCCCC(C)CCCCCCCCCCC(=O)Cc1cc(O)cc(=O)o1
91865747,5780,OC[C@@H](O)[C@@H](O)[C@H](O)[C@@H](O)CO
91865747,70678725,COC1=C(Br)[C@H](O)[C@@]2(C=C1Br)CC(C(=O)NCCCCNC(=O)C1=NO[C@@]3(C=C(Br)C(=O)[C@H](Br)[C@H]3O)C1)=NO2
91865747,25201364,O=c1c(O[C@@H]2O[C@H](CO)[C@H](O)[C@H](O)[C@H]2O)c(-c2ccc([O-])cc2)oc2cc(O)cc(O)c12
45266613,14212362,Nc1nc(O)nc2c1ncn2[C@@H]1O[C@H](COP(=O)(O)O)[C@@H](O)[C@H]1O
45266613,70678725,COC1=C(Br)[C@H](O)[C@@]2(C=C1Br)CC(C(=O)NCCCCNC(=O)C1=NO[C@@]3(C=C(Br)C(=O)[C@H](Br)[C@H]3O)C1)=NO2
45266613,25135703,CC(C)=CCc1c(O)ccc(C(=O)[C@H]2[C@H](c3c(O)cc(-c4cc5ccc(O)cc5o4)cc3O)C=C(C)C[C@H]2c2ccc(O)cc2O)c1O
49799795,71306329,C=C1C(=O)O[C@@H]2C[C@@H](C)/C=C\C(=O)[C@@](C)(O)[C@H](OC(=O)CC(C)C)[C@@H](O)[C@@H]12
49799795,52929771,CCCCCCCCCCCCCCCC/C=C\OC[C@@H](O)COP(=O)(O)O
49799795,5312351,CCCCC/C=C\CCC(=O)O
5282609,5780,OC[C@@H](O)[C@@H](O)[C@H](O)[C@@H](O)CO
5282609,52929771,CCCCCCCCCCCCCCCC/C=C\OC[C@@H](O)COP(=O)(O)O
5282609,11597571,CC(Oc1cc(-c2cnn(C3CCNCC3)c2)cnc1N)c1c(Cl)ccc(F)c1Cl
5329102,5329098,Cc1cc(C)c(/C=C2\C(O)=Nc3ccccc32)[nH]1
5329102,52929771,CCCCCCCCCCCCCCCC/C=C\OC[C@@H](O)COP(=O)(O)O
5329102,18942842,O=C([O-])C(=O)C(O)C(=O)[O-]
5460285,5780,OC[C@@H](O)[C@@H](O)[C@H](O)[C@@H](O)CO
5460285,56955923,O=[As]([O-])(O)c1ccccc1
5460285,23724670,O=C1CC(c2ccc(O)cc2)Oc2cc(O)c(O)cc21
57379018,25031915,CN=C(O)c1cccc2cc(Oc3ccnc4cc(OCC5(N)CC5)c(OC)cc34)ccc12
57379018,49859627,COc1cccc2[nH]cc(C/C(=N/OS(=O)(=O)[O-])S[C@@H]3O[C@H](CO)[C@@H](O)[C@H](O)[C@H]3O)c12
57379018,4474580,NCCCC(NC(CCC(=O)O)C(=O)O)C(=O)O
5284389,56955923,O=[As]([O-])(O)c1ccccc1
5284389,5354212,COC(=O)/C=C1/CC[C@H]2[C@@H]3CCC4=CC(=O)CC[C@]4(C)[C@H]3C(=O)C[C@]12C
5284389,53356751,CCCCCCCCCCCCCCCCCCCCCCCC(O)=N[C@@H](COP(=O)(O)O[C@@H]1[C@H](O)[C@H](O)[C@@H](O)[C@H](O)[C@H]1OC1O[C@H](CO)[C@@H](O)[C@H](O)[C@@H]1O)[C@H](O)C(O)CCCCCCCCCCCCCCCC
6536774,440649,Cc1ncc(C[n+]2c(C(O)CCC(=O)O)sc(CCOP(=O)(O)OP(=O)(O)O)c2C)c(=N)[nH]1
6536774,156228,CC1(C(=O)O)CC1(C)C(O)=Nc1cc(Cl)cc(Cl)c1
25164000,69212,CC1=CC(=O)C(=O)C=C1O
25164000,91859771,OC[C@H]1O[C@@H](OC[C@H]2O[C@@H](O)[C@H](O)[C@@H](O)[C@@H]2O[C@H]2O[C@H](CO)[C@@H](O)[C@H](O)[C@H]2O)[C@H](O)[C@@H](O)[C@@H]1O
72204622,5780,OC[C@@H](O)[C@@H](O)[C@H](O)[C@@H](O)CO
72204622,5354212,COC(=O)/C=C1/CC[C@H]2[C@@H]3CCC4=CC(=O)CC[C@]4(C)[C@H]3C(=O)C[C@]12C
72204622,165000,O=c1cc2oc(-c3ccc(O)c(O)c3)c(O[C@@H]3O[C@H](CO)[C@@H](O)[C@H](O)[C@H]3O)cc-2c(O[C@@H]2O[C@H](CO)[C@@H](O)[C@H](O)[C@H]2O)c1
213046,49859627,COc1cccc2[nH]cc(C/C(=N/OS(=O)(=O)[O-])S[C@@H]3O[C@H](CO)[C@@H](O)[C@H](O)[C@H]3O)c12
213046,6917864,C[C@H]1[C@H](OC(=O)CCC(=O)O)O[C@@H]2O[C@@]3(C)CC[C@H]4[C@H](C)CC[C@@H]1[C@@]24OO3
54690912,2723698,Sc1ccccn1
54690912,69212,CC1=CC(=O)C(=O)C=C1O
54690912,440333,N[C@@H](CCC[C@H](N=C(O)CCC(=O)O)C(=O)O)C(=O)O
134716638,134716637,CC1(C)CCC=C([C@@H]2CC=C(C(=O)[O-])CC2)C1
134716638,30951,C=CCOc1ccc(CC(=O)O)cc1Cl
134716638,139600853,COc1cc2c(cc1OC)C(=O)[C@H](CC1CCN(Cc3ccccc3)CC1)C2.Cl
4921,70678725,COC1=C(Br)[C@H](O)[C@@]2(C=C1Br)CC(C(=O)NCCCCNC(=O)C1=NO[C@@]3(C=C(Br)C(=O)[C@H](Br)[C@H]3O)C1)=NO2
4921,90624,C[C@@H](O)[C@@H](N)C(=O)O
16680369,49859627,COc1cccc2[nH]cc(C/C(=N/OS(=O)(=O)[O-])S[C@@H]3O[C@H](CO)[C@@H](O)[C@H](O)[C@H]3O)c12
16680369,25245067,CCCCCCCCCCCCCC(=O)O[C@H](CCCCCCCCCCC)CC(=O)O[C@@H]1[C@@H](N=C(O)C[C@@H](CCCCCCCCCCC)OC(=O)CCCCCCCCCCC)[C@H](OC[C@H]2O[C@H](OP(=O)(O)O[C@H]3OC[C@H](N)[C@H](O)[C@H]3O)[C@H](N=C(O)C[C@H](O)CCCCCCCCCCC)[C@@H](OC(=O)C[C@H](O)CCCCCCCCCCC)[C@@H]2O)O[C@H](CO[C@]2(C(=O)O)C[C@@H](O[C@]3(C(=O)O)C[C@@H](O)[C@@H](O)[C@@H]([C@H](O)CO)O3)[C@@H](O)[C@@H]([C@H](O)CO)O2)[C@H]1OP(=O)(O)O[C@H]1OC[C@H](N)[C@H](O)[C@H]1O
20722666,23674745,CC(C(=O)[O-])c1ccc(CC2CCCC2=O)cc1.O.O.[Na+]
20722666,46878531,CCCn1c(C=O)ccc1CO
9840601,5354212,COC(=O)/C=C1/CC[C@H]2[C@@H]3CCC4=CC(=O)CC[C@]4(C)[C@H]3C(=O)C[C@]12C
9840601,5281236,CC1=C(/C=C/C(C)=C/C=C/C(C)=C/C=C/C=C(C)/C=C/C=C(C)/C=C/C2=C(C)C(=O)CCC2(C)C)C(C)(C)CCC1
5283207,40490621,CC[C@@H]1O[C@@H]1C/C=C\C/C=C\C/C=C\C/C=C\CCCC(=O)[O-]
5283207,5354212,COC(=O)/C=C1/CC[C@H]2[C@@H]3CCC4=CC(=O)CC[C@]4(C)[C@H]3C(=O)C[C@]12C
5283207,9128,c1ccc2c(c1)c1cccc3ccc4cccc2c4c31
5281294,5282362,O=C(/C=C/c1ccccc1)c1ccc(O)cc1
5281294,23674745,CC(C(=O)[O-])c1ccc(CC2CCCC2=O)cc1.O.O.[Na+]
5281294,10009567,COC(=O)c1c(O[C@@H]2O[C@@H](C)[C@H](OC)[C@@H](OC)[C@H]2OC)cc2cc3c(c(O)c2c1C)C(=O)[C@]1(OC)C(=O)C=C(OC)[C@@H](O)[C@]1(O)C3=O
86289479,5780,OC[C@@H](O)[C@@H](O)[C@H](O)[C@@H](O)CO
86289479,10825777,NC(Cc1cc(O)c2c(c1)SCC(O)=N2)C(=O)O
86289479,86289288,C/C=C1/C[C@@H](C)[C@@](C)(O)C(=O)OCC2=CC[NH+]3CC[C@@H](OC1=O)[C@@H]23
3830,56955923,O=[As]([O-])(O)c1ccccc1
3830,44260124,CCCCCCCCCCCCC/C=C/[C@@H](O)[C@H](COP(=O)([O-])OCC[N+](C)(C)C)N=C(O)CCCCCCCCCCCCCCCCCCC
126451,5354212,COC(=O)/C=C1/CC[C@H]2[C@@H]3CCC4=CC(=O)CC[C@]4(C)[C@H]3C(=O)C[C@]12C
126451,138756162,CC(O)CCC/C=C\C/C=C\CCCCCCCC(=O)[O-]
72551516,14212362,Nc1nc(O)nc2c1ncn2[C@@H]1O[C@H](COP(=O)(O)O)[C@@H](O)[C@H]1O
72551516,134160296,CSC[C@H]1O[C@H](O[C@H]2[C@H](O)[C@H](O)[C@@H](OC[C@H]3O[C@@H](O[C@@H]4[C@@H](OC[C@H]5O[C@H](OC[C@H]6OC(O)[C@@H](O)[C@@H]6O)[C@@H](O)[C@@H]5O[C@H]5O[C@H](CO)[C@@H](O)[C@@H]5O[C@@H]5O[C@H](CO)[C@@H](O)[C@@H]5O)O[C@H](CO)[C@H]4O)[C@@H](O)[C@@H]3O)O[C@@H]2CO)[C@H](O)[C@H]1O
72551516,4419940,O=C([O-])c1ccc([N+](=O)[O-])cc1
54682905,11947720,CC1=C/C(=C(\c2cc(C)c(O)c(C(=O)O)c2)c2ccccc2S(=O)(=O)O)C=C(C(=O)O)C1=O
54682905,440649,Cc1ncc(C[n+]2c(C(O)CCC(=O)O)sc(CCOP(=O)(O)OP(=O)(O)O)c2C)c(=N)[nH]1
54682905,10494,CC1(C)CC[C@]2(C(=O)O)CC[C@]3(C)C(=CC[C@@H]4[C@@]5(C)CC[C@H](O)C(C)(C)[C@@H]5CC[C@]43C)[C@@H]2C1
196402,53239731,CC(O)=N[C@@H]1[C@@H](O[C@@H]2O[C@@H](C)[C@@H](O)[C@@H](O)[C@@H]2O)[C@H](O[C@@H]2O[C@H](CO)[C@@H](O)[C@H](O)[C@H]2N=C(C)O)[C@@H](CO[C@@H]2O[C@@H](C)[C@@H](O)[C@@H](O)[C@@H]2O)O[C@H]1O
196402,151021,O=C(O)[C@H](Cc1ccc(O)cc1)N=C(O)c1ccccc1
102571773,5780,OC[C@@H](O)[C@@H](O)[C@H](O)[C@@H](O)CO
102571773,5354212,COC(=O)/C=C1/CC[C@H]2[C@@H]3CCC4=CC(=O)CC[C@]4(C)[C@H]3C(=O)C[C@]12C
102571773,1549438,C[C@@H](N)C(O)=N[C@H](CO)C(=O)O
49852412,5780,OC[C@@H](O)[C@@H](O)[C@H](O)[C@@H](O)CO
49852412,56955923,O=[As]([O-])(O)c1ccccc1
49852412,196730,Cc1c(C(=O)O)c(O)cc2cc3c(c(O)c12)C(=O)c1c(O)cc(O)cc1C3=O
46926223,91972219,CC(O)=N[C@H]1[C@H](O[C@H]2[C@H](O)[C@@H](N=C(C)O)C(O)O[C@@H]2CO)O[C@H](COS(=O)(=O)O)[C@H](O)[C@@H]1O
46926223,49859627,COc1cccc2[nH]cc(C/C(=N/OS(=O)(=O)[O-])S[C@@H]3O[C@H](CO)[C@@H](O)[C@H](O)[C@H]3O)c12
46926223,132472315,CC(O)/C=C\C/C=C\C[C@H](O)/C=C/C=C\C/C=C\CCCCCC(=O)O
11954137,16061345,CC(C)[C@H](C)[C@@H](O)[C@H](O)[C@@H](C)[C@H]1CC[C@H]2[C@@H]3CC[C@H]4CC(=O)CC[C@]4(C)[C@H]3CC[C@]12C
11954137,23674745,CC(C(=O)[O-])c1ccc(CC2CCCC2=O)cc1.O.O.[Na+]
11954137,53262867,COc1cc(-c2ccccc2)c(OC)c(O)c1-c1ccc(O)c(O)c1
12901,160453,O=C(O)CC[C@@H](C(=O)O)N1C(=O)c2ccccc2C1=O
12901,23674745,CC(C(=O)[O-])c1ccc(CC2CCCC2=O)cc1.O.O.[Na+]
12901,53481703,CCCC/C=C\CCCCCCCC(=O)O[C@H](COCCCCCCCC/C=C\CCCCCC)COP(=O)([O-])OCC[N+](C)(C)C
9914412,49859627,COc1cccc2[nH]cc(C/C(=N/OS(=O)(=O)[O-])S[C@@H]3O[C@H](CO)[C@@H](O)[C@H](O)[C@H]3O)c12
9914412,11723631,Cc1c(O)c2c(c3c1OC(C)(C)C=C3)C=Cc1c(O)cccc1O2
132472300,5354212,COC(=O)/C=C1/CC[C@H]2[C@@H]3CCC4=CC(=O)CC[C@]4(C)[C@H]3C(=O)C[C@]12C
132472300,70698038,COc1cc([C@H](O)[C@H](CO)Oc2ccc(C(=O)O)cc2OC)ccc1O
126456475,5780,OC[C@@H](O)[C@@H](O)[C@H](O)[C@@H](O)CO
126456475,5354212,COC(=O)/C=C1/CC[C@H]2[C@@H]3CCC4=CC(=O)CC[C@]4(C)[C@H]3C(=O)C[C@]12C
126456475,6917864,C[C@H]1[C@H](OC(=O)CCC(=O)O)O[C@@H]2O[C@@]3(C)CC[C@H]4[C@H](C)CC[C@@H]1[C@@]24OO3
14213209,10355545,C/C=C/c1ccc2oc(-c3ccc(O)cc3O)cc2c1
14213209,23674745,CC(C(=O)[O-])c1ccc(CC2CCCC2=O)cc1.O.O.[Na+]
14213209,441321,Oc1ccc2c(c1O)Cc1ccccc1-2
115104,30951,C=CCOc1ccc(CC(=O)O)cc1Cl
115104,21158461,CCCCC[C@@H](/C=C/C=C\CCCCCCCC(=O)[O-])OO
101729,94204,C=C(CC[C@@H](C)[C@H]1CC[C@@]2(C)[C@@H]3CC[C@H]4C(C)(C)[C@@H](O)CC[C@@]45C[C@@]35CC[C@]12C)C(C)C
101729,49859627,COc1cccc2[nH]cc(C/C(=N/OS(=O)(=O)[O-])S[C@@H]3O[C@H](CO)[C@@H](O)[C@H](O)[C@H]3O)c12
101729,45266658,N=C(CN=C[O-])NC1O[C@H](COP(=O)(O)O)[C@@H](O)[C@H]1O
135398695,121596220,CC(C(=O)[O-])C(=O)OC(CC(=O)[O-])C[N+](C)(C)C
135398695,5282897,CCCCCCCC(O)C(=O)O
92136131,5780,OC[C@@H](O)[C@@H](O)[C@H](O)[C@@H](O)CO
92136131,443144,CC(=O)C[C@@H]1CCCN1C
92136131,16737097,C/C=C/c1cc2c(c(=O)o1)-c1c(O)c(O)c(OC)c(C=O)c1C(O)O2
46224558,70678725,COC1=C(Br)[C@H](O)[C@@]2(C=C1Br)CC(C(=O)NCCCCNC(=O)C1=NO[C@@]3(C=C(Br)C(=O)[C@H](Br)[C@H]3O)C1)=NO2
46224558,443015,COc1cc([C@@H](O[C@@H]2O[C@H](CO)[C@@H](O)[C@H](O)[C@H]2O)[C@H]2C(=O)OC[C@@H]2Cc2ccc3c(c2)OCO3)cc(OC)c1OC
20835389,5780,OC[C@@H](O)[C@@H](O)[C@H](O)[C@@H](O)CO
20835389,53239731,CC(O)=N[C@@H]1[C@@H](O[C@@H]2O[C@@H](C)[C@@H](O)[C@@H](O)[C@@H]2O)[C@H](O[C@@H]2O[C@H](CO)[C@@H](O)[C@H](O)[C@H]2N=C(C)O)[C@@H](CO[C@@H]2O[C@@H](C)[C@@H](O)[C@@H](O)[C@@H]2O)O[C@H]1O
20835389,6540644,CCCCCCCCCCCCC/C=C/[C@@H](O)[C@@H](N)CO[C@@H]1O[C@H](CO)[C@H](O)[C@H](OS(=O)(=O)O)[C@H]1O
199656,5780,OC[C@@H](O)[C@@H](O)[C@H](O)[C@@H](O)CO
199656,69212,CC1=CC(=O)C(=O)C=C1O
199656,15466,COc1nc(C)nc(=N)[nH]1
3083907,57412271,CN1CC[C@]23C(=O)C[C@H]4C(=CCO[C@H]5CC(=O)N(c6ccc(O)cc62)[C@H]3[C@H]54)C1
3083907,5354212,COC(=O)/C=C1/CC[C@H]2[C@@H]3CCC4=CC(=O)CC[C@]4(C)[C@H]3C(=O)C[C@]12C
3083907,12407,CCCCCCCCCCCCCCCCCCCCCCCCCC
5280882,5354212,COC(=O)/C=C1/CC[C@H]2[C@@H]3CCC4=CC(=O)CC[C@]4(C)[C@H]3C(=O)C[C@]12C
5280882,8800,CN(C)C(=O)Nc1ccc(Cl)cc1
70678615,5780,OC[C@@H](O)[C@@H](O)[C@H](O)[C@@H](O)CO
70678615,5354212,COC(=O)/C=C1/CC[C@H]2[C@@H]3CCC4=CC(=O)CC[C@]4(C)[C@H]3C(=O)C[C@]12C
70678615,69351,CCCCCCCC(=O)OCCC
440077,5780,OC[C@@H](O)[C@@H](O)[C@H](O)[C@@H](O)CO
440077,69212,CC1=CC(=O)C(=O)C=C1O
440077,35023177,CCCCC[C@](C)(O)/C=C/[C@@H]1[C@@H](C/C=C\CCCC(=O)O)[C@@H](O)C[C@@H]1O
440966,69212,CC1=CC(=O)C(=O)C=C1O
440966,135567475,CCCCCCCCCCCCCCCCCCCCCCCCCC(O)=N[C@@H](CO[C@H]1O[C@H](CO)[C@H](OCc2ccc(C)cc2)[C@H](O)[C@H]1O)[C@H](O)[C@H](O)CCCCCCCCCCCCCC
46878362,56955923,O=[As]([O-])(O)c1ccccc1
46878362,5354212,COC(=O)/C=C1/CC[C@H]2[C@@H]3CCC4=CC(=O)CC[C@]4(C)[C@H]3C(=O)C[C@]12C
46878362,240232,CC(C)CCCC(C)CO
86290192,44593871,N=C(N)NCCCCN=c1[nH]c(=N)ccn1[C@@H]1O[C@H](CO)[C@@H](O)[C@H]1O
86290192,49859627,COc1cccc2[nH]cc(C/C(=N/OS(=O)(=O)[O-])S[C@@H]3O[C@H](CO)[C@@H](O)[C@H](O)[C@H]3O)c12
86290192,86289183,CCCCC/C=C\C/C=C\C/C=C\C/C=C\CCCCCCCCCCCCCC(=O)[O-]
7020885,5780,OC[C@@H](O)[C@@H](O)[C@H](O)[C@@H](O)CO
7020885,56955923,O=[As]([O-])(O)c1ccccc1
7020885,13891595,C[C@H](N)C(O)=N[C@@H](CC(=O)O)C(O)=NCC(=O)O
3290,72287,COc1ccc2c(c1)N(C[C@H](C)CN(C)C)c1ccccc1S2
3290,23674745,CC(C(=O)[O-])c1ccc(CC2CCCC2=O)cc1.O.O.[Na+]
3290,6101829,CN(C)CCC[C@]1(c2ccc(F)cc2)OCc2cc(C#N)ccc21
11147,5780,OC[C@@H](O)[C@@H](O)[C@H](O)[C@@H](O)CO
11147,70678725,COC1=C(Br)[C@H](O)[C@@]2(C=C1Br)CC(C(=O)NCCCCNC(=O)C1=NO[C@@]3(C=C(Br)C(=O)[C@H](Br)[C@H]3O)C1)=NO2
11147,13891595,C[C@H](N)C(O)=N[C@@H](CC(=O)O)C(O)=NCC(=O)O
132524,5354212,COC(=O)/C=C1/CC[C@H]2[C@@H]3CCC4=CC(=O)CC[C@]4(C)[C@H]3C(=O)C[C@]12C
132524,70678657,N=C(NO[C@@H]1O[C@H](C(=O)O)[C@@H](O)[C@H](O)[C@H]1O)N1CCc2ccccc2C1
91825606,5780,OC[C@@H](O)[C@@H](O)[C@H](O)[C@@H](O)CO
91825606,10825777,NC(Cc1cc(O)c2c(c1)SCC(O)=N2)C(=O)O
91825606,9793926,CC(O)=Nc1ccc(O[13CH3])cc1
92136201,86289485,Cc1cccc2c(C(=O)O)cc([O-])cc12
92136201,10825777,NC(Cc1cc(O)c2c(c1)SCC(O)=N2)C(=O)O
92136201,57339289,CC(O)=N[C@H]1[C@@H](O[C@H]2[C@H](O)[C@@H](O)[C@H]([NH3+])C[C@@H]2[NH3+])O[C@H](CO)[C@@H](O)[C@@H]1O
131708301,132282124,C[C@@H]1O[C@@H](OCCCCCC(=O)SCCN=C(O)CCN=C(O)[C@H](O)C(C)(C)COP(=O)(O)OP(=O)(O)OC[C@H]2O[C@@H](n3cnc4c(N)ncnc43)[C@H](O)[C@@H]2OP(=O)(O)O)[C@H](O)C[C@H]1O
131708301,53355896,CC[C@H](C)/C=C/C1=CC2=C(Cl)C(=O)[C@@]3(C)OC(=O)C(C(=O)[C@H](C)CC)=C3C2=CO1
21145066,91666374,CCCCC/C=C\C/C=C\C/C=C\C/C=C\CCCC(=O)O[C@H](COC(=O)CCCCCCCCCCCCCCCCC)COP(=O)(O)OP(=O)(O)OC[C@H]1O[C@@H](n2ccc(=N)nc2O)[C@H](O)[C@@H]1O
21145066,5354212,COC(=O)/C=C1/CC[C@H]2[C@@H]3CCC4=CC(=O)CC[C@]4(C)[C@H]3C(=O)C[C@]12C
21145066,784,OO
9033,21843,C=CN1CC1
9033,540,N#CO
9033,6991986,CSCC[C@@H](N=C(C)[O-])C(=O)O
9963963,91859343,CC(O)=N[C@H]1[C@H](O[C@@H]2[C@H](O[C@]3(C(=O)O)C[C@H](O)[C@@H](N=C(O)CO)[C@H]([C@H](O)[C@H](O)CO)O3)[C@@H](O)[C@H](O[C@H]3[C@H](O)[C@@H](O)[C@H](O)O[C@@H]3CO)O[C@@H]2CO)O[C@H](CO)[C@H](O)[C@@H]1O[C@@H]1O[C@H](CO)[C@H](O)[C@H](O)[C@H]1O
9963963,46931152,CCCCCCCC/C=C\CCCCCCCC(=O)OC[C@H](COP(=O)(O)OCC(O)COP(=O)(O)OC[C@@H](COC(=O)CCCCCCC/C=C\CCCCCCCC)OC(=O)CCCCCCC/C=C\CCCCCCCC)OC(=O)CCCCCCC/C=C\CCCCCCCC
9963963,5282869,CCCCC[C@@H](/C=C/C=C\CCCCCCCCCC(=O)O)OO
53465641,53239731,CC(O)=N[C@@H]1[C@@H](O[C@@H]2O[C@@H](C)[C@@H](O)[C@@H](O)[C@@H]2O)[C@H](O[C@@H]2O[C@H](CO)[C@@H](O)[C@H](O)[C@H]2N=C(C)O)[C@@H](CO[C@@H]2O[C@@H](C)[C@@H](O)[C@@H](O)[C@@H]2O)O[C@H]1O
53465641,65732,Nc1ccc2nc3ccc(N)cc3[n+](-c3ccccc3)c2c1.[Cl-]
45259192,440649,Cc1ncc(C[n+]2c(C(O)CCC(=O)O)sc(CCOP(=O)(O)OP(=O)(O)O)c2C)c(=N)[nH]1
45259192,122196,N[C@@H](Cc1cc(I)c(Oc2ccc(OS(=O)(=O)O)c(I)c2)c(I)c1)C(=O)O
524,5780,OC[C@@H](O)[C@@H](O)[C@H](O)[C@@H](O)CO
524,69212,CC1=CC(=O)C(=O)C=C1O
524,3081970,CC(O)C(=O)SCCN=C(O)CCN=C(O)[C@H](O)C(C)(C)COP(=O)(O)OP(=O)(O)OC[C@H]1O[C@@H](n2cnc3c(N)ncnc32)[C@H](O)[C@@H]1OP(=O)(O)O
443249,5780,OC[C@@H](O)[C@@H](O)[C@H](O)[C@@H](O)CO
443249,10825777,NC(Cc1cc(O)c2c(c1)SCC(O)=N2)C(=O)O
443249,441891,C[C@H](CC[C@@]1(O)O[C@H]2C[C@H]3[C@@H]4CC=C5C[C@@H](O[C@@H]6O[C@H](CO)[C@@H](O[C@@H]7O[C@@H](C)[C@H](O)[C@@H](O)[C@H]7O)[C@H](O)[C@H]6O[C@@H]6O[C@@H](C)[C@H](O)[C@@H](O)[C@H]6O)CC[C@]5(C)[C@H]4CC[C@]3(C)[C@H]2[C@@H]1C)CO[C@@H]1O[C@H](CO)[C@@H](O)[C@H](O)[C@H]1O
135957087,136084724,CC(C)=CCN=c1ncn(CC[C@H](N)C(=O)[O-])c2[nH]cnc12
135957087,23674745,CC(C(=O)[O-])c1ccc(CC2CCCC2=O)cc1.O.O.[Na+]
135957087,129626801,CCCCC/C=C\C=C\[C@H](O)C/C=C\C/C=C\CCCC(=O)O[C@H](CO)COP(=O)([O-])OCC[N+](C)(C)C
25245276,86289694,C[C@H](CCCCCCCCC/C=C/C(=O)O)O[C@@H]1O[C@@H](C)[C@H](O)C[C@H]1O
25245276,49859627,COc1cccc2[nH]cc(C/C(=N/OS(=O)(=O)[O-])S[C@@H]3O[C@H](CO)[C@@H](O)[C@H](O)[C@H]3O)c12
25245276,41368,CC(C)(C)C(O)C(Oc1ccc(Cl)cc1)n1cncn1
7059386,5780,OC[C@@H](O)[C@@H](O)[C@H](O)[C@@H](O)CO
7059386,5780,OC[C@@H](O)[C@@H](O)[C@H](O)[C@@H](O)CO
7059386,4479093,O=C([O-])CC([S-])C(=O)[O-].[Au+]
11736507,30951,C=CCOc1ccc(CC(=O)O)cc1Cl
11736507,1117,O=S(=O)([O-])[O-]
91621,86289485,Cc1cccc2c(C(=O)O)cc([O-])cc12
91621,49859627,COc1cccc2[nH]cc(C/C(=N/OS(=O)(=O)[O-])S[C@@H]3O[C@H](CO)[C@@H](O)[C@H](O)[C@H]3O)c12
91621,51520704,C=C(C)[C@@H]1Cc2c(ccc3ccc(=O)oc23)O1
6405,5780,OC[C@@H](O)[C@@H](O)[C@H](O)[C@@H](O)CO
6405,137547,C#CCC(=O)O
6405,135531196,N=c1nc(O)c2ncn([C@@H]3O[C@@H]4COP(O)(=S)O[C@H]4[C@H]3O)c2[nH]1
86583476,86289694,C[C@H](CCCCCCCCC/C=C/C(=O)O)O[C@@H]1O[C@@H](C)[C@H](O)C[C@H]1O
86583476,49859627,COc1cccc2[nH]cc(C/C(=N/OS(=O)(=O)[O-])S[C@@H]3O[C@H](CO)[C@@H](O)[C@H](O)[C@H]3O)c12
86583476,440121,C[N+](C)(C)CCCC[C@H](N)C(=O)O
6161511,5780,OC[C@@H](O)[C@@H](O)[C@H](O)[C@@H](O)CO
6161511,49859627,COc1cccc2[nH]cc(C/C(=N/OS(=O)(=O)[O-])S[C@@H]3O[C@H](CO)[C@@H](O)[C@H](O)[C@H]3O)c12
6161511,9153,c1ccc2c(c1)-c1cccc3c1c-2cc1ccccc13
136630936,5354212,COC(=O)/C=C1/CC[C@H]2[C@@H]3CCC4=CC(=O)CC[C@]4(C)[C@H]3C(=O)C[C@]12C
136630936,13267935,COc1cc2c(cc1O)[C@H]1CC[C@]3(C)[C@@H](O)CC[C@H]3[C@@H]1CC2
8758,5780,OC[C@@H](O)[C@@H](O)[C@H](O)[C@@H](O)CO
8758,5780,OC[C@@H](O)[C@@H](O)[C@H](O)[C@@H](O)CO
8758,70680305,CC(C)CCCCCCCCCC(O)CC(=O)SCCN=C(O)CCN=C(O)[C@H](O)C(C)(C)COP(=O)(O)OP(=O)(O)OC[C@H]1O[C@@H](n2cnc3c(N)ncnc32)[C@H](O)[C@@H]1OP(=O)(O)O
70680366,5780,OC[C@@H](O)[C@@H](O)[C@H](O)[C@@H](O)CO
70680366,14345637,CCCCC/C=C\C/C=C\C/C=C\C/C=C\CCCC(=O)OC(CO)COC(=O)CCCCCCCCCCCCCCCCC
70680366,70697844,O=C(/C=C/c1ccc(O)cc1)OC[C@H]1O[C@@H](Oc2ccc([C@@H]3CC(=O)c4c(O)cc(O)cc4O3)cc2)[C@H](O)[C@@H](O)[C@@H]1O
56927854,5780,OC[C@@H](O)[C@@H](O)[C@H](O)[C@@H](O)CO
56927854,5780,OC[C@@H](O)[C@@H](O)[C@H](O)[C@@H](O)CO
56927854,23400779,CC(NCCCC[C@H](N)C(=O)O)C(=O)O
24779490,5780,OC[C@@H](O)[C@@H](O)[C@H](O)[C@@H](O)CO
24779490,49859627,COc1cccc2[nH]cc(C/C(=N/OS(=O)(=O)[O-])S[C@@H]3O[C@H](CO)[C@@H](O)[C@H](O)[C@H]3O)c12
24779490,86289258,CCCCC/C=C\C/C=C\CCCCCCCC(=O)OCC(=O)COP(=O)([O-])[O-]
91825631,5780,OC[C@@H](O)[C@@H](O)[C@H](O)[C@@H](O)CO
91825631,69212,CC1=CC(=O)C(=O)C=C1O
91825631,10430190,CNCCc1c(OC)c(OC)c(OC)c2c1ccc1cc(OC)c(OC)cc12
57339229,637039,CC1=C(/C=C/C(C)=C/C=C/C(C)=C/C=C/C=C(C)/C=C/C=C(C)/C=C/C=C(\C)C(=O)O)C(C)(C)CCC1
57339229,5780,OC[C@@H](O)[C@@H](O)[C@H](O)[C@@H](O)CO
57339229,6329,CN
11431307,49859627,COc1cccc2[nH]cc(C/C(=N/OS(=O)(=O)[O-])S[C@@H]3O[C@H](CO)[C@@H](O)[C@H](O)[C@H]3O)c12
11431307,5464343,CCOC(=O)[C@H](CCc1ccccc1)N[C@@H](C)C(=O)N1C(=O)N(C)C[C@H]1C(=O)O
75810,21283465,Cn1cnc(CC(=O)[O-])c1
75810,69212,CC1=CC(=O)C(=O)C=C1O
75810,10931377,CCC[C@@H]1O[C@@H]1C
6455816,5780,OC[C@@H](O)[C@@H](O)[C@H](O)[C@@H](O)CO
6455816,5354212,COC(=O)/C=C1/CC[C@H]2[C@@H]3CCC4=CC(=O)CC[C@]4(C)[C@H]3C(=O)C[C@]12C
6455816,90546,N=C(O)N[C@@H](CS)C(=O)O
46891805,5780,OC[C@@H](O)[C@@H](O)[C@H](O)[C@@H](O)CO
46891805,70678725,COC1=C(Br)[C@H](O)[C@@]2(C=C1Br)CC(C(=O)NCCCCNC(=O)C1=NO[C@@]3(C=C(Br)C(=O)[C@H](Br)[C@H]3O)C1)=NO2
46891805,440216,C=C(Cl)C[C@H](N)C(=O)O
7020027,86289485,Cc1cccc2c(C(=O)O)cc([O-])cc12
7020027,10825777,NC(Cc1cc(O)c2c(c1)SCC(O)=N2)C(=O)O
7020027,6436246,C/C=C(/C)C(=O)OC(C)(C)[C@@H]1Cc2c(ccc3ccc(=O)oc23)O1
288,5780,OC[C@@H](O)[C@@H](O)[C@H](O)[C@@H](O)CO
288,279,N=C(O)NC(CC(=O)O)C(=O)O
288,5277135,COc1cc2c(cc1Cc1cccc(Cl)c1F)c(=O)c(C(=O)O)cn2[C@H](CO)C(C)C
5280550,10914066,O=C(O)c1cc(O[C@@H]2O[C@H](CO)[C@@H](O)[C@H](O)[C@H]2O)ccc1O
5280550,5354212,COC(=O)/C=C1/CC[C@H]2[C@@H]3CCC4=CC(=O)CC[C@]4(C)[C@H]3C(=O)C[C@]12C
5280550,131953084,C=C1/C(=C\C=C2/CCC[C@]3(C)[C@@H]([C@H](C)CCCC(C)(C)O[C@@H]4O[C@H](C(=O)[O-])[C@@H](O)[C@H](O)[C@H]4O)CC[C@@H]23)C[C@@H](O)C[C@@H]1O
464,56955923,O=[As]([O-])(O)c1ccccc1
464,5780,OC[C@@H](O)[C@@H](O)[C@H](O)[C@@H](O)CO
464,90657477,CC1=CC(=O)CC(C)(C)[C@@]1(O)/C=C/C(C)=C/C=O
70680302,53239731,CC(O)=N[C@@H]1[C@@H](O[C@@H]2O[C@@H](C)[C@@H](O)[C@@H](O)[C@@H]2O)[C@H](O[C@@H]2O[C@H](CO)[C@@H](O)[C@H](O)[C@H]2N=C(C)O)[C@@H](CO[C@@H]2O[C@@H](C)[C@@H](O)[C@@H](O)[C@@H]2O)O[C@H]1O
70680302,21676217,O=c1c(-c2ccc(O)cc2)coc2c([C@@H]3O[C@H](CO[C@@H]4OC[C@](O)(CO)[C@H]4O)[C@@H](O)[C@H](O)[C@H]3O)c(O)ccc12
5281236,440649,Cc1ncc(C[n+]2c(C(O)CCC(=O)O)sc(CCOP(=O)(O)OP(=O)(O)O)c2C)c(=N)[nH]1
5281236,5464343,CCOC(=O)[C@H](CCc1ccccc1)N[C@@H](C)C(=O)N1C(=O)N(C)C[C@H]1C(=O)O
695679,30951,C=CCOc1ccc(CC(=O)O)cc1Cl
695679,5291,Cc1ccc(NC(=O)c2ccc(CN3CCN(C)CC3)cc2)cc1Nc1nccc(-c2cccnc2)n1
108158,5780,OC[C@@H](O)[C@@H](O)[C@H](O)[C@@H](O)CO
108158,5354212,COC(=O)/C=C1/CC[C@H]2[C@@H]3CCC4=CC(=O)CC[C@]4(C)[C@H]3C(=O)C[C@]12C
108158,49852289,CC(O)=N[C@H]1C(OP(=O)(O)OC[C@H](N)C(=O)O)O[C@H](CO)[C@@H](O)[C@@H]1O
91847324,49859627,COc1cccc2[nH]cc(C/C(=N/OS(=O)(=O)[O-])S[C@@H]3O[C@H](CO)[C@@H](O)[C@H](O)[C@H]3O)c12
91847324,25203730,CC(C)=CCc1c(O)c(CC=C(C)C)c(O)c(C(=O)C(C)C)c1O
53354912,443879,Cc1ccc(O)c([C@H](CCN(C(C)C)C(C)C)c2ccccc2)c1
53354912,23674745,CC(C(=O)[O-])c1ccc(CC2CCCC2=O)cc1.O.O.[Na+]
53354912,52940203,CC(O)=N[C@H]1[C@H](O)[C@H](N=C(C)O)[C@@H](O)O[C@@H]1C
46878511,101597,Cl.OC(CCN1CCCCC1)(c1ccccc1)C1CCCC1
46878511,23674745,CC(C(=O)[O-])c1ccc(CC2CCCC2=O)cc1.O.O.[Na+]
46878511,439357,OC[C@H]1O[C@H](O)[C@H](O)[C@@H](O)[C@H]1O
6918933,173576,O=C(O)CCCCNC1(c2ccccc2)CCCCC1
6918933,10825777,NC(Cc1cc(O)c2c(c1)SCC(O)=N2)C(=O)O
6918933,92139,CC(C)=CCCC(C)c1ccc(C)cc1
86289912,51041863,CCCCCCCCCCCCC/C=C/[C@@H](O)[C@H](CO[C@@H]1O[C@H](CO)[C@@H](O[C@@H]2O[C@H](CO)[C@H](O[C@@H]3O[C@H](CO)[C@H](O)[C@H](O)[C@H]3N=C(C)O)[C@H](O[C@@H]3O[C@H](CO)[C@@H](O)[C@H](O[C@@H]4O[C@H](CO)[C@H](O[C@@H]5O[C@H](CO)[C@H](O)[C@H](O)[C@H]5N=C(C)O)[C@H](O[C@]5(C(=O)O)C[C@H](O)[C@@H](N=C(C)O)[C@H]([C@H](O)[C@H](O)CO)O5)[C@H]4O)[C@H]3N=C(C)O)[C@H]2O)[C@H](O)[C@H]1O)N=C(O)CCCCCCCCCCCCCCCCC
86289912,91862037,O=C(O)C1=C(O)[C@H](O)[C@@H](O)[C@H](O[C@H]2[C@H](O)[C@@H](NS(=O)(=O)O)[C@@H](O)O[C@@H]2COS(=O)(=O)O)O1
45266861,92136163,CCCCCCCCCCCCC/C=C/[C@@H](O)[C@H](CO[C@@H]1O[C@H](CO)[C@@H](O[C@@H]2O[C@H](CO)[C@H](O[C@@H]3O[C@H](CO)[C@H](O)[C@H](O[C@@H]4O[C@H](CO)[C@H](O)[C@H](O[C@]5(C(=O)O)C[C@H](O)[C@@H](N=C(C)O)[C@H]([C@H](O)[C@H](O)CO)O5)[C@H]4O)[C@H]3N=C(C)O)[C@H](O[C@]3(C(=O)O)C[C@H](O)[C@@H](N=C(C)O)[C@H]([C@H](O)[C@H](O)CO)O3)[C@H]2O)[C@H](O)[C@H]1O)N=C(O)CCCCCCCCCCCCCCCCC
45266861,53476539,CSCC[C@H](N=CO)C(O)=N[C@@H](CCCNC(=N)N)C(O)=N[C@H](C(O)=NCC(O)=N[C@@H](CC(=N)O)C(O)=N[C@@H](C)C(O)=N[C@@H](CC(=O)O)C(O)=NP(=O)(OCCCN)OC[C@H]1O[C@@H](n2cnc3c(N)ncnc32)[C@H](O)[C@@H]1O)[C@@H](C)O
45266861,439403,O=C(O)c1cc(O)c2ccc(O)c(O)c2n1
25164050,49859627,COc1cccc2[nH]cc(C/C(=N/OS(=O)(=O)[O-])S[C@@H]3O[C@H](CO)[C@@H](O)[C@H](O)[C@H]3O)c12
25164050,71768071,CC1=C[C@@H]2/C=C/C[C@H](C)/C=C(\C)CC/C=C\C(=O)[C@]23C(O)=N[C@@H](Cc2c[nH]c4ccccc24)[C@@H]3[C@@H]1C
9543177,56955923,O=[As]([O-])(O)c1ccccc1
9543177,56955923,O=[As]([O-])(O)c1ccccc1
9543177,9832350,CCCCCCCCCCCCCCCC(=O)OC[C@H]1O[C@@H](O[C@H]2CC[C@@]3(C)C(=CC[C@H]4[C@@H]5CC[C@H]([C@H](C)CC[C@@H](CC)C(C)C)[C@@]5(C)CC[C@@H]43)C2)[C@H](O)[C@@H](O)[C@@H]1O
121232693,134160296,CSC[C@H]1O[C@H](O[C@H]2[C@H](O)[C@H](O)[C@@H](OC[C@H]3O[C@@H](O[C@@H]4[C@@H](OC[C@H]5O[C@H](OC[C@H]6OC(O)[C@@H](O)[C@@H]6O)[C@@H](O)[C@@H]5O[C@H]5O[C@H](CO)[C@@H](O)[C@@H]5O[C@@H]5O[C@H](CO)[C@@H](O)[C@@H]5O)O[C@H](CO)[C@H]4O)[C@@H](O)[C@@H]3O)O[C@@H]2CO)[C@H](O)[C@H]1O
121232693,11460189,CO[C@@H]1C(=O)CC[C@H](C(C)=O)[C@H]1/C(C)=C/CCC(C)C
9926791,23674745,CC(C(=O)[O-])c1ccc(CC2CCCC2=O)cc1.O.O.[Na+]
9926791,91825660,N.N.N.N.N.N.NCCCCCCN.NCCCCCCN.O=[N+]([O-])[O-].O=[N+]([O-])[O-].O=[N+]([O-])[O-].O=[N+]([O-])[O-].[Cl-].[Cl-].[Pt+2].[Pt+2].[Pt+2]
87179336,5780,OC[C@@H](O)[C@@H](O)[C@H](O)[C@@H](O)CO
87179336,86289860,O=C(O)C[C@H](O)CCCCCCCO
87179336,656501,N=c1ccn([C@@H]2O[C@H](COP(=O)(O)O[C@@]3(C(=O)O)C[C@H](O)[C@@H](N=C(O)CO)[C@H]([C@H](O)[C@H](O)CO)O3)[C@@H](O)[C@H]2O)c(O)n1
5282310,5780,OC[C@@H](O)[C@@H](O)[C@H](O)[C@@H](O)CO
5282310,49859627,COc1cccc2[nH]cc(C/C(=N/OS(=O)(=O)[O-])S[C@@H]3O[C@H](CO)[C@@H](O)[C@H](O)[C@H]3O)c12
5282310,50900596,CCO[C@@H]1OC[C@@]2(C)CCC[C@@]13c1cc(O)c(C(C)C)cc1C(=O)C[C@@H]23
5366506,5780,OC[C@@H](O)[C@@H](O)[C@H](O)[C@@H](O)CO
5366506,14345637,CCCCC/C=C\C/C=C\C/C=C\C/C=C\CCCC(=O)OC(CO)COC(=O)CCCCCCCCCCCCCCCCC
5366506,86290118,CCCCCCCCCCCCCCCC(=O)O[C@H]1CCCn2c1nc(C)c(CCN1CCC(c3noc4cc(F)ccc34)CC1)c2=O
165000,14345637,CCCCC/C=C\C/C=C\C/C=C\C/C=C\CCCC(=O)OC(CO)COC(=O)CCCCCCCCCCCCCCCCC
165000,86289946,[NH3+]CCC[NH2+]CCCNCCC[NH2+]CCC[NH3+]
145864724,10825777,NC(Cc1cc(O)c2c(c1)SCC(O)=N2)C(=O)O
145864724,135884483,O=P([O-])([O-])OP(=O)(O)OP(=O)(O)OC[C@H]1O[C@@H](n2cnc3c([O-])ncnc32)[C@H](O)[C@@H]1O
11859618,69212,CC1=CC(=O)C(=O)C=C1O
11859618,46931086,C=C(O[C@H]1[C@H](O)[C@@H](CO)OC(OP(=O)(O)OP(=O)(O)OC[C@H]2O[C@@H](n3ccc([O-])nc3=O)[C@H](O)[C@@H]2O)[C@@H]1N=C(C)[O-])C(=O)[O-]
70678637,53380618,O=P(O)(O)OC1[C@@H](OP(=O)(O)O)[C@H](OP(=O)(O)OP(=O)(O)O)C(O)[C@H](OP(=O)(O)OP(=O)(O)O)[C@H]1OP(=O)(O)O
70678637,132282124,C[C@@H]1O[C@@H](OCCCCCC(=O)SCCN=C(O)CCN=C(O)[C@H](O)C(C)(C)COP(=O)(O)OP(=O)(O)OC[C@H]2O[C@@H](n3cnc4c(N)ncnc43)[C@H](O)[C@@H]2OP(=O)(O)O)[C@H](O)C[C@H]1O
70678637,121412669,N=C(O)N=C(O)NC(=O)O
71668320,14212362,Nc1nc(O)nc2c1ncn2[C@@H]1O[C@H](COP(=O)(O)O)[C@@H](O)[C@H]1O
71668320,132282124,C[C@@H]1O[C@@H](OCCCCCC(=O)SCCN=C(O)CCN=C(O)[C@H](O)C(C)(C)COP(=O)(O)OP(=O)(O)OC[C@H]2O[C@@H](n3cnc4c(N)ncnc43)[C@H](O)[C@@H]2OP(=O)(O)O)[C@H](O)C[C@H]1O
71668320,56935841,CCCCCCCC[C@@H](/C=C/CCCCCCC(=O)O)OO
53239716,91856437,OC[C@H]1O[C@@H](O[C@H]2C(O)O[C@H](CO)[C@H](O)[C@@H]2O)[C@H](O)[C@@H](O)[C@H]1O
53239716,5354212,COC(=O)/C=C1/CC[C@H]2[C@@H]3CCC4=CC(=O)CC[C@]4(C)[C@H]3C(=O)C[C@]12C
53239716,45266792,CCCCCCCCCCCCCCCCCCCCCCC(C(=O)O)C(O)CCCCCCCCCCCCCCCCCC1CC1CCCCCCCCCCCCCCCCC(OC)C(C)CCCCCCCCCCCCCCCCCC
6741,5354212,COC(=O)/C=C1/CC[C@H]2[C@@H]3CCC4=CC(=O)CC[C@]4(C)[C@H]3C(=O)C[C@]12C
6741,65858,CCc1cc(S(=O)(=O)O)c2cc(C(C)C)cccc1-2
439217,86289694,C[C@H](CCCCCCCCC/C=C/C(=O)O)O[C@@H]1O[C@@H](C)[C@H](O)C[C@H]1O
439217,10825777,NC(Cc1cc(O)c2c(c1)SCC(O)=N2)C(=O)O
439217,643966,CCCCCCCCCCCCCCCC(=O)OC[C@H](COP(=O)(O)O[C@H]1[C@H](O)[C@@H](OP(=O)(O)O)[C@H](O)[C@@H](O)[C@H]1O)OC(=O)CCCCCCCCCCCCCCC
86289641,70678725,COC1=C(Br)[C@H](O)[C@@]2(C=C1Br)CC(C(=O)NCCCCNC(=O)C1=NO[C@@]3(C=C(Br)C(=O)[C@H](Br)[C@H]3O)C1)=NO2
86289641,91666447,CCCCCCC(C/C=C/CCCCCCCC(=O)O)OP(=O)(O)O
53481777,5780,OC[C@@H](O)[C@@H](O)[C@H](O)[C@@H](O)CO
53481777,53239731,CC(O)=N[C@@H]1[C@@H](O[C@@H]2O[C@@H](C)[C@@H](O)[C@@H](O)[C@@H]2O)[C@H](O[C@@H]2O[C@H](CO)[C@@H](O)[C@H](O)[C@H]2N=C(C)O)[C@@H](CO[C@@H]2O[C@@H](C)[C@@H](O)[C@@H](O)[C@@H]2O)O[C@H]1O
53481777,1745,OCc1cnc[nH]1
23677060,5780,OC[C@@H](O)[C@@H](O)[C@H](O)[C@@H](O)CO
23677060,279,N=C(O)NC(CC(=O)O)C(=O)O
23677060,129320392,C/C=C/C=C/C=C/[C@@H](O)C/C=C/C[NH3+]
6558437,23670851,O=S(=O)([O-])CCN1CCN(CCS(=O)(=O)O)CC1.[Na+]
6558437,69212,CC1=CC(=O)C(=O)C=C1O
6558437,46931152,CCCCCCCC/C=C\CCCCCCCC(=O)OC[C@H](COP(=O)(O)OCC(O)COP(=O)(O)OC[C@@H](COC(=O)CCCCCCC/C=C\CCCCCCCC)OC(=O)CCCCCCC/C=C\CCCCCCCC)OC(=O)CCCCCCC/C=C\CCCCCCCC
16755646,5780,OC[C@@H](O)[C@@H](O)[C@H](O)[C@@H](O)CO
16755646,69212,CC1=CC(=O)C(=O)C=C1O
16755646,53297328,CCCCCCCCCCCCCCCC(O)=N[C@H]1C[C@@H](O)[C@@H](O)N=C(O)[C@@H]2[C@@H](O)[C@@H](C)CN2C(=O)[C@H]([C@H](O)CC(=N)O)N=C(O)[C@H]([C@H](O)[C@@H](O)c2ccc(O)cc2)N=C(O)[C@@H]2C[C@@H](O)CN2C(=O)[C@H]([C@@H](C)O)N=C1O
57483975,56955923,O=[As]([O-])(O)c1ccccc1
57483975,10825777,NC(Cc1cc(O)c2c(c1)SCC(O)=N2)C(=O)O
57483975,6419954,CC([O-])=NS(=O)(=O)c1ccc(N)cc1.O.[Na+]
15222911,5280695,COc1c(O)cc(O)c2c(=O)c(O)c(-c3ccc(O)c(O)c3)oc12
15222911,5354212,COC(=O)/C=C1/CC[C@H]2[C@@H]3CCC4=CC(=O)CC[C@]4(C)[C@H]3C(=O)C[C@]12C
15222911,9914412,COc1cc2c(Nc3ccc(NC(=O)c4ccccc4)cc3)ncnc2cc1OCCCN1CCOCC1
147311,69212,CC1=CC(=O)C(=O)C=C1O
147311,91972203,CC(O)=N[C@@H]1[C@@H](O)[C@H](O[C@@H]2O[C@H](CO)[C@@H](O[C@@H]3O[C@H](CO[C@H]4O[C@H](CO)[C@@H](O)[C@H](O)[C@@H]4O[C@@H]4O[C@H](CO)[C@@H](O)[C@H](O[C@@H]5O[C@H](CO)[C@H](O)[C@H](O)[C@H]5O)[C@H]4N=C(C)O)[C@@H](O[C@@H]4O[C@H](CO)[C@@H](O)[C@H](O)[C@H]4N=C(C)O)[C@H](O[C@H]4O[C@H](CO)[C@@H](O)[C@H](O)[C@@H]4O[C@@H]4O[C@H](CO)[C@@H](O)[C@H](O[C@@H]5O[C@H](CO)[C@H](O)[C@H](O)[C@H]5O)[C@H]4N=C(C)O)[C@@H]3O)[C@H](O)[C@H]2N=C(C)O)[C@@H](CO)O[C@H]1O
91862037,91849027,O=C(O)C1=C(O)[C@H](O)[C@@H](O)[C@H](O[C@H]2[C@H](O)[C@@H](NS(=O)(=O)O)C(O)O[C@@H]2COS(=O)(=O)O)O1
91862037,49859627,COc1cccc2[nH]cc(C/C(=N/OS(=O)(=O)[O-])S[C@@H]3O[C@H](CO)[C@@H](O)[C@H](O)[C@H]3O)c12
91862037,312145,COC[C@H]1OC(=O)c2coc3c2[C@@]1(C)C1=C(C3=O)[C@@H]2CCC(=O)[C@@]2(C)C[C@H]1OC(C)=O
4125251,71298190,CC(O)=N[C@H]1C(O)O[C@H](CO)[C@H](O)[C@@H]1O[C@@H]1O[C@H](CO)[C@H](O[C@H]2O[C@H](CO)[C@H](O)[C@H](O)[C@H]2O)[C@H](O)[C@H]1O[C@@H]1O[C@@H](C)[C@@H](O)[C@@H](O)[C@@H]1O
4125251,52921608,CC(O)=N[C@H]1[C@H](OC[C@H]2O[C@@H](O)[C@H](O)[C@@H](O)[C@H]2O)O[C@H](CO)[C@@H](O[C@@H]2O[C@H](CO)[C@H](O)[C@H](O)[C@H]2O)[C@@H]1O
86289180,5780,OC[C@@H](O)[C@@H](O)[C@H](O)[C@@H](O)CO
86289180,5354212,COC(=O)/C=C1/CC[C@H]2[C@@H]3CCC4=CC(=O)CC[C@]4(C)[C@H]3C(=O)C[C@]12C
86289180,90728,CC(=O)OC(C)C=O
444796,132282124,C[C@@H]1O[C@@H](OCCCCCC(=O)SCCN=C(O)CCN=C(O)[C@H](O)C(C)(C)COP(=O)(O)OP(=O)(O)OC[C@H]2O[C@@H](n3cnc4c(N)ncnc43)[C@H](O)[C@@H]2OP(=O)(O)O)[C@H](O)C[C@H]1O
444796,100929735,COc1cc2c(cc1C(C)C)CC[C@H]1C(C)=C(C(=O)O)CC[C@]21C
6654,69212,CC1=CC(=O)C(=O)C=C1O
6654,53239763,CC1=CC(=O)CC(C)(C)[C@@]1(O)/C=C/C(C)=C/C(=O)OC1O[C@H](CO)[C@@H](O)[C@H](O)[C@H]1O
86290146,14212362,Nc1nc(O)nc2c1ncn2[C@@H]1O[C@H](COP(=O)(O)O)[C@@H](O)[C@H]1O
86290146,134160296,CSC[C@H]1O[C@H](O[C@H]2[C@H](O)[C@H](O)[C@@H](OC[C@H]3O[C@@H](O[C@@H]4[C@@H](OC[C@H]5O[C@H](OC[C@H]6OC(O)[C@@H](O)[C@@H]6O)[C@@H](O)[C@@H]5O[C@H]5O[C@H](CO)[C@@H](O)[C@@H]5O[C@@H]5O[C@H](CO)[C@@H](O)[C@@H]5O)O[C@H](CO)[C@H]4O)[C@@H](O)[C@@H]3O)O[C@@H]2CO)[C@H](O)[C@H]1O
86290146,7948,Cc1cc(C)cc(O)c1
11235450,52929771,CCCCCCCCCCCCCCCC/C=C\OC[C@@H](O)COP(=O)(O)O
11235450,724,O=C(O)C(O)COP(=O)(O)O
37873,5780,OC[C@@H](O)[C@@H](O)[C@H](O)[C@@H](O)CO
37873,137547,C#CCC(=O)O
37873,485154,CCCCCCCCCCCCC[C@@H]1CC(O)=N[C@H]([C@@H](C)O)C(O)=N[C@H](C)C(O)=N[C@@H](Cc2ccc(O)cc2)C(O)=N[C@@H](C(C)C)C(=O)N2C[C@H](O)C[C@H]2C(O)=N[C@H]([C@@H](C)O)C(O)=N[C@@H]([C@@H](C)O)C(=O)N2CC[C@H](O)[C@H]2C(O)=N[C@@H]([C@H](O)CC(=N)O)C(O)=NCC(O)=N[C@H]([C@@H](C)O)C(O)=N[C@@H](CCCN)C(=O)O1
70678984,10313378,CSC[C@H]1OC(O)[C@H](O)[C@@H]1O
70678984,23674745,CC(C(=O)[O-])c1ccc(CC2CCCC2=O)cc1.O.O.[Na+]
70678984,87,CC(CO)C(=O)O
73427387,53239731,CC(O)=N[C@@H]1[C@@H](O[C@@H]2O[C@@H](C)[C@@H](O)[C@@H](O)[C@@H]2O)[C@H](O[C@@H]2O[C@H](CO)[C@@H](O)[C@H](O)[C@H]2N=C(C)O)[C@@H](CO[C@@H]2O[C@@H](C)[C@@H](O)[C@@H](O)[C@@H]2O)O[C@H]1O
73427387,91847513,OC[C@H]1OC(O)[C@H](O[C@@H]2O[C@H](CO)[C@@H](O)[C@H](O)[C@H]2O)[C@@H](O)[C@H]1O
70678555,132282124,C[C@@H]1O[C@@H](OCCCCCC(=O)SCCN=C(O)CCN=C(O)[C@H](O)C(C)(C)COP(=O)(O)OP(=O)(O)OC[C@H]2O[C@@H](n3cnc4c(N)ncnc43)[C@H](O)[C@@H]2OP(=O)(O)O)[C@H](O)C[C@H]1O
70678555,66093,CCCCC(=O)c1ccccc1
132472302,13475120,CC(C)[C@H](C)[C@@H](O)[C@H](O)[C@@H](C)[C@H]1CC[C@H]2[C@@H]3CC(=O)[C@H]4C[C@H](O)CC[C@]4(C)[C@H]3CC[C@]12C
132472302,49859627,COc1cccc2[nH]cc(C/C(=N/OS(=O)(=O)[O-])S[C@@H]3O[C@H](CO)[C@@H](O)[C@H](O)[C@H]3O)c12
132472302,10455148,N[C@@H](CCC(O)=N[C@@H](CSSC[C@H](N)C(=O)O)C(O)=NCC(=O)O)C(=O)O
102574038,121596228,C[C@]12CC[C@H](OS(=O)(=O)[O-])C[C@@H]1CC[C@@H]1[C@@H]2CC[C@]2(C)[C@@H](OS(=O)(=O)[O-])CC[C@@H]12
102574038,52929771,CCCCCCCCCCCCCCCC/C=C\OC[C@@H](O)COP(=O)(O)O
102574038,118796897,CC1C(=O)c2ccccc2NC1C=O
11338503,637039,CC1=C(/C=C/C(C)=C/C=C/C(C)=C/C=C/C=C(C)/C=C/C=C(C)/C=C/C=C(\C)C(=O)O)C(C)(C)CCC1
11338503,52929771,CCCCCCCCCCCCCCCC/C=C\OC[C@@H](O)COP(=O)(O)O
11338503,9727,CNCCc1ccc(O)cc1
5289590,5780,OC[C@@H](O)[C@@H](O)[C@H](O)[C@@H](O)CO
5289590,69212,CC1=CC(=O)C(=O)C=C1O
5289590,439268,OC[C@H]1OC(O)C[C@@H](O)[C@@H]1O
11551966,56955923,O=[As]([O-])(O)c1ccccc1
11551966,5354212,COC(=O)/C=C1/CC[C@H]2[C@@H]3CCC4=CC(=O)CC[C@]4(C)[C@H]3C(=O)C[C@]12C
11551966,50909832,N[C@@H](CCCCNCC(=O)[C@@H](O)[C@H](O)[C@H](O)COP(=O)(O)O)C(=O)[O-]
135411,52929771,CCCCCCCCCCCCCCCC/C=C\OC[C@@H](O)COP(=O)(O)O
135411,71668261,OCc1cc([C@@H](O)C[NH2+]CCCCCCOCCOCc2c(Cl)cccc2Cl)ccc1O
23723101,5282409,CN(C)CCOC(c1ccc(Cl)cc1)c1ccccn1.O=C(O)/C=C\C(=O)O
23723101,52929771,CCCCCCCCCCCCCCCC/C=C\OC[C@@H](O)COP(=O)(O)O
23723101,5352099,C=C(C)[C@H](CC=C(C)C)C[C@@]12C[C@@H](CC=C(C)C)C(C)(C)[C@@](CC=C(C)C)(C(=O)/C(=C(/O)c3ccc(O)c(O)c3)C1=O)C2=O
14057236,5780,OC[C@@H](O)[C@@H](O)[C@H](O)[C@@H](O)CO
14057236,23674745,CC(C(=O)[O-])c1ccc(CC2CCCC2=O)cc1.O.O.[Na+]
14057236,126456475,C[C@H](O)/C=C\C/C=C\C[C@@H](O)/C=C/C=C\C/C=C\C/C=C\CCC(=O)[O-]
71627260,46931152,CCCCCCCC/C=C\CCCCCCCC(=O)OC[C@H](COP(=O)(O)OCC(O)COP(=O)(O)OC[C@@H](COC(=O)CCCCCCC/C=C\CCCCCCCC)OC(=O)CCCCCCC/C=C\CCCCCCCC)OC(=O)CCCCCCC/C=C\CCCCCCCC
71627260,3617485,CCN(CC)c1ccc2nc3cc(C)c(=[NH2+])cc-3oc2c1
12473,12416228,O=Cc1ccc(CO)[nH]1
12473,13376,CCCCN=CO
12473,101659112,COC(=O)CSc1cc(-n2c(=O)n3n(c2=S)CCCC3)c(F)cc1Cl
151842,5780,OC[C@@H](O)[C@@H](O)[C@H](O)[C@@H](O)CO
151842,5354212,COC(=O)/C=C1/CC[C@H]2[C@@H]3CCC4=CC(=O)CC[C@]4(C)[C@H]3C(=O)C[C@]12C
151842,68934,N=c1ccn([C@@H]2O[C@H](CO)[C@H]3OP(=O)(O)O[C@H]32)c(O)n1
25245298,86289694,C[C@H](CCCCCCCCC/C=C/C(=O)O)O[C@@H]1O[C@@H](C)[C@H](O)C[C@H]1O
25245298,49859627,COc1cccc2[nH]cc(C/C(=N/OS(=O)(=O)[O-])S[C@@H]3O[C@H](CO)[C@@H](O)[C@H](O)[C@H]3O)c12
25245298,521293,C#[N+][O-]
53239801,14212362,Nc1nc(O)nc2c1ncn2[C@@H]1O[C@H](COP(=O)(O)O)[C@@H](O)[C@H]1O
53239801,52929771,CCCCCCCCCCCCCCCC/C=C\OC[C@@H](O)COP(=O)(O)O
53239801,6282,O=C1OC(c2ccc([O-])c(S(=O)(=O)O)c2)(c2ccc([O-])c(S(=O)(=O)O)c2)c2c(Br)c(Br)c(Br)c(Br)c21.[Na+].[Na+]
13344,5780,OC[C@@H](O)[C@@H](O)[C@H](O)[C@@H](O)CO
13344,23674745,CC(C(=O)[O-])c1ccc(CC2CCCC2=O)cc1.O.O.[Na+]
13344,545690,CCCCCCCCCCCCCCCCCC(=O)OC[C@@H](COC(=O)CCCCCCCCCCCCCCC)OC(=O)CCCCCCCCCCCCCCCCC
56927709,440649,Cc1ncc(C[n+]2c(C(O)CCC(=O)O)sc(CCOP(=O)(O)OP(=O)(O)O)c2C)c(=N)[nH]1
56927709,5880,C[C@]12CC[C@@H](O)C[C@H]1CC[C@@H]1[C@@H]2CC[C@]2(C)C(=O)CC[C@@H]12
53477664,65070,O=c1nc(O)ccn1[C@H]1C[C@H](O)[C@@H](COP(=O)(O)OP(=O)(O)OP(=O)(O)O)O1
53477664,49859627,COc1cccc2[nH]cc(C/C(=N/OS(=O)(=O)[O-])S[C@@H]3O[C@H](CO)[C@@H](O)[C@H](O)[C@H]3O)c12
53477664,14079,CC(=O)c1ccc[nH]1
5281887,49859627,COc1cccc2[nH]cc(C/C(=N/OS(=O)(=O)[O-])S[C@@H]3O[C@H](CO)[C@@H](O)[C@H](O)[C@H]3O)c12
5281887,9546810,CCCCCCCCCCC/C=C\CCCCC(=O)OC[C@H](COP(=O)(O)OCCN)OC(=O)CCCC/C=C\CCCCCCCCCCC
54679752,480787,COc1cc2oc(=O)c(-c3ccc(O)cc3O)cc2c(OC)c1CC=C(C)C
54679752,23674745,CC(C(=O)[O-])c1ccc(CC2CCCC2=O)cc1.O.O.[Na+]
54679752,91825606,C[N+](C)(C)C[C@@H](CC(=O)O)OC(=O)CC(=O)[O-]
138911140,53239731,CC(O)=N[C@@H]1[C@@H](O[C@@H]2O[C@@H](C)[C@@H](O)[C@@H](O)[C@@H]2O)[C@H](O[C@@H]2O[C@H](CO)[C@@H](O)[C@H](O)[C@H]2N=C(C)O)[C@@H](CO[C@@H]2O[C@@H](C)[C@@H](O)[C@@H](O)[C@@H]2O)O[C@H]1O
138911140,213039,CC(C)CN(C[C@@H](O)[C@H](Cc1ccccc1)N=C(O)O[C@H]1CO[C@H]2OCC[C@H]21)S(=O)(=O)c1ccc(N)cc1
452704,173745,O=C1OC2(c3ccc(N=C=S)cc31)c1cc(Br)c(O)c(Br)c1Oc1c2cc(Br)c(O)c1Br
452704,440649,Cc1ncc(C[n+]2c(C(O)CCC(=O)O)sc(CCOP(=O)(O)OP(=O)(O)O)c2C)c(=N)[nH]1
452704,91851341,OC[C@H]1O[C@@H](O)[C@H](O[C@@H]2OC[C@H](O)[C@H](O)[C@H]2O)[C@@H](O)[C@@H]1O
86289525,23674745,CC(C(=O)[O-])c1ccc(CC2CCCC2=O)cc1.O.O.[Na+]
86289525,5327035,CC(C)=CCC/C(C)=C/CC/C(C)=C/CC/C(C)=C/Cc1cc(O)c(C)c(C)c1O
97051,443144,CC(=O)C[C@@H]1CCCN1C
97051,30951,C=CCOc1ccc(CC(=O)O)cc1Cl
97051,20849232,CCCCC[C@H](O)/C=C/C=C\C=C\C=C\[C@@H](O)[C@@H](O)CCCC(=O)[O-]
131801209,57339202,CC(O)=N[C@@H]1[C@@H](O[C@H]2O[C@H](CO)[C@H](O)[C@H](O)[C@H]2O)[C@@H](O)[C@@H](CO)O[C@H]1O
131801209,5354212,COC(=O)/C=C1/CC[C@H]2[C@@H]3CCC4=CC(=O)CC[C@]4(C)[C@H]3C(=O)C[C@]12C
131801209,25164050,CCC(C)(C)n1cc(C2=C(O)C(=O)C(c3cn(C(C)(C)CC)c4ccccc34)=C(O)C2=O)c2ccccc21
72551578,5780,OC[C@@H](O)[C@@H](O)[C@H](O)[C@@H](O)CO
72551578,23674745,CC(C(=O)[O-])c1ccc(CC2CCCC2=O)cc1.O.O.[Na+]
72551578,53356751,CCCCCCCCCCCCCCCCCCCCCCCC(O)=N[C@@H](COP(=O)(O)O[C@@H]1[C@H](O)[C@H](O)[C@@H](O)[C@H](O)[C@H]1OC1O[C@H](CO)[C@@H](O)[C@H](O)[C@@H]1O)[C@H](O)C(O)CCCCCCCCCCCCCCCC
121232656,5372367,COc1cc(C2Oc3c(OC)cc(/C=C/CO)cc3C2CO)ccc1O
121232656,49859627,COc1cccc2[nH]cc(C/C(=N/OS(=O)(=O)[O-])S[C@@H]3O[C@H](CO)[C@@H](O)[C@H](O)[C@H]3O)c12
121232656,53481777,CCCC/C=C\CCCCCC(O)CC(O)=N[C@@H](COP(=O)([O-])OCC[N+](C)(C)C)[C@H](O)/C=C/CCCCCCCCCCCCC
439972,5354212,COC(=O)/C=C1/CC[C@H]2[C@@H]3CCC4=CC(=O)CC[C@]4(C)[C@H]3C(=O)C[C@]12C
439972,57404333,C=C(CCC(O)C(C)(C)O)[C@H]1CC[C@]2(C)[C@@H]1CC[C@@H]1[C@@]3(C)CCC(=O)C(C)(C)[C@@H]3CC[C@]12C
44389277,86289860,O=C(O)C[C@H](O)CCCCCCCO
44389277,7059386,O=C([O-])C(=O)[C@@H](O)[C@H](O)[C@@H](O)CO
57339222,5780,OC[C@@H](O)[C@@H](O)[C@H](O)[C@@H](O)CO
57339222,10825777,NC(Cc1cc(O)c2c(c1)SCC(O)=N2)C(=O)O
57339222,91666336,Nc1ncnc2c1cc(Br)n2[C@@H]1O[C@@H]2COP(O)(=S)O[C@H]2[C@H]1O
129320291,5354212,COC(=O)/C=C1/CC[C@H]2[C@@H]3CCC4=CC(=O)CC[C@]4(C)[C@H]3C(=O)C[C@]12C
129320291,51351803,CC(O)=N[C@H]1[C@H](O[C@@H]2[C@@H](O)[C@H](O)O[C@H](CO)[C@@H]2O)O[C@H](CO[C@@H]2O[C@H](CO)[C@@H](O[C@@H]3O[C@H](CO)[C@H](O)[C@H](O)[C@H]3O)[C@H](O)[C@H]2O)[C@@H](O)[C@@H]1O
15276226,5780,OC[C@@H](O)[C@@H](O)[C@H](O)[C@@H](O)CO
15276226,5780,OC[C@@H](O)[C@@H](O)[C@H](O)[C@@H](O)CO
15276226,440322,O=P(O)(OC[C@H]1O[C@@H](n2cnc3c(O)nc(O)nc32)[C@H](O)[C@@H]1O)OP(=O)(O)OP(=O)(O)OP(=O)(O)OC[C@H]1O[C@@H](n2cnc3c(O)nc(O)nc32)[C@H](O)[C@@H]1O
52940203,86289694,C[C@H](CCCCCCCCC/C=C/C(=O)O)O[C@@H]1O[C@@H](C)[C@H](O)C[C@H]1O
52940203,10825777,NC(Cc1cc(O)c2c(c1)SCC(O)=N2)C(=O)O
52940203,2337,CCOC(=O)c1ccc(N)cc1
135398680,136249538,CC([O-])=N[C@H]1[C@H](O)[C@H](O)[C@@H](OP(=O)(O)OP(=O)(O)OC[C@H]2O[C@@H](n3cnc4c([O-])nc(=N)[nH]c43)[C@H](O)[C@@H]2O)O[C@@H]1C
135398680,14345637,CCCCC/C=C\C/C=C\C/C=C\C/C=C\CCCC(=O)OC(CO)COC(=O)CCCCCCCCCCCCCCCCC
135398680,6436639,CC(C)(C)[C@H](O)/C(=C\c1ccc(Cl)cc1)n1cncn1
129011070,16061345,CC(C)[C@H](C)[C@@H](O)[C@H](O)[C@@H](C)[C@H]1CC[C@H]2[C@@H]3CC[C@H]4CC(=O)CC[C@]4(C)[C@H]3CC[C@]12C
129011070,23674745,CC(C(=O)[O-])c1ccc(CC2CCCC2=O)cc1.O.O.[Na+]
129011070,33637,COc1ccccc1C
152841,52929771,CCCCCCCCCCCCCCCC/C=C\OC[C@@H](O)COP(=O)(O)O
152841,53262295,CCCN1CCCC[C@H]1C(O)=Nc1c(C)cccc1C.Cl
5281757,52929771,CCCCCCCCCCCCCCCC/C=C\OC[C@@H](O)COP(=O)(O)O
5281757,45266517,CO/N=C(\C([O-])=N[C@@H]1C(=O)N2C(C(=O)O)=CCS[C@H]12)c1csc(=N)[nH]1
53357352,160570,C=C(C)[C@@H]1CCC(C)=C[C@H]1c1c(O)cc(CCCCC)c(C(=O)O)c1O
53357352,5354212,COC(=O)/C=C1/CC[C@H]2[C@@H]3CCC4=CC(=O)CC[C@]4(C)[C@H]3C(=O)C[C@]12C
53357352,441203,N.N.[Cl-].[Cl-].[Pt+4]
9986866,53239731,CC(O)=N[C@@H]1[C@@H](O[C@@H]2O[C@@H](C)[C@@H](O)[C@@H](O)[C@@H]2O)[C@H](O[C@@H]2O[C@H](CO)[C@@H](O)[C@H](O)[C@H]2N=C(C)O)[C@@H](CO[C@@H]2O[C@@H](C)[C@@H](O)[C@@H](O)[C@@H]2O)O[C@H]1O
9986866,460602,CCCCCCCCCCCCCCCC(=O)OC[C@@H](O)COP(=O)([O-])OCC[N+](C)(C)C
10430190,5354212,COC(=O)/C=C1/CC[C@H]2[C@@H]3CCC4=CC(=O)CC[C@]4(C)[C@H]3C(=O)C[C@]12C
10430190,16078994,CCCCCCCC/C=C\CCCCCCCC(=O)OC[C@@H](COP(O)(O)=S)OC
6918840,132282124,C[C@@H]1O[C@@H](OCCCCCC(=O)SCCN=C(O)CCN=C(O)[C@H](O)C(C)(C)COP(=O)(O)OP(=O)(O)OC[C@H]2O[C@@H](n3cnc4c(N)ncnc43)[C@H](O)[C@@H]2OP(=O)(O)O)[C@H](O)C[C@H]1O
6918840,101788,CC(=O)[C@H]1CC[C@H]2[C@@H]3CCC4=CC(=O)CC[C@]4(C)[C@H]3[C@@H](O)C[C@]12C
6419706,5780,OC[C@@H](O)[C@@H](O)[C@H](O)[C@@H](O)CO
6419706,5780,OC[C@@H](O)[C@@H](O)[C@H](O)[C@@H](O)CO
6419706,46878557,N=c1ccn([C@@H]2O[C@H](COP(=O)(O)O[C@]3(C(=O)[O-])C[C@@H](O)[C@@H](O)[C@@H]([C@H](O)CO)O3)[C@@H](O)[C@H]2O)c([O-])n1
11127621,135514797,COc1cc(/C=N/O)nc(-c2ccccn2)c1
11127621,56955923,O=[As]([O-])(O)c1ccccc1
11127621,10198228,O=C([C@@H]1CCCN1)N1CCC[C@H]1B(O)O
16599,49859627,COc1cccc2[nH]cc(C/C(=N/OS(=O)(=O)[O-])S[C@@H]3O[C@H](CO)[C@@H](O)[C@H](O)[C@H]3O)c12
16599,10185281,CCC(C)C(=O)c1c(O)c(Cc2c(O)c(C)c(O)c(C(=O)C(C)C)c2O)c(O)c2c1OC(C)(C)C=C2
17756116,17756117,Cc1cc2cc(=O)cc3oc(C)cc([nH]1)c23
17756116,23674745,CC(C(=O)[O-])c1ccc(CC2CCCC2=O)cc1.O.O.[Na+]
17756116,5365194,CCCCCCCC/C=C\CCCCCCCC(=O)OCCCCCCCCCCCCCCCCCC
25246140,49792041,N[C@H]1[C@H](OC[C@H]2O[C@H](OP(=O)(O)O)[C@H](N)[C@@H](O)[C@@H]2O)O[C@H](CO[C@]2(C(=O)O)C[C@@H](O[C@]3(C(=O)O)C[C@@H](O)[C@@H](O)[C@@H]([C@H](O)CO)O3)[C@@H](O)[C@@H]([C@H](O)CO)O2)[C@@H](O)[C@@H]1O
25246140,91828250,CC(O)=N[C@@H]1[C@@H](O)[C@H](O[C@@H]2O[C@H](CO)[C@@H](O[C@@H]3O[C@H](CO[C@H]4O[C@H](CO)[C@@H](O)[C@H](O)[C@@H]4O[C@@H]4O[C@H](CO)[C@@H](O[C@@H]5O[C@H](CO)[C@H](O)[C@H](O[C@]6(C(=O)O)C[C@H](O)[C@@H](N=C(C)O)[C@H]([C@H](O)[C@H](O)CO)O6)[C@H]5O)[C@H](O)[C@H]4N=C(C)O)[C@@H](O[C@@H]4O[C@H](CO)[C@@H](O)[C@H](O)[C@H]4N=C(C)O)[C@H](O[C@H]4O[C@H](CO)[C@@H](O)[C@H](O)[C@@H]4O[C@@H]4O[C@H](CO)[C@@H](O[C@@H]5O[C@H](CO)[C@H](O)[C@H](O[C@]6(C(=O)O)C[C@H](O)[C@@H](N=C(C)O)[C@H]([C@H](O)[C@H](O)CO)O6)[C@H]5O)[C@H](O)[C@H]4N=C(C)O)[C@@H]3O)[C@H](O)[C@H]2N=C(C)O)[C@@H](CO)O[C@H]1O
25246140,129626633,O=C([S-])c1cc(C(=O)[S-])c[n+]([C@@H]2O[C@H](COP(=O)([O-])[O-])[C@@H](O)[C@H]2O)c1
99642563,5780,OC[C@@H](O)[C@@H](O)[C@H](O)[C@@H](O)CO
99642563,56955923,O=[As]([O-])(O)c1ccccc1
99642563,7855,C=CC#N
136249538,135398680,N=c1nc(O)c2ncn([C@@H]3O[C@H](COP(=O)(O)OP(=O)(O)O[C@H]4O[C@@H](CO)[C@@H](O)[C@@H](O)[C@@H]4O)[C@@H](O)[C@H]3O)c2[nH]1
136249538,14345637,CCCCC/C=C\C/C=C\C/C=C\C/C=C\CCCC(=O)OC(CO)COC(=O)CCCCCCCCCCCCCCCCC
136249538,5280534,CCCCC/C=C\C/C=C\C=C\C=C\C[C@H]1O[C@@H]1CCC(=O)O
126456491,5780,OC[C@@H](O)[C@@H](O)[C@H](O)[C@@H](O)CO
126456491,56955923,O=[As]([O-])(O)c1ccccc1
126456491,138756162,CC(O)CCC/C=C\C/C=C\CCCCCCCC(=O)[O-]
7368,56955923,O=[As]([O-])(O)c1ccccc1
7368,69212,CC1=CC(=O)C(=O)C=C1O
7368,15381,OC1CN2CCC1CC2
5282317,132282124,C[C@@H]1O[C@@H](OCCCCCC(=O)SCCN=C(O)CCN=C(O)[C@H](O)C(C)(C)COP(=O)(O)OP(=O)(O)OC[C@H]2O[C@@H](n3cnc4c(N)ncnc43)[C@H](O)[C@@H]2OP(=O)(O)O)[C@H](O)C[C@H]1O
5282317,134930,O.O.O.O.O.O=[Se]([O-])[O-].[Na+].[Na+]
7269401,5780,OC[C@@H](O)[C@@H](O)[C@H](O)[C@@H](O)CO
7269401,69212,CC1=CC(=O)C(=O)C=C1O
7269401,3748644,O=C([O-])CC(=O)O
111804,4124016,CC([O-])=Nc1ccc(N=Nc2c(N)ccc3cc(S(=O)(=O)O)cc([O-])c23)c(S(=O)(=O)O)c1
111804,49859627,COc1cccc2[nH]cc(C/C(=N/OS(=O)(=O)[O-])S[C@@H]3O[C@H](CO)[C@@H](O)[C@H](O)[C@H]3O)c12
111804,24779116,CCCCCCCC/C=C\CCCCCCCCCC(=O)O[C@H](COC(=O)CCCCCCCCCCCCCCCCCCCCC)COP(=O)([O-])OCC[N+](C)(C)C
17756750,10825777,NC(Cc1cc(O)c2c(c1)SCC(O)=N2)C(=O)O
17756750,46931152,CCCCCCCC/C=C\CCCCCCCC(=O)OC[C@H](COP(=O)(O)OCC(O)COP(=O)(O)OC[C@@H](COC(=O)CCCCCCC/C=C\CCCCCCCC)OC(=O)CCCCCCC/C=C\CCCCCCCC)OC(=O)CCCCCCC/C=C\CCCCCCCC
6755,70679234,O=C1C(=O)c2ccccc2C([O-])=C1CCO
6755,5780,OC[C@@H](O)[C@@H](O)[C@H](O)[C@@H](O)CO
6755,439507,OC[C@H]1OC(O)[C@H](O)[C@H](O)[C@@H]1O
121412669,5780,OC[C@@H](O)[C@@H](O)[C@H](O)[C@@H](O)CO
121412669,69212,CC1=CC(=O)C(=O)C=C1O
121412669,135398735,CO[C@H]1/C=C/O[C@@]2(C)Oc3c(C)c(O)c4c(O)c(c(/C=N/N5CCN(C)CC5)c(O)c4c3C2=O)N=C(O)/C(C)=C\C=C\[C@H](C)[C@H](O)[C@@H](C)[C@@H](O)[C@@H](C)[C@H](OC(C)=O)[C@@H]1C
177447,5780,OC[C@@H](O)[C@@H](O)[C@H](O)[C@@H](O)CO
177447,25085695,[39Ar]
177447,121412669,N=C(O)N=C(O)NC(=O)O
9883933,53380618,O=P(O)(O)OC1[C@@H](OP(=O)(O)O)[C@H](OP(=O)(O)OP(=O)(O)O)C(O)[C@H](OP(=O)(O)OP(=O)(O)O)[C@H]1OP(=O)(O)O
9883933,5354212,COC(=O)/C=C1/CC[C@H]2[C@@H]3CCC4=CC(=O)CC[C@]4(C)[C@H]3C(=O)C[C@]12C
9883933,11999968,O=C(Oc1cc(O)c2c(c1)OC(c1cc(O)c(OC(=O)c3cc(O)c(O)c(O)c3)c(O)c1)CC2)c1cc(O)c(O)c(O)c1
5479113,70678725,COC1=C(Br)[C@H](O)[C@@]2(C=C1Br)CC(C(=O)NCCCCNC(=O)C1=NO[C@@]3(C=C(Br)C(=O)[C@H](Br)[C@H]3O)C1)=NO2
5479113,6419706,O=C([O-])[C@H](O)[C@@H](O)[C@H](O)[C@H](O)CO
53326128,50900595,CCO[C@@H]1OC[C@@]2(C)CCC[C@@]13c1cc(O)c(C(C)C)cc1CC[C@@H]23
53326128,23674745,CC(C(=O)[O-])c1ccc(CC2CCCC2=O)cc1.O.O.[Na+]
53326128,24778881,CCCCCCCC/C=C\CCCCCCCCCCCCCC(=O)O[C@H](COC(=O)CCCCCCCCCCCCCCCCC)COP(=O)([O-])OCC[N+](C)(C)C
46242512,49859627,COc1cccc2[nH]cc(C/C(=N/OS(=O)(=O)[O-])S[C@@H]3O[C@H](CO)[C@@H](O)[C@H](O)[C@H]3O)c12
46242512,45480580,CC(O)=N[C@@H]1[C@@H](O)[C@@H](O[C@@H]2O[C@H](CO)[C@H](O)[C@H](O)[C@H]2N=C(C)O)[C@@H](CO)O[C@@H]1O
724,5780,OC[C@@H](O)[C@@H](O)[C@H](O)[C@@H](O)CO
724,5780,OC[C@@H](O)[C@@H](O)[C@H](O)[C@@H](O)CO
724,67495,c1ccc2c(c1)Cc1ccccc1S2
5312586,5780,OC[C@@H](O)[C@@H](O)[C@H](O)[C@@H](O)CO
5312586,443144,CC(=O)C[C@@H]1CCCN1C
5312586,13520,O=C([O-])CC(O)(CC(=O)[O-])C(=O)[O-].[Li+].[Li+].[Li+]
15381,69212,CC1=CC(=O)C(=O)C=C1O
15381,129626615,CCCCCCCCCCCCCCCC(=O)OC[C@H](COP(=O)([O-])OCC[N+](C)(C)C)OC(=O)CCCCCC=O
3032615,65070,O=c1nc(O)ccn1[C@H]1C[C@H](O)[C@@H](COP(=O)(O)OP(=O)(O)OP(=O)(O)O)O1
3032615,10825777,NC(Cc1cc(O)c2c(c1)SCC(O)=N2)C(=O)O
3032615,51351777,CC([O-])=N[C@@H](CCCNC(=N)N)C(=O)O
62348,56955923,O=[As]([O-])(O)c1ccccc1
62348,443144,CC(=O)C[C@@H]1CCCN1C
62348,71464679,N[C@@H](CS)C(O)=N[C@@H](Cc1ccccc1)C(O)=N[C@@H](Cc1ccccc1)C(O)=NCC(=O)O
6436630,5780,OC[C@@H](O)[C@@H](O)[C@H](O)[C@@H](O)CO
6436630,5354212,COC(=O)/C=C1/CC[C@H]2[C@@H]3CCC4=CC(=O)CC[C@]4(C)[C@H]3C(=O)C[C@]12C
6436630,6451149,Cc1ccccc1-c1cc(N2CCN(C)CC2)ncc1N(C)C(=O)C(C)(C)c1cc(C(F)(F)F)cc(C(F)(F)F)c1
118429016,73271,O=C(O)Cc1cc(O)nc(O)n1
118429016,5354212,COC(=O)/C=C1/CC[C@H]2[C@@H]3CCC4=CC(=O)CC[C@]4(C)[C@H]3C(=O)C[C@]12C
118429016,440717,O=C(O)C(=O)CS(=O)(=O)O
529,5780,OC[C@@H](O)[C@@H](O)[C@H](O)[C@@H](O)CO
529,443144,CC(=O)C[C@@H]1CCCN1C
529,44229137,COc1cc(/C=C/C(=O)SCCN=C([O-])CCN=C([O-])[C@H](O)C(C)(C)COP(=O)(O)OP(=O)(O)OC[C@H]2O[C@@H](n3cnc4c(N)ncnc43)[C@H](O)[C@@H]2OP(=O)([O-])O)ccc1[O-]
5460953,56955923,O=[As]([O-])(O)c1ccccc1
5460953,279,N=C(O)NC(CC(=O)O)C(=O)O
5460953,25203591,O=C([O-])C1=CC(O)OC(C(=O)[O-])=C1
86290129,5780,OC[C@@H](O)[C@@H](O)[C@H](O)[C@@H](O)CO
86290129,23674745,CC(C(=O)[O-])c1ccc(CC2CCCC2=O)cc1.O.O.[Na+]
86290129,21635054,COC(=O)[C@H]1[C@@H](OC(=O)c2ccccc2)C[C@@H]2CC[C@H]1[NH+]2C
131708362,91828250,CC(O)=N[C@@H]1[C@@H](O)[C@H](O[C@@H]2O[C@H](CO)[C@@H](O[C@@H]3O[C@H](CO[C@H]4O[C@H](CO)[C@@H](O)[C@H](O)[C@@H]4O[C@@H]4O[C@H](CO)[C@@H](O[C@@H]5O[C@H](CO)[C@H](O)[C@H](O[C@]6(C(=O)O)C[C@H](O)[C@@H](N=C(C)O)[C@H]([C@H](O)[C@H](O)CO)O6)[C@H]5O)[C@H](O)[C@H]4N=C(C)O)[C@@H](O[C@@H]4O[C@H](CO)[C@@H](O)[C@H](O)[C@H]4N=C(C)O)[C@H](O[C@H]4O[C@H](CO)[C@@H](O)[C@H](O)[C@@H]4O[C@@H]4O[C@H](CO)[C@@H](O[C@@H]5O[C@H](CO)[C@H](O)[C@H](O[C@]6(C(=O)O)C[C@H](O)[C@@H](N=C(C)O)[C@H]([C@H](O)[C@H](O)CO)O6)[C@H]5O)[C@H](O)[C@H]4N=C(C)O)[C@@H]3O)[C@H](O)[C@H]2N=C(C)O)[C@@H](CO)O[C@H]1O
131708362,92136105,CC(C)CCCCCCCCCC/C=C\C(=O)O
91972264,23674745,CC(C(=O)[O-])c1ccc(CC2CCCC2=O)cc1.O.O.[Na+]
91972264,31200,COP(=S)(OC)Oc1ccc([N+](=O)[O-])c(C)c1
2746,10825777,NC(Cc1cc(O)c2c(c1)SCC(O)=N2)C(=O)O
2746,52950912,C[C@H]1[C@H](C)C[C@H](O)[C@]2(C(=O)O[C@@H]3O[C@H](CO)[C@@H](O)[C@H](O)[C@H]3O)CC[C@]3(C)C(=CC[C@@H]4[C@@]5(C)CC[C@H](O)C(C)(C)[C@@H]5CC[C@]43C)[C@H]12
49852403,46931152,CCCCCCCC/C=C\CCCCCCCC(=O)OC[C@H](COP(=O)(O)OCC(O)COP(=O)(O)OC[C@@H](COC(=O)CCCCCCC/C=C\CCCCCCCC)OC(=O)CCCCCCC/C=C\CCCCCCCC)OC(=O)CCCCCCC/C=C\CCCCCCCC
49852403,24865464,CCCCCCCCCCCCCCCC(=O)OC[C@H](CO[C@@H]1O[C@H](CO[C@@H]2O[C@H](CO)[C@@H](O)[C@H](O)[C@H]2O)[C@H](O)[C@H](O)[C@H]1O)OC(=O)CCCCCCCCCCCCCCC
44558527,5780,OC[C@@H](O)[C@@H](O)[C@H](O)[C@@H](O)CO
44558527,10825777,NC(Cc1cc(O)c2c(c1)SCC(O)=N2)C(=O)O
44558527,21126521,CC(O)=N[C@H]1C(O)O[C@H](CO[C@@H]2O[C@H](CO)[C@H](O)[C@H](O)[C@H]2O)[C@H](O)[C@@H]1O
10880539,86289694,C[C@H](CCCCCCCCC/C=C/C(=O)O)O[C@@H]1O[C@@H](C)[C@H](O)C[C@H]1O
10880539,10825777,NC(Cc1cc(O)c2c(c1)SCC(O)=N2)C(=O)O
10880539,10052850,C=C(CC/C=C\C=C\CC(C)CC(=O)CC(O)CN=C(O)CC(C)OC(=N)O)CC(C)C/C(C)=C/C(=O)O
101659112,52929771,CCCCCCCCCCCCCCCC/C=C\OC[C@@H](O)COP(=O)(O)O
101659112,131708362,O=C(O)C1=C[C@H](O)[C@@H](OS(=O)(=O)O)[C@H](O[C@H]2[C@H](O)[C@@H](NS(=O)(=O)O)[C@@H](O[C@H]3[C@H](O)[C@@H](OS(=O)(=O)O)[C@H](O[C@H]4[C@H](O)[C@@H](NS(=O)(=O)O)[C@@H](O[C@H]5[C@H](O)[C@@H](OS(=O)(=O)O)[C@H](O[C@H]6[C@H](O)[C@@H](NS(=O)(=O)O)[C@@H](O[C@H]7[C@H](O)[C@@H](OS(=O)(=O)O)[C@H](O[C@H]8[C@H](O)[C@@H](NS(=O)(=O)O)[C@@H](O)O[C@@H]8CO)O[C@H]7C(=O)O)O[C@@H]6COS(=O)(=O)O)O[C@H]5C(=O)O)O[C@@H]4COS(=O)(=O)O)O[C@H]3C(=O)O)O[C@@H]2COS(=O)(=O)O)O1
10884902,49859627,COc1cccc2[nH]cc(C/C(=N/OS(=O)(=O)[O-])S[C@@H]3O[C@H](CO)[C@@H](O)[C@H](O)[C@H]3O)c12
10884902,51351663,Cc1ccc(S(=O)(=O)OCCC2CC(C)(C)OC2=O)cc1
92136127,53239731,CC(O)=N[C@@H]1[C@@H](O[C@@H]2O[C@@H](C)[C@@H](O)[C@@H](O)[C@@H]2O)[C@H](O[C@@H]2O[C@H](CO)[C@@H](O)[C@H](O)[C@H]2N=C(C)O)[C@@H](CO[C@@H]2O[C@@H](C)[C@@H](O)[C@@H](O)[C@@H]2O)O[C@H]1O
92136127,167305,O.O=C([O-])C1N=C(c2ccccc2)c2cc(Cl)ccc2N=C1[O-].[K+].[K+]
86289760,86289750,C[C@H](CCCCCCCC(=O)O)O[C@@H]1O[C@@H](C)[C@H](OC(=O)c2c[nH]c3ccccc23)C[C@H]1O
86289760,49859627,COc1cccc2[nH]cc(C/C(=N/OS(=O)(=O)[O-])S[C@@H]3O[C@H](CO)[C@@H](O)[C@H](O)[C@H]3O)c12
86289760,91825629,CCCCCCC(C)CCCCCCCCCCC(=O)Cc1cc(O)cc(=O)o1
90659808,86289694,C[C@H](CCCCCCCCC/C=C/C(=O)O)O[C@@H]1O[C@@H](C)[C@H](O)C[C@H]1O
90659808,53239731,CC(O)=N[C@@H]1[C@@H](O[C@@H]2O[C@@H](C)[C@@H](O)[C@@H](O)[C@@H]2O)[C@H](O[C@@H]2O[C@H](CO)[C@@H](O)[C@H](O)[C@H]2N=C(C)O)[C@@H](CO[C@@H]2O[C@@H](C)[C@@H](O)[C@@H](O)[C@@H]2O)O[C@H]1O
90659808,91826524,C/C(=C/CC(=O)SCCN=C(O)CCN=C(O)[C@H](O)C(C)(C)COP(=O)(O)OP(=O)(O)OC[C@H]1O[C@@H](n2cnc3c(N)ncnc32)[C@H](O)[C@@H]1OP(=O)(O)O)[C@H]1CC[C@H]2[C@@H]3CC=C4C[C@@H](O)CC[C@]4(C)[C@H]3CC[C@]12C
445675,15375588,Cc1cn([C@H]2C[C@H](O)[C@@H](COP(=O)(O)OP(=O)(O)O[C@H]3O[C@@H](C)[C@@H](O)[C@@H](O)[C@H]3O)O2)c(=O)nc1O
445675,14345637,CCCCC/C=C\C/C=C\C/C=C\C/C=C\CCCC(=O)OC(CO)COC(=O)CCCCCCCCCCCCCCCCC
445675,122391271,NCCO[C@@H]1O[C@H](CO)[C@@H](O[C@@H]2O[C@H](C(=O)O)[C@@H](O)[C@H](O)[C@H]2O)[C@H](O)[C@H]1O
12555,23674745,CC(C(=O)[O-])c1ccc(CC2CCCC2=O)cc1.O.O.[Na+]
12555,7099940,O=C(O)c1ccccc1O[C@@H]1O[C@H](CO)[C@@H](O)[C@H](O)[C@H]1O
65492,56955923,O=[As]([O-])(O)c1ccccc1
65492,53239731,CC(O)=N[C@@H]1[C@@H](O[C@@H]2O[C@@H](C)[C@@H](O)[C@@H](O)[C@@H]2O)[C@H](O[C@@H]2O[C@H](CO)[C@@H](O)[C@H](O)[C@H]2N=C(C)O)[C@@H](CO[C@@H]2O[C@@H](C)[C@@H](O)[C@@H](O)[C@@H]2O)O[C@H]1O
65492,441107,Cc1c2cccc(O)c2c(O)c2c(O)c3c(O)c(C(=N)O)c(O)cc3cc12
12416228,12473,O=C(O)c1ccc[nH]1
12416228,243,O=C(O)c1ccccc1
12416228,49859611,CC(C)(COP(=O)([O-])[O-])[C@@H](O)C(=O)[O-]
45380430,49859627,COc1cccc2[nH]cc(C/C(=N/OS(=O)(=O)[O-])S[C@@H]3O[C@H](CO)[C@@H](O)[C@H](O)[C@H]3O)c12
45380430,102026334,COc1cc(/C=C/C(=O)CC(=O)/C=C/c2ccc(O[C@@H]3O[C@H](CO[C@@H]4O[C@H](CO[C@@H]5O[C@H](CO[C@@H]6O[C@H](CO)[C@@H](O)[C@H](O)[C@H]6O)[C@@H](O)[C@H](O)[C@H]5O)[C@@H](O)[C@H](O)[C@H]4O)[C@@H](O)[C@H](O)[C@H]3O)c(OC)c2)ccc1O
60146,5362376,CCOc1ccccc1OCCN[C@H](C)Cc1ccc(OC)c(S(N)(=O)=O)c1.Cl
60146,49859627,COc1cccc2[nH]cc(C/C(=N/OS(=O)(=O)[O-])S[C@@H]3O[C@H](CO)[C@@H](O)[C@H](O)[C@H]3O)c12
60146,1865,Cc1c(O)nc(O)nc1CCCO
42647297,49859627,COc1cccc2[nH]cc(C/C(=N/OS(=O)(=O)[O-])S[C@@H]3O[C@H](CO)[C@@H](O)[C@H](O)[C@H]3O)c12
42647297,11158025,CC(=O)O[C@@H]1CC[C@]2(C)C3=C(CC[C@H]2C1(C)C)[C@]1(C)CC[C@H]([C@@H](C/C=C/C(C)(C)O)C(=O)O[C@@H]2OC[C@@H](O)[C@H](O)[C@H]2O)[C@@]1(C)CC3
91851320,440649,Cc1ncc(C[n+]2c(C(O)CCC(=O)O)sc(CCOP(=O)(O)OP(=O)(O)O)c2C)c(=N)[nH]1
91851320,10455148,N[C@@H](CCC(O)=N[C@@H](CSSC[C@H](N)C(=O)O)C(O)=NCC(=O)O)C(=O)O
160570,53357352,C=C(C)[C@@H]1CCC(C)=C[C@H]1c1c(O)cc(CCCC(C)O)cc1O
160570,5354212,COC(=O)/C=C1/CC[C@H]2[C@@H]3CCC4=CC(=O)CC[C@]4(C)[C@H]3C(=O)C[C@]12C
160570,10621,COc1ccc([C@@H]2CC(=O)c3c(O)cc(O[C@@H]4O[C@H](CO[C@@H]5O[C@@H](C)[C@H](O)[C@@H](O)[C@H]5O)[C@@H](O)[C@H](O)[C@H]4O)cc3O2)cc1O
31284,5780,OC[C@@H](O)[C@@H](O)[C@H](O)[C@@H](O)CO
31284,121596220,CC(C(=O)[O-])C(=O)OC(CC(=O)[O-])C[N+](C)(C)C
31284,53481703,CCCC/C=C\CCCCCCCC(=O)O[C@H](COCCCCCCCC/C=C\CCCCCC)COP(=O)([O-])OCC[N+](C)(C)C
18706098,5780,OC[C@@H](O)[C@@H](O)[C@H](O)[C@@H](O)CO
18706098,5780,OC[C@@H](O)[C@@H](O)[C@H](O)[C@@H](O)CO
18706098,46173511,O=C([O-])[C@H]1OC(O)[C@H](O)[C@@H](O)[C@H]1O
656501,46878557,N=c1ccn([C@@H]2O[C@H](COP(=O)(O)O[C@]3(C(=O)[O-])C[C@@H](O)[C@@H](O)[C@@H]([C@H](O)CO)O3)[C@@H](O)[C@H]2O)c([O-])n1
656501,71298190,CC(O)=N[C@H]1C(O)O[C@H](CO)[C@H](O)[C@@H]1O[C@@H]1O[C@H](CO)[C@H](O[C@H]2O[C@H](CO)[C@H](O)[C@H](O)[C@H]2O)[C@H](O)[C@H]1O[C@@H]1O[C@@H](C)[C@@H](O)[C@@H](O)[C@@H]1O
656501,44587217,C[C@@H]([C@H]1CC[C@H]2[C@@H]3CC[C@H]4C(=O)C(N=CO)=CC[C@]4(C)[C@H]3CC[C@]12C)N(C)C
229455,52929771,CCCCCCCCCCCCCCCC/C=C\OC[C@@H](O)COP(=O)(O)O
229455,54711003,Nc1cnn(C(=O)/C(O)=C/C=C/C(=O)O)c(=O)c1Cl
440187,23674745,CC(C(=O)[O-])c1ccc(CC2CCCC2=O)cc1.O.O.[Na+]
440187,131801235,CCCCCCCC/C=C\CCCCCCCC(=O)OC[C@H](O)COP(=O)([O-])OC[C@@H](O)CO
5459902,5780,OC[C@@H](O)[C@@H](O)[C@H](O)[C@@H](O)CO
5459902,10825777,NC(Cc1cc(O)c2c(c1)SCC(O)=N2)C(=O)O
5459902,129320424,CC(C)CCCCC(=O)C1C(=O)OC[C@H]1COP(=O)(O)O
71728381,5780,OC[C@@H](O)[C@@H](O)[C@H](O)[C@@H](O)CO
71728381,53239731,CC(O)=N[C@@H]1[C@@H](O[C@@H]2O[C@@H](C)[C@@H](O)[C@@H](O)[C@@H]2O)[C@H](O[C@@H]2O[C@H](CO)[C@@H](O)[C@H](O)[C@H]2N=C(C)O)[C@@H](CO[C@@H]2O[C@@H](C)[C@@H](O)[C@@H](O)[C@@H]2O)O[C@H]1O
71728381,23724633,CCCCCCCC[C@H](O)[C@H](CCCCCCCC(=O)O)OP(=O)(O)O
5889665,5354212,COC(=O)/C=C1/CC[C@H]2[C@@H]3CCC4=CC(=O)CC[C@]4(C)[C@H]3C(=O)C[C@]12C
5889665,118987304,CC12C(O)=NC(O)=NC1C1N=C(O)NC(=N)C12
91845411,46931152,CCCCCCCC/C=C\CCCCCCCC(=O)OC[C@H](COP(=O)(O)OCC(O)COP(=O)(O)OC[C@@H](COC(=O)CCCCCCC/C=C\CCCCCCCC)OC(=O)CCCCCCC/C=C\CCCCCCCC)OC(=O)CCCCCCC/C=C\CCCCCCCC
91845411,10288191,Cn1cnc2c(F)c(Nc3ccc(Br)cc3F)c(C(O)=NOCCO)cc21
5282362,5281294,O=C(/C=C/c1ccc(O)c(O)c1)c1ccc(O)c(O)c1O
5282362,86289860,O=C(O)C[C@H](O)CCCCCCCO
5282362,24178773,CO[C@@H]1OC(=O)C2=CC[C@H]3[C@]4(C)CC[C@H]5C(C)(C)CCC[C@]5(C)[C@H]4C[C@@H](OC(C)=O)[C@]3(C)[C@H]21
53785916,5780,OC[C@@H](O)[C@@H](O)[C@H](O)[C@@H](O)CO
53785916,23674745,CC(C(=O)[O-])c1ccc(CC2CCCC2=O)cc1.O.O.[Na+]
53785916,15924888,CC(=O)O[C@H]1C[C@]2(C)[C@H]3[C@H](O)C(=O)[C@]4(C)[C@@H](c5ccc(=O)oc5)CC[C@]4(O)[C@@H]3CC[C@]2(O)C[C@H]1OC(C)=O
5283143,5780,OC[C@@H](O)[C@@H](O)[C@H](O)[C@@H](O)CO
5283143,23674745,CC(C(=O)[O-])c1ccc(CC2CCCC2=O)cc1.O.O.[Na+]
5283143,44260119,CC(C)=CCC/C(C)=C/CC/C(C)=C/CC/C(C)=C\CCC(C)CCOP(=O)(O)OC1OC[C@@H](O)[C@H](O)[C@H]1O
5283574,5780,OC[C@@H](O)[C@@H](O)[C@H](O)[C@@H](O)CO
5283574,14345637,CCCCC/C=C\C/C=C\C/C=C\C/C=C\CCCC(=O)OC(CO)COC(=O)CCCCCCCCCCCCCCCCC
5283574,56927836,CC(O)=N[C@H]1[C@@H](O[C@@H]2O[C@H](C[C@@H](O)[C@H]3O[C@@H](n4ccc(O)nc4=O)[C@H](O)[C@@H]3O)[C@H](O)[C@H](O)[C@H]2N=C(O)/C=C/CCCCCCCCCCC(C)C)O[C@H](CO)[C@@H](O)[C@@H]1O
126456448,5780,OC[C@@H](O)[C@@H](O)[C@H](O)[C@@H](O)CO
126456448,69212,CC1=CC(=O)C(=O)C=C1O
126456448,62640,O.O.O.O.O.O.O.O=S(=O)([O-])[O-].[Zn+2]
644078,5780,OC[C@@H](O)[C@@H](O)[C@H](O)[C@@H](O)CO
644078,440649,Cc1ncc(C[n+]2c(C(O)CCC(=O)O)sc(CCOP(=O)(O)OP(=O)(O)O)c2C)c(=N)[nH]1
644078,7084,Cc1cc2nc3ccc(N(C)C)cc3sc-2cc1=[NH2+]
10255,443144,CC(=O)C[C@@H]1CCCN1C
10255,56955923,O=[As]([O-])(O)c1ccccc1
10255,58321253,Nc1ccc(N=Nc2ccc(S(=O)(=O)[O-])cc2)cc1S(=O)(=O)[O-]
70679051,5780,OC[C@@H](O)[C@@H](O)[C@H](O)[C@@H](O)CO
70679051,121596220,CC(C(=O)[O-])C(=O)OC(CC(=O)[O-])C[N+](C)(C)C
70679051,9839333,N[C@@H](Cc1c[nH]c2ccccc12)C(=O)N1CCC[C@H]1C(=O)O
86416,92434,COC(=O)c1cccc(C)c1S(=O)(=O)NC(O)=Nc1nc(OCC(F)(F)F)nc(N(C)C)n1
86416,49859627,COc1cccc2[nH]cc(C/C(=N/OS(=O)(=O)[O-])S[C@@H]3O[C@H](CO)[C@@H](O)[C@H](O)[C@H]3O)c12
86416,456309,O[C@H](c1cc(C(F)(F)F)nc2c(C(F)(F)F)cccc12)[C@@H]1CCCCN1
54675783,54686764,CN(C)[C@@H]1C(=O)C(C(=N)O)=C(O)[C@@]2(O)C(=O)C3=C(O)c4c(O)ccc(Cl)c4[C@@H](O)[C@H]3C[C@@H]12.Cl
54675783,49859627,COc1cccc2[nH]cc(C/C(=N/OS(=O)(=O)[O-])S[C@@H]3O[C@H](CO)[C@@H](O)[C@H](O)[C@H]3O)c12
54675783,11637,CN.Cl
129011078,46931152,CCCCCCCC/C=C\CCCCCCCC(=O)OC[C@H](COP(=O)(O)OCC(O)COP(=O)(O)OC[C@@H](COC(=O)CCCCCCC/C=C\CCCCCCCC)OC(=O)CCCCCCC/C=C\CCCCCCCC)OC(=O)CCCCCCC/C=C\CCCCCCCC
129011078,135515530,OC(Cc1ccccc1)=NC(=NOCC1CC1)c1c(C(F)(F)F)ccc(F)c1F
5719,23674745,CC(C(=O)[O-])c1ccc(CC2CCCC2=O)cc1.O.O.[Na+]
5719,40488837,CCCCC[C@@H]1O[C@@H]1C/C=C\C/C=C\C/C=C\CCCC(=O)[O-]
42640845,71298190,CC(O)=N[C@H]1C(O)O[C@H](CO)[C@H](O)[C@@H]1O[C@@H]1O[C@H](CO)[C@H](O[C@H]2O[C@H](CO)[C@H](O)[C@H](O)[C@H]2O)[C@H](O)[C@H]1O[C@@H]1O[C@@H](C)[C@@H](O)[C@@H](O)[C@@H]1O
42640845,440233,C[C@H](CN)OP(=O)(O)O
3946848,5780,OC[C@@H](O)[C@@H](O)[C@H](O)[C@@H](O)CO
3946848,243,O=C(O)c1ccccc1
3946848,11246488,COc1cc2ncnc(Nc3cccc(Br)c3)c2cc1OC.Cl
65509,56955923,O=[As]([O-])(O)c1ccccc1
65509,5780,OC[C@@H](O)[C@@H](O)[C@H](O)[C@@H](O)CO
65509,86289391,C/C1=C2/N=C(/C=C3\N/C(=C(/C)C4=N[C@@](C)([C@@H]5N=C1[C@](C)(CCC(=O)O)[C@H]5CC(=O)O)[C@@](C)(CC(=N)[O-])[C@@H]4CCC(=O)O)[C@@](C)(CC(=N)[O-])[C@@H]3CCC(=O)O)C(C)(C)[C@@H]2CCC(=O)O
637497,5780,OC[C@@H](O)[C@@H](O)[C@H](O)[C@@H](O)CO
637497,137547,C#CCC(=O)O
637497,136351794,O=C(O)/C([O-])=C\C=C/C(=O)c1ccccc1[O-]
25158705,5354212,COC(=O)/C=C1/CC[C@H]2[C@@H]3CCC4=CC(=O)CC[C@]4(C)[C@H]3C(=O)C[C@]12C
25158705,521280,CC(C)C(O)CO
129626654,40490621,CC[C@@H]1O[C@@H]1C/C=C\C/C=C\C/C=C\C/C=C\CCCC(=O)[O-]
129626654,23674745,CC(C(=O)[O-])c1ccc(CC2CCCC2=O)cc1.O.O.[Na+]
129626654,643966,CCCCCCCCCCCCCCCC(=O)OC[C@H](COP(=O)(O)O[C@H]1[C@H](O)[C@@H](OP(=O)(O)O)[C@H](O)[C@@H](O)[C@H]1O)OC(=O)CCCCCCCCCCCCCCC
14396856,49859627,COc1cccc2[nH]cc(C/C(=N/OS(=O)(=O)[O-])S[C@@H]3O[C@H](CO)[C@@H](O)[C@H](O)[C@H]3O)c12
14396856,38521,N=C(N)NCC1COC2(CCCCC2)O1
1483,56955923,O=[As]([O-])(O)c1ccccc1
1483,5354212,COC(=O)/C=C1/CC[C@H]2[C@@H]3CCC4=CC(=O)CC[C@]4(C)[C@H]3C(=O)C[C@]12C
1483,70678903,CC(C)=CCC/C(C)=C/CC/C(C)=C/CC/C(C)=C/CC/C(C)=C\CC/C(C)=C\CC/C(C)=C\CC/C(C)=C\CC/C(C)=C\CC/C(C)=C\CC/C(C)=C\COP(=O)(O)OP(=O)(O)O[C@H]1O[C@H](C)[C@@H](N=C(C)[O-])[C@H](O[C@H]2O[C@H](CO)[C@H](O[C@H]3O[C@H](CO)[C@H](O)[C@H](O)[C@H]3N=C(C)[O-])[C@H](O)[C@H]2N=C(C)O)[C@H]1N=C(C)O
135398598,135398596,N=c1nc([O-])c2ncn([C@H]3C[C@H](O)[C@@H](COP(=O)([O-])O)O3)c2[nH]1
135398598,49859627,COc1cccc2[nH]cc(C/C(=N/OS(=O)(=O)[O-])S[C@@H]3O[C@H](CO)[C@@H](O)[C@H](O)[C@H]3O)c12
135398598,40469168,O=C(O)[C@H]1O[C@@H](Oc2cc3oc(-c4ccccc4)cc(=O)c3c(O)c2[O-])[C@H](O)[C@@H](O)[C@@H]1O
132472333,5780,OC[C@@H](O)[C@@H](O)[C@H](O)[C@@H](O)CO
132472333,5354212,COC(=O)/C=C1/CC[C@H]2[C@@H]3CCC4=CC(=O)CC[C@]4(C)[C@H]3C(=O)C[C@]12C
132472333,6992378,C[C@H](N=C(O)CN=C(O)CN)C(=O)O
4044,7573,CC(C)Nc1ccc(Nc2ccccc2)cc1
4044,121596220,CC(C(=O)[O-])C(=O)OC(CC(=O)[O-])C[N+](C)(C)C
4044,72204622,CC/C=C\C[C@@H](O)[C@H](O)/C=C/C=C/C=C\C=C\[C@H](O)C/C=C\CCC(=O)O
139036279,13284402,O=CC(=O)c1c[nH]c2ccccc12
139036279,52929771,CCCCCCCCCCCCCCCC/C=C\OC[C@@H](O)COP(=O)(O)O
139036279,3017,CCOP(=S)(OCC)Oc1cc(C)nc(C(C)C)n1
24821,5780,OC[C@@H](O)[C@@H](O)[C@H](O)[C@@H](O)CO
24821,23674745,CC(C(=O)[O-])c1ccc(CC2CCCC2=O)cc1.O.O.[Na+]
24821,126456528,CCCCCCCC/C=C\CCCCCCCC(=O)OC(CCCCCCCCCCCCC)CCCC(=O)O
2733768,44263378,C[C@H](CCC(O)=NCCS(=O)(=O)O)[C@H]1CC[C@H]2[C@@H]3[C@@H](O)C[C@@H]4C[C@H](O)CC[C@]4(C)[C@H]3C[C@H](O)[C@]12C
2733768,49859627,COc1cccc2[nH]cc(C/C(=N/OS(=O)(=O)[O-])S[C@@H]3O[C@H](CO)[C@@H](O)[C@H](O)[C@H]3O)c12
2733768,9841162,COc1cc2c(cc1O)[C@H](c1ccc(O)c(O)c1)[C@@H](CO)[C@H](CO)C2
122391230,132282124,C[C@@H]1O[C@@H](OCCCCCC(=O)SCCN=C(O)CCN=C(O)[C@H](O)C(C)(C)COP(=O)(O)OP(=O)(O)OC[C@H]2O[C@@H](n3cnc4c(N)ncnc43)[C@H](O)[C@@H]2OP(=O)(O)O)[C@H](O)C[C@H]1O
122391230,7408258,O=C(O)[C@H](CO)N=C(O)[C@@H]1CCCN1
7099940,10914066,O=C(O)c1cc(O[C@@H]2O[C@H](CO)[C@@H](O)[C@H](O)[C@H]2O)ccc1O
7099940,23674745,CC(C(=O)[O-])c1ccc(CC2CCCC2=O)cc1.O.O.[Na+]
7099940,25074887,CC(O)=N[C@H](Cc1ccc2ccccc2c1)C(O)=N[C@H](Cc1ccc(Cl)cc1)C(O)=N[C@H](Cc1cccnc1)C(O)=N[C@@H](CO)C(O)=N[C@@H](Cc1ccc(O)cc1)C(O)=N[C@H](CCCNC(=N)O)C(O)=N[C@@H](CC(C)C)C(O)=N[C@@H](CCCNC(=N)N)C(=O)N1CCC[C@H]1C(O)=N[C@H](C)C(=N)O
122391229,193412,C=C1CC1CC(=O)C(=O)O
122391229,243,O=C(O)c1ccccc1
122391229,4929,CSc1nc(=NC(C)C)[nH]c(=NC(C)C)[nH]1
25228911,132282124,C[C@@H]1O[C@@H](OCCCCCC(=O)SCCN=C(O)CCN=C(O)[C@H](O)C(C)(C)COP(=O)(O)OP(=O)(O)OC[C@H]2O[C@@H](n3cnc4c(N)ncnc43)[C@H](O)[C@@H]2OP(=O)(O)O)[C@H](O)C[C@H]1O
25228911,92746,CC(C)=CCC[C@@H](C)[C@H]1CC[C@H]2C3=C(CC[C@]12C)[C@@]1(C)CC[C@H](O)C[C@@H]1CC3
6540644,86289694,C[C@H](CCCCCCCCC/C=C/C(=O)O)O[C@@H]1O[C@@H](C)[C@H](O)C[C@H]1O
6540644,440649,Cc1ncc(C[n+]2c(C(O)CCC(=O)O)sc(CCOP(=O)(O)OP(=O)(O)O)c2C)c(=N)[nH]1
6540644,49852310,CCCCCCCCCCCCCCCC(=O)[C@@H]([NH3+])CO
6323266,121596220,CC(C(=O)[O-])C(=O)OC(CC(=O)[O-])C[N+](C)(C)C
6323266,70788961,C[C@@H]1O[C@@H](O[C@H]2C(O)O[C@H](CO)[C@H](O)[C@@H]2O[C@H]2O[C@H](CO)[C@H](O)[C@H](O)[C@H]2N)[C@@H](O)[C@H](O)[C@@H]1O
86290193,49859627,COc1cccc2[nH]cc(C/C(=N/OS(=O)(=O)[O-])S[C@@H]3O[C@H](CO)[C@@H](O)[C@H](O)[C@H]3O)c12
86290193,71296143,O=C(O)CC(=O)OC[C@H]1O[C@@H](Oc2cc(=O)cc3oc(-c4ccc([O-])c(O)c4)c(O[C@@H]4O[C@H](COC(=O)/C=C/c5ccc(O[C@@H]6O[C@H](CO)[C@@H](O)[C@H](O)[C@H]6O)cc5)[C@@H](O)[C@H](O)[C@H]4O[C@@H]4OC[C@@H](O)[C@H](O)[C@H]4O)cc2-3)[C@H](O)[C@@H](O)[C@@H]1O
10519101,23674745,CC(C(=O)[O-])c1ccc(CC2CCCC2=O)cc1.O.O.[Na+]
10519101,138756165,CC(CCCCCC/C=C\CCCCCCCC(=O)[O-])O[C@@H]1O[C@H](CO)[C@@H](O)[C@H](O)[C@H]1O
14136881,21594148,CC1(C)CC[C@]2(C(=O)O)CC[C@]3(C)C(=CC[C@@H]4[C@@]5(C)CC[C@H](O)[C@](C)(CO)[C@@H]5CC[C@]43C)[C@@H]2[C@@H]1O
14136881,49859627,COc1cccc2[nH]cc(C/C(=N/OS(=O)(=O)[O-])S[C@@H]3O[C@H](CO)[C@@H](O)[C@H](O)[C@H]3O)c12
14136881,9983303,Cc1ccc(C(O)=Nc2cccc(N3CCOCC3)c2)cc1-c1ccc2c(C3CCNCC3)noc2c1
50994221,49859627,COc1cccc2[nH]cc(C/C(=N/OS(=O)(=O)[O-])S[C@@H]3O[C@H](CO)[C@@H](O)[C@H](O)[C@H]3O)c12
50994221,5978,CC[C@]1(O)C[C@H]2CN(CCc3c([nH]c4ccccc34)[C@@](C(=O)OC)(c3cc4c(cc3OC)N(C=O)[C@H]3[C@@](O)(C(=O)OC)[C@H](OC(C)=O)[C@]5(CC)C=CCN6CC[C@]43[C@@H]65)C2)C1
86289202,5780,OC[C@@H](O)[C@@H](O)[C@H](O)[C@@H](O)CO
86289202,134160296,CSC[C@H]1O[C@H](O[C@H]2[C@H](O)[C@H](O)[C@@H](OC[C@H]3O[C@@H](O[C@@H]4[C@@H](OC[C@H]5O[C@H](OC[C@H]6OC(O)[C@@H](O)[C@@H]6O)[C@@H](O)[C@@H]5O[C@H]5O[C@H](CO)[C@@H](O)[C@@H]5O[C@@H]5O[C@H](CO)[C@@H](O)[C@@H]5O)O[C@H](CO)[C@H]4O)[C@@H](O)[C@@H]3O)O[C@@H]2CO)[C@H](O)[C@H]1O
86289202,126456479,O=C(O)CCC[C@H](O)/C=C\C=C\C=C\[C@H](O)C/C=C\CCCCC(=O)O[C@@H]1O[C@H](C(=O)O)[C@@H](O)[C@H](O)[C@H]1O
24779053,5780,OC[C@@H](O)[C@@H](O)[C@H](O)[C@@H](O)CO
24779053,70678725,COC1=C(Br)[C@H](O)[C@@]2(C=C1Br)CC(C(=O)NCCCCNC(=O)C1=NO[C@@]3(C=C(Br)C(=O)[C@H](Br)[C@H]3O)C1)=NO2
24779053,676034,COc1ccccc1-c1cc(=O)c2cc(O)ccc2o1
71296218,5780,OC[C@@H](O)[C@@H](O)[C@H](O)[C@@H](O)CO
71296218,53239731,CC(O)=N[C@@H]1[C@@H](O[C@@H]2O[C@@H](C)[C@@H](O)[C@@H](O)[C@@H]2O)[C@H](O[C@@H]2O[C@H](CO)[C@@H](O)[C@H](O)[C@H]2N=C(C)O)[C@@H](CO[C@@H]2O[C@@H](C)[C@@H](O)[C@@H](O)[C@@H]2O)O[C@H]1O
71296218,49791945,O=C([O-])Cc1cn(C2O[C@H](COP(=O)([O-])[O-])[C@@H](O)[C@H]2O)cn1
18942842,5780,OC[C@@H](O)[C@@H](O)[C@H](O)[C@@H](O)CO
18942842,69212,CC1=CC(=O)C(=O)C=C1O
18942842,136041715,[NH2+]=C(O)O[C@@H]1[C@@H](O)[C@@H](N=C(O)C[C@@H]([NH3+])CCC[NH3+])[C@H](NC2=N[C@@H]3[C@H](O)CN=C(O)[C@H]3N2)O[C@@H]1CO
50909832,5780,OC[C@@H](O)[C@@H](O)[C@H](O)[C@@H](O)CO
50909832,5354212,COC(=O)/C=C1/CC[C@H]2[C@@H]3CCC4=CC(=O)CC[C@]4(C)[C@H]3C(=O)C[C@]12C
50909832,5320053,CC(C)=CCc1cc(-c2coc3cc(O)ccc3c2=O)ccc1O
151021,23674745,CC(C(=O)[O-])c1ccc(CC2CCCC2=O)cc1.O.O.[Na+]
151021,102164179,CC/C=C\C/C=C\C/C=C\C/C=C\C=C\C(=O)CCCC(=O)O
1864,13284402,O=CC(=O)c1c[nH]c2ccccc12
1864,10825777,NC(Cc1cc(O)c2c(c1)SCC(O)=N2)C(=O)O
1864,5462148,CSCCC(=O)/C(O)=C/OP(=O)(O)O
97165,445963,N[C@H]1CCOC1=O
97165,5780,OC[C@@H](O)[C@@H](O)[C@H](O)[C@@H](O)CO
97165,10434409,CC(C)=CCC/C(C)=C/CC/C(C)=C/CC/C(C)=C/CC12OC1(C)C(=O)c1ccccc1C2=O
2140,56955923,O=[As]([O-])(O)c1ccccc1
2140,14345637,CCCCC/C=C\C/C=C\C/C=C\C/C=C\CCCC(=O)OC(CO)COC(=O)CCCCCCCCCCCCCCCCC
2140,124079391,O=C1CC=C2[C@H]3C[C@H]4[C@@]5(CC[N+]4([O-])C/C3=C/CO)c3ccccc3N1[C@@H]25
10988200,10988713,C[C@@H]1CC[C@H]2C(C(=O)O)=C[C@@H]3[C@@H](O)C(C)(C)C[C@@]132
10988200,30951,C=CCOc1ccc(CC(=O)O)cc1Cl
10988200,151229,NC(O)C(=O)O
134692044,134160296,CSC[C@H]1O[C@H](O[C@H]2[C@H](O)[C@H](O)[C@@H](OC[C@H]3O[C@@H](O[C@@H]4[C@@H](OC[C@H]5O[C@H](OC[C@H]6OC(O)[C@@H](O)[C@@H]6O)[C@@H](O)[C@@H]5O[C@H]5O[C@H](CO)[C@@H](O)[C@@H]5O[C@@H]5O[C@H](CO)[C@@H](O)[C@@H]5O)O[C@H](CO)[C@H]4O)[C@@H](O)[C@@H]3O)O[C@@H]2CO)[C@H](O)[C@H]1O
134692044,5283387,CCCCCCCC/C=C\CCCCCCCC(=N)O
54728953,5354212,COC(=O)/C=C1/CC[C@H]2[C@@H]3CCC4=CC(=O)CC[C@]4(C)[C@H]3C(=O)C[C@]12C
54728953,21953369,CC(C)CCCCCCCCCCCC(=O)[O-]
70697843,10825777,NC(Cc1cc(O)c2c(c1)SCC(O)=N2)C(=O)O
70697843,90659852,CCCCCCCC/C=C\CCCCCCCCCCCC(O)=N[C@@H](CO[C@@H]1O[C@H](CO)[C@@H](O[C@@H]2O[C@H](CO)[C@H](O)[C@H](O[C@]3(C(=O)O)C[C@H](O)[C@@H](N=C(C)O)[C@H]([C@H](O)[C@H](O)CO)O3)[C@H]2O)[C@H](O)[C@H]1O)[C@H](O)/C=C/CCCCCCCCCCCCC
439840,5780,OC[C@@H](O)[C@@H](O)[C@H](O)[C@@H](O)CO
439840,30951,C=CCOc1ccc(CC(=O)O)cc1Cl
439840,25201298,O=C1C=C(O)c2c(O)cc(O)c(C3=C(O)c4c([O-])cc([O-])cc4C(=O)C3=O)c2C1=O
441100,90657283,Cc1cn([C@H]2C[C@H](O)[C@@H](COP(=O)([O-])OP(=O)(O)O[C@@H]3CCC(=O)[C@@H](C)O3)O2)c(=O)nc1[O-]
441100,49859627,COc1cccc2[nH]cc(C/C(=N/OS(=O)(=O)[O-])S[C@@H]3O[C@H](CO)[C@@H](O)[C@H](O)[C@H]3O)c12
441100,91666370,CCCCCCCCCCCCCCCC(=O)OC[C@@H](O)COP(=O)(O)OCCN=C(O)CCCCCCCCCCCCCCC
11954060,40490621,CC[C@@H]1O[C@@H]1C/C=C\C/C=C\C/C=C\C/C=C\CCCC(=O)[O-]
11954060,5354212,COC(=O)/C=C1/CC[C@H]2[C@@H]3CCC4=CC(=O)CC[C@]4(C)[C@H]3C(=O)C[C@]12C
11954060,5281701,O=c1cc(-c2cc(O)c(O)c(O)c2)oc2cc(O)cc(O)c12
138787,5780,OC[C@@H](O)[C@@H](O)[C@H](O)[C@@H](O)CO
138787,5780,OC[C@@H](O)[C@@H](O)[C@H](O)[C@@H](O)CO
138787,11597571,CC(Oc1cc(-c2cnn(C3CCNCC3)c2)cnc1N)c1c(Cl)ccc(F)c1Cl
25201352,5780,OC[C@@H](O)[C@@H](O)[C@H](O)[C@@H](O)CO
25201352,69212,CC1=CC(=O)C(=O)C=C1O
25201352,34006,CCOC(C)C(=O)C(O)O
24778900,5780,OC[C@@H](O)[C@@H](O)[C@H](O)[C@@H](O)CO
24778900,70678725,COC1=C(Br)[C@H](O)[C@@]2(C=C1Br)CC(C(=O)NCCCCNC(=O)C1=NO[C@@]3(C=C(Br)C(=O)[C@H](Br)[C@H]3O)C1)=NO2
24778900,45266519,O=C([O-])C(=O)Cc1c[nH]c2ccc(OCc3ccccc3)cc12
24892784,5780,OC[C@@H](O)[C@@H](O)[C@H](O)[C@@H](O)CO
24892784,5354212,COC(=O)/C=C1/CC[C@H]2[C@@H]3CCC4=CC(=O)CC[C@]4(C)[C@H]3C(=O)C[C@]12C
24892784,72193830,CCCCC/C=C\C/C=C\C/C=C\C/C=C\CCCCCCCCCCCCCCCCC/C=C/C(=O)SCCN=C(O)CCN=C(O)[C@H](O)C(C)(C)COP(=O)(O)OP(=O)(O)OC[C@H]1O[C@@H](n2cnc3c(N)ncnc32)[C@H](O)[C@@H]1OP(=O)(O)O
72551583,5780,OC[C@@H](O)[C@@H](O)[C@H](O)[C@@H](O)CO
72551583,23674745,CC(C(=O)[O-])c1ccc(CC2CCCC2=O)cc1.O.O.[Na+]
72551583,5352099,C=C(C)[C@H](CC=C(C)C)C[C@@]12C[C@@H](CC=C(C)C)C(C)(C)[C@@](CC=C(C)C)(C(=O)/C(=C(/O)c3ccc(O)c(O)c3)C1=O)C2=O
5288473,86289694,C[C@H](CCCCCCCCC/C=C/C(=O)O)O[C@@H]1O[C@@H](C)[C@H](O)C[C@H]1O
5288473,10825777,NC(Cc1cc(O)c2c(c1)SCC(O)=N2)C(=O)O
5288473,6951135,CN[C@@H](Cc1ccccc1)C(=O)O
86289391,70678725,COC1=C(Br)[C@H](O)[C@@]2(C=C1Br)CC(C(=O)NCCCCNC(=O)C1=NO[C@@]3(C=C(Br)C(=O)[C@H](Br)[C@H]3O)C1)=NO2
86289391,125,OCc1ccc(O)cc1
439343,10313378,CSC[C@H]1OC(O)[C@H](O)[C@@H]1O
439343,5780,OC[C@@H](O)[C@@H](O)[C@H](O)[C@@H](O)CO
439343,70678828,CCCCCc1cc2c(c([O-])c1C(=O)O)[C@@H]1C=C(C)CC[C@H]1C(C)(C)O2
75,5780,OC[C@@H](O)[C@@H](O)[C@H](O)[C@@H](O)CO
75,3692773,CC(=O)C[NH3+]
75,71668333,CCCCC/C=C\CC(=O)/C=C/C=C\C/C=C\CCCC(=O)[O-]
86289571,5780,OC[C@@H](O)[C@@H](O)[C@H](O)[C@@H](O)CO
86289571,49859627,COc1cccc2[nH]cc(C/C(=N/OS(=O)(=O)[O-])S[C@@H]3O[C@H](CO)[C@@H](O)[C@H](O)[C@H]3O)c12
86289571,91851869,CC(O)=N[C@H]1[C@@H](O[C@H]2[C@H](O)[C@@H](CO)OC(O)[C@@H]2N=C(C)O)O[C@H](CO)[C@H](O)[C@@H]1O
65832,104972,COc1ccc(CCNCCCC(C#N)(c2ccc(OC)c(OC)c2)C(C)C)cc1OC
65832,52929771,CCCCCCCCCCCCCCCC/C=C\OC[C@@H](O)COP(=O)(O)O
65832,9782,C[C@H]1C[C@H]2[C@@H]3CCC4=CC(=O)C=C[C@]4(C)[C@@]3(F)[C@@H](O)C[C@]2(C)[C@@]1(O)C(=O)CO
42604344,480859,COc1c(CC=C(C)C)c(O)cc2c1C[C@H](c1ccc(O)cc1O)CO2
42604344,23674745,CC(C(=O)[O-])c1ccc(CC2CCCC2=O)cc1.O.O.[Na+]
42604344,91621,O=S(=O)(O)c1cccc2c(NCCN=C(O)CI)cccc12
115255,49859627,COc1cccc2[nH]cc(C/C(=N/OS(=O)(=O)[O-])S[C@@H]3O[C@H](CO)[C@@H](O)[C@H](O)[C@H]3O)c12
115255,5288663,C=CCO[C@]1(C(=O)O)C[C@@H](O)[C@@H](O)[C@@H]([C@H](O)CO[C@]2(C(=O)O)C[C@@H](O)[C@@H](O)[C@@H]([C@H](O)CO)O2)O1
5280647,5280695,COc1c(O)cc(O)c2c(=O)c(O)c(-c3ccc(O)c(O)c3)oc12
5280647,23674745,CC(C(=O)[O-])c1ccc(CC2CCCC2=O)cc1.O.O.[Na+]
5280647,53354912,C=C[C@@H](c1ccc(OC)c(O)c1)c1cc(O)c(OC)cc1O
440933,443144,CC(=O)C[C@@H]1CCCN1C
440933,69212,CC1=CC(=O)C(=O)C=C1O
440933,57431238,CN(C)CCC[N+](CCCN(C)C)=c1cc(C=C2Sc3ccccc3N2C)c2ccccc2n1-c1ccccc1
24892748,86289694,C[C@H](CCCCCCCCC/C=C/C(=O)O)O[C@@H]1O[C@@H](C)[C@H](O)C[C@H]1O
24892748,53239731,CC(O)=N[C@@H]1[C@@H](O[C@@H]2O[C@@H](C)[C@@H](O)[C@@H](O)[C@@H]2O)[C@H](O[C@@H]2O[C@H](CO)[C@@H](O)[C@H](O)[C@H]2N=C(C)O)[C@@H](CO[C@@H]2O[C@@H](C)[C@@H](O)[C@@H](O)[C@@H]2O)O[C@H]1O
24892748,3081355,Cc1ccc(Cn2nc(C(O)=N[C@@H]3C(C)(C)[C@@H]4CC[C@@]3(C)C4)cc2-c2ccc(Cl)c(C)c2)cc1
11902903,443144,CC(=O)C[C@@H]1CCCN1C
11902903,121596220,CC(C(=O)[O-])C(=O)OC(CC(=O)[O-])C[N+](C)(C)C
11902903,688070,O=C(O)/C=C/c1ccc(C(F)(F)F)cc1
86289347,134160296,CSC[C@H]1O[C@H](O[C@H]2[C@H](O)[C@H](O)[C@@H](OC[C@H]3O[C@@H](O[C@@H]4[C@@H](OC[C@H]5O[C@H](OC[C@H]6OC(O)[C@@H](O)[C@@H]6O)[C@@H](O)[C@@H]5O[C@H]5O[C@H](CO)[C@@H](O)[C@@H]5O[C@@H]5O[C@H](CO)[C@@H](O)[C@@H]5O)O[C@H](CO)[C@H]4O)[C@@H](O)[C@@H]3O)O[C@@H]2CO)[C@H](O)[C@H]1O
86289347,71581024,CC(C)=CCC/C(C)=C/CC/C(C)=C/CC/C(C)=C\CC/C(C)=C\CC/C(C)=C\CC/C(C)=C\CC/C(C)=C\CC/C(C)=C\CC/C(C)=C\CC/C(C)=C\COP(=O)(O)OP(=O)(O)O[C@H]1O[C@H](CO)[C@H](O)[C@H](O[C@H]2O[C@H](CO)[C@H](O)[C@H](O[C@@H]3O[C@H](CO)[C@H](O)[C@H](O)[C@H]3O)[C@H]2N=C(C)O)[C@H]1N=C(C)O
25201298,52929771,CCCCCCCCCCCCCCCC/C=C\OC[C@@H](O)COP(=O)(O)O
25201298,132472305,CCCCC/C=C\C/C=C\CCCCCCCC(=O)OC[C@H](COP(=O)(O)OCC(O)CO)OC(=O)C/C=C/CCCCCCCCCCCC
6921820,5354212,COC(=O)/C=C1/CC[C@H]2[C@@H]3CCC4=CC(=O)CC[C@]4(C)[C@H]3C(=O)C[C@]12C
6921820,47528,O=[N+]([O-])OCCN=C(O)c1cccnc1
51042408,52929771,CCCCCCCCCCCCCCCC/C=C\OC[C@@H](O)COP(=O)(O)O
51042408,135883865,CC(O)=N[C@@H](Cc1ccc(O)c(N=Nc2ccc([As](=O)(O)O)cc2)c1)C(O)=NCC(O)=NCC(O)=NN=C(O)OC(C)(C)C
56927828,138701,CC12CCC(C1)C(C)(C)C2
56927828,23674745,CC(C(=O)[O-])c1ccc(CC2CCCC2=O)cc1.O.O.[Na+]
56927828,132472305,CCCCC/C=C\C/C=C\CCCCCCCC(=O)OC[C@H](COP(=O)(O)OCC(O)CO)OC(=O)C/C=C/CCCCCCCCCCCC
25201568,53239731,CC(O)=N[C@@H]1[C@@H](O[C@@H]2O[C@@H](C)[C@@H](O)[C@@H](O)[C@@H]2O)[C@H](O[C@@H]2O[C@H](CO)[C@@H](O)[C@H](O)[C@H]2N=C(C)O)[C@@H](CO[C@@H]2O[C@@H](C)[C@@H](O)[C@@H](O)[C@@H]2O)O[C@H]1O
25201568,53792010,O=C[C@H]1O[C@@H](n2ccc(O)nc2=O)[C@H](O)[C@@H]1O
44224022,53380618,O=P(O)(O)OC1[C@@H](OP(=O)(O)O)[C@H](OP(=O)(O)OP(=O)(O)O)C(O)[C@H](OP(=O)(O)OP(=O)(O)O)[C@H]1OP(=O)(O)O
44224022,70678725,COC1=C(Br)[C@H](O)[C@@]2(C=C1Br)CC(C(=O)NCCCCNC(=O)C1=NO[C@@]3(C=C(Br)C(=O)[C@H](Br)[C@H]3O)C1)=NO2
44224022,22824517,CC(O)=N/C=C/SC1=C(C(=O)O)N2C(=O)[C@H]([C@H](C)O)[C@H]2C1
135543537,49859627,COc1cccc2[nH]cc(C/C(=N/OS(=O)(=O)[O-])S[C@@H]3O[C@H](CO)[C@@H](O)[C@H](O)[C@H]3O)c12
135543537,91825660,N.N.N.N.N.N.NCCCCCCN.NCCCCCCN.O=[N+]([O-])[O-].O=[N+]([O-])[O-].O=[N+]([O-])[O-].O=[N+]([O-])[O-].[Cl-].[Cl-].[Pt+2].[Pt+2].[Pt+2]
90659804,18608320,CCO[C@@H]1O[C@H](CO)[C@@H](O[C@@H]2O[C@H](CO)[C@H](O[C@H]3O[C@H](CO)[C@H](O)[C@H](O)[C@H]3O)[C@H](O)[C@H]2O)[C@H](O)[C@H]1N=C(C)O
90659804,134160296,CSC[C@H]1O[C@H](O[C@H]2[C@H](O)[C@H](O)[C@@H](OC[C@H]3O[C@@H](O[C@@H]4[C@@H](OC[C@H]5O[C@H](OC[C@H]6OC(O)[C@@H](O)[C@@H]6O)[C@@H](O)[C@@H]5O[C@H]5O[C@H](CO)[C@@H](O)[C@@H]5O[C@@H]5O[C@H](CO)[C@@H](O)[C@@H]5O)O[C@H](CO)[C@H]4O)[C@@H](O)[C@@H]3O)O[C@@H]2CO)[C@H](O)[C@H]1O
90659804,92475873,C[C@@H]1CN(C(=O)/C=C/c2ccccc2)[C@H](C)CN1C
5282241,49859627,COc1cccc2[nH]cc(C/C(=N/OS(=O)(=O)[O-])S[C@@H]3O[C@H](CO)[C@@H](O)[C@H](O)[C@H]3O)c12
5282241,2801,CN(C)CCCN1c2ccccc2CCc2ccc(Cl)cc21
11741854,52929771,CCCCCCCCCCCCCCCC/C=C\OC[C@@H](O)COP(=O)(O)O
11741854,9281,COc1cc(-c2ccc(-[n+]3nc(-c4ccccc4)nn3-c3ccc([N+](=O)[O-])cc3)c(OC)c2)ccc1-[n+]1nc(-c2ccccc2)nn1-c1ccc([N+](=O)[O-])cc1.[Cl-].[Cl-]
10931,5780,OC[C@@H](O)[C@@H](O)[C@H](O)[C@@H](O)CO
10931,13376,CCCCN=CO
10931,40488288,CCCCC[C@H](O)/C=C/C1=C(C/C=C\CCCC(=O)[O-])C(=O)CC1
448751,56955923,O=[As]([O-])(O)c1ccccc1
448751,243,O=C(O)c1ccccc1
448751,120282,N=C(O)c1cccc2nc3ccccc3nc12
5464097,52929771,CCCCCCCCCCCCCCCC/C=C\OC[C@@H](O)COP(=O)(O)O
5464097,9555,O=C(O)C(F)(F)C(F)(F)C(F)(F)C(F)(F)C(F)(F)C(F)(F)C(F)(F)C(F)(F)C(F)(F)F
122368872,5780,OC[C@@H](O)[C@@H](O)[C@H](O)[C@@H](O)CO
122368872,49859627,COc1cccc2[nH]cc(C/C(=N/OS(=O)(=O)[O-])S[C@@H]3O[C@H](CO)[C@@H](O)[C@H](O)[C@H]3O)c12
122368872,91855999,CC(O)=N[C@H]1[C@H](OC[C@H]2OC(O)[C@H](N=C(C)O)[C@@H](O)[C@H]2O)O[C@H](CO)[C@@H](O)[C@@H]1O[C@@H]1O[C@@H](C)[C@@H](O)[C@@H](O)[C@@H]1O
22824517,23674745,CC(C(=O)[O-])c1ccc(CC2CCCC2=O)cc1.O.O.[Na+]
22824517,5282869,CCCCC[C@@H](/C=C/C=C\CCCCCCCCCC(=O)O)OO
152639,53239731,CC(O)=N[C@@H]1[C@@H](O[C@@H]2O[C@@H](C)[C@@H](O)[C@@H](O)[C@@H]2O)[C@H](O[C@@H]2O[C@H](CO)[C@@H](O)[C@H](O)[C@H]2N=C(C)O)[C@@H](CO[C@@H]2O[C@@H](C)[C@@H](O)[C@@H](O)[C@@H]2O)O[C@H]1O
152639,46931086,C=C(O[C@H]1[C@H](O)[C@@H](CO)OC(OP(=O)(O)OP(=O)(O)OC[C@H]2O[C@@H](n3ccc([O-])nc3=O)[C@H](O)[C@@H]2O)[C@@H]1N=C(C)[O-])C(=O)[O-]
5459832,5780,OC[C@@H](O)[C@@H](O)[C@H](O)[C@@H](O)CO
5459832,5780,OC[C@@H](O)[C@@H](O)[C@H](O)[C@@H](O)CO
5459832,12407,CCCCCCCCCCCCCCCCCCCCCCCCCC
91758,23674745,CC(C(=O)[O-])c1ccc(CC2CCCC2=O)cc1.O.O.[Na+]
91758,5719,CCN(C(C)=O)c1cccc(-c2ccnc3c(C#N)cnn23)c1
86289164,5780,OC[C@@H](O)[C@@H](O)[C@H](O)[C@@H](O)CO
86289164,52929771,CCCCCCCCCCCCCCCC/C=C\OC[C@@H](O)COP(=O)(O)O
86289164,5460801,N[C@H](C(=O)O)C(O)CC(=O)[O-]
71297458,53239760,C[C@H](N=C(O)[C@H](CCC(=N)O)N=C(O)CN)C(O)=NCC(O)=N[C@@H](Cc1cscn1)C(O)=N[C@@H](CC[C@H](CN)O[C@@H]1O[C@H](CO)[C@H](O)[C@H](O)[C@H]1O)C(O)=NCC(O)=N[C@@H](CCC(=O)O)C(O)=N[C@@H](CCC(=N)O)C(O)=NCC(=O)N1CCC[C@H]1C(O)=N[C@@H](CCCCN)C(O)=NCC(O)=N[C@@H](CCC(=O)O)C(O)=N[C@H](C(=O)O)[C@@H](C)O
71297458,44123467,CC(O)=NCCCCC[NH3+]
9860333,10334284,COc1c(O)c2c3c(c(O)cc(O)c3c1O)C(C)=CC2=O
9860333,10825777,NC(Cc1cc(O)c2c(c1)SCC(O)=N2)C(=O)O
9860333,11476460,Cn1nnc(-c2ccc(-c3ccc(N4C[C@H](COP(=O)(O)O)OC4=O)cc3F)cn2)n1
135563725,5354212,COC(=O)/C=C1/CC[C@H]2[C@@H]3CCC4=CC(=O)CC[C@]4(C)[C@H]3C(=O)C[C@]12C
135563725,18752,COC(O)=NS(=O)(=O)c1ccc(N)cc1
135885207,53239731,CC(O)=N[C@@H]1[C@@H](O[C@@H]2O[C@@H](C)[C@@H](O)[C@@H](O)[C@@H]2O)[C@H](O[C@@H]2O[C@H](CO)[C@@H](O)[C@H](O)[C@H]2N=C(C)O)[C@@H](CO[C@@H]2O[C@@H](C)[C@@H](O)[C@@H](O)[C@@H]2O)O[C@H]1O
135885207,25128979,CCN(CC)c1ccc2c(-c3ccc(S(=O)(=O)NCCCCCC(=O)O)cc3S(=O)(=O)[O-])c3ccc(N(CC)CC)cc3[o+]c2c1
5961,5780,OC[C@@H](O)[C@@H](O)[C@H](O)[C@@H](O)CO
5961,69212,CC1=CC(=O)C(=O)C=C1O
5961,24798705,CC1=CC(=O)CC(C)(C)C1(O)/C=C/C(C)=C\C(=O)[O-]
35023177,5283118,CCCCCC(=O)/C=C/[C@@H]1[C@@H](CCCCCCC(=O)O)[C@@H](O)C[C@H]1O
35023177,5354212,COC(=O)/C=C1/CC[C@H]2[C@@H]3CCC4=CC(=O)CC[C@]4(C)[C@H]3C(=O)C[C@]12C
35023177,240,O=Cc1ccccc1
72551431,49859627,COc1cccc2[nH]cc(C/C(=N/OS(=O)(=O)[O-])S[C@@H]3O[C@H](CO)[C@@H](O)[C@H](O)[C@H]3O)c12
72551431,5284389,C/C=C/C(=O)Oc1c(C(C)CCCCCC)cc([N+](=O)[O-])cc1[N+](=O)[O-]
14187216,56955923,O=[As]([O-])(O)c1ccccc1
14187216,10825777,NC(Cc1cc(O)c2c(c1)SCC(O)=N2)C(=O)O
14187216,49867691,C[C@@H](O)[C@@H](C(=O)O)N1C(=O)[C@@H](N)CC[C@H]1O
25775004,56955923,O=[As]([O-])(O)c1ccccc1
25775004,10825777,NC(Cc1cc(O)c2c(c1)SCC(O)=N2)C(=O)O
25775004,91859771,OC[C@H]1O[C@@H](OC[C@H]2O[C@@H](O)[C@H](O)[C@@H](O)[C@@H]2O[C@H]2O[C@H](CO)[C@@H](O)[C@H](O)[C@H]2O)[C@H](O)[C@@H](O)[C@@H]1O
45266920,5354212,COC(=O)/C=C1/CC[C@H]2[C@@H]3CCC4=CC(=O)CC[C@]4(C)[C@H]3C(=O)C[C@]12C
45266920,643965,CCCCCCCCCCCCCCCC(=O)OC[C@H](COP(=O)(O)OC1[C@H](O)[C@H](O)C(OP(=O)(O)O)[C@H](O)[C@H]1O)OC(=O)CCCCCCCCCCCCCCC
72715788,46931152,CCCCCCCC/C=C\CCCCCCCC(=O)OC[C@H](COP(=O)(O)OCC(O)COP(=O)(O)OC[C@@H](COC(=O)CCCCCCC/C=C\CCCCCCCC)OC(=O)CCCCCCC/C=C\CCCCCCCC)OC(=O)CCCCCCC/C=C\CCCCCCCC
72715788,91861847,C[C@@H]1O[C@@H](O[C@@H]2[C@@H](O[C@@H]3O[C@H](CO)[C@H](O)[C@H](O)[C@H]3O)[C@@H](O)[C@@H](CO)O[C@H]2O)[C@@H](O)[C@H](O)[C@@H]1O
70679195,5780,OC[C@@H](O)[C@@H](O)[C@H](O)[C@@H](O)CO
70679195,53239731,CC(O)=N[C@@H]1[C@@H](O[C@@H]2O[C@@H](C)[C@@H](O)[C@@H](O)[C@@H]2O)[C@H](O[C@@H]2O[C@H](CO)[C@@H](O)[C@H](O)[C@H]2N=C(C)O)[C@@H](CO[C@@H]2O[C@@H](C)[C@@H](O)[C@@H](O)[C@@H]2O)O[C@H]1O
70679195,12590335,CCCCCCCCCCC[C@@H](O)[C@@H](N)CO
11764616,71298190,CC(O)=N[C@H]1C(O)O[C@H](CO)[C@H](O)[C@@H]1O[C@@H]1O[C@H](CO)[C@H](O[C@H]2O[C@H](CO)[C@H](O)[C@H](O)[C@H]2O)[C@H](O)[C@H]1O[C@@H]1O[C@@H](C)[C@@H](O)[C@@H](O)[C@@H]1O
11764616,53355455,CCCC(=O)O[C@H]1c2cc3c(c(OC)c2-c2c(cc(OC)c(OC)c2OC)[C@H](OC(C)=O)[C@@H](C)[C@H]1C)OCO3
11136668,70678725,COC1=C(Br)[C@H](O)[C@@]2(C=C1Br)CC(C(=O)NCCCCNC(=O)C1=NO[C@@]3(C=C(Br)C(=O)[C@H](Br)[C@H]3O)C1)=NO2
11136668,592814,Oc1nc(=NC2CC2)nc(O)[nH]1
72193770,14212362,Nc1nc(O)nc2c1ncn2[C@@H]1O[C@H](COP(=O)(O)O)[C@@H](O)[C@H]1O
72193770,132282124,C[C@@H]1O[C@@H](OCCCCCC(=O)SCCN=C(O)CCN=C(O)[C@H](O)C(C)(C)COP(=O)(O)OP(=O)(O)OC[C@H]2O[C@@H](n3cnc4c(N)ncnc43)[C@H](O)[C@@H]2OP(=O)(O)O)[C@H](O)C[C@H]1O
72193770,52922146,CCCCC/C=C\C/C=C\C/C=C\C/C=C\CCCC(=O)O[C@H](COC(=O)CCCCCCCCCCC)COP(=O)([O-])OCC[N+](C)(C)C
23615192,5780,OC[C@@H](O)[C@@H](O)[C@H](O)[C@@H](O)CO
23615192,73271,O=C(O)Cc1cc(O)nc(O)n1
23615192,5461003,CCCCC/C=C\C/C=C\C/C=C\CCCCC(=O)[O-]
132282450,86289694,C[C@H](CCCCCCCCC/C=C/C(=O)O)O[C@@H]1O[C@@H](C)[C@H](O)C[C@H]1O
132282450,5354212,COC(=O)/C=C1/CC[C@H]2[C@@H]3CCC4=CC(=O)CC[C@]4(C)[C@H]3C(=O)C[C@]12C
132282450,74989,O=C1C(=O)c2ccccc2C(O)=C1C1CCC(c2ccc(Cl)cc2)CC1
51520704,6436246,C/C=C(/C)C(=O)OC(C)(C)[C@@H]1Cc2c(ccc3ccc(=O)oc23)O1
51520704,30951,C=CCOc1ccc(CC(=O)O)cc1Cl
51520704,11029802,C[C@H]1C[C@@]1(N)C(=O)O
56955928,49859627,COc1cccc2[nH]cc(C/C(=N/OS(=O)(=O)[O-])S[C@@H]3O[C@H](CO)[C@@H](O)[C@H](O)[C@H]3O)c12
56955928,45480539,COCCO[C@@H](C)CO[C@H](C)CO[C@H](C)CO[C@H](C)CO[C@@H](C)CO[C@@H](C)CO[C@H](C)CO[C@H](C)COC[C@H](C)N
9912721,49859627,COc1cccc2[nH]cc(C/C(=N/OS(=O)(=O)[O-])S[C@@H]3O[C@H](CO)[C@@H](O)[C@H](O)[C@H]3O)c12
9912721,25111664,C[C@]12C[C@@]34C=CC(=O)[C@@](C)(CCC(O)=Nc5c(O)cccc5O)[C@@H]3[C@H](C[C@@H]1C4)O2
5880,23674745,CC(C(=O)[O-])c1ccc(CC2CCCC2=O)cc1.O.O.[Na+]
5880,21145066,N=c1nc([O-])n([C@H]2C[C@H](O)[C@@H](COP(=O)([O-])O)O2)cc1CO
86289611,440649,Cc1ncc(C[n+]2c(C(O)CCC(=O)O)sc(CCOP(=O)(O)OP(=O)(O)O)c2C)c(=N)[nH]1
86289611,9810996,COC(=O)[C@H](Cc1ccccc1)N=C(O)[C@H](CC(=O)O)NCCC(C)(C)C
25085695,5780,OC[C@@H](O)[C@@H](O)[C@H](O)[C@@H](O)CO
25085695,177447,[36SH2]
25085695,231285,CCC(C)C(CC)C(O)=NC(=N)O
5289352,22806751,CC(O)=N[C@H]1C(O)O[C@H](CO)[C@@H](O[C@@H]2O[C@@H](C)[C@@H](O)[C@@H](O)[C@@H]2O)[C@@H]1O[C@@H]1O[C@H](CO)[C@H](O)[C@H](O)[C@H]1O
5289352,14345637,CCCCC/C=C\C/C=C\C/C=C\C/C=C\CCCC(=O)OC(CO)COC(=O)CCCCCCCCCCCCCCCCC
5289352,9810996,COC(=O)[C@H](Cc1ccccc1)N=C(O)[C@H](CC(=O)O)NCCC(C)(C)C
70697809,440649,Cc1ncc(C[n+]2c(C(O)CCC(=O)O)sc(CCOP(=O)(O)OP(=O)(O)O)c2C)c(=N)[nH]1
70697809,131953084,C=C1/C(=C\C=C2/CCC[C@]3(C)[C@@H]([C@H](C)CCCC(C)(C)O[C@@H]4O[C@H](C(=O)[O-])[C@@H](O)[C@H](O)[C@H]4O)CC[C@@H]23)C[C@@H](O)C[C@@H]1O
5281081,56955923,O=[As]([O-])(O)c1ccccc1
5281081,23674745,CC(C(=O)[O-])c1ccc(CC2CCCC2=O)cc1.O.O.[Na+]
5281081,440834,Oc1cc(O)c2c(c1)O[C@H](c1ccc(O)c(O)c1)CC2O
7948,56955923,O=[As]([O-])(O)c1ccccc1
7948,243,O=C(O)c1ccccc1
7948,54694262,COc1cc(C(=O)O)cc(OC)c1[O-]
53356689,5780,OC[C@@H](O)[C@@H](O)[C@H](O)[C@@H](O)CO
53356689,13376,CCCCN=CO
53356689,46224558,CC(C)(COP(=O)(O)OP(=O)(O)OC[C@H]1O[C@@H](n2cnc3c(N)ncnc32)[C@H](O)[C@@H]1OP(=O)([O-])[O-])[C@@H](O)C([O-])=NCCC([O-])=NCCSC(=O)C1=CC(O)CC=C1
40152782,86289485,Cc1cccc2c(C(=O)O)cc([O-])cc12
40152782,23674745,CC(C(=O)[O-])c1ccc(CC2CCCC2=O)cc1.O.O.[Na+]
40152782,9802841,COc1ccc(C(=O)N=c2c(Cl)cn(O)cc2Cl)c2ccc(C(F)(F)F)nc12
457954,10825777,NC(Cc1cc(O)c2c(c1)SCC(O)=N2)C(=O)O
457954,53465644,CC(=O)OC[C@]12[C@@H](OC(C)=O)C[C@@H](C)[C@]3(C)C[C@H](C4=CC(=O)OC4)O[C@H](CC[C@]14CO4)[C@H]32
11831045,10726905,C=C(C)[C@H]1CC[C@@]2(C)CCC=C(C)[C@@H]2C1
11831045,56955923,O=[As]([O-])(O)c1ccccc1
11831045,16061140,CC/C=C\C[C@H](O)/C=C/C=C\C=C\C=C\C1OC1C/C=C\CCC(=O)O
16684434,56955923,O=[As]([O-])(O)c1ccccc1
16684434,52929771,CCCCCCCCCCCCCCCC/C=C\OC[C@@H](O)COP(=O)(O)O
16684434,16114919,C[C@H]1C[C@H](O)[C@@H]2C(=O)c3c(O)cccc3O[C@]2(C)[C@H]1O
71627215,49859627,COc1cccc2[nH]cc(C/C(=N/OS(=O)(=O)[O-])S[C@@H]3O[C@H](CO)[C@@H](O)[C@H](O)[C@H]3O)c12
71627215,5362833,CC/C=C\CC/C=C/CO
638011,5780,OC[C@@H](O)[C@@H](O)[C@H](O)[C@@H](O)CO
638011,69212,CC1=CC(=O)C(=O)C=C1O
638011,71728342,CO[C@@H]1[C@@H](O)[C@H](O[C@@H]2[C@@H](O)[C@H](O[C@H]3[C@H](O)[C@@H](O)[C@H](O[C@H]4[C@H](O[C@H]5CC[C@]6(C)C7=C[C@H](O)C89C(=O)O[C@@](C)(CCC(O)C(C)C)[C@@]8(O)CC[C@@]9(C)[C@@H]7CC[C@H]6C5(C)C)OC[C@@H](OS(=O)(=O)O)[C@@H]4O)O[C@@H]3C)O[C@H](CO)[C@H]2O)O[C@H](CO)[C@H]1O
121596230,49859627,COc1cccc2[nH]cc(C/C(=N/OS(=O)(=O)[O-])S[C@@H]3O[C@H](CO)[C@@H](O)[C@H](O)[C@H]3O)c12
121596230,3617485,CCN(CC)c1ccc2nc3cc(C)c(=[NH2+])cc-3oc2c1
1826,13284402,O=CC(=O)c1c[nH]c2ccccc12
1826,5780,OC[C@@H](O)[C@@H](O)[C@H](O)[C@@H](O)CO
1826,16019969,[C-]#[N+]S
52923754,5780,OC[C@@H](O)[C@@H](O)[C@H](O)[C@@H](O)CO
52923754,53239731,CC(O)=N[C@@H]1[C@@H](O[C@@H]2O[C@@H](C)[C@@H](O)[C@@H](O)[C@@H]2O)[C@H](O[C@@H]2O[C@H](CO)[C@@H](O)[C@H](O)[C@H]2N=C(C)O)[C@@H](CO[C@@H]2O[C@@H](C)[C@@H](O)[C@@H](O)[C@@H]2O)O[C@H]1O
52923754,6436630,CCCCC/C=C\C/C=C\CCCCCCCC(=O)OC[C@@H](O)CO
21895630,5780,OC[C@@H](O)[C@@H](O)[C@H](O)[C@@H](O)CO
21895630,30951,C=CCOc1ccc(CC(=O)O)cc1Cl
21895630,49852321,C[C@@H](O)[C@H](O)CC(=O)C(=O)[O-]
636405,45480555,Cc1cc(=O)c(C(O)=N[C@@H](C(O)=N[C@@H]2C(=O)N3C(C(=O)O)=C(CSc4nnnn4C)CS[C@H]23)c2ccc([O-])cc2)c[nH]1
636405,14345637,CCCCC/C=C\C/C=C\C/C=C\C/C=C\CCCC(=O)OC(CO)COC(=O)CCCCCCCCCCCCCCCCC
636405,49799795,C=C1C(=O)O[C@@H]2C[C@@H](C)/C=C\C(=O)[C@@](C)(O)[C@H](OC(C)=O)[C@@H](OC(=O)CC(C)C)[C@@H]12
40572166,5780,OC[C@@H](O)[C@@H](O)[C@H](O)[C@@H](O)CO
40572166,69212,CC1=CC(=O)C(=O)C=C1O
40572166,49852321,C[C@@H](O)[C@H](O)CC(=O)C(=O)[O-]
21520,49859627,COc1cccc2[nH]cc(C/C(=N/OS(=O)(=O)[O-])S[C@@H]3O[C@H](CO)[C@@H](O)[C@H](O)[C@H]3O)c12
21520,448751,[NH3+]CCc1ccccc1
7541,10825777,NC(Cc1cc(O)c2c(c1)SCC(O)=N2)C(=O)O
7541,124202389,CSCCCCCCC[C@H](NO)C(=O)O
72193679,440649,Cc1ncc(C[n+]2c(C(O)CCC(=O)O)sc(CCOP(=O)(O)OP(=O)(O)O)c2C)c(=N)[nH]1
72193679,65663,CCOC(=O)[C@H]1O[C@@H]1C(O)=N[C@@H](CC(C)C)C(O)=NCCC(C)C
931,86289485,Cc1cccc2c(C(=O)O)cc([O-])cc12
931,69212,CC1=CC(=O)C(=O)C=C1O
931,58067884,CC(C)=C[C@@H]1CC[C@@H](C)[C@H]2CCC(C)=C12
91666449,5780,OC[C@@H](O)[C@@H](O)[C@H](O)[C@@H](O)CO
91666449,5354212,COC(=O)/C=C1/CC[C@H]2[C@@H]3CCC4=CC(=O)CC[C@]4(C)[C@H]3C(=O)C[C@]12C
91666449,135453893,Cc1cc(O)c2c(O)c3c(O)cc(=O)cc3cc2o1
29036,5780,OC[C@@H](O)[C@@H](O)[C@H](O)[C@@H](O)CO
29036,23674745,CC(C(=O)[O-])c1ccc(CC2CCCC2=O)cc1.O.O.[Na+]
29036,5460337,O=C([O-])C(=O)Cc1c[nH]c2ccccc12
135453893,10825777,NC(Cc1cc(O)c2c(c1)SCC(O)=N2)C(=O)O
135453893,93362,CN=C(O)Sc1ccc(OS(C)(=O)=O)cc1
131801228,51041863,CCCCCCCCCCCCC/C=C/[C@@H](O)[C@H](CO[C@@H]1O[C@H](CO)[C@@H](O[C@@H]2O[C@H](CO)[C@H](O[C@@H]3O[C@H](CO)[C@H](O)[C@H](O)[C@H]3N=C(C)O)[C@H](O[C@@H]3O[C@H](CO)[C@@H](O)[C@H](O[C@@H]4O[C@H](CO)[C@H](O[C@@H]5O[C@H](CO)[C@H](O)[C@H](O)[C@H]5N=C(C)O)[C@H](O[C@]5(C(=O)O)C[C@H](O)[C@@H](N=C(C)O)[C@H]([C@H](O)[C@H](O)CO)O5)[C@H]4O)[C@H]3N=C(C)O)[C@H]2O)[C@H](O)[C@H]1O)N=C(O)CCCCCCCCCCCCCCCCC
131801228,5281417,O=c1ccc2cc(O[C@@H]3O[C@H](CO)[C@@H](O)[C@H](O)[C@H]3O)c(O)cc2o1
70698273,6432211,CC(C)c1ccc2c(c1)CC[C@H]1C(C)(C)CCC[C@]21C
70698273,23674745,CC(C(=O)[O-])c1ccc(CC2CCCC2=O)cc1.O.O.[Na+]
70698273,6020,CN(C)c1ncnc2c1ncn2[C@@H]1O[C@H](CO)[C@@H](N)[C@H]1O
10509108,53239731,CC(O)=N[C@@H]1[C@@H](O[C@@H]2O[C@@H](C)[C@@H](O)[C@@H](O)[C@@H]2O)[C@H](O[C@@H]2O[C@H](CO)[C@@H](O)[C@H](O)[C@H]2N=C(C)O)[C@@H](CO[C@@H]2O[C@@H](C)[C@@H](O)[C@@H](O)[C@@H]2O)O[C@H]1O
10509108,91826539,CCC(C)[C@H](N=C(O)[C@H](CC(=N)O)N=C(O)[C@H](Cc1ccc(O)cc1)N=C(O)[C@H](Cc1ccccc1)N=C(O)[C@H](Cc1ccccc1)N=C(O)[C@H](Cc1cnc[nH]1)N=C(O)[C@@H](N=C(O)[C@@H](N=C(O)[C@@H]1CCCN1C(=O)[C@H](CC(=N)O)N=C(O)[C@H](CCC(=N)O)N=C(O)CN=C(O)[C@H](CCCCN)N=C(O)CN=C(O)[C@H](CCCCN)N=C(O)CN=C(O)[C@H](CCCCN)N=C(O)CN=C(O)[C@H](CCCCN)N=C(O)CN=C(O)[C@@H](N)CCCCN)C(C)C)C(C)C)C(O)=N[C@H](C(O)=N[C@H](C(=O)N1CCC[C@H]1C(O)=N[C@@H](CCCNC(=N)N)C(O)=N[C@H](C(=O)N1CCC[C@H]1C(=O)O)C(C)O)C(C)O)C(C)C
10932278,5780,OC[C@@H](O)[C@@H](O)[C@H](O)[C@@H](O)CO
10932278,9548817,C=Cc1c(C)c2cc3nc(cc4nc(cc5[nH]c(cc1[n-]2)c(C)c5C=C)C(C)=C4CCC(=O)O)C(CCC(=O)[O-])=C3C.[Fe+3]
7573,4044,Cc1cccc(Nc2ccccc2C(=O)O)c1C
7573,86289860,O=C(O)C[C@H](O)CCCCCCCO
7573,135515530,OC(Cc1ccccc1)=NC(=NOCC1CC1)c1c(C(F)(F)F)ccc(F)c1F
53493585,49859627,COc1cccc2[nH]cc(C/C(=N/OS(=O)(=O)[O-])S[C@@H]3O[C@H](CO)[C@@H](O)[C@H](O)[C@H]3O)c12
53493585,122196,N[C@@H](Cc1cc(I)c(Oc2ccc(OS(=O)(=O)O)c(I)c2)c(I)c1)C(=O)O
5443,56955923,O=[As]([O-])(O)c1ccccc1
5443,443144,CC(=O)C[C@@H]1CCCN1C
5443,637497,C[C@@H](O)CCO
102571766,5780,OC[C@@H](O)[C@@H](O)[C@H](O)[C@@H](O)CO
102571766,5354212,COC(=O)/C=C1/CC[C@H]2[C@@H]3CCC4=CC(=O)CC[C@]4(C)[C@H]3C(=O)C[C@]12C
102571766,10389717,CC(C)=CCc1c(O)c(O)c2oc3c(CC=C(C)C)c(O)cc(O)c3c(=O)c2c1CC=C(C)C
24906335,5780,OC[C@@H](O)[C@@H](O)[C@H](O)[C@@H](O)CO
24906335,13376,CCCCN=CO
24906335,11339376,COCCOCCOCCOCCOCCOCCOCCOCCOCCO
91825610,5780,OC[C@@H](O)[C@@H](O)[C@H](O)[C@@H](O)CO
91825610,10825777,NC(Cc1cc(O)c2c(c1)SCC(O)=N2)C(=O)O
91825610,97165,O=C1O[C@@H]([C@H](O)CO)[C@H](O)[C@H]1O
21158461,5780,OC[C@@H](O)[C@@H](O)[C@H](O)[C@@H](O)CO
21158461,23674745,CC(C(=O)[O-])c1ccc(CC2CCCC2=O)cc1.O.O.[Na+]
21158461,3587356,CC(C)CC(=O)[O-]
5283387,5780,OC[C@@H](O)[C@@H](O)[C@H](O)[C@@H](O)CO
5283387,23674745,CC(C(=O)[O-])c1ccc(CC2CCCC2=O)cc1.O.O.[Na+]
5283387,15061532,CCCCCCCCCCCCCCCC(=O)O[C@H](CO)COP(=O)([O-])OCC[N+](C)(C)C
13267935,251590,C=CCOc1ccc2c(c1)CC[C@@H]1[C@@H]2CC[C@]2(C)[C@@H](O)[C@H](O)C[C@@H]12
13267935,23674745,CC(C(=O)[O-])c1ccc(CC2CCCC2=O)cc1.O.O.[Na+]
13267935,25271747,C[C@H](C(=O)O)c1ccc(C2CCCCC2)c2ccccc12
44419700,5780,OC[C@@H](O)[C@@H](O)[C@H](O)[C@@H](O)CO
44419700,11060176,N[C@H]1[C@H](O[C@H]2[C@H](O)[C@@H](N)[C@H](O[C@H]3[C@H](O)[C@@H](N)C(O)O[C@@H]3CO)O[C@@H]2CO)O[C@H](CO)[C@@H](O)[C@@H]1O
25105143,53239731,CC(O)=N[C@@H]1[C@@H](O[C@@H]2O[C@@H](C)[C@@H](O)[C@@H](O)[C@@H]2O)[C@H](O[C@@H]2O[C@H](CO)[C@@H](O)[C@H](O)[C@H]2N=C(C)O)[C@@H](CO[C@@H]2O[C@@H](C)[C@@H](O)[C@@H](O)[C@@H]2O)O[C@H]1O
25105143,131708301,CCC(C)[C@H](N=C(O)[C@H](CO)N=C(O)[C@H](Cc1ccc(O)cc1)N=C(O)CN)C(O)=N[C@H](C(O)=N[C@@H](CO)C(O)=N[C@@H](Cc1cnc[nH]1)C(O)=N[C@@H](Cc1ccc(O)cc1)C(=O)O)C(C)O
45480580,91856437,OC[C@H]1O[C@@H](O[C@H]2C(O)O[C@H](CO)[C@H](O)[C@@H]2O)[C@H](O)[C@@H](O)[C@H]1O
45480580,52929771,CCCCCCCCCCCCCCCC/C=C\OC[C@@H](O)COP(=O)(O)O
45480580,439232,CC(O)=N[C@@H](CCCN)C(=O)O
6096946,5780,OC[C@@H](O)[C@@H](O)[C@H](O)[C@@H](O)CO
6096946,69212,CC1=CC(=O)C(=O)C=C1O
6096946,16019969,[C-]#[N+]S
42607530,5281294,O=C(/C=C/c1ccc(O)c(O)c1)c1ccc(O)c(O)c1O
42607530,5354212,COC(=O)/C=C1/CC[C@H]2[C@@H]3CCC4=CC(=O)CC[C@]4(C)[C@H]3C(=O)C[C@]12C
42607530,122724,CC1=C(O)C(=O)C=C2C1=CC=C1[C@@]2(C)CC[C@@]2(C)[C@@H]3C[C@](C)(C(=O)O)CC[C@]3(C)CC[C@]12C
353908,14345637,CCCCC/C=C\C/C=C\C/C=C\C/C=C\CCCC(=O)OC(CO)COC(=O)CCCCCCCCCCCCCCCCC
353908,27982,O=P(O)(O)CCCl
5315472,5469424,COc1cc(/C=C/C(=O)CC(=O)/C=C/c2ccc(O)cc2)ccc1O
5315472,23674745,CC(C(=O)[O-])c1ccc(CC2CCCC2=O)cc1.O.O.[Na+]
5315472,440236,CC(O)=N[C@@H](CCC(=O)OP(=O)(O)O)C(=O)O
134814692,5780,OC[C@@H](O)[C@@H](O)[C@H](O)[C@@H](O)CO
134814692,6433272,C[C@@H]1[C@H](O)[C@@H](C)/C=C/C=C/CC/C=C/C=C/C=C/C=C/C(O[C@H]2O[C@H](C)[C@@H](O)[C@H](N)[C@@H]2O)CC2O[C@](O)(CC(O)C(O)CCC(O)CC(O)CC(O)CC(=O)O[C@H]1C)CC(O)C2C(=O)O
134814692,145343771,O=C[C@H](C[C@@H]1CCN=C1O)N=C(O)[C@H](CC1CCCCC1)N=C(O)c1cc2ccccc2[nH]1
241582,56955923,O=[As]([O-])(O)c1ccccc1
241582,69212,CC1=CC(=O)C(=O)C=C1O
241582,44542228,COC(=O)[C@@H]1O[C@@]1(C)CC/C=C(\C)CC[C@H]1OC1(C)C
20848964,44263378,C[C@H](CCC(O)=NCCS(=O)(=O)O)[C@H]1CC[C@H]2[C@@H]3[C@@H](O)C[C@@H]4C[C@H](O)CC[C@]4(C)[C@H]3C[C@H](O)[C@]12C
20848964,52929771,CCCCCCCCCCCCCCCC/C=C\OC[C@@H](O)COP(=O)(O)O
20848964,18343309,CSCCS(=O)(=O)[O-]
10366713,49859627,COc1cccc2[nH]cc(C/C(=N/OS(=O)(=O)[O-])S[C@@H]3O[C@H](CO)[C@@H](O)[C@H](O)[C@H]3O)c12
10366713,91855404,C[C@@H]1O[C@@H](O[C@H]2[C@@H](O)[C@@H](CO)O[C@@H](OC[C@H]3O[C@@H](O)[C@H](O)[C@@H](O)[C@H]3O)[C@@H]2O)[C@@H](O)[C@H](O)[C@@H]1O
58067884,51548329,CC1=C2[C@H](/C=C(\C)C(=O)[O-])CC[C@@H](C)[C@H]2CC1
58067884,56955923,O=[As]([O-])(O)c1ccccc1
58067884,136041715,[NH2+]=C(O)O[C@@H]1[C@@H](O)[C@@H](N=C(O)C[C@@H]([NH3+])CCC[NH3+])[C@H](NC2=N[C@@H]3[C@H](O)CN=C(O)[C@H]3N2)O[C@@H]1CO
440407,14345637,CCCCC/C=C\C/C=C\C/C=C\C/C=C\CCCC(=O)OC(CO)COC(=O)CCCCCCCCCCCCCCCCC
440407,5462311,[B]
92136209,91972197,CCCCCCCCCCCCCC(=O)O[C@H](CCCCCCCCCCC)CC(=O)O[C@@H]1[C@@H](N=C([O-])C[C@@H](CCCCCCCCCCC)OC(=O)CCCCCCCCCCC)[C@H](OC[C@H]2O[C@H](OP(=O)(O)OP(=O)([O-])O)[C@H](N=C([O-])C[C@H](O)CCCCCCCCCCC)[C@@H](OC(=O)C[C@H](O)CCCCCCCCCCC)[C@@H]2O)O[C@H](CO[C@]2(C(=O)[O-])C[C@@H](O[C@]3(C(=O)[O-])C[C@@H](O)[C@@H](O)[C@@H]([C@H](O)CO)O3)[C@@H](O[C@H]3O[C@H]([C@@H](O)CO)[C@@H](OP(=O)([O-])[O-])[C@H](O[C@H]4O[C@H]([C@@H](O)CO[C@H]5O[C@H]([C@@H](O)CO)[C@@H](O)[C@H](O)[C@@H]5O)[C@@H](OP(=O)([O-])[O-])[C@H](O[C@H]5O[C@H](CO[C@H]6O[C@H](CO)[C@H](O)[C@H](O)[C@H]6O)[C@@H](O)[C@H](O[C@H]6O[C@H](CO)[C@@H](O)[C@H](O)[C@H]6O[C@H]6O[C@H](CO[C@H]7O[C@H]([C@@H](O)CO)[C@@H](O)[C@H](O)[C@@H]7O)[C@@H](O)[C@H](O)[C@H]6O)[C@H]5O)[C@@H]4O)[C@@H]3O)[C@@H]([C@H](O)CO)O2)[C@H]1OP(=O)([O-])[O-]
92136209,134160281,CC(O)=N[C@H]1[C@H](OCCCCCN)O[C@H](CO)[C@H](O[C@@H]2O[C@@H](C)[C@H](O)[C@@H](O)[C@H]2O[C@H]2O[C@H](CO)[C@@H](O)[C@H](O)[C@H]2N=C(C)O)[C@@H]1O
135398703,135926581,C[C@@H]1Nc2[nH]c(=N)nc([O-])c2N2C=[N+](c3ccc(C[C@H](O)[C@H](O)[C@H](O)CO[C@H]4O[C@H](COP(=O)([O-])O[C@@H](CCC(=O)[O-])C(=O)O)[C@@H](O)[C@H]4O)cc3)[C@H](C)[C@@H]12
135398703,53239731,CC(O)=N[C@@H]1[C@@H](O[C@@H]2O[C@@H](C)[C@@H](O)[C@@H](O)[C@@H]2O)[C@H](O[C@@H]2O[C@H](CO)[C@@H](O)[C@H](O)[C@H]2N=C(C)O)[C@@H](CO[C@@H]2O[C@@H](C)[C@@H](O)[C@@H](O)[C@@H]2O)O[C@H]1O
135398703,53262360,O=C(O)[C@@H](COP(=O)(O)O)O[C@H]1O[C@H](CO)[C@@H](O)[C@H](O)[C@H]1O
91854812,5354212,COC(=O)/C=C1/CC[C@H]2[C@@H]3CCC4=CC(=O)CC[C@]4(C)[C@H]3C(=O)C[C@]12C
91854812,86289258,CCCCC/C=C\C/C=C\CCCCCCCC(=O)OCC(=O)COP(=O)([O-])[O-]
25245217,5780,OC[C@@H](O)[C@@H](O)[C@H](O)[C@@H](O)CO
25245217,5780,OC[C@@H](O)[C@@H](O)[C@H](O)[C@@H](O)CO
25245217,67550006,CC(CO)[C@H](C)[C@@H](O)[C@H](O)[C@@H](C)[C@H]1CC[C@H]2[C@@H]3COC(=O)[C@H]4C[C@H](O)[C@H](O)C[C@]4(C)[C@H]3CC[C@]12C
193326,23674745,CC(C(=O)[O-])c1ccc(CC2CCCC2=O)cc1.O.O.[Na+]
193326,9409,Cc1cc(-c2ccc(N=Nc3ccc4c(S(=O)(=O)[O-])cc(S(=O)(=O)O)c(N)c4c3[O-])c(C)c2)ccc1N=Nc1ccc2c(S(=O)(=O)[O-])cc(S(=O)(=O)O)c(N)c2c1[O-].[Na+].[Na+].[Na+].[Na+]
439854,13284402,O=CC(=O)c1c[nH]c2ccccc12
439854,5780,OC[C@@H](O)[C@@H](O)[C@H](O)[C@@H](O)CO
439854,221071,CC1=C2[C@H]3OC(=O)[C@@H](C)[C@@H]3CC[C@@]2(C)C=CC1=O
165435,14212362,Nc1nc(O)nc2c1ncn2[C@@H]1O[C@H](COP(=O)(O)O)[C@@H](O)[C@H]1O
165435,70678725,COC1=C(Br)[C@H](O)[C@@]2(C=C1Br)CC(C(=O)NCCCCNC(=O)C1=NO[C@@]3(C=C(Br)C(=O)[C@H](Br)[C@H]3O)C1)=NO2
165435,53792010,O=C[C@H]1O[C@@H](n2ccc(O)nc2=O)[C@H](O)[C@@H]1O
56936304,5780,OC[C@@H](O)[C@@H](O)[C@H](O)[C@@H](O)CO
56936304,440649,Cc1ncc(C[n+]2c(C(O)CCC(=O)O)sc(CCOP(=O)(O)OP(=O)(O)O)c2C)c(=N)[nH]1
56936304,146672896,CC([O-])=N[C@H]1C(O)O[C@H](CO)[C@@H](O)[C@@H]1O[C@H](C)C(O)=N[C@@H](C)C(O)=N[C@H](CCC(=O)O)C(=N)O
78437958,5780,OC[C@@H](O)[C@@H](O)[C@H](O)[C@@H](O)CO
78437958,30951,C=CCOc1ccc(CC(=O)O)cc1Cl
78437958,3955344,O=C1c2ccccc2C(=O)c2c1cc(S(=O)(=O)O)c([O-])c2O.[Na+]
3017,73271,O=C(O)Cc1cc(O)nc(O)n1
3017,23674745,CC(C(=O)[O-])c1ccc(CC2CCCC2=O)cc1.O.O.[Na+]
3017,83887,N[C@H](CC(=O)O)C(=O)O
25202011,86289088,Nc1c(C([O-])=N[C@@H](CC(=O)[O-])C(=O)[O-])ncn1[C@@H]1O[C@H](COP(=O)([O-])O)[C@@H](O)[C@H]1O
25202011,5354212,COC(=O)/C=C1/CC[C@H]2[C@@H]3CCC4=CC(=O)CC[C@]4(C)[C@H]3C(=O)C[C@]12C
25202011,5329102,CCN(CC)CCN=C(O)c1c(C)[nH]c(/C=C2\C(O)=Nc3ccc(F)cc32)c1C
60815,5354212,COC(=O)/C=C1/CC[C@H]2[C@@H]3CCC4=CC(=O)CC[C@]4(C)[C@H]3C(=O)C[C@]12C
60815,25245298,CCCCCCCCCCCCC/C=C/[C@@H](O)[C@@H]([NH3+])CO[C@@H]1O[C@H](CO)[C@H](O)[C@H](O)[C@H]1O
11954128,568,c1ccc2c(c1)oc1ccccc12
11954128,56955923,O=[As]([O-])(O)c1ccccc1
11954128,5312827,C[C@@H](O)CCCCCCC(=O)O
52921825,5780,OC[C@@H](O)[C@@H](O)[C@H](O)[C@@H](O)CO
52921825,49859627,COc1cccc2[nH]cc(C/C(=N/OS(=O)(=O)[O-])S[C@@H]3O[C@H](CO)[C@@H](O)[C@H](O)[C@H]3O)c12
52921825,15938961,Cc1ncc(C[n+]2csc(CCOP(=O)([O-])OP(=O)([O-])OP(=O)([O-])OC[C@H]3O[C@@H](n4cnc5c(N)ncnc54)[C@H](O)[C@@H]3O)c2C)c(=N)[nH]1
12358829,53239731,CC(O)=N[C@@H]1[C@@H](O[C@@H]2O[C@@H](C)[C@@H](O)[C@@H](O)[C@@H]2O)[C@H](O[C@@H]2O[C@H](CO)[C@@H](O)[C@H](O)[C@H]2N=C(C)O)[C@@H](CO[C@@H]2O[C@@H](C)[C@@H](O)[C@@H](O)[C@@H]2O)O[C@H]1O
12358829,12308716,CC(=O)O[C@@H]1C[C@H]2C(C)(C)C(=O)C=C[C@]2(C)[C@H]2CC[C@]3(C)C(=CC(=O)[C@@H]3c3ccoc3)[C@@]21C
439392,5780,OC[C@@H](O)[C@@H](O)[C@H](O)[C@@H](O)CO
439392,279,N=C(O)NC(CC(=O)O)C(=O)O
439392,91972223,CCCCCCCCCCCCCCCCCCCCCC[C@@H](C(=O)[O-])[C@H](O)CCCCCCCCCCCCCCCCCC1CC1CCCCCCCCCCC1CC1CCCCCCCCCCCCCCCCCC
70697797,49859627,COc1cccc2[nH]cc(C/C(=N/OS(=O)(=O)[O-])S[C@@H]3O[C@H](CO)[C@@H](O)[C@H](O)[C@H]3O)c12
70697797,57339197,C=CCCCCCCCCCCC/C=C\CCCC
76972186,5702546,C=C(C)[C@]12C[C@@H](C)[C@@]34O[C@](Cc5ccccc5)(O[C@@H]1[C@@H]3C=C(COC(=O)Cc1ccc(O)c(OC)c1)C[C@]1(O)C(=O)C(C)=C[C@@H]41)O2
76972186,14345637,CCCCC/C=C\C/C=C\C/C=C\C/C=C\CCCC(=O)OC(CO)COC(=O)CCCCCCCCCCCCCCCCC
76972186,90659852,CCCCCCCC/C=C\CCCCCCCCCCCC(O)=N[C@@H](CO[C@@H]1O[C@H](CO)[C@@H](O[C@@H]2O[C@H](CO)[C@H](O)[C@H](O[C@]3(C(=O)O)C[C@H](O)[C@@H](N=C(C)O)[C@H]([C@H](O)[C@H](O)CO)O3)[C@H]2O)[C@H](O)[C@H]1O)[C@H](O)/C=C/CCCCCCCCCCCCC
71728342,71728341,CO[C@@H]1[C@@H](O)[C@H](O[C@@H]2[C@@H](O)[C@H](O[C@H]3[C@H](O)[C@@H](O)[C@H](O[C@H]4[C@H](O[C@H]5CC[C@]6(C)C7=C[C@H](O)C89C(=O)O[C@@](C)(CCC(O)C(C)C)[C@@]8(O)CC[C@@]9(C)[C@@H]7CC[C@H]6C5(C)C)OC[C@@H](OS(=O)(=O)[O-])[C@@H]4O)O[C@@H]3C)O[C@H](CO)[C@H]2O)O[C@H](CO)[C@H]1O.[Na+]
71728342,134160296,CSC[C@H]1O[C@H](O[C@H]2[C@H](O)[C@H](O)[C@@H](OC[C@H]3O[C@@H](O[C@@H]4[C@@H](OC[C@H]5O[C@H](OC[C@H]6OC(O)[C@@H](O)[C@@H]6O)[C@@H](O)[C@@H]5O[C@H]5O[C@H](CO)[C@@H](O)[C@@H]5O[C@@H]5O[C@H](CO)[C@@H](O)[C@@H]5O)O[C@H](CO)[C@H]4O)[C@@H](O)[C@@H]3O)O[C@@H]2CO)[C@H](O)[C@H]1O
71728342,24589,[Be+2].[F-].[F-]
46861568,5780,OC[C@@H](O)[C@@H](O)[C@H](O)[C@@H](O)CO
46861568,49859627,COc1cccc2[nH]cc(C/C(=N/OS(=O)(=O)[O-])S[C@@H]3O[C@H](CO)[C@@H](O)[C@H](O)[C@H]3O)c12
46861568,439972,C=C[C@H]1[C@H](O)OC=C(C(=O)OC)[C@H]1C[C@@H]1NCCc2c1[nH]c1ccccc21
132274131,5780,OC[C@@H](O)[C@@H](O)[C@H](O)[C@@H](O)CO
132274131,23674745,CC(C(=O)[O-])c1ccc(CC2CCCC2=O)cc1.O.O.[Na+]
132274131,90658487,C[C@H](C(=O)SCCN=C([O-])CCN=C([O-])[C@H](O)C(C)(C)COP(=O)(O)OP(=O)(O)OC[C@H]1O[C@@H](n2cnc3c(N)ncnc32)[C@H](O)[C@@H]1OP(=O)([O-])[O-])[C@H]1CC[C@H]2[C@@H]3CCC4=CC(=O)CC[C@]4(C)[C@H]3CC[C@]12C
61460,5780,OC[C@@H](O)[C@@H](O)[C@H](O)[C@@H](O)CO
61460,23674745,CC(C(=O)[O-])c1ccc(CC2CCCC2=O)cc1.O.O.[Na+]
61460,21636178,CC(=O)O[C@@H]1C[C@@H](C)[C@](O)(CCC2=CC(=O)OC2)[C@@]2(C)CCCC(C)(C)[C@H]12
442153,53354908,COc1c(O)cc2c(c1OC)C(=O)[C@H](O)[C@@H](c1ccccc1)O2
442153,52929771,CCCCCCCCCCCCCCCC/C=C\OC[C@@H](O)COP(=O)(O)O
442153,52926014,CCCCCCCCCCCCCCCCCC(=O)O[C@H](COC(=O)CCCCCCCCCCCCCCC)COP(=O)(O)OC[C@H](N)C(=O)O
650,5780,OC[C@@H](O)[C@@H](O)[C@H](O)[C@@H](O)CO
650,137547,C#CCC(=O)O
650,54730539,O=C1O[C@H](CO)C([O-])=C1O
126456439,122198276,C/C(=C\C(=O)N([O-])CCC[C@@H]1N=C(O)[C@H](CCCN([O-])C(=O)/C=C(\C)CCOC(=O)[C@@H](N)CCCN([O-])C(=O)/C=C(\C)CCO)N=C1O)CCO
126456439,53239731,CC(O)=N[C@@H]1[C@@H](O[C@@H]2O[C@@H](C)[C@@H](O)[C@@H](O)[C@@H]2O)[C@H](O[C@@H]2O[C@H](CO)[C@@H](O)[C@H](O)[C@H]2N=C(C)O)[C@@H](CO[C@@H]2O[C@@H](C)[C@@H](O)[C@@H](O)[C@@H]2O)O[C@H]1O
126456439,135956784,CC(O)=N[C@@H](Cc1ccc(O)c(N=Nc2ccc(C(=O)O)cc2)c1)C(O)=NCC(O)=NCC(=O)O
86355,52929771,CCCCCCCCCCCCCCCC/C=C\OC[C@@H](O)COP(=O)(O)O
86355,72551546,Cc1cn([C@H]2C[C@H](OP(=O)(O)OC[C@H]3O[C@@H](n4ccc(=N)nc4O)C[C@@H]3OP(=O)(O)OC[C@H]3O[C@@H](n4cnc5c(O)nc(=N)[nH]c54)C[C@@H]3OP(=O)(O)OC[C@H]3O[C@@H](n4cnc5c(N)ncnc54)C[C@@H]3OP(=O)(O)OC[C@H]3O[C@@H](n4cnc5c(O)nc(=N)[nH]c54)C[C@@H]3OP(=O)(O)OC[C@H]3O[C@@H](n4ccc(=N)nc4O)C[C@@H]3OP(=O)(O)OC[C@H]3O[C@@H](n4cc(C)c(O)nc4=O)C[C@@H]3OP(=O)(O)OC[C@H]3O[C@@H](n4cnc5c(O)nc(=N)[nH]c54)C[C@@H]3OP(=O)(O)OC[C@H]3O[C@@H](n4ccc(=N)nc4O)C[C@@H]3OP(=O)(O)OC[C@H]3O[C@@H](n4ccc(=N)nc4O)C[C@@H]3OP(=O)(O)OC[C@H]3O[C@@H](n4cc(C)c(O)nc4=O)C[C@@H]3OP(=O)(O)OC[C@H]3O[C@@H](n4cc(C)c(O)nc4=O)C[C@@H]3OP(=O)(O)OC[C@H]3O[C@@H](n4ccc(=N)nc4O)C[C@@H]3OP(=O)(O)OC[C@H]3O[C@@H](n4cnc5c(N)ncnc54)C[C@@H]3OP(=O)(O)OC[C@H]3O[C@@H](n4cnc5c(O)nc(=N)[nH]c54)C[C@@H]3OP(=O)(O)OC[C@H]3O[C@@H](n4cc(C)c(O)nc4=O)C[C@@H]3OP(=O)(O)OC[C@H]3O[C@@H](n4ccc(=N)nc4O)C[C@@H]3OP(=O)(O)OC[C@H]3O[C@@H](n4cnc5c(O)nc(=N)[nH]c54)C[C@@H]3OP(=O)(O)OC[C@H]3O[C@@H](n4cc(C)c(O)nc4=O)C[C@@H]3O)[C@@H](CO)O2)c(=O)nc1O
5281421,5354212,COC(=O)/C=C1/CC[C@H]2[C@@H]3CCC4=CC(=O)CC[C@]4(C)[C@H]3C(=O)C[C@]12C
5281421,25229565,CN(c1ccccc1)c1ccc2c(-c3ccccc3S(=O)(=O)N3CCC(C(=O)ON4C(=O)CCC4=O)CC3)c3ccc(N(C)c4ccccc4)cc3[o+]c2c1.[Cl-]
11103,14345637,CCCCC/C=C\C/C=C\C/C=C\C/C=C\CCCC(=O)OC(CO)COC(=O)CCCCCCCCCCCCCCCCC
11103,11870411,CC[C@@]1(O)C[C@H](O[C@H]2C[C@H]([NH+](C)C)[C@H](O)[C@H](C)O2)c2c(cc3c(c2O)C(=O)c2c(O)cccc2C3=O)[C@H]1C(=O)OC
6321,5780,OC[C@@H](O)[C@@H](O)[C@H](O)[C@@H](O)CO
6321,5780,OC[C@@H](O)[C@@H](O)[C@H](O)[C@@H](O)CO
6321,16736470,CO[C@@H]1C[C@@H](C)O[C@H]2O[C@@H]3C=C4CC[C@@H]5[C@H](CC[C@]6(C)[C@@H](C7=CC(=O)OC7)[C@@H](OC(C)=O)C[C@]56O)[C@@]4(C)C[C@H]3O[C@]21O
5319493,5281294,O=C(/C=C/c1ccc(O)c(O)c1)c1ccc(O)c(O)c1O
5319493,23674745,CC(C(=O)[O-])c1ccc(CC2CCCC2=O)cc1.O.O.[Na+]
5319493,228491,CC(=O)[C@H]1CC[C@H]2[C@@H]3CC[C@@H]4C[C@@H](O)CC[C@]4(C)[C@H]3CC[C@]12C
24848419,5282452,O=C(O)C[C@H](O)C[C@H](O)/C=C/c1c(C2CC2)nc2ccccc2c1-c1ccc(F)cc1
24848419,52929771,CCCCCCCCCCCCCCCC/C=C\OC[C@@H](O)COP(=O)(O)O
24848419,9543872,CCCCC/C=C\C/C=C\C/C=C\C/C=C\CCCC(=O)OC[C@H](CO)OC(=O)CCC/C=C\C/C=C\C/C=C\C/C=C\CCCCC
131801242,134160281,CC(O)=N[C@H]1[C@H](OCCCCCN)O[C@H](CO)[C@H](O[C@@H]2O[C@@H](C)[C@H](O)[C@@H](O)[C@H]2O[C@H]2O[C@H](CO)[C@@H](O)[C@H](O)[C@H]2N=C(C)O)[C@@H]1O
131801242,49859627,COc1cccc2[nH]cc(C/C(=N/OS(=O)(=O)[O-])S[C@@H]3O[C@H](CO)[C@@H](O)[C@H](O)[C@H]3O)c12
131801242,70679009,CC(O)=N[C@@H]1[C@@H](O[C@@H]2O[C@@H](C)[C@@H](O)[C@@H](O)[C@@H]2O)[C@H](O[C@@H]2O[C@H](CO)[C@H](O[C@@H]3O[C@H](CO)[C@@H](O[C@@H]4O[C@H](CO)[C@H](O)[C@H](O)[C@H]4O)[C@H](O[C@@H]4O[C@@H](C)[C@@H](O)[C@@H](O)[C@@H]4O)[C@H]3N=C(C)O)[C@H](O)[C@H]2O)[C@@H](CO)O[C@H]1O
10210,36400,Clc1cc(Cl)cc(-c2cc(Cl)cc(Cl)c2)c1
10210,121596220,CC(C(=O)[O-])C(=O)OC(CC(=O)[O-])C[N+](C)(C)C
10210,449171,CC1=C(/C=C/C(C)=C\C=C\C(C)=C\C(=O)O)C(C)(C)CCC1
445091,49859627,COc1cccc2[nH]cc(C/C(=N/OS(=O)(=O)[O-])S[C@@H]3O[C@H](CO)[C@@H](O)[C@H](O)[C@H]3O)c12
445091,9793926,CC(O)=Nc1ccc(O[13CH3])cc1
135884483,14212362,Nc1nc(O)nc2c1ncn2[C@@H]1O[C@H](COP(=O)(O)O)[C@@H](O)[C@H]1O
135884483,49859627,COc1cccc2[nH]cc(C/C(=N/OS(=O)(=O)[O-])S[C@@H]3O[C@H](CO)[C@@H](O)[C@H](O)[C@H]3O)c12
135884483,71298228,CC(O)=N[C@H]1[C@H](OC[C@H]2OC(O)[C@H](N=C(C)O)[C@@H](O[C@@H]3O[C@H](CO)[C@H](O)[C@H](O)[C@H]3O[C@@H]3O[C@@H](C)[C@@H](O)[C@@H](O)[C@@H]3O)[C@H]2O)O[C@H](CO)[C@@H](O[C@@H]2O[C@H](CO)[C@H](O)[C@H](O)[C@H]2O)[C@@H]1O
5312785,5780,OC[C@@H](O)[C@@H](O)[C@H](O)[C@@H](O)CO
5312785,52929771,CCCCCCCCCCCCCCCC/C=C\OC[C@@H](O)COP(=O)(O)O
5312785,86278053,COc1ccc2c(c1OC)C[N+]1(C)CCc3cc4c(c(O)c3[C@@H]1[C@H]2O)OCO4
379,5780,OC[C@@H](O)[C@@H](O)[C@H](O)[C@@H](O)CO
379,69212,CC1=CC(=O)C(=O)C=C1O
379,11764616,CC1=C(C(=O)OCCN(Cc2ccccc2)c2ccccc2)[C@H](c2cccc([N+](=O)[O-])c2)C(P2(=O)OCC(C)(C)CO2)=C(C)N1
86289243,5780,OC[C@@H](O)[C@@H](O)[C@H](O)[C@@H](O)CO
86289243,52929771,CCCCCCCCCCCCCCCC/C=C\OC[C@@H](O)COP(=O)(O)O
86289243,136666738,O=S(=O)([O-])c1cc(S(=O)(=O)O)c2c(N=Nc3cccc4ccccc34)c([O-])ccc2c1
40490688,5780,OC[C@@H](O)[C@@H](O)[C@H](O)[C@@H](O)CO
40490688,5354212,COC(=O)/C=C1/CC[C@H]2[C@@H]3CCC4=CC(=O)CC[C@]4(C)[C@H]3C(=O)C[C@]12C
40490688,10210,O=C(O)c1ccccc1-c1ccccc1C(=O)O
11434515,49859627,COc1cccc2[nH]cc(C/C(=N/OS(=O)(=O)[O-])S[C@@H]3O[C@H](CO)[C@@H](O)[C@H](O)[C@H]3O)c12
11434515,49867691,C[C@@H](O)[C@@H](C(=O)O)N1C(=O)[C@@H](N)CC[C@H]1O
126,56955923,O=[As]([O-])(O)c1ccccc1
126,243,O=C(O)c1ccccc1
126,86289511,Cc1cn([C@H]2C[C@H](O)[C@@H](COP(=O)(O)OP(=O)(O)O[C@@H]3C[C@H](N(C)C)[C@H](O)[C@H](C)O3)O2)c(=O)nc1[O-]
51371330,5354212,COC(=O)/C=C1/CC[C@H]2[C@@H]3CCC4=CC(=O)CC[C@]4(C)[C@H]3C(=O)C[C@]12C
51371330,169137,O=c1c(=O)c(=O)c2ccccc2c1=O
14105084,136041719,N=C(O)O[C@@H]1[C@@H](O)[C@@H](N=C(O)C[C@@H]([NH3+])CCCN=C(O)C[C@@H]([NH3+])CCCN=C(O)C[C@@H]([NH3+])CCC[NH3+])[C@H](NC2=N[C@H]([C@H](O)C[NH3+])[C@@H](C(=O)O)N2)O[C@@H]1CO
14105084,49859627,COc1cccc2[nH]cc(C/C(=N/OS(=O)(=O)[O-])S[C@@H]3O[C@H](CO)[C@@H](O)[C@H](O)[C@H]3O)c12
14105084,36687778,CC[NH+](CCCc1ccccc1)CCCc1ccccc1
10176675,56955923,O=[As]([O-])(O)c1ccccc1
10176675,56955923,O=[As]([O-])(O)c1ccccc1
10176675,45266920,N[C@@H](C([O-])=N[C@@H]1C(=O)N2C(C(=O)O)=C(Cl)CC[C@H]12)c1ccccc1
71581186,14212362,Nc1nc(O)nc2c1ncn2[C@@H]1O[C@H](COP(=O)(O)O)[C@@H](O)[C@H]1O
71581186,134160296,CSC[C@H]1O[C@H](O[C@H]2[C@H](O)[C@H](O)[C@@H](OC[C@H]3O[C@@H](O[C@@H]4[C@@H](OC[C@H]5O[C@H](OC[C@H]6OC(O)[C@@H](O)[C@@H]6O)[C@@H](O)[C@@H]5O[C@H]5O[C@H](CO)[C@@H](O)[C@@H]5O[C@@H]5O[C@H](CO)[C@@H](O)[C@@H]5O)O[C@H](CO)[C@H]4O)[C@@H](O)[C@@H]3O)O[C@@H]2CO)[C@H](O)[C@H]1O
71581186,199656,CCN(CCO)CCCl
24744,23674745,CC(C(=O)[O-])c1ccc(CC2CCCC2=O)cc1.O.O.[Na+]
24744,49867229,Nc1ncnc2c1ncn2[C@@H]1O[C@@]2(COP(=O)(O)O)CO[C@@H]1[C@@H]2O
583776,56955923,O=[As]([O-])(O)c1ccccc1
583776,69212,CC1=CC(=O)C(=O)C=C1O
583776,129320393,C/C=C/C=C/C=C/[C@@H](O)C/C=C/CN
122198194,5780,OC[C@@H](O)[C@@H](O)[C@H](O)[C@@H](O)CO
122198194,69212,CC1=CC(=O)C(=O)C=C1O
122198194,126,O=Cc1ccc(O)cc1
545567,5780,OC[C@@H](O)[C@@H](O)[C@H](O)[C@@H](O)CO
545567,70678725,COC1=C(Br)[C@H](O)[C@@]2(C=C1Br)CC(C(=O)NCCCCNC(=O)C1=NO[C@@]3(C=C(Br)C(=O)[C@H](Br)[C@H]3O)C1)=NO2
545567,136630936,O=C(O)c1[nH]c(-c2c[nH]c3ccccc23)cc1-c1c([O-])[nH]c2ccccc12
16755619,5780,OC[C@@H](O)[C@@H](O)[C@H](O)[C@@H](O)CO
16755619,69212,CC1=CC(=O)C(=O)C=C1O
16755619,11619632,CC(C)=CCC/C(C)=C/Cc1c(O)c(O)cc2c(=O)c3c(O)c(CC=C(C)C)c(O)cc3oc12
129011035,440649,Cc1ncc(C[n+]2c(C(O)CCC(=O)O)sc(CCOP(=O)(O)OP(=O)(O)O)c2C)c(=N)[nH]1
129011035,45480569,CC(O)=N[C@@H]1[C@@H](O[C@@H]2O[C@H](CO)[C@H](O)[C@H](O)[C@H]2O[C@@H]2O[C@@H](C)[C@@H](O)[C@@H](O)[C@@H]2O)[C@H](O[C@@H]2O[C@@H](C)[C@@H](O)[C@@H](O)[C@@H]2O)[C@@H](CO)O[C@H]1O
126456479,86289694,C[C@H](CCCCCCCCC/C=C/C(=O)O)O[C@@H]1O[C@@H](C)[C@H](O)C[C@H]1O
126456479,440649,Cc1ncc(C[n+]2c(C(O)CCC(=O)O)sc(CCOP(=O)(O)OP(=O)(O)O)c2C)c(=N)[nH]1
126456479,440233,C[C@H](CN)OP(=O)(O)O
440394,69212,CC1=CC(=O)C(=O)C=C1O
440394,91666360,CCCCCCCCCCCCCCCCCC(=O)OC[C@H]1O[C@H](O[C@H]2O[C@H](COC(=O)CCCCCCCCCCCCCCCCC)[C@@H](O)[C@H](OC(=O)CCCCCCCCCCCCCCCCC)[C@H]2OC(=O)CCCCCCCCCCCCCCC)[C@H](OS(=O)(=O)O)[C@@H](O)[C@@H]1O
4622630,5354212,COC(=O)/C=C1/CC[C@H]2[C@@H]3CCC4=CC(=O)CC[C@]4(C)[C@H]3C(=O)C[C@]12C
4622630,137333890,CCOc1ccc2c(-c3ccnc(Nc4cccc(OC)c4)n3)cnn2n1
2175947,23674745,CC(C(=O)[O-])c1ccc(CC2CCCC2=O)cc1.O.O.[Na+]
2175947,11671902,C#CCCCC[C@H](C)C(=O)N(C)[C@H](C(=O)N(C)[C@H](C(=O)N(C)[C@H](C(=O)N(C)[C@@H](Cc1ccccc1)C(=N)O)C(C)C)C(C)C)C(C)C
24771780,5780,OC[C@@H](O)[C@@H](O)[C@H](O)[C@@H](O)CO
24771780,14152391,CN(C)CCOP(=O)(O)OP(=O)(O)OC[C@H]1O[C@@H](n2ccc(=N)nc2O)[C@H](O)[C@@H]1O
135413494,23674745,CC(C(=O)[O-])c1ccc(CC2CCCC2=O)cc1.O.O.[Na+]
135413494,167489,O=P(O)(O)O[C@H]1O[C@H](CO)[C@@H](O[C@H]2O[C@H](CO)[C@@H](O)[C@H](O)[C@H]2O)[C@H](O)[C@H]1O
72715817,6433272,C[C@@H]1[C@H](O)[C@@H](C)/C=C/C=C/CC/C=C/C=C/C=C/C=C/C(O[C@H]2O[C@H](C)[C@@H](O)[C@H](N)[C@@H]2O)CC2O[C@](O)(CC(O)C(O)CCC(O)CC(O)CC(O)CC(=O)O[C@H]1C)CC(O)C2C(=O)O
72715817,11476460,Cn1nnc(-c2ccc(-c3ccc(N4C[C@H](COP(=O)(O)O)OC4=O)cc3F)cn2)n1
53326127,23674745,CC(C(=O)[O-])c1ccc(CC2CCCC2=O)cc1.O.O.[Na+]
53326127,49866464,Cc1nc(N)c2ncn([C@@H]3O[C@H](COP(=O)(O)O)[C@@H](O)[C@H]3O)c2n1
50909878,50909879,C[C@@H]1O[C@@H](O[C@H]([C@H](O)COP(=O)(O)O)[C@@H](O)CO)[C@H](O)[C@H](O[C@H]2O[C@H](CO)[C@@H](O)[C@H](O[C@H]3O[C@H](CO)[C@@H](O)[C@H](O)[C@H]3O)[C@H]2O)[C@H]1O
50909878,53239731,CC(O)=N[C@@H]1[C@@H](O[C@@H]2O[C@@H](C)[C@@H](O)[C@@H](O)[C@@H]2O)[C@H](O[C@@H]2O[C@H](CO)[C@@H](O)[C@H](O)[C@H]2N=C(C)O)[C@@H](CO[C@@H]2O[C@@H](C)[C@@H](O)[C@@H](O)[C@@H]2O)O[C@H]1O
50909878,53262379,CC(O)=N[C@@H]1[C@@H](O[C@@H]2O[C@H](CO)[C@H](O[C@H]3O[C@H](CO)[C@H](O)[C@H](O)[C@H]3O)[C@H](O)[C@H]2O)[C@@H](O)[C@@H](CO[C@@H]2O[C@H](CO)[C@@H](O)[C@H](O)[C@H]2N=C(C)O)O[C@@H]1O
5460049,5780,OC[C@@H](O)[C@@H](O)[C@H](O)[C@@H](O)CO
5460049,5780,OC[C@@H](O)[C@@H](O)[C@H](O)[C@@H](O)CO
5460049,7361,OCc1ccco1
25202620,15375588,Cc1cn([C@H]2C[C@H](O)[C@@H](COP(=O)(O)OP(=O)(O)O[C@H]3O[C@@H](C)[C@@H](O)[C@@H](O)[C@H]3O)O2)c(=O)nc1O
25202620,440649,Cc1ncc(C[n+]2c(C(O)CCC(=O)O)sc(CCOP(=O)(O)OP(=O)(O)O)c2C)c(=N)[nH]1
25202620,86583473,C[C@@H]1O[C@H](O[C@H]2[C@H](Oc3ccc4c(c3)OC(c3ccccc3)CC4=O)O[C@H](CO)[C@@H](O)[C@@H]2O)[C@H](O)[C@H](O)[C@H]1O
534994,40490621,CC[C@@H]1O[C@@H]1C/C=C\C/C=C\C/C=C\C/C=C\CCCC(=O)[O-]
534994,5780,OC[C@@H](O)[C@@H](O)[C@H](O)[C@@H](O)CO
534994,49859698,CCCCC/C=C\C/C=C\CCCC/C=C\CCCC(=O)SCCN=C(O)CCN=C(O)[C@H](O)C(C)(C)COP(=O)(O)OP(=O)(O)OC[C@H]1O[C@@H](n2cnc3c(N)ncnc32)[C@H](O)[C@@H]1OP(=O)(O)O
6443777,56955923,O=[As]([O-])(O)c1ccccc1
6443777,53239731,CC(O)=N[C@@H]1[C@@H](O[C@@H]2O[C@@H](C)[C@@H](O)[C@@H](O)[C@@H]2O)[C@H](O[C@@H]2O[C@H](CO)[C@@H](O)[C@H](O)[C@H]2N=C(C)O)[C@@H](CO[C@@H]2O[C@@H](C)[C@@H](O)[C@@H](O)[C@@H]2O)O[C@H]1O
6443777,71464601,Cc1cc(S(=O)Cc2sc(-c3ccc(C(F)(F)F)cc3)nc2C)ccc1OCC(=O)O
25202158,25243884,O=c1c(-c2ccc([O-])cc2O)coc2cc(O)cc(O)c12
25202158,5354212,COC(=O)/C=C1/CC[C@H]2[C@@H]3CCC4=CC(=O)CC[C@]4(C)[C@H]3C(=O)C[C@]12C
25202158,86583377,CCCCCCCC/C=C\CCCCCCCC(=O)OC[C@@H](O)COP(=O)([O-])OCC(O)CO
439232,5780,OC[C@@H](O)[C@@H](O)[C@H](O)[C@@H](O)CO
439232,5780,OC[C@@H](O)[C@@H](O)[C@H](O)[C@@H](O)CO
439232,72715788,CN[C@H](CC(C)C)C(O)=N[C@H]1C(O)=N[C@@H](CC(=[NH2+])O)C(O)=N[C@H]2C(O)=N[C@H]3C(O)=N[C@H](C(O)=N[C@H](C(=O)O)c4cc(O)cc(O)c4-c4cc3ccc4O)[C@H](O)c3ccc(c(Cl)c3)Oc3cc2cc(c3O[C@@H]2O[C@H](CO)[C@@H](O)[C@H](O)[C@H]2O[C@H]2C[C@](C)(N)[C@H](O)[C@H](C)O2)Oc2ccc(cc2Cl)[C@H]1O
160614,30951,C=CCOc1ccc(CC(=O)O)cc1Cl
160614,11757884,C=C1CC[C@H](O)C/C1=C/C=C1\CCC[C@]2(C)[C@@H]([C@H](C)CCCC(C)(C)O[C@@H]3O[C@H](C(=O)O)[C@@H](O)[C@H](O)[C@H]3O)CC[C@@H]12
439403,54684684,O=C(O)c1cc(O)c2cccc([O-])c2n1
439403,56955923,O=[As]([O-])(O)c1ccccc1
439403,177338,Oc1cnc2c(O)cccc2c1
40839,5978,CC[C@]1(O)C[C@H]2CN(CCc3c([nH]c4ccccc34)[C@@](C(=O)OC)(c3cc4c(cc3OC)N(C=O)[C@H]3[C@@](O)(C(=O)OC)[C@H](OC(C)=O)[C@]5(CC)C=CCN6CC[C@]43[C@@H]65)C2)C1
40839,53239731,CC(O)=N[C@@H]1[C@@H](O[C@@H]2O[C@@H](C)[C@@H](O)[C@@H](O)[C@@H]2O)[C@H](O[C@@H]2O[C@H](CO)[C@@H](O)[C@H](O)[C@H]2N=C(C)O)[C@@H](CO[C@@H]2O[C@@H](C)[C@@H](O)[C@@H](O)[C@@H]2O)O[C@H]1O
40839,441082,C[C@H]1[C@H]2CC[C@H]3[C@@H]4CC=C5C[C@@H](N(C)C)CC[C@]5(C)[C@H]4CC[C@]23CN1C
376,5780,OC[C@@H](O)[C@@H](O)[C@H](O)[C@@H](O)CO
376,69212,CC1=CC(=O)C(=O)C=C1O
376,57339197,C=CCCCCCCCCCCC/C=C\CCCC
24900164,5354212,COC(=O)/C=C1/CC[C@H]2[C@@H]3CCC4=CC(=O)CC[C@]4(C)[C@H]3C(=O)C[C@]12C
24900164,5280625,N/C(=C/C=C\C=O)C(=O)O
5460898,5780,OC[C@@H](O)[C@@H](O)[C@H](O)[C@@H](O)CO
5460898,69212,CC1=CC(=O)C(=O)C=C1O
5460898,70698998,CCCCCCCCCC/C=C/[C@@H](O)[C@H](COP(=O)(O)OCCN)N=C(O)CCCCCCCCCCCCCCCCC
118796897,5780,OC[C@@H](O)[C@@H](O)[C@H](O)[C@@H](O)CO
118796897,5282409,CN(C)CCOC(c1ccc(Cl)cc1)c1ccccn1.O=C(O)/C=C\C(=O)O
442630,49859627,COc1cccc2[nH]cc(C/C(=N/OS(=O)(=O)[O-])S[C@@H]3O[C@H](CO)[C@@H](O)[C@H](O)[C@H]3O)c12
442630,58321253,Nc1ccc(N=Nc2ccc(S(=O)(=O)[O-])cc2)cc1S(=O)(=O)[O-]
7567127,86289694,C[C@H](CCCCCCCCC/C=C/C(=O)O)O[C@@H]1O[C@@H](C)[C@H](O)C[C@H]1O
7567127,279,N=C(O)NC(CC(=O)O)C(=O)O
7567127,419775,COc1cc2c(cc1OC)C1Cc3cc(OC)c(OC)cc3C(C2)N1
11476460,49859627,COc1cccc2[nH]cc(C/C(=N/OS(=O)(=O)[O-])S[C@@H]3O[C@H](CO)[C@@H](O)[C@H](O)[C@H]3O)c12
11476460,124202054,CCCCCCCCCCCCCCCCCC(=O)OCCOCC(OCCO)[C@H]1OCC(OCCO)[C@H]1OCCO
25058191,5780,OC[C@@H](O)[C@@H](O)[C@H](O)[C@@H](O)CO
25058191,44575331,CC(C)CCC[C@@H](C)COS(=O)(=O)[O-]
70698315,46931152,CCCCCCCC/C=C\CCCCCCCC(=O)OC[C@H](COP(=O)(O)OCC(O)COP(=O)(O)OC[C@@H](COC(=O)CCCCCCC/C=C\CCCCCCCC)OC(=O)CCCCCCC/C=C\CCCCCCCC)OC(=O)CCCCCCC/C=C\CCCCCCCC
70698315,20848964,C[C@H](CCC(=O)[O-])[C@H]1CC[C@H]2[C@@H]3[C@H](O)C[C@@H]4C[C@@H](O)CC[C@]4(C)[C@H]3C[C@H](O)[C@]12C
73466,5354212,COC(=O)/C=C1/CC[C@H]2[C@@H]3CCC4=CC(=O)CC[C@]4(C)[C@H]3C(=O)C[C@]12C
73466,71296178,CC(O)=N[C@@H]1[C@@H](O[C@@H]2O[C@H](CO)[C@H](O)[C@H](O[C@@H]3O[C@H](CO)[C@@H](O[C@@H]4O[C@@H](C)[C@@H](O)[C@@H](O)[C@@H]4O)[C@H](O[C@@H]4O[C@H](CO)[C@H](O)[C@H](O[C@]5(C(=O)O)C[C@H](O)[C@@H](N=C(C)O)[C@H]([C@H](O)[C@H](O)CO)O5)[C@H]4O)[C@H]3N=C(C)O)[C@H]2O)[C@H](O[C@@H]2O[C@@H](C)[C@@H](O)[C@@H](O)[C@@H]2O)[C@@H](CO)O[C@H]1O
53356716,132282124,C[C@@H]1O[C@@H](OCCCCCC(=O)SCCN=C(O)CCN=C(O)[C@H](O)C(C)(C)COP(=O)(O)OP(=O)(O)OC[C@H]2O[C@@H](n3cnc4c(N)ncnc43)[C@H](O)[C@@H]2OP(=O)(O)O)[C@H](O)C[C@H]1O
53356716,92136209,CC(O)=N[C@H]1[C@H](O[C@H]2[C@H](O)[C@@H](N=C(C)O)C(O)O[C@@H]2CO)O[C@H](CO)[C@@H](O[C@@H]2O[C@H](CO[C@H]3O[C@H](CO)[C@@H](O)[C@H](O)[C@@H]3O[C@@H]3O[C@H](CO)[C@@H](O[C@@H]4O[C@H](CO)[C@H](O)[C@H](O[C@@H]5O[C@H](CO)[C@@H](O[C@@H]6O[C@H](CO)[C@H](O)[C@H](O[C@@H]7O[C@H](CO)[C@@H](O[C@@H]8O[C@H](CO)[C@H](O)[C@H](O[C@]9(C(=O)O)C[C@H](O)[C@@H](N=C(C)O)[C@H]([C@H](O)[C@H](O)CO)O9)[C@H]8O)[C@H](O)[C@H]7N=C(C)O)[C@H]6O)[C@H](O)[C@H]5N=C(C)O)[C@H]4O)[C@H](O)[C@H]3N=C(C)O)[C@@H](O)[C@H](O[C@H]3O[C@H](CO)[C@@H](O)[C@H](O)[C@@H]3O[C@@H]3O[C@H](CO)[C@@H](O[C@@H]4O[C@H](CO)[C@H](O)[C@H](O[C@@H]5O[C@H](CO)[C@@H](O[C@@H]6O[C@H](CO)[C@H](O)[C@H](O[C@@H]7O[C@H](CO)[C@@H](O[C@@H]8O[C@H](CO)[C@H](O)[C@H](O[C@]9(C(=O)O)C[C@H](O)[C@@H](N=C(C)O)[C@H]([C@H](O)[C@H](O)CO)O9)[C@H]8O)[C@H](O)[C@H]7N=C(C)O)[C@H]6O)[C@H](O)[C@H]5N=C(C)O)[C@H]4O)[C@H](O)[C@H]3N=C(C)O)[C@@H]2O)[C@@H]1O
10089677,5354212,COC(=O)/C=C1/CC[C@H]2[C@@H]3CCC4=CC(=O)CC[C@]4(C)[C@H]3C(=O)C[C@]12C
10089677,25246140,CCCCCC/C=C\CCCCCCCC(=O)O[C@H](CCCCCCCCCCC)CC(O)=N[C@H]1[C@H](OC[C@H]2O[C@H](OP(=O)(O)O)[C@H](N=C(O)C[C@H](O)CCCCCCCCCCC)[C@@H](OC(=O)C[C@H](O)CCCCCCCCCCC)[C@@H]2O)O[C@H](CO[C@]2(C(=O)O)C[C@@H](O[C@]3(C(=O)O)C[C@@H](O)[C@@H](O)[C@@H]([C@H](O)CO)O3)[C@@H](O)[C@@H]([C@H](O)CO)O2)[C@@H](OP(=O)(O)O)[C@@H]1OC(=O)C[C@@H](CCCCCCCCCCC)OC(=O)CCCCCCCCCCCCC
70679087,5780,OC[C@@H](O)[C@@H](O)[C@H](O)[C@@H](O)CO
70679087,70678725,COC1=C(Br)[C@H](O)[C@@]2(C=C1Br)CC(C(=O)NCCCCNC(=O)C1=NO[C@@]3(C=C(Br)C(=O)[C@H](Br)[C@H]3O)C1)=NO2
70679087,4149208,CCCCCCCCCCCC(=O)[O-]
6433141,5354212,COC(=O)/C=C1/CC[C@H]2[C@@H]3CCC4=CC(=O)CC[C@]4(C)[C@H]3C(=O)C[C@]12C
6433141,5281875,CC1(C)CN=C(NN=C(/C=C/c2ccc(C(F)(F)F)cc2)/C=C/c2ccc(C(F)(F)F)cc2)NC1
119058198,40490621,CC[C@@H]1O[C@@H]1C/C=C\C/C=C\C/C=C\C/C=C\CCCC(=O)[O-]
119058198,5354212,COC(=O)/C=C1/CC[C@H]2[C@@H]3CCC4=CC(=O)CC[C@]4(C)[C@H]3C(=O)C[C@]12C
119058198,122196,N[C@@H](Cc1cc(I)c(Oc2ccc(OS(=O)(=O)O)c(I)c2)c(I)c1)C(=O)O
185639,5780,OC[C@@H](O)[C@@H](O)[C@H](O)[C@@H](O)CO
185639,49859627,COc1cccc2[nH]cc(C/C(=N/OS(=O)(=O)[O-])S[C@@H]3O[C@H](CO)[C@@H](O)[C@H](O)[C@H]3O)c12
185639,135398643,O=P(O)(O)OP(=O)(O)OP(=O)(O)OC[C@H]1O[C@@H](n2cnc3c(O)ncnc32)[C@H](O)[C@@H]1O
4277439,5780,OC[C@@H](O)[C@@H](O)[C@H](O)[C@@H](O)CO
4277439,13376,CCCCN=CO
4277439,176155,CS(=O)c1ccc(-c2nc(-c3ccncc3)c(-c3ccc(F)cc3)[nH]2)cc1
6431015,56955923,O=[As]([O-])(O)c1ccccc1
6431015,91666321,CCCCC/C=C\CCC(=O)O[C@@H]1[C@@H](O)[C@H](O)[C@@H](CO)O[C@H]1Nc1c2cc3cc1Oc1ccc(cc1Cl)[C@@H](O[C@@H]1O[C@H](CO)[C@@H](O)[C@H](O)[C@H]1N=C(C)O)[C@@H]1N=C(O)[C@H](N=C(O)[C@@H]3N=C(O)[C@H]3N=C(O)[C@@H](Cc4ccc(c(Cl)c4)O2)N=C(O)[C@H](N)c2ccc(O)c(c2)Oc2cc(O)cc3c2)c2ccc(O)c(c2)-c2c(O[C@H]3O[C@H](CO)[C@@H](O)[C@H](O)[C@@H]3O)cc(O)cc2[C@@H](C(=O)O)N=C1O
53792010,65070,O=c1nc(O)ccn1[C@H]1C[C@H](O)[C@@H](COP(=O)(O)OP(=O)(O)OP(=O)(O)O)O1
53792010,121596220,CC(C(=O)[O-])C(=O)OC(CC(=O)[O-])C[N+](C)(C)C
53792010,25202957,COP(=O)(O)OCCNC(=N)N
38081,23674745,CC(C(=O)[O-])c1ccc(CC2CCCC2=O)cc1.O.O.[Na+]
38081,25791064,COc1cc(/C=C/C=O)cc(OC)c1O[C@@H]1O[C@H](CO)[C@@H](O)[C@H](O)[C@H]1O
25245840,5780,OC[C@@H](O)[C@@H](O)[C@H](O)[C@@H](O)CO
25245840,10825777,NC(Cc1cc(O)c2c(c1)SCC(O)=N2)C(=O)O
25245840,9832350,CCCCCCCCCCCCCCCC(=O)OC[C@H]1O[C@@H](O[C@H]2CC[C@@]3(C)C(=CC[C@H]4[C@@H]5CC[C@H]([C@H](C)CC[C@@H](CC)C(C)C)[C@@]5(C)CC[C@@H]43)C2)[C@H](O)[C@@H](O)[C@@H]1O
11363,56955923,O=[As]([O-])(O)c1ccccc1
11363,69212,CC1=CC(=O)C(=O)C=C1O
11363,443277,Cc1ccc(-c2nnc(-c3ccccc3Cl)o2)s1
70788998,56955923,O=[As]([O-])(O)c1ccccc1
70788998,5354212,COC(=O)/C=C1/CC[C@H]2[C@@H]3CCC4=CC(=O)CC[C@]4(C)[C@H]3C(=O)C[C@]12C
70788998,25164000,O=C1C[C@H]2SC=CN12
53477563,91862576,OC[C@H]1O[C@H](O[C@@H]2[C@H](O)[C@H](O[C@H]3[C@H](O)[C@H](O)[C@H](O)O[C@@H]3CO)O[C@H](CO)[C@H]2O)[C@@H](O)[C@@H](O)[C@@H]1O
53477563,46931152,CCCCCCCC/C=C\CCCCCCCC(=O)OC[C@H](COP(=O)(O)OCC(O)COP(=O)(O)OC[C@@H](COC(=O)CCCCCCC/C=C\CCCCCCCC)OC(=O)CCCCCCC/C=C\CCCCCCCC)OC(=O)CCCCCCC/C=C\CCCCCCCC
53477563,82473,C[C@@H]1O[C@@H](Oc2ccc([N+](=O)[O-])cc2)[C@@H](O)[C@H](O)[C@@H]1O
5317750,25243884,O=c1c(-c2ccc([O-])cc2O)coc2cc(O)cc(O)c12
5317750,23674745,CC(C(=O)[O-])c1ccc(CC2CCCC2=O)cc1.O.O.[Na+]
5317750,10430190,CNCCc1c(OC)c(OC)c(OC)c2c1ccc1cc(OC)c(OC)cc12
447568,10313378,CSC[C@H]1OC(O)[C@H](O)[C@@H]1O
447568,30951,C=CCOc1ccc(CC(=O)O)cc1Cl
447568,540,N#CO
92434,86416,Cc1cccc(C(=O)O)c1S(=O)(=O)NC(O)=Nc1nc(OCC(F)(F)F)nc(N(C)C)n1
92434,49859627,COc1cccc2[nH]cc(C/C(=N/OS(=O)(=O)[O-])S[C@@H]3O[C@H](CO)[C@@H](O)[C@H](O)[C@H]3O)c12
92434,6443777,CC(C)=CCC/C(C)=C/CC/C(C)=C/CC/C(C)=C/CC/C(C)=C/CC/C(C)=C/CC/C(C)=C/CC/C(C)=C/CC/C(C)=C/Cc1cc(C(=O)O)ccc1O
71464681,71298190,CC(O)=N[C@H]1C(O)O[C@H](CO)[C@H](O)[C@@H]1O[C@@H]1O[C@H](CO)[C@H](O[C@H]2O[C@H](CO)[C@H](O)[C@H](O)[C@H]2O)[C@H](O)[C@H]1O[C@@H]1O[C@@H](C)[C@@H](O)[C@@H](O)[C@@H]1O
71464681,241582,N#CCc1ccc(Cl)cc1
24802447,5780,OC[C@@H](O)[C@@H](O)[C@H](O)[C@@H](O)CO
24802447,14345637,CCCCC/C=C\C/C=C\C/C=C\C/C=C\CCCC(=O)OC(CO)COC(=O)CCCCCCCCCCCCCCCCC
24802447,86289672,C[C@H](CCCCCC(=O)O)O[C@@H]1O[C@@H](C)[C@H](O)C[C@H]1O
86289484,86289485,Cc1cccc2c(C(=O)O)cc([O-])cc12
86289484,5780,OC[C@@H](O)[C@@H](O)[C@H](O)[C@@H](O)CO
86289484,446987,C[C@@H]1O[C@@H]1P(=O)(O)O
6276,5780,OC[C@@H](O)[C@@H](O)[C@H](O)[C@@H](O)CO
6276,137547,C#CCC(=O)O
6276,53355896,CC[C@H](C)/C=C/C1=CC2=C(Cl)C(=O)[C@@]3(C)OC(=O)C(C(=O)[C@H](C)CC)=C3C2=CO1
5243870,23674745,CC(C(=O)[O-])c1ccc(CC2CCCC2=O)cc1.O.O.[Na+]
5243870,224389,NC(CCC(=O)O)CC(=O)O
73064,5780,OC[C@@H](O)[C@@H](O)[C@H](O)[C@@H](O)CO
73064,69212,CC1=CC(=O)C(=O)C=C1O
73064,126456515,CCCCCC/C=C\CCCCCCCC(=O)OC(CCCCCCCCC)CCCCCCCC(=O)O
5464032,52929771,CCCCCCCCCCCCCCCC/C=C\OC[C@@H](O)COP(=O)(O)O
5464032,21158461,CCCCC[C@@H](/C=C/C=C\CCCCCCCC(=O)[O-])OO
440064,5780,OC[C@@H](O)[C@@H](O)[C@H](O)[C@@H](O)CO
440064,69212,CC1=CC(=O)C(=O)C=C1O
440064,70678703,C=C(C)C1Cc2c(oc3cc(OC)c(/C=C/C(C)C)c(O)c3c2=O)-c2ccc(O)cc2O1
10257566,440649,Cc1ncc(C[n+]2c(C(O)CCC(=O)O)sc(CCOP(=O)(O)OP(=O)(O)O)c2C)c(=N)[nH]1
10257566,9033,C1CN1
11825433,5780,OC[C@@H](O)[C@@H](O)[C@H](O)[C@@H](O)CO
11825433,52929771,CCCCCCCCCCCCCCCC/C=C\OC[C@@H](O)COP(=O)(O)O
11825433,7567127,C[C@H]1O[C@@H](O)[C@H](O)[C@H](O)[C@H]1O
24178773,10343437,CC(=O)O[C@@H]1C[C@@H]2[C@@]3(C)CCCC(C)(C)[C@@H]3CC[C@@]2(C)[C@@H]2CC=C3C(=O)O[C@@H](O)[C@@H]3[C@@]12C
24178773,49859627,COc1cccc2[nH]cc(C/C(=N/OS(=O)(=O)[O-])S[C@@H]3O[C@H](CO)[C@@H](O)[C@H](O)[C@H]3O)c12
24178773,118797943,CCCCCCCCCCCCCCCCCCCCC(O)=N[C@@H](CO)[C@H](O)/C=C/CCCCCCCCC(C)CC
25058109,5780,OC[C@@H](O)[C@@H](O)[C@H](O)[C@@H](O)CO
25058109,49859627,COc1cccc2[nH]cc(C/C(=N/OS(=O)(=O)[O-])S[C@@H]3O[C@H](CO)[C@@H](O)[C@H](O)[C@H]3O)c12
25058109,123953,Nc1ncnc2c1ncn2[C@@H]1O[C@H](COP(=O)(O)OP(=O)(O)OC[C@H]2O[C@@H]([n+]3cccc(C(=O)O)c3)[C@H](O)[C@@H]2O)[C@@H](O)[C@H]1OP(=O)(O)O
50908214,52929771,CCCCCCCCCCCCCCCC/C=C\OC[C@@H](O)COP(=O)(O)O
50908214,25183872,CC(C)C[C@H](N=C(O)CN=C(O)c1cc(Cl)ccc1Cl)B(O)O
5282452,24848419,O=C([O-])C[C@H](O)C[C@H](O)/C=C/c1c(C2CC2)nc2ccccc2c1-c1ccc(F)cc1
5282452,52929771,CCCCCCCCCCCCCCCC/C=C\OC[C@@H](O)COP(=O)(O)O
5282452,17756117,Cc1cc2cc(=O)cc3oc(C)cc([nH]1)c23
126843487,122706306,C[C@H](CCC(=O)SCCN=C([O-])CCN=C([O-])[C@H](O)C(C)(C)COP(=O)(O)OP(=O)(O)OC[C@H]1O[C@@H](n2cnc3c(N)ncnc32)[C@H](O)[C@@H]1OP(=O)([O-])[O-])[C@H]1CC[C@H]2[C@@H]3[C@@H](O)C[C@@H]4CC(=O)CC[C@]4(C)[C@H]3CC[C@]12C
126843487,134160296,CSC[C@H]1O[C@H](O[C@H]2[C@H](O)[C@H](O)[C@@H](OC[C@H]3O[C@@H](O[C@@H]4[C@@H](OC[C@H]5O[C@H](OC[C@H]6OC(O)[C@@H](O)[C@@H]6O)[C@@H](O)[C@@H]5O[C@H]5O[C@H](CO)[C@@H](O)[C@@H]5O[C@@H]5O[C@H](CO)[C@@H](O)[C@@H]5O)O[C@H](CO)[C@H]4O)[C@@H](O)[C@@H]3O)O[C@@H]2CO)[C@H](O)[C@H]1O
126843487,118796935,N[C@H]1C[C@H](COP(=O)(O)O)[C@@H](O)[C@H](O)[C@H]1O
45266877,23674745,CC(C(=O)[O-])c1ccc(CC2CCCC2=O)cc1.O.O.[Na+]
45266877,71464507,CCCCCCCC/C=C\CCCCCCCCCC(=O)OC(CC(=O)[O-])C[N+](C)(C)C
449688,5780,OC[C@@H](O)[C@@H](O)[C@H](O)[C@@H](O)CO
449688,13376,CCCCN=CO
449688,91848035,OC[C@H]1O[C@H](O[C@@H]2[C@@H](O)[C@@H](O[C@H]3[C@H](O)[C@@H](CO)OC(O)[C@@H]3O)O[C@@H]2CO)[C@H](O)[C@H]1O
5328,10825777,NC(Cc1cc(O)c2c(c1)SCC(O)=N2)C(=O)O
5328,7059387,N[C@@H](COP(=O)([O-])O)C(=O)[O-]
91855781,16062700,CC(O)=N[C@H]1[C@H](O[C@H]2[C@@H](O)[C@@H](CO)OC(O)[C@@H]2O)O[C@H](CO)[C@H](O)[C@@H]1O[C@@H]1O[C@H](CO)[C@H](O)[C@H](O)[C@H]1O
91855781,440649,Cc1ncc(C[n+]2c(C(O)CCC(=O)O)sc(CCOP(=O)(O)OP(=O)(O)O)c2C)c(=N)[nH]1
91855781,129011050,COC(=O)CCCCCO[C@H]1O[C@H](C)[C@@H](N=CO)[C@H](O[C@H]2O[C@H](C)[C@@H](N=CO)[C@H](O)[C@@H]2OC)[C@@H]1O
40488288,5354212,COC(=O)/C=C1/CC[C@H]2[C@@H]3CCC4=CC(=O)CC[C@]4(C)[C@H]3C(=O)C[C@]12C
40488288,92475873,C[C@@H]1CN(C(=O)/C=C/c2ccccc2)[C@H](C)CN1C
244285,56955923,O=[As]([O-])(O)c1ccccc1
244285,5780,OC[C@@H](O)[C@@H](O)[C@H](O)[C@@H](O)CO
244285,135413494,Cl.OC1=NC2=Nc3ccc(Cl)c(Cl)c3CN2C1
50909829,10312147,OC[C@H]1O[C@@H](Oc2cc3c(O)cc(O)cc3[o+]c2-c2ccc(O)c(O)c2)[C@H](O[C@@H]2OC[C@@H](O)[C@H](O)[C@H]2O)[C@@H](O)[C@H]1O
50909829,14345637,CCCCC/C=C\C/C=C\C/C=C\C/C=C\CCCC(=O)OC(CO)COC(=O)CCCCCCCCCCCCCCCCC
50909829,6431015,CC1=CC[C@@]23C[C@@H]1C(C)(C)[C@@H]2CC[C@H]3C
5283960,52929771,CCCCCCCCCCCCCCCC/C=C\OC[C@@H](O)COP(=O)(O)O
5283960,9986866,COC(=O)CC1Cc2cc3c(-c4c(OC)cc(O)c5c(O)c6c(cc45)CC(CC(=O)OC)OC6=O)c(OC)cc(O)c3c(O)c2C(=O)O1
104794,49859627,COc1cccc2[nH]cc(C/C(=N/OS(=O)(=O)[O-])S[C@@H]3O[C@H](CO)[C@@H](O)[C@H](O)[C@H]3O)c12
104794,9338,O=C(O)c1c(O)cccc1O
228491,44263378,C[C@H](CCC(O)=NCCS(=O)(=O)O)[C@H]1CC[C@H]2[C@@H]3[C@@H](O)C[C@@H]4C[C@H](O)CC[C@]4(C)[C@H]3C[C@H](O)[C@]12C
228491,23674745,CC(C(=O)[O-])c1ccc(CC2CCCC2=O)cc1.O.O.[Na+]
228491,6584,COC(C)=O
30231,14345637,CCCCC/C=C\C/C=C\C/C=C\C/C=C\CCCC(=O)OC(CO)COC(=O)CCCCCCCCCCCCCCCCC
30231,6341,CCN
50901029,46931152,CCCCCCCC/C=C\CCCCCCCC(=O)OC[C@H](COP(=O)(O)OCC(O)COP(=O)(O)OC[C@@H](COC(=O)CCCCCCC/C=C\CCCCCCCC)OC(=O)CCCCCCC/C=C\CCCCCCCC)OC(=O)CCCCCCC/C=C\CCCCCCCC
50901029,5880,C[C@]12CC[C@@H](O)C[C@H]1CC[C@@H]1[C@@H]2CC[C@]2(C)C(=O)CC[C@@H]12
118796909,10825777,NC(Cc1cc(O)c2c(c1)SCC(O)=N2)C(=O)O
118796909,71298190,CC(O)=N[C@H]1C(O)O[C@H](CO)[C@H](O)[C@@H]1O[C@@H]1O[C@H](CO)[C@H](O[C@H]2O[C@H](CO)[C@H](O)[C@H](O)[C@H]2O)[C@H](O)[C@H]1O[C@@H]1O[C@@H](C)[C@@H](O)[C@@H](O)[C@@H]1O
16114919,23674745,CC(C(=O)[O-])c1ccc(CC2CCCC2=O)cc1.O.O.[Na+]
16114919,11546620,C[C@@H](O)[C@H](NC(=O)c1ccc(C#Cc2ccc(CN3CCOCC3)cc2)cc1)C(O)=NO
43708,49859627,COc1cccc2[nH]cc(C/C(=N/OS(=O)(=O)[O-])S[C@@H]3O[C@H](CO)[C@@H](O)[C@H](O)[C@H]3O)c12
43708,12901,COP(=S)(OC)SCN1C(=O)c2ccccc2C1=O
70697744,30951,C=CCOc1ccc(CC(=O)O)cc1Cl
70697744,70698075,CC1=CC(=O)O[C@@H]1[C@@]1(C)C[C@H]2OC(=O)[C@H](O)[C@H]3[C@@H](CO)[C@@H](O)[C@H](O)[C@H]1[C@]32C
126456484,14212362,Nc1nc(O)nc2c1ncn2[C@@H]1O[C@H](COP(=O)(O)O)[C@@H](O)[C@H]1O
126456484,132282124,C[C@@H]1O[C@@H](OCCCCCC(=O)SCCN=C(O)CCN=C(O)[C@H](O)C(C)(C)COP(=O)(O)OP(=O)(O)OC[C@H]2O[C@@H](n3cnc4c(N)ncnc43)[C@H](O)[C@@H]2OP(=O)(O)O)[C@H](O)C[C@H]1O
126456484,122391271,NCCO[C@@H]1O[C@H](CO)[C@@H](O[C@@H]2O[C@H](C(=O)O)[C@@H](O)[C@H](O)[C@H]2O)[C@H](O)[C@H]1O
18343309,5780,OC[C@@H](O)[C@@H](O)[C@H](O)[C@@H](O)CO
18343309,443144,CC(=O)C[C@@H]1CCCN1C
18343309,53957446,Cc1nn([C@H]2C[C@H](O)[C@@H](COP(=O)(O)O)O2)c(=O)nc1O
136163229,49859627,COc1cccc2[nH]cc(C/C(=N/OS(=O)(=O)[O-])S[C@@H]3O[C@H](CO)[C@@H](O)[C@H](O)[C@H]3O)c12
136163229,51548329,CC1=C2[C@H](/C=C(\C)C(=O)[O-])CC[C@@H](C)[C@H]2CC1
70678811,5780,OC[C@@H](O)[C@@H](O)[C@H](O)[C@@H](O)CO
70678811,10825777,NC(Cc1cc(O)c2c(c1)SCC(O)=N2)C(=O)O
70678811,135398667,O=P(O)(O)OP(=O)(O)OC[C@H]1O[C@@H](n2cnc3c(O)ncnc32)C[C@@H]1O
54177449,5780,OC[C@@H](O)[C@@H](O)[C@H](O)[C@@H](O)CO
54177449,10825777,NC(Cc1cc(O)c2c(c1)SCC(O)=N2)C(=O)O
54177449,11546620,C[C@@H](O)[C@H](NC(=O)c1ccc(C#Cc2ccc(CN3CCOCC3)cc2)cc1)C(O)=NO
57404333,49859627,COc1cccc2[nH]cc(C/C(=N/OS(=O)(=O)[O-])S[C@@H]3O[C@H](CO)[C@@H](O)[C@H](O)[C@H]3O)c12
57404333,5280889,CCCCC[C@H](O)/C=C/[C@H]1[C@H](O)CC(=O)[C@@H]1CC(=O)CCCCC(=O)O
12444628,56955923,O=[As]([O-])(O)c1ccccc1
12444628,23674745,CC(C(=O)[O-])c1ccc(CC2CCCC2=O)cc1.O.O.[Na+]
12444628,34006,CCOC(C)C(=O)C(O)O
6347578,443144,CC(=O)C[C@@H]1CCCN1C
6347578,5780,OC[C@@H](O)[C@@H](O)[C@H](O)[C@@H](O)CO
6347578,45266800,CC1(C)S[C@H](C(N=C(O)Cc2ccccc2)C(O)=NCCCC[C@@H](N)C(=O)O)N[C@H]1C(=O)O.NCCCC[C@@H](N)C(=O)O
25244039,443453,C=C1C[C@]23C[C@H]1CC[C@H]2[C@]1(CO)CCC[C@@](C)(C(=O)O)[C@H]1[C@@H]3C(=O)O
25244039,5354212,COC(=O)/C=C1/CC[C@H]2[C@@H]3CCC4=CC(=O)CC[C@]4(C)[C@H]3C(=O)C[C@]12C
25244039,145712527,C=CC(C)(C)c1[nH]c2ccccc2c1CC1=CN2CCC[C@H]2C(O)=N1
71627264,10312147,OC[C@H]1O[C@@H](Oc2cc3c(O)cc(O)cc3[o+]c2-c2ccc(O)c(O)c2)[C@H](O[C@@H]2OC[C@@H](O)[C@H](O)[C@H]2O)[C@@H](O)[C@H]1O
71627264,440649,Cc1ncc(C[n+]2c(C(O)CCC(=O)O)sc(CCOP(=O)(O)OP(=O)(O)O)c2C)c(=N)[nH]1
71627264,90658186,O=C(O)[C@]1(O)C[C@H](O)[C@@H](O)[C@H]([C@H](O)[C@H](O)COP(=O)(O)O)O1
52926014,5780,OC[C@@H](O)[C@@H](O)[C@H](O)[C@@H](O)CO
52926014,53239731,CC(O)=N[C@@H]1[C@@H](O[C@@H]2O[C@@H](C)[C@@H](O)[C@@H](O)[C@@H]2O)[C@H](O[C@@H]2O[C@H](CO)[C@@H](O)[C@H](O)[C@H]2N=C(C)O)[C@@H](CO[C@@H]2O[C@@H](C)[C@@H](O)[C@@H](O)[C@@H]2O)O[C@H]1O
52926014,53861142,C[C@@H](O)[C@H](N=C(O)CC[C@H](N)C(=O)O)C(=O)O
5358363,5780,OC[C@@H](O)[C@@H](O)[C@H](O)[C@@H](O)CO
5358363,443144,CC(=O)C[C@@H]1CCCN1C
5358363,92729,Cc1c(O)cc2c(c1C)O[C@](C)(CCC[C@H](C)CCC[C@H](C)CCCC(C)C)CC2
24597,5780,OC[C@@H](O)[C@@H](O)[C@H](O)[C@@H](O)CO
24597,5780,OC[C@@H](O)[C@@H](O)[C@H](O)[C@@H](O)CO
24597,9543003,CC(C)(COP(=O)(O)OP(=O)(O)OC[C@H]1O[C@@H](n2cnc3c(N)ncnc32)[C@H](O)[C@@H]1OP(=O)(O)O)[C@@H](O)C(O)=NCCC(O)=NCCSC(=O)/C(=C/c1ccccc1)CC(=O)O
71464513,5780,OC[C@@H](O)[C@@H](O)[C@H](O)[C@@H](O)CO
71464513,279,N=C(O)NC(CC(=O)O)C(=O)O
71464513,10477690,COC(=O)[C@@]12C(=O)C(C)=C(O)[C@]1(C)C(C)=C[C@H]1[C@]3(C)CCC(=O)C(C)(C)[C@H]3CC[C@@]12C
86290125,15375588,Cc1cn([C@H]2C[C@H](O)[C@@H](COP(=O)(O)OP(=O)(O)O[C@H]3O[C@@H](C)[C@@H](O)[C@@H](O)[C@H]3O)O2)c(=O)nc1O
86290125,132282124,C[C@@H]1O[C@@H](OCCCCCC(=O)SCCN=C(O)CCN=C(O)[C@H](O)C(C)(C)COP(=O)(O)OP(=O)(O)OC[C@H]2O[C@@H](n3cnc4c(N)ncnc43)[C@H](O)[C@@H]2OP(=O)(O)O)[C@H](O)C[C@H]1O
86290125,5283159,CCCCC/C=C\C/C=C\C/C=C\C=C\C(=O)CCCC(=O)O
11954140,23674745,CC(C(=O)[O-])c1ccc(CC2CCCC2=O)cc1.O.O.[Na+]
11954140,3256859,O=C(O)CCCCCN=C(O)Cc1ccc([O-])c([N+](=O)[O-])c1
5280693,86289694,C[C@H](CCCCCCCCC/C=C/C(=O)O)O[C@@H]1O[C@@H](C)[C@H](O)C[C@H]1O
5280693,132282124,C[C@@H]1O[C@@H](OCCCCCC(=O)SCCN=C(O)CCN=C(O)[C@H](O)C(C)(C)COP(=O)(O)OP(=O)(O)OC[C@H]2O[C@@H](n3cnc4c(N)ncnc43)[C@H](O)[C@@H]2OP(=O)(O)O)[C@H](O)C[C@H]1O
5280693,69351,CCCCCCCC(=O)OCCC
72193813,14212362,Nc1nc(O)nc2c1ncn2[C@@H]1O[C@H](COP(=O)(O)O)[C@@H](O)[C@H]1O
72193813,132282124,C[C@@H]1O[C@@H](OCCCCCC(=O)SCCN=C(O)CCN=C(O)[C@H](O)C(C)(C)COP(=O)(O)OP(=O)(O)OC[C@H]2O[C@@H](n3cnc4c(N)ncnc43)[C@H](O)[C@@H]2OP(=O)(O)O)[C@H](O)C[C@H]1O
72193813,5281604,COc1cc(O)cc2oc(-c3ccc(O)c(O)c3)c(O)c(=O)c12
86583354,25245067,CCCCCCCCCCCCCC(=O)O[C@H](CCCCCCCCCCC)CC(=O)O[C@@H]1[C@@H](N=C(O)C[C@@H](CCCCCCCCCCC)OC(=O)CCCCCCCCCCC)[C@H](OC[C@H]2O[C@H](OP(=O)(O)O[C@H]3OC[C@H](N)[C@H](O)[C@H]3O)[C@H](N=C(O)C[C@H](O)CCCCCCCCCCC)[C@@H](OC(=O)C[C@H](O)CCCCCCCCCCC)[C@@H]2O)O[C@H](CO[C@]2(C(=O)O)C[C@@H](O[C@]3(C(=O)O)C[C@@H](O)[C@@H](O)[C@@H]([C@H](O)CO)O3)[C@@H](O)[C@@H]([C@H](O)CO)O2)[C@H]1OP(=O)(O)O[C@H]1OC[C@H](N)[C@H](O)[C@H]1O
86583354,44237331,COc1cc(/C=C/C(=O)OCCCCCCCCCCCCCCCC(=O)O)ccc1[O-]
53477615,46931152,CCCCCCCC/C=C\CCCCCCCC(=O)OC[C@H](COP(=O)(O)OCC(O)COP(=O)(O)OC[C@@H](COC(=O)CCCCCCC/C=C\CCCCCCCC)OC(=O)CCCCCCC/C=C\CCCCCCCC)OC(=O)CCCCCCC/C=C\CCCCCCCC
53477615,52921890,CC[C@H](O)/C=C/C=C\C[C@@H](O)/C=C/C=C/C=C\[C@@H](O)CCCC(=O)O
9281,70678725,COC1=C(Br)[C@H](O)[C@@]2(C=C1Br)CC(C(=O)NCCCCNC(=O)C1=NO[C@@]3(C=C(Br)C(=O)[C@H](Br)[C@H]3O)C1)=NO2
9281,5424,O=C1C(O)=C(O)C(=O)C(O)=C1O
5283137,86289694,C[C@H](CCCCCCCCC/C=C/C(=O)O)O[C@@H]1O[C@@H](C)[C@H](O)C[C@H]1O
5283137,5354212,COC(=O)/C=C1/CC[C@H]2[C@@H]3CCC4=CC(=O)CC[C@]4(C)[C@H]3C(=O)C[C@]12C
5283137,2723698,Sc1ccccn1
131841573,13284402,O=CC(=O)c1c[nH]c2ccccc12
131841573,10825777,NC(Cc1cc(O)c2c(c1)SCC(O)=N2)C(=O)O
131841573,46184995,COc1ccc2nc3n(c(=O)c2c1)-c1ccccc1C(=O)N1CCC[C@@H]31
129011085,71298190,CC(O)=N[C@H]1C(O)O[C@H](CO)[C@H](O)[C@@H]1O[C@@H]1O[C@H](CO)[C@H](O[C@H]2O[C@H](CO)[C@H](O)[C@H](O)[C@H]2O)[C@H](O)[C@H]1O[C@@H]1O[C@@H](C)[C@@H](O)[C@@H](O)[C@@H]1O
129011085,102571770,CCCCC/C=C\C/C=C\C/C=C\C=C\C(CCCC(=O)[O-])OO
87,5780,OC[C@@H](O)[C@@H](O)[C@H](O)[C@@H](O)CO
87,13376,CCCCN=CO
87,20849182,C[C@H](CCC(=O)O)[C@H]1CC[C@H]2[C@@H]3[C@H](O)C[C@@H]4C[C@H](O[C@@H]5O[C@H](C(=O)O)[C@@H](O)[C@H](O)[C@H]5O)CC[C@]4(C)[C@H]3CC[C@]12C
92139,56955923,O=[As]([O-])(O)c1ccccc1
92139,5780,OC[C@@H](O)[C@@H](O)[C@H](O)[C@@H](O)CO
92139,5362833,CC/C=C\CC/C=C/CO
10237010,5780,OC[C@@H](O)[C@@H](O)[C@H](O)[C@@H](O)CO
10237010,5354212,COC(=O)/C=C1/CC[C@H]2[C@@H]3CCC4=CC(=O)CC[C@]4(C)[C@H]3C(=O)C[C@]12C
10237010,38521,N=C(N)NCC1COC2(CCCCC2)O1
644065,14212362,Nc1nc(O)nc2c1ncn2[C@@H]1O[C@H](COP(=O)(O)O)[C@@H](O)[C@H]1O
644065,70678725,COC1=C(Br)[C@H](O)[C@@]2(C=C1Br)CC(C(=O)NCCCCNC(=O)C1=NO[C@@]3(C=C(Br)C(=O)[C@H](Br)[C@H]3O)C1)=NO2
644065,50909836,CC(C)(COP(=O)(O)OP(=O)(O)OC[C@H]1O[C@@H](n2cnc3c(N)ncnc32)[C@H](O)[C@@H]1OP(=O)(O)O)[C@@H](O)C(O)=NCCC(O)=NCCSC(=O)CCC[N+](C)(C)C
56927861,56927826,N=C([O-])C1=CN([C@@H]2O[C@H](COP(=O)([O-])OP(=O)(O)OC[C@H]3O[C@@H](n4cnc5c(N)ncnc54)[C@H](OP(=O)([O-])[O-])[C@@H]3O)[C@@H](O)[C@H]2O)[C@H](O)CC1
56927861,53239731,CC(O)=N[C@@H]1[C@@H](O[C@@H]2O[C@@H](C)[C@@H](O)[C@@H](O)[C@@H]2O)[C@H](O[C@@H]2O[C@H](CO)[C@@H](O)[C@H](O)[C@H]2N=C(C)O)[C@@H](CO[C@@H]2O[C@@H](C)[C@@H](O)[C@@H](O)[C@@H]2O)O[C@H]1O
56927861,25053148,COc1c2n(c3ccccc13)[C@]1(O)C(=O)N(C)C(=O)[C@]1(O)c1c-2[nH]c2ccccc12
3334,23674745,CC(C(=O)[O-])c1ccc(CC2CCCC2=O)cc1.O.O.[Na+]
3334,460602,CCCCCCCCCCCCCCCC(=O)OC[C@@H](O)COP(=O)([O-])OCC[N+](C)(C)C
70679193,5780,OC[C@@H](O)[C@@H](O)[C@H](O)[C@@H](O)CO
70679193,53239731,CC(O)=N[C@@H]1[C@@H](O[C@@H]2O[C@@H](C)[C@@H](O)[C@@H](O)[C@@H]2O)[C@H](O[C@@H]2O[C@H](CO)[C@@H](O)[C@H](O)[C@H]2N=C(C)O)[C@@H](CO[C@@H]2O[C@@H](C)[C@@H](O)[C@@H](O)[C@@H]2O)O[C@H]1O
70679193,34006,CCOC(C)C(=O)C(O)O
5288907,91855080,OC[C@H]1OC(O)[C@H](O)[C@@H](O[C@@H]2OC[C@@H](O)[C@H](O)[C@H]2O)[C@@H]1O
5288907,52929771,CCCCCCCCCCCCCCCC/C=C\OC[C@@H](O)COP(=O)(O)O
5288907,45266584,CC(C)(COP(=O)(O)OP(=O)(O)OC[C@H]1O[C@@H](n2cnc3c(N)ncnc32)[C@H](O)[C@@H]1OP(=O)([O-])O)[C@@H](O)C([O-])=NCCC([O-])=NCCSC(=O)/C=C/c1ccc([O-])cc1
129320392,5780,OC[C@@H](O)[C@@H](O)[C@H](O)[C@@H](O)CO
129320392,5780,OC[C@@H](O)[C@@H](O)[C@H](O)[C@@H](O)CO
129320392,46878538,CCC#CC#CC#CC(=N)O
8813,14345637,CCCCC/C=C\C/C=C\C/C=C\C/C=C\CCCC(=O)OC(CO)COC(=O)CCCCCCCCCCCCCCCCC
8813,24779048,CCCCC/C=C\C/C=C\C/C=C\C/C=C\CCCC(=O)O[C@H](COC(=O)CCCCCCCCCCCCCCCCCCC)COP(=O)([O-])OCC[N+](C)(C)C
13586798,135514797,COc1cc(/C=N/O)nc(-c2ccccn2)c1
13586798,56955923,O=[As]([O-])(O)c1ccccc1
13586798,58891638,CCOC(O)=N[C@@H]1CC[C@@H]2[C@@H](C1)C[C@H]1C(=O)O[C@H](C)[C@H]1[C@H]2/C=C/c1ccc(-c2cccc(F)c2)c[nH+]1
16061104,23674745,CC(C(=O)[O-])c1ccc(CC2CCCC2=O)cc1.O.O.[Na+]
16061104,21843,C=CN1CC1
3008318,49859627,COc1cccc2[nH]cc(C/C(=N/OS(=O)(=O)[O-])S[C@@H]3O[C@H](CO)[C@@H](O)[C@H](O)[C@H]3O)c12
3008318,53477603,CC(O)=N[C@@H]1C[C@H](O[C@@H]2O[C@H](CO)[C@H](O)[C@H](O[C@H]3O[C@H](CO)[C@H](O)[C@H](O)[C@H]3O)[C@H]2O)[C@@H](CO)OC1O
12118082,5354212,COC(=O)/C=C1/CC[C@H]2[C@@H]3CCC4=CC(=O)CC[C@]4(C)[C@H]3C(=O)C[C@]12C
12118082,5461136,C[As]([O-])[O-]
9884262,11794029,CC[C@@H](C)c1cc(=O)c2c(CO)cc3c(c2o1)C(=O)c1c(O)cccc1C3=O
9884262,5354212,COC(=O)/C=C1/CC[C@H]2[C@@H]3CCC4=CC(=O)CC[C@]4(C)[C@H]3C(=O)C[C@]12C
9884262,9983303,Cc1ccc(C(O)=Nc2cccc(N3CCOCC3)c2)cc1-c1ccc2c(C3CCNCC3)noc2c1
91847513,91856437,OC[C@H]1O[C@@H](O[C@H]2C(O)O[C@H](CO)[C@H](O)[C@@H]2O)[C@H](O)[C@@H](O)[C@H]1O
91847513,5354212,COC(=O)/C=C1/CC[C@H]2[C@@H]3CCC4=CC(=O)CC[C@]4(C)[C@H]3C(=O)C[C@]12C
91847513,51351812,C=CC1=C(C)C([O-])=NC1Cc1[nH]c(Cc2[nH]c3c(c2C)C(=O)C/C3=C2/N[C@H](C(=O)O)[C@@H](C)[C@@H]2CCC(=O)[O-])c(CC)c1C
45480615,53239731,CC(O)=N[C@@H]1[C@@H](O[C@@H]2O[C@@H](C)[C@@H](O)[C@@H](O)[C@@H]2O)[C@H](O[C@@H]2O[C@H](CO)[C@@H](O)[C@H](O)[C@H]2N=C(C)O)[C@@H](CO[C@@H]2O[C@@H](C)[C@@H](O)[C@@H](O)[C@@H]2O)O[C@H]1O
45480615,86289860,O=C(O)C[C@H](O)CCCCCCCO
72144,10825777,NC(Cc1cc(O)c2c(c1)SCC(O)=N2)C(=O)O
72144,20835389,CCCCC/C=C\C/C=C\C/C=C\C/C=C\CCCC(=O)OC(COC(=O)CCCCCCCCCCCCCCCCC)COP(=O)(O)O
66679550,70678957,C[C@@H]1O[C@@H](O[C@H]2[C@H](O[C@H]3[C@H](O)[C@@H](O)[C@H](O)O[C@@H]3CO)O[C@H](CO)[C@H](O)[C@@H]2O[C@H]2O[C@H](CO)[C@H](O)[C@H](O)[C@H]2O)[C@@H](O)[C@H](O)[C@@H]1O
66679550,53239731,CC(O)=N[C@@H]1[C@@H](O[C@@H]2O[C@@H](C)[C@@H](O)[C@@H](O)[C@@H]2O)[C@H](O[C@@H]2O[C@H](CO)[C@@H](O)[C@H](O)[C@H]2N=C(C)O)[C@@H](CO[C@@H]2O[C@@H](C)[C@@H](O)[C@@H](O)[C@@H]2O)O[C@H]1O
66679550,5460889,CSCC[C@@H](N)C(=O)[O-]
16212738,132282124,C[C@@H]1O[C@@H](OCCCCCC(=O)SCCN=C(O)CCN=C(O)[C@H](O)C(C)(C)COP(=O)(O)OP(=O)(O)OC[C@H]2O[C@@H](n3cnc4c(N)ncnc43)[C@H](O)[C@@H]2OP(=O)(O)O)[C@H](O)C[C@H]1O
16212738,122164861,CC(C)=CCC/C(C)=C/CC/C(C)=C/CC/C(C)=C\CC/C(C)=C\CC/C(C)=C\CC/C(C)=C\CC/C(C)=C\CC/C(C)=C\CC/C(C)=C\CC/C(C)=C\COP(=O)([O-])OP(=O)(O)O[C@H]1O[C@H](CO)[C@@H](O)[C@H](O[C@H]2O[C@H](CO)[C@H](O)[C@H](O)[C@H]2O)[C@H]1N=C(C)[O-]
41368,23674745,CC(C(=O)[O-])c1ccc(CC2CCCC2=O)cc1.O.O.[Na+]
41368,10857031,CC1=C[C@H]2[C@@H](CC1)[C@H](C)CC[C@H]2[C@@H](C)C=O
440638,5780,OC[C@@H](O)[C@@H](O)[C@H](O)[C@@H](O)CO
440638,56955923,O=[As]([O-])(O)c1ccccc1
440638,21283465,Cn1cnc(CC(=O)[O-])c1
2952,23674745,CC(C(=O)[O-])c1ccc(CC2CCCC2=O)cc1.O.O.[Na+]
2952,135563682,CCCCCCCCCCCCCCCC(O)=N[C@@H](O)C(=O)O
91855999,91855404,C[C@@H]1O[C@@H](O[C@H]2[C@@H](O)[C@@H](CO)O[C@@H](OC[C@H]3O[C@@H](O)[C@H](O)[C@@H](O)[C@H]3O)[C@@H]2O)[C@@H](O)[C@H](O)[C@@H]1O
91855999,440649,Cc1ncc(C[n+]2c(C(O)CCC(=O)O)sc(CCOP(=O)(O)OP(=O)(O)O)c2C)c(=N)[nH]1
91855999,441284,CN1CCC[C@@H]2c3cccc4[nH]cc(c34)C[C@H]21
246983,134692103,COC(C)(C)/C=C/C[C@@H](C)C1CC[C@@]2(C)C3=C(CC[C@]12C)[C@@]1(C)CC[C@H](O)C(C)(C)[C@@H]1CC3
246983,52929771,CCCCCCCCCCCCCCCC/C=C\OC[C@@H](O)COP(=O)(O)O
246983,70678902,CCCCCC/C=C\CCCCCCCCCC(=O)O[C@H](COC(=O)CCCCCCCCCCCCCCC)CO[C@H]1O[C@H](CO)[C@H](O)[C@H](O)[C@H]1O
25791064,10914066,O=C(O)c1cc(O[C@@H]2O[C@H](CO)[C@@H](O)[C@H](O)[C@H]2O)ccc1O
25791064,5354212,COC(=O)/C=C1/CC[C@H]2[C@@H]3CCC4=CC(=O)CC[C@]4(C)[C@H]3C(=O)C[C@]12C
25791064,5460360,O=C([O-])C1=CC(=O)[C@@H](O)[C@H](O)C1
440717,5780,OC[C@@H](O)[C@@H](O)[C@H](O)[C@@H](O)CO
440717,5780,OC[C@@H](O)[C@@H](O)[C@H](O)[C@@H](O)CO
440717,46931086,C=C(O[C@H]1[C@H](O)[C@@H](CO)OC(OP(=O)(O)OP(=O)(O)OC[C@H]2O[C@@H](n3ccc([O-])nc3=O)[C@H](O)[C@@H]2O)[C@@H]1N=C(C)[O-])C(=O)[O-]
70679053,5780,OC[C@@H](O)[C@@H](O)[C@H](O)[C@@H](O)CO
70679053,10825777,NC(Cc1cc(O)c2c(c1)SCC(O)=N2)C(=O)O
70679053,15385440,CC(=O)OC[C@H]1O[C@@H](Oc2cc3c(O)cc(O)cc3[o+]c2-c2cc(O)c(O)c(O)c2)[C@H](O)[C@@H](O)[C@@H]1O
102318041,86289694,C[C@H](CCCCCCCCC/C=C/C(=O)O)O[C@@H]1O[C@@H](C)[C@H](O)C[C@H]1O
102318041,14345637,CCCCC/C=C\C/C=C\C/C=C\C/C=C\CCCC(=O)OC(CO)COC(=O)CCCCCCCCCCCCCCCCC
102318041,7361,OCc1ccco1
45266800,2825766,CC1(C)S[C@H](CN=C(O)Cc2ccccc2)N[C@H]1C(=O)O
45266800,14345637,CCCCC/C=C\C/C=C\C/C=C\C/C=C\CCCC(=O)OC(CO)COC(=O)CCCCCCCCCCCCCCCCC
45266800,120282,N=C(O)c1cccc2nc3ccccc3nc12
70678750,14345637,CCCCC/C=C\C/C=C\C/C=C\C/C=C\CCCC(=O)OC(CO)COC(=O)CCCCCCCCCCCCCCCCC
70678750,5978,CC[C@]1(O)C[C@H]2CN(CCc3c([nH]c4ccccc34)[C@@](C(=O)OC)(c3cc4c(cc3OC)N(C=O)[C@H]3[C@@](O)(C(=O)OC)[C@H](OC(C)=O)[C@]5(CC)C=CCN6CC[C@]43[C@@H]65)C2)C1
5320053,25243884,O=c1c(-c2ccc([O-])cc2O)coc2cc(O)cc(O)c12
5320053,23674745,CC(C(=O)[O-])c1ccc(CC2CCCC2=O)cc1.O.O.[Na+]
5320053,16061104,CCCCC/C=C/C=C1/C=CC(=O)[C@@H]1C/C=C\CCCC(=O)O
441187,5780,OC[C@@H](O)[C@@H](O)[C@H](O)[C@@H](O)CO
441187,30951,C=CCOc1ccc(CC(=O)O)cc1Cl
441187,5460407,O=C(O)[C@H](O)[C@@H](O)CO
52924479,5780,OC[C@@H](O)[C@@H](O)[C@H](O)[C@@H](O)CO
52924479,53239731,CC(O)=N[C@@H]1[C@@H](O[C@@H]2O[C@@H](C)[C@@H](O)[C@@H](O)[C@@H]2O)[C@H](O[C@@H]2O[C@H](CO)[C@@H](O)[C@H](O)[C@H]2N=C(C)O)[C@@H](CO[C@@H]2O[C@@H](C)[C@@H](O)[C@@H](O)[C@@H]2O)O[C@H]1O
52924479,1355,Clc1cccc(N2CCNCC2)c1
237,28241,COc1ccc2[nH]c3cc(Cl)ccc3c(=NCCCNCCCl)c2c1
237,52929771,CCCCCCCCCCCCCCCC/C=C\OC[C@@H](O)COP(=O)(O)O
237,3350112,Cc1cnc2c(c1)CCc1cc(Cl)ccc1C2=C1CCN(C(=O)Cc2ccncc2)CC1
91666336,52929771,CCCCCCCCCCCCCCCC/C=C\OC[C@@H](O)COP(=O)(O)O
91666336,24892784,COC(=O)/C=C(\C)CC/C=C(\C)CC[C@H](OP(=O)(O)O)C(C)(C)O
785,56955923,O=[As]([O-])(O)c1ccccc1
785,13376,CCCCN=CO
785,53861142,C[C@@H](O)[C@H](N=C(O)CC[C@H](N)C(=O)O)C(=O)O
25195431,70678725,COC1=C(Br)[C@H](O)[C@@]2(C=C1Br)CC(C(=O)NCCCCNC(=O)C1=NO[C@@]3(C=C(Br)C(=O)[C@H](Br)[C@H]3O)C1)=NO2
25195431,135418940,O=c1nc(-c2ccc(C(F)(F)F)cc2)[nH]c2c1CSCC2
6957671,5354212,COC(=O)/C=C1/CC[C@H]2[C@@H]3CCC4=CC(=O)CC[C@]4(C)[C@H]3C(=O)C[C@]12C
6957671,2832487,O=C(Nc1ccc(Br)cc1)c1ccc2c(c1)C(=O)N(c1ccc(C(O)=Nc3ccc(Br)cc3)cc1)C2=O
439774,29982675,CC1=C(/C=C/C(C)=C\C=C\C(C)=C\C(=O)[O-])C(C)(C)CCC1=O
439774,5780,OC[C@@H](O)[C@@H](O)[C@H](O)[C@@H](O)CO
439774,87179336,CCCC/C=C\CCCCCCCC(=N)O
68275,135421845,CN=c1ccc2nc3ccc(N)cc3sc-2c1.Cl
68275,23674745,CC(C(=O)[O-])c1ccc(CC2CCCC2=O)cc1.O.O.[Na+]
68275,6957671,CCN(CC)Cc1cc(Nc2cc[nH+]c3cc(Cl)ccc23)ccc1O
227613,5354212,COC(=O)/C=C1/CC[C@H]2[C@@H]3CCC4=CC(=O)CC[C@]4(C)[C@H]3C(=O)C[C@]12C
227613,91826539,CCC(C)[C@H](N=C(O)[C@H](CC(=N)O)N=C(O)[C@H](Cc1ccc(O)cc1)N=C(O)[C@H](Cc1ccccc1)N=C(O)[C@H](Cc1ccccc1)N=C(O)[C@H](Cc1cnc[nH]1)N=C(O)[C@@H](N=C(O)[C@@H](N=C(O)[C@@H]1CCCN1C(=O)[C@H](CC(=N)O)N=C(O)[C@H](CCC(=N)O)N=C(O)CN=C(O)[C@H](CCCCN)N=C(O)CN=C(O)[C@H](CCCCN)N=C(O)CN=C(O)[C@H](CCCCN)N=C(O)CN=C(O)[C@H](CCCCN)N=C(O)CN=C(O)[C@@H](N)CCCCN)C(C)C)C(C)C)C(O)=N[C@H](C(O)=N[C@H](C(=O)N1CCC[C@H]1C(O)=N[C@@H](CCCNC(=N)N)C(O)=N[C@H](C(=O)N1CCC[C@H]1C(=O)O)C(C)O)C(C)O)C(C)C
90658838,5780,OC[C@@H](O)[C@@H](O)[C@H](O)[C@@H](O)CO
90658838,14345637,CCCCC/C=C\C/C=C\C/C=C\C/C=C\CCCC(=O)OC(CO)COC(=O)CCCCCCCCCCCCCCCCC
90658838,447154,O=C(O)CCCC(O)=N[C@H](Cc1ccccc1)P(=O)(O)OCC(O)=NCCc1ccccc1
13624,56927884,N=c1[nH]c2ccc(N=C(O)CCCC(=O)O)cc2[nH]1
13624,69212,CC1=CC(=O)C(=O)C=C1O
13624,71420,CN(C)C(=O)C(CCN1CCC(O)(c2ccc(Cl)cc2)CC1)(c1ccccc1)c1ccccc1.Cl
2730,2723698,Sc1ccccn1
2730,5354212,COC(=O)/C=C1/CC[C@H]2[C@@H]3CCC4=CC(=O)CC[C@]4(C)[C@H]3C(=O)C[C@]12C
2730,72715827,CC[C@@]1(O)C[C@H](O[C@H]2C[C@H](N)[C@H](O)[C@H](C)O2)c2c(O)c3c(c(O)c2[C@H]1C(=O)O)C(=O)c1cccc(OC)c1C3=O
16070014,52929771,CCCCCCCCCCCCCCCC/C=C\OC[C@@H](O)COP(=O)(O)O
16070014,136630936,O=C(O)c1[nH]c(-c2c[nH]c3ccccc23)cc1-c1c([O-])[nH]c2ccccc12
12314983,440834,Oc1cc(O)c2c(c1)O[C@H](c1ccc(O)c(O)c1)CC2O
12314983,23674745,CC(C(=O)[O-])c1ccc(CC2CCCC2=O)cc1.O.O.[Na+]
12314983,107737,O=P(O)(O)OC1[C@H](O)[C@H](O)C(O)[C@H](O)[C@H]1O
10434409,49859627,COc1cccc2[nH]cc(C/C(=N/OS(=O)(=O)[O-])S[C@@H]3O[C@H](CO)[C@@H](O)[C@H](O)[C@H]3O)c12
10434409,72193664,COc1cc(/C=C/C(=O)OC[C@H]2OC(Oc3cc(O)c4c(=O)cc(-c5cc(OC)c(O[C@@H]6O[C@H](CO)[C@@H](O)[C@H](O)[C@H]6O)c(OC)c5)oc4c3)[C@H](O)[C@@H](O)[C@@H]2O)cc(OC)c1O
16854,56955923,O=[As]([O-])(O)c1ccccc1
16854,56955923,O=[As]([O-])(O)c1ccccc1
16854,13344,O=C([O-])CC(O)(CC(=O)[O-])C(=O)[O-].[K+].[K+].[K+]
71581248,14212362,Nc1nc(O)nc2c1ncn2[C@@H]1O[C@H](COP(=O)(O)O)[C@@H](O)[C@H]1O
71581248,132282124,C[C@@H]1O[C@@H](OCCCCCC(=O)SCCN=C(O)CCN=C(O)[C@H](O)C(C)(C)COP(=O)(O)OP(=O)(O)OC[C@H]2O[C@@H](n3cnc4c(N)ncnc43)[C@H](O)[C@@H]2OP(=O)(O)O)[C@H](O)C[C@H]1O
71581248,176155,CS(=O)c1ccc(-c2nc(-c3ccncc3)c(-c3ccc(F)cc3)[nH]2)cc1
71296220,5780,OC[C@@H](O)[C@@H](O)[C@H](O)[C@@H](O)CO
71296220,49859627,COc1cccc2[nH]cc(C/C(=N/OS(=O)(=O)[O-])S[C@@H]3O[C@H](CO)[C@@H](O)[C@H](O)[C@H]3O)c12
71296220,46242512,CC(C)[C@@]12C[C@@H](OC(=O)CO)[C@@](C)(O1)[C@@H]1CC[C@@H](C)[C@H]1[C@@H]2OC(=O)/C=C/c1ccccc1
130418,5780,OC[C@@H](O)[C@@H](O)[C@H](O)[C@@H](O)CO
130418,10825777,NC(Cc1cc(O)c2c(c1)SCC(O)=N2)C(=O)O
130418,6857777,O=c1nc([O-])ccn1[C@@H]1O[C@H](COP(=O)(O)OP(=O)(O)OP(=O)([O-])[O-])[C@@H](O)[C@H]1O
9543115,5780,OC[C@@H](O)[C@@H](O)[C@H](O)[C@@H](O)CO
9543115,243,O=C(O)c1ccccc1
9543115,52921886,CCCCCC(=O)/C=C/C=C\C=C\C=C\[C@@H](O)[C@@H](O)CCCC(=O)O
9548817,51351799,CC1=C(CCC(=O)[O-])c2cc3[n-]c(cc4[nH]c(cc5nc(cc1n2)C(C(C)S)=C5C)c(C(C)[S-])c4C)c(C)c3CCC(=O)[O-].[Fe]
9548817,14345637,CCCCC/C=C\C/C=C\C/C=C\C/C=C\CCCC(=O)OC(CO)COC(=O)CCCCCCCCCCCCCCCCC
9548817,91848827,CC(O)=N[C@H]1[C@H](OC[C@H]2OC(O)[C@H](N=C(C)O)[C@@H](O[C@@H]3O[C@H](CO)[C@H](O)[C@H](O)[C@H]3O)[C@H]2O)O[C@H](CO)[C@@H](O[C@@H]2O[C@H](CO)[C@H](O)[C@H](OS(=O)(=O)O)[C@H]2O)[C@@H]1O
118797910,86289694,C[C@H](CCCCCCCCC/C=C/C(=O)O)O[C@@H]1O[C@@H](C)[C@H](O)C[C@H]1O
118797910,52929771,CCCCCCCCCCCCCCCC/C=C\OC[C@@H](O)COP(=O)(O)O
118797910,10334284,COc1c(O)c2c3c(c(O)cc(O)c3c1O)C(C)=CC2=O
70679211,151730,O=C(O)C1CCC(O)CN1
70679211,68057,Cc1ccc2c(c1)CCCC2(C)C
70679211,441460,CCCCCCCC[C@@H](O)[C@@H](O)CCCCCCCC(=O)O
12803277,56955923,O=[As]([O-])(O)c1ccccc1
12803277,5354212,COC(=O)/C=C1/CC[C@H]2[C@@H]3CCC4=CC(=O)CC[C@]4(C)[C@H]3C(=O)C[C@]12C
12803277,90546,N=C(O)N[C@@H](CS)C(=O)O
10816628,10530497,CC(=O)O[C@@H]1CC[C@@]2(C)[C@@H](CC[C@]3(C)/C(=C(\C)C(=O)/C=C/C(C)=C/C=C/C(C)(C)O)C(=O)C[C@@H]23)[C@@]1(C)C(=O)O
10816628,440649,Cc1ncc(C[n+]2c(C(O)CCC(=O)O)sc(CCOP(=O)(O)OP(=O)(O)O)c2C)c(=N)[nH]1
10816628,132472357,CC/C=C\CC(O)C(O)/C=C/C=CC=CC=CC(O)CCCCCC(=O)[O-]
11584214,49859627,COc1cccc2[nH]cc(C/C(=N/OS(=O)(=O)[O-])S[C@@H]3O[C@H](CO)[C@@H](O)[C@H](O)[C@H]3O)c12
11584214,23392,Cl.ClCc1ccccn1
3799953,5780,OC[C@@H](O)[C@@H](O)[C@H](O)[C@@H](O)CO
3799953,3692773,CC(=O)C[NH3+]
3799953,6537198,O=S(=O)(O)O/N=C(\Cc1c[nH]c2ccccc12)S[C@@H]1O[C@H](CO)[C@@H](O)[C@H](O)[C@H]1O
108109,52929771,CCCCCCCCCCCCCCCC/C=C\OC[C@@H](O)COP(=O)(O)O
108109,5280891,CCCCC[C@H](O)/C=C/[C@H]1OC(=O)C[C@H](O)[C@@H]1C/C=C\CCCC(=O)O
20849413,44263378,C[C@H](CCC(O)=NCCS(=O)(=O)O)[C@H]1CC[C@H]2[C@@H]3[C@@H](O)C[C@@H]4C[C@H](O)CC[C@]4(C)[C@H]3C[C@H](O)[C@]12C
20849413,49859627,COc1cccc2[nH]cc(C/C(=N/OS(=O)(=O)[O-])S[C@@H]3O[C@H](CO)[C@@H](O)[C@H](O)[C@H]3O)c12
20849413,91848035,OC[C@H]1O[C@H](O[C@@H]2[C@@H](O)[C@@H](O[C@H]3[C@H](O)[C@@H](CO)OC(O)[C@@H]3O)O[C@@H]2CO)[C@H](O)[C@H]1O
440113,56955923,O=[As]([O-])(O)c1ccccc1
440113,69212,CC1=CC(=O)C(=O)C=C1O
440113,57379018,CN=C(O)c1cccc2cc(Oc3ccnc4cc(OCC5(N)CC5)c(OC)cc34)ccc12.Cl
54405360,86289694,C[C@H](CCCCCCCCC/C=C/C(=O)O)O[C@@H]1O[C@@H](C)[C@H](O)C[C@H]1O
54405360,5354212,COC(=O)/C=C1/CC[C@H]2[C@@H]3CCC4=CC(=O)CC[C@]4(C)[C@H]3C(=O)C[C@]12C
54405360,126,O=Cc1ccc(O)cc1
11204813,53239731,CC(O)=N[C@@H]1[C@@H](O[C@@H]2O[C@@H](C)[C@@H](O)[C@@H](O)[C@@H]2O)[C@H](O[C@@H]2O[C@H](CO)[C@@H](O)[C@H](O)[C@H]2N=C(C)O)[C@@H](CO[C@@H]2O[C@@H](C)[C@@H](O)[C@@H](O)[C@@H]2O)O[C@H]1O
11204813,25244784,CC/C=C\C/C=C\CCC/C=C/C=C/C=C\CCCC(=O)[O-]
6453839,23674745,CC(C(=O)[O-])c1ccc(CC2CCCC2=O)cc1.O.O.[Na+]
6453839,81466,C=C(C)C(=O)OCCOC
5352715,637039,CC1=C(/C=C/C(C)=C/C=C/C(C)=C/C=C/C=C(C)/C=C/C=C(C)/C=C/C=C(\C)C(=O)O)C(C)(C)CCC1
5352715,49859627,COc1cccc2[nH]cc(C/C(=N/OS(=O)(=O)[O-])S[C@@H]3O[C@H](CO)[C@@H](O)[C@H](O)[C@H]3O)c12
5352715,78145917,Cc1ccc(C(C)C)c(OS(=O)(=O)[O-])c1
53262846,49859627,COc1cccc2[nH]cc(C/C(=N/OS(=O)(=O)[O-])S[C@@H]3O[C@H](CO)[C@@H](O)[C@H](O)[C@H]3O)c12
53262846,24820759,Nc1ncnc2c1ncn2[C@@H]1O[C@H](COP(=O)(O)OP(=O)(O)OP(=O)(O)O)[C@H]2OC3(O[C@H]21)C([N+](=O)[O-])=CC([N+](=O)[O-])=CC3[N+](=O)[O-]
122198262,5354212,COC(=O)/C=C1/CC[C@H]2[C@@H]3CCC4=CC(=O)CC[C@]4(C)[C@H]3C(=O)C[C@]12C
122198262,91850119,C[C@@H]1O[C@H](OC[C@H]2O[C@H](O)[C@H](O)[C@@H](O)[C@@H]2O)[C@@H](O)[C@H](O)[C@@H]1O
72193830,14212362,Nc1nc(O)nc2c1ncn2[C@@H]1O[C@H](COP(=O)(O)O)[C@@H](O)[C@H]1O
72193830,53476539,CSCC[C@H](N=CO)C(O)=N[C@@H](CCCNC(=N)N)C(O)=N[C@H](C(O)=NCC(O)=N[C@@H](CC(=N)O)C(O)=N[C@@H](C)C(O)=N[C@@H](CC(=O)O)C(O)=NP(=O)(OCCCN)OC[C@H]1O[C@@H](n2cnc3c(N)ncnc32)[C@H](O)[C@@H]1O)[C@@H](C)O
72193830,6921820,COc1ccc(C[C@H]2[NH2+]CCc3cc(OC)c(OC)cc32)cc1OC
16122585,11010621,N=C(O)CC[C@H](N=C(O)[C@@H]1CCC(O)=N1)C(=O)O
16122585,23674745,CC(C(=O)[O-])c1ccc(CC2CCCC2=O)cc1.O.O.[Na+]
16122585,52921608,CC(O)=N[C@H]1[C@H](OC[C@H]2O[C@@H](O)[C@H](O)[C@@H](O)[C@H]2O)O[C@H](CO)[C@@H](O[C@@H]2O[C@H](CO)[C@H](O)[C@H](O)[C@H]2O)[C@@H]1O
9983303,49859627,COc1cccc2[nH]cc(C/C(=N/OS(=O)(=O)[O-])S[C@@H]3O[C@H](CO)[C@@H](O)[C@H](O)[C@H]3O)c12
9983303,11,ClCCCl
91825651,5780,OC[C@@H](O)[C@@H](O)[C@H](O)[C@@H](O)CO
91825651,5780,OC[C@@H](O)[C@@H](O)[C@H](O)[C@@H](O)CO
91825651,231285,CCC(C)C(CC)C(O)=NC(=N)O
50909836,14212362,Nc1nc(O)nc2c1ncn2[C@@H]1O[C@H](COP(=O)(O)O)[C@@H](O)[C@H]1O
50909836,6433272,C[C@@H]1[C@H](O)[C@@H](C)/C=C/C=C/CC/C=C/C=C/C=C/C=C/C(O[C@H]2O[C@H](C)[C@@H](O)[C@H](N)[C@@H]2O)CC2O[C@](O)(CC(O)C(O)CCC(O)CC(O)CC(O)CC(=O)O[C@H]1C)CC(O)C2C(=O)O
50909836,90659852,CCCCCCCC/C=C\CCCCCCCCCCCC(O)=N[C@@H](CO[C@@H]1O[C@H](CO)[C@@H](O[C@@H]2O[C@H](CO)[C@H](O)[C@H](O[C@]3(C(=O)O)C[C@H](O)[C@@H](N=C(C)O)[C@H]([C@H](O)[C@H](O)CO)O3)[C@H]2O)[C@H](O)[C@H]1O)[C@H](O)/C=C/CCCCCCCCCCCCC
71464679,49859627,COc1cccc2[nH]cc(C/C(=N/OS(=O)(=O)[O-])S[C@@H]3O[C@H](CO)[C@@H](O)[C@H](O)[C@H]3O)c12
71464679,964,O=C(O)C(=O)CO
2916,5780,OC[C@@H](O)[C@@H](O)[C@H](O)[C@@H](O)CO
2916,73271,O=C(O)Cc1cc(O)nc(O)n1
2916,50908214,CC1(C)C(=O)CC[C@]2(C)[C@H]3CC[C@@H]4[C@@H]([C@]5(C)C=CC(=O)O5)CC[C@@]4(C)[C@]3(C)CC[C@@H]12
86289416,121935,CC(C)CCC[C@](C)(O)[C@H]1CC[C@H]2[C@@H]3CC=C4C[C@@H](O)CC[C@]4(C)[C@H]3CC[C@@]21C
86289416,49859627,COc1cccc2[nH]cc(C/C(=N/OS(=O)(=O)[O-])S[C@@H]3O[C@H](CO)[C@@H](O)[C@H](O)[C@H]3O)c12
86289416,441203,N.N.[Cl-].[Cl-].[Pt+4]
15454172,16736470,CO[C@@H]1C[C@@H](C)O[C@H]2O[C@@H]3C=C4CC[C@@H]5[C@H](CC[C@]6(C)[C@@H](C7=CC(=O)OC7)[C@@H](OC(C)=O)C[C@]56O)[C@@]4(C)C[C@H]3O[C@]21O
15454172,49859627,COc1cccc2[nH]cc(C/C(=N/OS(=O)(=O)[O-])S[C@@H]3O[C@H](CO)[C@@H](O)[C@H](O)[C@H]3O)c12
15454172,86291590,COc1c(-c2ccc3cc([N-]S(C)(=O)=O)ccc3c2)cc(-n2ccc(O)nc2=O)cc1C(C)(C)C.[Na+]
91861068,51041863,CCCCCCCCCCCCC/C=C/[C@@H](O)[C@H](CO[C@@H]1O[C@H](CO)[C@@H](O[C@@H]2O[C@H](CO)[C@H](O[C@@H]3O[C@H](CO)[C@H](O)[C@H](O)[C@H]3N=C(C)O)[C@H](O[C@@H]3O[C@H](CO)[C@@H](O)[C@H](O[C@@H]4O[C@H](CO)[C@H](O[C@@H]5O[C@H](CO)[C@H](O)[C@H](O)[C@H]5N=C(C)O)[C@H](O[C@]5(C(=O)O)C[C@H](O)[C@@H](N=C(C)O)[C@H]([C@H](O)[C@H](O)CO)O5)[C@H]4O)[C@H]3N=C(C)O)[C@H]2O)[C@H](O)[C@H]1O)N=C(O)CCCCCCCCCCCCCCCCC
91861068,65478,C[C@H]1C[C@H]2[C@@H]3CCC4=CC(=O)C=C[C@]4(C)[C@@]3(F)[C@@H](O)C[C@]2(C)[C@@]1(O)C(=O)COP(=O)([O-])[O-].[Na+].[Na+]
2724275,5780,OC[C@@H](O)[C@@H](O)[C@H](O)[C@@H](O)CO
2724275,121596220,CC(C(=O)[O-])C(=O)OC(CC(=O)[O-])C[N+](C)(C)C
2724275,20722666,NCc1cn([C@@H]2O[C@H](CO)[C@@H](O)[C@H]2O)c(=S)nc1O
15061532,5780,OC[C@@H](O)[C@@H](O)[C@H](O)[C@@H](O)CO
15061532,49859627,COc1cccc2[nH]cc(C/C(=N/OS(=O)(=O)[O-])S[C@@H]3O[C@H](CO)[C@@H](O)[C@H](O)[C@H]3O)c12
15061532,49866383,C=C1/C(=C\C=C2/CCC[C@@]3(C)[C@H]2CC[C@@H]3[C@]2(C)C[C@@H](CC(C)(C)O)CO2)C[C@@H](O)C[C@@H]1O
239,5780,OC[C@@H](O)[C@@H](O)[C@H](O)[C@@H](O)CO
239,137547,C#CCC(=O)O
239,243,O=C(O)c1ccccc1
4488496,56927955,C=C(C)C1CCC(C)(O)OC(=O)C1
4488496,5780,OC[C@@H](O)[C@@H](O)[C@H](O)[C@@H](O)CO
4488496,457954,N=C(O)c1csc([C@@H]2O[C@H](CO)[C@@H](O)[C@H]2O)n1
9548795,5780,OC[C@@H](O)[C@@H](O)[C@H](O)[C@@H](O)CO
9548795,137547,C#CCC(=O)O
9548795,91828291,C[C@H](CC[C@@H](O)[C@@H](C)C(=O)SCCN=C([O-])CCN=C([O-])[C@H](O)C(C)(C)COP(=O)(O)OP(=O)(O)OC[C@H]1O[C@@H](n2cnc3c(N)ncnc32)[C@H](O)[C@@H]1OP(=O)([O-])[O-])[C@H]1CC[C@H]2[C@@H]3[C@H](O)C[C@@H]4C[C@H](O)CC[C@]4(C)[C@H]3CC[C@]12C
11391975,5780,OC[C@@H](O)[C@@H](O)[C@H](O)[C@@H](O)CO
11391975,10825777,NC(Cc1cc(O)c2c(c1)SCC(O)=N2)C(=O)O
11391975,86289401,O=C([O-])CCc1nc[nH]c1O
134930,5780,OC[C@@H](O)[C@@H](O)[C@H](O)[C@@H](O)CO
134930,10825777,NC(Cc1cc(O)c2c(c1)SCC(O)=N2)C(=O)O
134930,46878538,CCC#CC#CC#CC(=N)O
46173162,5780,OC[C@@H](O)[C@@H](O)[C@H](O)[C@@H](O)CO
46173162,23674745,CC(C(=O)[O-])c1ccc(CC2CCCC2=O)cc1.O.O.[Na+]
46173162,10245190,CCCCCCCCCC(=O)OC(CC(=O)[O-])C[N+](C)(C)C
6857599,53380618,O=P(O)(O)OC1[C@@H](OP(=O)(O)O)[C@H](OP(=O)(O)OP(=O)(O)O)C(O)[C@H](OP(=O)(O)OP(=O)(O)O)[C@H]1OP(=O)(O)O
6857599,52929771,CCCCCCCCCCCCCCCC/C=C\OC[C@@H](O)COP(=O)(O)O
6857599,9543195,CC(C)(COP(=O)(O)OP(=O)(O)OC[C@H]1O[C@@H](n2cnc3c(N)ncnc32)[C@H](O)[C@@H]1OP(=O)(O)O)[C@@H](O)C(O)=NCCC(O)=NCCSC(=O)C1=CCC=CC1
14211805,5281987,C=C1C[C@]23C[C@H]1CC[C@H]2[C@@]12C[C@H](O)[C@H](O)[C@@](C)(C(=O)O1)[C@H]2[C@@H]3C(=O)O
14211805,5354212,COC(=O)/C=C1/CC[C@H]2[C@@H]3CCC4=CC(=O)CC[C@]4(C)[C@H]3C(=O)C[C@]12C
14211805,10944473,C=C1C(=O)O[C@@H]2[C@H]1C(=O)O[C@@H]2CCCCCC
91862576,53477563,CC(C)=CCC/C(C)=C/CC/C(C)=C/CC/C(C)=C\CC/C(C)=C\CC/C(C)=C\CC/C(C)=C\CC/C(C)=C\CC/C(C)=C\CC/C(C)=C\CC/C(C)=C\COP(=O)(O)OP(=O)(O)O[C@H]1O[C@H](CO)[C@@H](O[C@@H]2O[C@H](CO)[C@@H](O)[C@H](O[C@H]3O[C@H](CO)[C@@H](O)[C@H](O)[C@@H]3O)[C@H]2O)[C@H](O)[C@H]1O
91862576,49859627,COc1cccc2[nH]cc(C/C(=N/OS(=O)(=O)[O-])S[C@@H]3O[C@H](CO)[C@@H](O)[C@H](O)[C@H]3O)c12
91862576,40425339,CC([O-])=Nc1ccc(O)c(SC[C@H](N=C(C)O)C(=O)O)c1
25201398,5780,OC[C@@H](O)[C@@H](O)[C@H](O)[C@@H](O)CO
25201398,69212,CC1=CC(=O)C(=O)C=C1O
25201398,9543872,CCCCC/C=C\C/C=C\C/C=C\C/C=C\CCCC(=O)OC[C@H](CO)OC(=O)CCC/C=C\C/C=C\C/C=C\C/C=C\CCCCC
53469059,52929771,CCCCCCCCCCCCCCCC/C=C\OC[C@@H](O)COP(=O)(O)O
53469059,10569,CC(C)C1=CC2=CC[C@@H]3[C@](C)(CCC[C@@]3(C)C(=O)O)[C@H]2CC1
70680316,49852370,CC(O)=N[C@H]1[C@H](O[C@H]2[C@@H](O)[C@@H](CO)OC(O)[C@@H]2O)O[C@H](CO)[C@H](O[C@H]2O[C@H](CO)[C@H](O)[C@H](O)[C@H]2O)[C@@H]1O
70680316,14345637,CCCCC/C=C\C/C=C\C/C=C\C/C=C\CCCC(=O)OC(CO)COC(=O)CCCCCCCCCCCCCCCCC
70680316,13633097,COC[C@H](C)N(C(=O)CCl)c1c(C)csc1C
135421845,68275,CN=c1ccc2nc3ccc(N(C)C)cc3sc-2c1.Cl
135421845,23674745,CC(C(=O)[O-])c1ccc(CC2CCCC2=O)cc1.O.O.[Na+]
135421845,11103,CC1=C(CCC(=O)O)c2cc3nc(cc4[nH]c(cc5[nH]c(cc1n2)c(C)c5C(C)O)c(C)c4C(C)O)C(C)=C3CCC(=O)O
25244632,53380618,O=P(O)(O)OC1[C@@H](OP(=O)(O)O)[C@H](OP(=O)(O)OP(=O)(O)O)C(O)[C@H](OP(=O)(O)OP(=O)(O)O)[C@H]1OP(=O)(O)O
25244632,5354212,COC(=O)/C=C1/CC[C@H]2[C@@H]3CCC4=CC(=O)CC[C@]4(C)[C@H]3C(=O)C[C@]12C
25244632,9544103,CCCCCCCC/C=C\CCCCCCCC(=O)OC[C@@H](COC(=O)CCCCCCCCCCCCCCCC)OC(=O)CCCCCCC/C=C\CCCCCCCC
91825738,14212362,Nc1nc(O)nc2c1ncn2[C@@H]1O[C@H](COP(=O)(O)O)[C@@H](O)[C@H]1O
91825738,6433272,C[C@@H]1[C@H](O)[C@@H](C)/C=C/C=C/CC/C=C/C=C/C=C/C=C/C(O[C@H]2O[C@H](C)[C@@H](O)[C@H](N)[C@@H]2O)CC2O[C@](O)(CC(O)C(O)CCC(O)CC(O)CC(O)CC(=O)O[C@H]1C)CC(O)C2C(=O)O
91825738,135418940,O=c1nc(-c2ccc(C(F)(F)F)cc2)[nH]c2c1CSCC2
25244685,443453,C=C1C[C@]23C[C@H]1CC[C@H]2[C@]1(CO)CCC[C@@](C)(C(=O)O)[C@H]1[C@@H]3C(=O)O
25244685,5354212,COC(=O)/C=C1/CC[C@H]2[C@@H]3CCC4=CC(=O)CC[C@]4(C)[C@H]3C(=O)C[C@]12C
25244685,5283662,C=C(CC[C@@H](C)[C@H]1CC[C@H]2C3=CC[C@H]4C[C@@H](O)CC[C@]4(C)[C@H]3CC[C@]12C)C(C)C
16059194,15375588,Cc1cn([C@H]2C[C@H](O)[C@@H](COP(=O)(O)OP(=O)(O)O[C@H]3O[C@@H](C)[C@@H](O)[C@@H](O)[C@H]3O)O2)c(=O)nc1O
16059194,134160296,CSC[C@H]1O[C@H](O[C@H]2[C@H](O)[C@H](O)[C@@H](OC[C@H]3O[C@@H](O[C@@H]4[C@@H](OC[C@H]5O[C@H](OC[C@H]6OC(O)[C@@H](O)[C@@H]6O)[C@@H](O)[C@@H]5O[C@H]5O[C@H](CO)[C@@H](O)[C@@H]5O[C@@H]5O[C@H](CO)[C@@H](O)[C@@H]5O)O[C@H](CO)[C@H]4O)[C@@H](O)[C@@H]3O)O[C@@H]2CO)[C@H](O)[C@H]1O
16059194,90659852,CCCCCCCC/C=C\CCCCCCCCCCCC(O)=N[C@@H](CO[C@@H]1O[C@H](CO)[C@@H](O[C@@H]2O[C@H](CO)[C@H](O)[C@H](O[C@]3(C(=O)O)C[C@H](O)[C@@H](N=C(C)O)[C@H]([C@H](O)[C@H](O)CO)O3)[C@H]2O)[C@H](O)[C@H]1O)[C@H](O)/C=C/CCCCCCCCCCCCC
676034,5280695,COc1c(O)cc(O)c2c(=O)c(O)c(-c3ccc(O)c(O)c3)oc12
676034,10825777,NC(Cc1cc(O)c2c(c1)SCC(O)=N2)C(=O)O
676034,25229567,O=C(ON1C(=O)CCC1=O)C1CCN(S(=O)(=O)c2ccccc2-c2c3ccc(N4Cc5ccccc5C4)cc3[o+]c3cc(N4Cc5ccccc5C4)ccc23)CC1.[Cl-]
73416455,5780,OC[C@@H](O)[C@@H](O)[C@H](O)[C@@H](O)CO
73416455,23674745,CC(C(=O)[O-])c1ccc(CC2CCCC2=O)cc1.O.O.[Na+]
73416455,9475,CCCCC(N)C(=O)O
5362376,60146,CCOc1ccccc1OCCN[C@@H](C)Cc1ccc(OC)c(S(N)(=O)=O)c1.Cl
5362376,49859627,COc1cccc2[nH]cc(C/C(=N/OS(=O)(=O)[O-])S[C@@H]3O[C@H](CO)[C@@H](O)[C@H](O)[C@H]3O)c12
5362376,91857585,CC(O)=N[C@@H]1[C@@H](O[C@H]2O[C@H](CO)[C@H](O)[C@H](O[C@@H]3O[C@H](CO)[C@H](O)[C@H](O)[C@H]3O[C@@H]3O[C@@H](C)[C@@H](O)[C@@H](O)[C@@H]3O)[C@H]2N=C(C)O)[C@@H](O)[C@@H](CO)O[C@@H]1O
445963,97165,O=C1O[C@@H]([C@H](O)CO)[C@H](O)[C@H]1O
445963,13376,CCCCN=CO
445963,20848909,Nc1ccccc1C(=O)C[C@H](N)C(=O)[O-]
5281692,5280695,COc1c(O)cc(O)c2c(=O)c(O)c(-c3ccc(O)c(O)c3)oc12
5281692,23674745,CC(C(=O)[O-])c1ccc(CC2CCCC2=O)cc1.O.O.[Na+]
5281692,5459832,O=C(O)CC(=O)[C@H](O)[C@H](O)CO
70789051,53380618,O=P(O)(O)OC1[C@@H](OP(=O)(O)O)[C@H](OP(=O)(O)OP(=O)(O)O)C(O)[C@H](OP(=O)(O)OP(=O)(O)O)[C@H]1OP(=O)(O)O
70789051,132282124,C[C@@H]1O[C@@H](OCCCCCC(=O)SCCN=C(O)CCN=C(O)[C@H](O)C(C)(C)COP(=O)(O)OP(=O)(O)OC[C@H]2O[C@@H](n3cnc4c(N)ncnc43)[C@H](O)[C@@H]2OP(=O)(O)O)[C@H](O)C[C@H]1O
70789051,23679527,CC(C)n1c(/C=C/[C@H](O)C[C@H](O)CC(=O)[O-])c(-c2ccc(F)cc2)c2ccccc21.[Na+]
91828291,134160296,CSC[C@H]1O[C@H](O[C@H]2[C@H](O)[C@H](O)[C@@H](OC[C@H]3O[C@@H](O[C@@H]4[C@@H](OC[C@H]5O[C@H](OC[C@H]6OC(O)[C@@H](O)[C@@H]6O)[C@@H](O)[C@@H]5O[C@H]5O[C@H](CO)[C@@H](O)[C@@H]5O[C@@H]5O[C@H](CO)[C@@H](O)[C@@H]5O)O[C@H](CO)[C@H]4O)[C@@H](O)[C@@H]3O)O[C@@H]2CO)[C@H](O)[C@H]1O
91828291,45266613,CCC(=O)SCCN=C([O-])CCN=C([O-])[C@H](O)C(C)(C)COP(=O)(O)OP(=O)(O)OC[C@H]1O[C@@H](n2cnc3c(N)ncnc32)[C@H](O)[C@@H]1OP(=O)([O-])[O-]
160556,5780,OC[C@@H](O)[C@@H](O)[C@H](O)[C@@H](O)CO
160556,10825777,NC(Cc1cc(O)c2c(c1)SCC(O)=N2)C(=O)O
160556,86355,COc1cc(OC)nc(N=C(O)NS(=O)(=O)c2c(-c3nnn(C)n3)cnn2C)n1
45266658,10313378,CSC[C@H]1OC(O)[C@H](O)[C@@H]1O
45266658,23674745,CC(C(=O)[O-])c1ccc(CC2CCCC2=O)cc1.O.O.[Na+]
45266658,23400779,CC(NCCCC[C@H](N)C(=O)O)C(=O)O
91854390,49859627,COc1cccc2[nH]cc(C/C(=N/OS(=O)(=O)[O-])S[C@@H]3O[C@H](CO)[C@@H](O)[C@H](O)[C@H]3O)c12
91854390,25201556,NCC(N)C(=O)O
16139605,91972197,CCCCCCCCCCCCCC(=O)O[C@H](CCCCCCCCCCC)CC(=O)O[C@@H]1[C@@H](N=C([O-])C[C@@H](CCCCCCCCCCC)OC(=O)CCCCCCCCCCC)[C@H](OC[C@H]2O[C@H](OP(=O)(O)OP(=O)([O-])O)[C@H](N=C([O-])C[C@H](O)CCCCCCCCCCC)[C@@H](OC(=O)C[C@H](O)CCCCCCCCCCC)[C@@H]2O)O[C@H](CO[C@]2(C(=O)[O-])C[C@@H](O[C@]3(C(=O)[O-])C[C@@H](O)[C@@H](O)[C@@H]([C@H](O)CO)O3)[C@@H](O[C@H]3O[C@H]([C@@H](O)CO)[C@@H](OP(=O)([O-])[O-])[C@H](O[C@H]4O[C@H]([C@@H](O)CO[C@H]5O[C@H]([C@@H](O)CO)[C@@H](O)[C@H](O)[C@@H]5O)[C@@H](OP(=O)([O-])[O-])[C@H](O[C@H]5O[C@H](CO[C@H]6O[C@H](CO)[C@H](O)[C@H](O)[C@H]6O)[C@@H](O)[C@H](O[C@H]6O[C@H](CO)[C@@H](O)[C@H](O)[C@H]6O[C@H]6O[C@H](CO[C@H]7O[C@H]([C@@H](O)CO)[C@@H](O)[C@H](O)[C@@H]7O)[C@@H](O)[C@H](O)[C@H]6O)[C@H]5O)[C@@H]4O)[C@@H]3O)[C@@H]([C@H](O)CO)O2)[C@H]1OP(=O)([O-])[O-]
16139605,102571794,O=C(O)CCC[C@H](O)/C=C/C=C/C=C/[C@H](O)C/C=C\CCCCCO
22873440,65070,O=c1nc(O)ccn1[C@H]1C[C@H](O)[C@@H](COP(=O)(O)OP(=O)(O)OP(=O)(O)O)O1
22873440,440649,Cc1ncc(C[n+]2c(C(O)CCC(=O)O)sc(CCOP(=O)(O)OP(=O)(O)O)c2C)c(=N)[nH]1
22873440,16961,C[C@@H]1C[C@H]2[C@@H]3CCC4=CC(=O)C=C[C@]4(C)[C@@]3(F)[C@@H](O)C[C@]2(C)[C@@]1(O)C(=O)COP(=O)([O-])[O-].[Na+].[Na+]
44542228,23674745,CC(C(=O)[O-])c1ccc(CC2CCCC2=O)cc1.O.O.[Na+]
44542228,138911100,CCOc1ccc2c(-c3ccnc(Nc4cccc(N5CCOCC5)c4)n3)cnn2n1
9853053,53239731,CC(O)=N[C@@H]1[C@@H](O[C@@H]2O[C@@H](C)[C@@H](O)[C@@H](O)[C@@H]2O)[C@H](O[C@@H]2O[C@H](CO)[C@@H](O)[C@H](O)[C@H]2N=C(C)O)[C@@H](CO[C@@H]2O[C@@H](C)[C@@H](O)[C@@H](O)[C@@H]2O)O[C@H]1O
9853053,122391230,C[C@H]1CC[C@]2(NC1)O[C@H]1C[C@H]3[C@@H]4CC=C5C[C@@H](O[C@@H]6O[C@H](CO)[C@H](O[C@@H]7O[C@H](CO)[C@@H](O)[C@H](O[C@@H]8OC[C@@H](O)[C@H](O)[C@H]8O)[C@H]7O[C@@H]7O[C@H](CO)[C@@H](O)[C@H](O)[C@H]7O)[C@H](O)[C@H]6O)CC[C@]5(C)[C@H]4CC[C@]3(C)[C@H]1[C@@H]2C
89216,56955923,O=[As]([O-])(O)c1ccccc1
89216,56955923,O=[As]([O-])(O)c1ccccc1
89216,118797956,N=C(N)NCCC[C@H](N)C(=O)O[C@H]1[C@@H](O)[C@H](n2cnc3c(N)ncnc32)O[C@@H]1COP(=O)(O)O
91760,5354212,COC(=O)/C=C1/CC[C@H]2[C@@H]3CCC4=CC(=O)CC[C@]4(C)[C@H]3C(=O)C[C@]12C
91760,6917929,C[C@@H]1C(=O)O[C@H]2[C@H](O)C34[C@H]5C[C@@H](C(C)(C)C)C36[C@@H](OC(=O)[C@@H]6O)O[C@@]4(C(=O)O5)[C@@]12O
135567475,139600860,CCCCCCCCCCCCCCCCCCCCCCCCCC(O)=N[C@@H](CO[C@H]1O[C@H](CO)[C@H](OCc2ccc(F)cc2)[C@H](O)[C@H]1O)[C@H](O)[C@H](O)CCCCCCCCCCCCCC
135567475,132282124,C[C@@H]1O[C@@H](OCCCCCC(=O)SCCN=C(O)CCN=C(O)[C@H](O)C(C)(C)COP(=O)(O)OP(=O)(O)OC[C@H]2O[C@@H](n3cnc4c(N)ncnc43)[C@H](O)[C@@H]2OP(=O)(O)O)[C@H](O)C[C@H]1O
135567475,49859721,O=C(O)c1cc(O)ccc1O[C@@H]1O[C@H](CO)[C@@H](O)[C@H](O)[C@H]1O
86289949,5780,OC[C@@H](O)[C@@H](O)[C@H](O)[C@@H](O)CO
86289949,10825777,NC(Cc1cc(O)c2c(c1)SCC(O)=N2)C(=O)O
86289949,3617485,CCN(CC)c1ccc2nc3cc(C)c(=[NH2+])cc-3oc2c1
21158466,5780,OC[C@@H](O)[C@@H](O)[C@H](O)[C@@H](O)CO
21158466,5354212,COC(=O)/C=C1/CC[C@H]2[C@@H]3CCC4=CC(=O)CC[C@]4(C)[C@H]3C(=O)C[C@]12C
21158466,9409,Cc1cc(-c2ccc(N=Nc3ccc4c(S(=O)(=O)[O-])cc(S(=O)(=O)O)c(N)c4c3[O-])c(C)c2)ccc1N=Nc1ccc2c(S(=O)(=O)[O-])cc(S(=O)(=O)O)c(N)c2c1[O-].[Na+].[Na+].[Na+].[Na+]
68911,6917864,C[C@H]1[C@H](OC(=O)CCC(=O)O)O[C@@H]2O[C@@]3(C)CC[C@H]4[C@H](C)CC[C@@H]1[C@@]24OO3
68911,23674745,CC(C(=O)[O-])c1ccc(CC2CCCC2=O)cc1.O.O.[Na+]
68911,3024,BrCBr
72193672,53239731,CC(O)=N[C@@H]1[C@@H](O[C@@H]2O[C@@H](C)[C@@H](O)[C@@H](O)[C@@H]2O)[C@H](O[C@@H]2O[C@H](CO)[C@@H](O)[C@H](O)[C@H]2N=C(C)O)[C@@H](CO[C@@H]2O[C@@H](C)[C@@H](O)[C@@H](O)[C@@H]2O)O[C@H]1O
72193672,439864,CC12CC(=O)C(CC(=O)O1)C2(C)C
50909875,57339202,CC(O)=N[C@@H]1[C@@H](O[C@H]2O[C@H](CO)[C@H](O)[C@H](O)[C@H]2O)[C@@H](O)[C@@H](CO)O[C@H]1O
50909875,49859627,COc1cccc2[nH]cc(C/C(=N/OS(=O)(=O)[O-])S[C@@H]3O[C@H](CO)[C@@H](O)[C@H](O)[C@H]3O)c12
50909875,76965883,Cc1ccc(S(=O)(=O)O)cc1.N[C@@H]1CCN(c2nc3c(cc2F)c(=O)c(C(=O)O)cn3-c2ccc(F)cc2F)C1
440033,5780,OC[C@@H](O)[C@@H](O)[C@H](O)[C@@H](O)CO
440033,243,O=C(O)c1ccccc1
440033,128812,CCCCCCCC(=O)OC[C@H](COP(=O)(O)OC1[C@H](O)[C@H](O)C(O)[C@H](O)[C@H]1O)OC(=O)CCCCCCC
58891638,49859627,COc1cccc2[nH]cc(C/C(=N/OS(=O)(=O)[O-])S[C@@H]3O[C@H](CO)[C@@H](O)[C@H](O)[C@H]3O)c12
58891638,6921809,N=C(O)[C@@H]([NH3+])Cc1c[nH]c2ccccc12
5287939,121935,CC(C)CCC[C@](C)(O)[C@H]1CC[C@H]2[C@@H]3CC=C4C[C@@H](O)CC[C@]4(C)[C@H]3CC[C@@]21C
5287939,71298190,CC(O)=N[C@H]1C(O)O[C@H](CO)[C@H](O)[C@@H]1O[C@@H]1O[C@H](CO)[C@H](O[C@H]2O[C@H](CO)[C@H](O)[C@H](O)[C@H]2O)[C@H](O)[C@H]1O[C@@H]1O[C@@H](C)[C@@H](O)[C@@H](O)[C@@H]1O
5287939,126456457,C[C@]12CC[C@H]3[C@@H](CCC4=CC(=O)CC[C@@]43C)[C@@H]1CC[C@H]2O[C@@H]1O[C@H](C(=O)[O-])[C@@H](O)[C@H](O)[C@H]1O
1292,56955923,O=[As]([O-])(O)c1ccccc1
1292,69212,CC1=CC(=O)C(=O)C=C1O
1292,54733285,COc1c(O)c(C)c(C/C=C(\C)CCCCCCCCc2ccccc2)oc1=O
70678883,91850668,CC(O)=N[C@H]1[C@H](O[C@@H]2[C@H](O)[C@H](O[C@H]3[C@H](O)[C@@H](O)[C@H](O)O[C@@H]3CO)O[C@H](CO)[C@H]2O)O[C@H](CO)[C@@H](O)[C@@H]1O
70678883,440649,Cc1ncc(C[n+]2c(C(O)CCC(=O)O)sc(CCOP(=O)(O)OP(=O)(O)O)c2C)c(=N)[nH]1
70678883,71296164,NC[C@H]1O[C@H](O[C@H]2[C@H](O)[C@@H](O[C@H]3O[C@H](CO)[C@@H](O)[C@H](N)[C@H]3O)[C@H](N)C[C@@H]2N)C(=O)[C@@H](O)[C@@H]1O
92136174,40488837,CCCCC[C@@H]1O[C@@H]1C/C=C\C/C=C\C/C=C\CCCC(=O)[O-]
56927824,5780,OC[C@@H](O)[C@@H](O)[C@H](O)[C@@H](O)CO
56927824,25244039,C=C1C[C@]23C[C@H]1CC[C@H]2[C@]1(C)CC[C@H](O)[C@@](C)(C(=O)[O-])[C@H]1[C@@H]3C(=O)[O-]
91855664,49859627,COc1cccc2[nH]cc(C/C(=N/OS(=O)(=O)[O-])S[C@@H]3O[C@H](CO)[C@@H](O)[C@H](O)[C@H]3O)c12
91855664,71306331,Oc1ccc([C@H]2O[C@@H](c3ccc(O)cc3)[C@H](c3cc4c(cc3O)O[C@@H](c3ccc(O)cc3)[C@@H]4c3cc4c(cc3O)O[C@@H](c3ccc(O)cc3)[C@@H]4c3cc(O)cc(O)c3)[C@@H]2c2cc(O)cc(O)c2)cc1
240,56955923,O=[As]([O-])(O)c1ccccc1
240,13376,CCCCN=CO
240,86289750,C[C@H](CCCCCCCC(=O)O)O[C@@H]1O[C@@H](C)[C@H](OC(=O)c2c[nH]c3ccccc23)C[C@H]1O
10931377,40490621,CC[C@@H]1O[C@@H]1C/C=C\C/C=C\C/C=C\C/C=C\CCCC(=O)[O-]
10931377,13376,CCCCN=CO
10931377,10400369,O=P(O)(O)OC[C@@]1(O)O[C@H](CO)[C@@H](O)[C@@H]1O
75734,5780,OC[C@@H](O)[C@@H](O)[C@H](O)[C@@H](O)CO
75734,72551578,O=C([O-])CCC/C=C\C/C=C\C/C=C\C/C=C\C/C=C\CCO
86289750,86289760,C[C@@H]1O[C@@H](OCCCCCCCCC(=O)O)[C@H](O)C[C@H]1OC(=O)c1c[nH]c2ccccc12
86289750,49859627,COc1cccc2[nH]cc(C/C(=N/OS(=O)(=O)[O-])S[C@@H]3O[C@H](CO)[C@@H](O)[C@H](O)[C@H]3O)c12
86289750,25229565,CN(c1ccccc1)c1ccc2c(-c3ccccc3S(=O)(=O)N3CCC(C(=O)ON4C(=O)CCC4=O)CC3)c3ccc(N(C)c4ccccc4)cc3[o+]c2c1.[Cl-]
118797913,14212362,Nc1nc(O)nc2c1ncn2[C@@H]1O[C@H](COP(=O)(O)O)[C@@H](O)[C@H]1O
118797913,49859627,COc1cccc2[nH]cc(C/C(=N/OS(=O)(=O)[O-])S[C@@H]3O[C@H](CO)[C@@H](O)[C@H](O)[C@H]3O)c12
118797913,77743,CSCCCN
3016406,5780,OC[C@@H](O)[C@@H](O)[C@H](O)[C@@H](O)CO
3016406,637497,C[C@@H](O)CCO
72715779,46931152,CCCCCCCC/C=C\CCCCCCCC(=O)OC[C@H](COP(=O)(O)OCC(O)COP(=O)(O)OC[C@@H](COC(=O)CCCCCCC/C=C\CCCCCCCC)OC(=O)CCCCCCC/C=C\CCCCCCCC)OC(=O)CCCCCCC/C=C\CCCCCCCC
72715779,71464690,C[C@H](N)C(O)=N[C@@H](CS)C(O)=NCC(=O)O
5424,119035,COC1=C(O)C(=O)C(C)=CC1=O
5424,5780,OC[C@@H](O)[C@@H](O)[C@H](O)[C@@H](O)CO
5424,11705034,Cl.Cl.N=C(O)C1(N2CCCCC2)CCN(CCCC(=O)c2ccc(F)cc2)CC1
91997555,5354212,COC(=O)/C=C1/CC[C@H]2[C@@H]3CCC4=CC(=O)CC[C@]4(C)[C@H]3C(=O)C[C@]12C
91997555,69527,CCCCCCCCCCCC(=O)OC(=O)CCCCCCCCCCC
480859,42604344,COc1cc(O)ccc1[C@@H]1COc2cc(O)ccc2[C@H]1O
480859,5354212,COC(=O)/C=C1/CC[C@H]2[C@@H]3CCC4=CC(=O)CC[C@]4(C)[C@H]3C(=O)C[C@]12C
480859,129320481,Oc1ccc([C@@H]2COc3cc(O)ccc3[C@@H]2O)c(O)c1
65858,23674745,CC(C(=O)[O-])c1ccc(CC2CCCC2=O)cc1.O.O.[Na+]
65858,7824,CCCCCC(=O)OC
16441,637039,CC1=C(/C=C/C(C)=C/C=C/C(C)=C/C=C/C=C(C)/C=C/C=C(C)/C=C/C=C(\C)C(=O)O)C(C)(C)CCC1
16441,69212,CC1=CC(=O)C(=O)C=C1O
16441,132524,CC1=C(C(=O)O)CC[C@]2(C)C3=C(CC[C@@H]12)C(=O)C(C(C)C)=CC3=O
34230,53239731,CC(O)=N[C@@H]1[C@@H](O[C@@H]2O[C@@H](C)[C@@H](O)[C@@H](O)[C@@H]2O)[C@H](O[C@@H]2O[C@H](CO)[C@@H](O)[C@H](O)[C@H]2N=C(C)O)[C@@H](CO[C@@H]2O[C@@H](C)[C@@H](O)[C@@H](O)[C@@H]2O)O[C@H]1O
34230,5469424,COc1cc(/C=C/C(=O)CC(=O)/C=C/c2ccc(O)cc2)ccc1O
146672232,23674745,CC(C(=O)[O-])c1ccc(CC2CCCC2=O)cc1.O.O.[Na+]
146672232,91851695,OC[C@H]1O[C@H](O[C@@H]2[C@H](O)[C@H](O[C@H]3[C@@H](O)[C@H](O)[C@@H](CO)O[C@H]3O)O[C@H](CO)[C@H]2O)[C@@H](O)[C@@H](O)[C@@H]1O
129626820,10006666,C[C@H](CCC(O)=NCCS(=O)(=O)O)[C@H]1CC[C@H]2[C@@H]3C(=O)C[C@@H]4C[C@H](O)CC[C@]4(C)[C@H]3C[C@H](O)[C@]12C
129626820,49859627,COc1cccc2[nH]cc(C/C(=N/OS(=O)(=O)[O-])S[C@@H]3O[C@H](CO)[C@@H](O)[C@H](O)[C@H]3O)c12
129626820,30231,COc1ccc(CCC(=O)c2c(O)cc(O[C@@H]3O[C@H](CO)[C@@H](O)[C@H](O)[C@H]3O[C@@H]3O[C@@H](C)[C@H](O)[C@@H](O)[C@H]3O)cc2O)cc1O
185588,56955923,O=[As]([O-])(O)c1ccccc1
185588,56955923,O=[As]([O-])(O)c1ccccc1
185588,86289674,CCCCCCCC(=O)OC[C@H](COP(=O)([O-])O[C@H]1[C@H](O)[C@@H](OP(=O)([O-])[O-])[C@H](O)[C@@H](O)[C@H]1O)OC(=O)CCCCCCC
440192,56955923,O=[As]([O-])(O)c1ccccc1
440192,56955923,O=[As]([O-])(O)c1ccccc1
440192,70679193,CCCCCCCCCCCCCCCCCCCC(O)=N[C@@H](COP(=O)([O-])OCC[N+](C)(C)C)[C@H](O)/C=C/CCCCCCCCCC(C)C
442333,14345637,CCCCC/C=C\C/C=C\C/C=C\C/C=C\CCCC(=O)OC(CO)COC(=O)CCCCCCCCCCCCCCCCC
442333,70678649,CC(O)=N[C@@H]1[C@@H](O)[C@H](O[C@@H]2O[C@H](CO)[C@H](OS(=O)(=O)O)[C@H](O)[C@H]2O)[C@@H](CO)O[C@H]1O
56927916,5780,OC[C@@H](O)[C@@H](O)[C@H](O)[C@@H](O)CO
56927916,5780,OC[C@@H](O)[C@@H](O)[C@H](O)[C@@H](O)CO
56927916,70680264,CO[C@H]1C[C@H](O[C@H]2CC[C@@]3(C)C(=CC[C@]4(O)[C@@H]3C[C@@H](OC(=O)/C=C(\C)C(C)C)[C@@]3(C)[C@]4(O)CC[C@@]3(O)C(C)=O)C2)O[C@H](C)[C@H]1O
135398513,135420630,N=c1nc(O)c2nc(O)[nH]c2[nH]1
135398513,86289860,O=C(O)C[C@H](O)CCCCCCCO
135398513,193412,C=C1CC1CC(=O)C(=O)O
135103,5780,OC[C@@H](O)[C@@H](O)[C@H](O)[C@@H](O)CO
135103,30951,C=CCOc1ccc(CC(=O)O)cc1Cl
135103,70679211,COC(=O)C1CCC(O)CN1
4687,5780,OC[C@@H](O)[C@@H](O)[C@H](O)[C@@H](O)CO
4687,11494158,O=C(O)CCCC#CC#CCCCCCCCCCCCc1ccco1
3083930,49859627,COc1cccc2[nH]cc(C/C(=N/OS(=O)(=O)[O-])S[C@@H]3O[C@H](CO)[C@@H](O)[C@H](O)[C@H]3O)c12
3083930,57339315,[NH3+][C@H]1[C@@H](O[C@H]2[C@H](O)[C@@H](O)[C@H]([NH3+])C[C@@H]2[NH3+])O[C@H](C=O)[C@@H](O)[C@@H]1O
5281674,5280695,COc1c(O)cc(O)c2c(=O)c(O)c(-c3ccc(O)c(O)c3)oc12
5281674,10825777,NC(Cc1cc(O)c2c(c1)SCC(O)=N2)C(=O)O
5281674,91847929,OC[C@H]1O[C@@H](O)[C@H](O)[C@@H](O)[C@@H]1O[C@@H]1OC[C@@H](O)[C@H](O)[C@H]1O
14016224,49859627,COc1cccc2[nH]cc(C/C(=N/OS(=O)(=O)[O-])S[C@@H]3O[C@H](CO)[C@@H](O)[C@H](O)[C@H]3O)c12
14016224,46931086,C=C(O[C@H]1[C@H](O)[C@@H](CO)OC(OP(=O)(O)OP(=O)(O)OC[C@H]2O[C@@H](n3ccc([O-])nc3=O)[C@H](O)[C@@H]2O)[C@@H]1N=C(C)[O-])C(=O)[O-]
16091524,16091519,O=C(Cc1ccc(O)c(O)c1)O[C@H]1[C@H](OCCc2ccc(O)c(O)c2)O[C@H](CO)[C@@H](O)[C@@H]1O
16091524,49859627,COc1cccc2[nH]cc(C/C(=N/OS(=O)(=O)[O-])S[C@@H]3O[C@H](CO)[C@@H](O)[C@H](O)[C@H]3O)c12
16091524,439713,N=C(O)N[C@@H]1N=C(O)N=C1O
71728437,5780,OC[C@@H](O)[C@@H](O)[C@H](O)[C@@H](O)CO
71728437,14345637,CCCCC/C=C\C/C=C\C/C=C\C/C=C\CCCC(=O)OC(CO)COC(=O)CCCCCCCCCCCCCCCCC
71728437,13344,O=C([O-])CC(O)(CC(=O)[O-])C(=O)[O-].[K+].[K+].[K+]
45266859,91828250,CC(O)=N[C@@H]1[C@@H](O)[C@H](O[C@@H]2O[C@H](CO)[C@@H](O[C@@H]3O[C@H](CO[C@H]4O[C@H](CO)[C@@H](O)[C@H](O)[C@@H]4O[C@@H]4O[C@H](CO)[C@@H](O[C@@H]5O[C@H](CO)[C@H](O)[C@H](O[C@]6(C(=O)O)C[C@H](O)[C@@H](N=C(C)O)[C@H]([C@H](O)[C@H](O)CO)O6)[C@H]5O)[C@H](O)[C@H]4N=C(C)O)[C@@H](O[C@@H]4O[C@H](CO)[C@@H](O)[C@H](O)[C@H]4N=C(C)O)[C@H](O[C@H]4O[C@H](CO)[C@@H](O)[C@H](O)[C@@H]4O[C@@H]4O[C@H](CO)[C@@H](O[C@@H]5O[C@H](CO)[C@H](O)[C@H](O[C@]6(C(=O)O)C[C@H](O)[C@@H](N=C(C)O)[C@H]([C@H](O)[C@H](O)CO)O6)[C@H]5O)[C@H](O)[C@H]4N=C(C)O)[C@@H]3O)[C@H](O)[C@H]2N=C(C)O)[C@@H](CO)O[C@H]1O
45266859,5280551,COc1ccc(-c2coc3cc(O)ccc3c2=O)c(O)c1
92136184,46931152,CCCCCCCC/C=C\CCCCCCCC(=O)OC[C@H](COP(=O)(O)OCC(O)COP(=O)(O)OC[C@@H](COC(=O)CCCCCCC/C=C\CCCCCCCC)OC(=O)CCCCCCC/C=C\CCCCCCCC)OC(=O)CCCCCCC/C=C\CCCCCCCC
92136184,6991995,N=C(N)NCCC[C@H](N=C(O)[C@@H]([NH3+])Cc1ccc(O)cc1)C(=O)O
8691,10825777,NC(Cc1cc(O)c2c(c1)SCC(O)=N2)C(=O)O
8691,9853053,OC(=NC1CCN(CCCCC2(C(O)=NCC(F)(F)F)c3ccccc3-c3ccccc32)CC1)c1ccccc1-c1ccc(C(F)(F)F)cc1
5460822,56955923,O=[As]([O-])(O)c1ccccc1
5460822,5780,OC[C@@H](O)[C@@H](O)[C@H](O)[C@@H](O)CO
5460822,70679234,O=C1C(=O)c2ccccc2C([O-])=C1CCO
445408,65070,O=c1nc(O)ccn1[C@H]1C[C@H](O)[C@@H](COP(=O)(O)OP(=O)(O)OP(=O)(O)O)O1
445408,10825777,NC(Cc1cc(O)c2c(c1)SCC(O)=N2)C(=O)O
445408,24178773,CO[C@@H]1OC(=O)C2=CC[C@H]3[C@]4(C)CC[C@H]5C(C)(C)CCC[C@]5(C)[C@H]4C[C@@H](OC(C)=O)[C@]3(C)[C@H]21
24857881,49859627,COc1cccc2[nH]cc(C/C(=N/OS(=O)(=O)[O-])S[C@@H]3O[C@H](CO)[C@@H](O)[C@H](O)[C@H]3O)c12
24857881,3016406,NN1CC(CN2CCOCC2)OC1=O
643965,53380618,O=P(O)(O)OC1[C@@H](OP(=O)(O)O)[C@H](OP(=O)(O)OP(=O)(O)O)C(O)[C@H](OP(=O)(O)OP(=O)(O)O)[C@H]1OP(=O)(O)O
643965,70678725,COC1=C(Br)[C@H](O)[C@@]2(C=C1Br)CC(C(=O)NCCCCNC(=O)C1=NO[C@@]3(C=C(Br)C(=O)[C@H](Br)[C@H]3O)C1)=NO2
643965,123953,Nc1ncnc2c1ncn2[C@@H]1O[C@H](COP(=O)(O)OP(=O)(O)OC[C@H]2O[C@@H]([n+]3cccc(C(=O)O)c3)[C@H](O)[C@@H]2O)[C@@H](O)[C@H]1OP(=O)(O)O
46931145,53262337,CCCCCCCCCCCCCCCCCCCCCCCC[C@@H](C(=O)O)[C@H](O)CCCCCCCCCCCCCCCCC[C@H]1C[C@H]1CCCCCCCCCCCCCCCC[C@@H](OC)[C@H](C)CCCCCCCCCCCCCCCCCC
46931145,5280534,CCCCC/C=C\C/C=C\C=C\C=C\C[C@H]1O[C@@H]1CCC(=O)O
11860154,5354212,COC(=O)/C=C1/CC[C@H]2[C@@H]3CCC4=CC(=O)CC[C@]4(C)[C@H]3C(=O)C[C@]12C
11860154,17106,C[C@@H]1OC(O)[C@@H](O)[C@H](O)[C@@H]1O
24970705,5354212,COC(=O)/C=C1/CC[C@H]2[C@@H]3CCC4=CC(=O)CC[C@]4(C)[C@H]3C(=O)C[C@]12C
24970705,49852412,N=C(O)CNCCCCC(N)C(=O)O
12574,56955923,O=[As]([O-])(O)c1ccccc1
12574,10825777,NC(Cc1cc(O)c2c(c1)SCC(O)=N2)C(=O)O
12574,21606527,C[C@@H]1O[C@@H](Oc2cc(O)c3c(=O)c(O[C@@H]4O[C@H](CO)[C@@H](O)[C@H](O)[C@H]4O)c(-c4ccc(O)cc4)oc3c2)[C@H](O)[C@H](O)[C@H]1O
545690,5780,OC[C@@H](O)[C@@H](O)[C@H](O)[C@@H](O)CO
545690,70678725,COC1=C(Br)[C@H](O)[C@@]2(C=C1Br)CC(C(=O)NCCCCNC(=O)C1=NO[C@@]3(C=C(Br)C(=O)[C@H](Br)[C@H]3O)C1)=NO2
545690,5281887,C[C@]12CC[C@@H]3c4ccc(O)cc4CC[C@H]3[C@@H]1CC[C@@H]2O[C@@H]1O[C@H](C(=O)O)[C@@H](O)[C@H](O)[C@H]1O
10009567,86289508,COC(=O)c1c(O[C@@H]2O[C@@H](C)[C@H](OC)[C@@H](OC)[C@H]2OC)cc2cc3c(c(O)c2c1C)C(=O)[C@]1(O)C(=O)C=C(OC)[C@@H](O)[C@]1(O)C3=O
10009567,53239731,CC(O)=N[C@@H]1[C@@H](O[C@@H]2O[C@@H](C)[C@@H](O)[C@@H](O)[C@@H]2O)[C@H](O[C@@H]2O[C@H](CO)[C@@H](O)[C@H](O)[C@H]2N=C(C)O)[C@@H](CO[C@@H]2O[C@@H](C)[C@@H](O)[C@@H](O)[C@@H]2O)O[C@H]1O
10009567,132282052,C=C1C[C@](O)([C@@H](C)Cl)C(=O)O[C@@H]2CCN3CC=C(COC(=O)[C@]1(C)O)[C@H]23
5651756,56955923,O=[As]([O-])(O)c1ccccc1
5651756,56955923,O=[As]([O-])(O)c1ccccc1
5651756,53792010,O=C[C@H]1O[C@@H](n2ccc(O)nc2=O)[C@H](O)[C@@H]1O
480787,54679752,O=c1oc2cc(O)ccc2c(O)c1-c1ccc(O)cc1O
480787,5354212,COC(=O)/C=C1/CC[C@H]2[C@@H]3CCC4=CC(=O)CC[C@]4(C)[C@H]3C(=O)C[C@]12C
480787,124079383,CCC/C=C\CCCCCCCC/C=C/[C@@H](O)[C@H](CO[C@@H]1O[C@H](CO)[C@@H](O)[C@H](O)[C@H]1O)N=C(O)CCCCCCCCCCCCCCCCCCC
121232664,5780,OC[C@@H](O)[C@@H](O)[C@H](O)[C@@H](O)CO
121232664,5780,OC[C@@H](O)[C@@H](O)[C@H](O)[C@@H](O)CO
121232664,131953079,CN(c1ccc([N+](=O)[O-])c2nonc12)[C@@H](CC(=O)O)C(O)=N[C@@H](CCCCN)C(O)=N[C@@H](CCCCN=C(O)CCCCC1SCC2N=C(O)NC21)C(O)=NCCC(=O)O
6438398,637039,CC1=C(/C=C/C(C)=C/C=C/C(C)=C/C=C/C=C(C)/C=C/C=C(C)/C=C/C=C(\C)C(=O)O)C(C)(C)CCC1
6438398,440649,Cc1ncc(C[n+]2c(C(O)CCC(=O)O)sc(CCOP(=O)(O)OP(=O)(O)O)c2C)c(=N)[nH]1
6438398,71581143,CCCCC/C=C\C/C=C\C/C=C\C/C=C\CCCCCCCCCCCCCC(=O)SCCN=C(O)CCN=C(O)[C@H](O)C(C)(C)COP(=O)(O)OP(=O)(O)OC[C@H]1O[C@@H](n2cnc3c(N)ncnc32)[C@H](O)[C@@H]1OP(=O)(O)O
6971050,5780,OC[C@@H](O)[C@@H](O)[C@H](O)[C@@H](O)CO
6971050,243,O=C(O)c1ccccc1
6971050,51037954,N[C@@H](CS)C(O)=N[C@@H](CC(=O)O)C(O)=NCC(=O)O
6443013,5780,OC[C@@H](O)[C@@H](O)[C@H](O)[C@@H](O)CO
6443013,23674745,CC(C(=O)[O-])c1ccc(CC2CCCC2=O)cc1.O.O.[Na+]
6443013,21707971,CCCCCCCCCCCCCCCCCCCCCCC(O)C(=O)[O-]
22642043,2723698,Sc1ccccn1
22642043,5780,OC[C@@H](O)[C@@H](O)[C@H](O)[C@@H](O)CO
22642043,10410732,CC1=CCC[C@H]2[C@](C)(CC3=CC(=O)C(NCCS(=O)(=O)O)=CC3=O)[C@@H](C)CC[C@]12C
146672236,56955923,O=[As]([O-])(O)c1ccccc1
146672236,10825777,NC(Cc1cc(O)c2c(c1)SCC(O)=N2)C(=O)O
146672236,71296192,CC(O)=N[C@@H]1[C@@H](O[C@@H]2O[C@H](CO)[C@@H](O[C@@H]3O[C@H](CO[C@]4(C(=O)O)C[C@H](O)[C@@H](N=C(C)O)[C@H]([C@H](O)[C@H](O)CO)O4)[C@H](O)[C@H](O)[C@H]3O)[C@H](O)[C@H]2N=C(C)O)[C@@H](O)[C@@H](CO)O[C@H]1O
104730,5780,OC[C@@H](O)[C@@H](O)[C@H](O)[C@@H](O)CO
104730,1119,O=S=O
104730,10009567,COC(=O)c1c(O[C@@H]2O[C@@H](C)[C@H](OC)[C@@H](OC)[C@H]2OC)cc2cc3c(c(O)c2c1C)C(=O)[C@]1(OC)C(=O)C=C(OC)[C@@H](O)[C@]1(O)C3=O
5357283,56955923,O=[As]([O-])(O)c1ccccc1
5357283,56955923,O=[As]([O-])(O)c1ccccc1
5357283,86355,COc1cc(OC)nc(N=C(O)NS(=O)(=O)c2c(-c3nnn(C)n3)cnn2C)n1
87206149,5780,OC[C@@H](O)[C@@H](O)[C@H](O)[C@@H](O)CO
87206149,56955923,O=[As]([O-])(O)c1ccccc1
87206149,9548624,CC(C)(O)C/C(=N\OS(=O)(=O)O)S[C@@H]1O[C@H](CO)[C@@H](O)[C@H](O)[C@H]1O
5282432,5354212,COC(=O)/C=C1/CC[C@H]2[C@@H]3CCC4=CC(=O)CC[C@]4(C)[C@H]3C(=O)C[C@]12C
5282432,7913,N=C(O)NC(=N)O
9830520,49859627,COc1cccc2[nH]cc(C/C(=N/OS(=O)(=O)[O-])S[C@@H]3O[C@H](CO)[C@@H](O)[C@H](O)[C@H]3O)c12
9830520,10816628,COC(/C=C/C(C)(C)O)/C(C)=C/C=C/C(C)=C1\C(=O)C[C@H]2[C@@]3(C)CC[C@@H](OC(C)=O)[C@](C)(C(=O)O)[C@@H]3CC[C@]12C
6420241,5780,OC[C@@H](O)[C@@H](O)[C@H](O)[C@@H](O)CO
6420241,10825777,NC(Cc1cc(O)c2c(c1)SCC(O)=N2)C(=O)O
6420241,25245840,CC/C=C\C/C=C\C/C=C\C/C=C\CCCCC(=O)[O-]
12304609,443144,CC(=O)C[C@@H]1CCCN1C
12304609,5460269,O=C([O-])[C@H](O)c1ccccc1
91845897,6433272,C[C@@H]1[C@H](O)[C@@H](C)/C=C/C=C/CC/C=C/C=C/C=C/C=C/C(O[C@H]2O[C@H](C)[C@@H](O)[C@H](N)[C@@H]2O)CC2O[C@](O)(CC(O)C(O)CCC(O)CC(O)CC(O)CC(=O)O[C@H]1C)CC(O)C2C(=O)O
91845897,75,NCCC=O
72193723,14212362,Nc1nc(O)nc2c1ncn2[C@@H]1O[C@H](COP(=O)(O)O)[C@@H](O)[C@H]1O
72193723,132282124,C[C@@H]1O[C@@H](OCCCCCC(=O)SCCN=C(O)CCN=C(O)[C@H](O)C(C)(C)COP(=O)(O)OP(=O)(O)OC[C@H]2O[C@@H](n3cnc4c(N)ncnc43)[C@H](O)[C@@H]2OP(=O)(O)O)[C@H](O)C[C@H]1O
72193723,71297458,CC(O)=N[C@H]1[C@H](O[C@H]2[C@H](O)[C@@H](N=C(C)O)C(O)O[C@@H]2CO[C@@H]2O[C@@H](C)[C@@H](O)[C@@H](O)[C@@H]2O)O[C@H](CO)[C@@H](O[C@@H]2O[C@H](CO[C@H]3O[C@H](CO)[C@@H](O)[C@H](O)[C@@H]3O[C@@H]3O[C@H](CO)[C@@H](O)[C@H](O)[C@H]3N=C(C)O)[C@@H](O[C@@H]3O[C@H](CO)[C@@H](O)[C@H](O)[C@H]3N=C(C)O)[C@H](O[C@H]3O[C@H](CO)[C@@H](O)[C@H](O)[C@@H]3O[C@@H]3O[C@H](CO)[C@@H](O)[C@H](O)[C@H]3N=C(C)O)[C@@H]2O)[C@@H]1O
13475120,132472302,CC(C)[C@@H](C)C[C@H](OS(=O)(=O)O)[C@@H](C)[C@H]1CC[C@H]2[C@@H]3CC(=O)[C@H]4C[C@@H](O)CC[C@]4(C)[C@H]3CC[C@]12C
13475120,49859627,COc1cccc2[nH]cc(C/C(=N/OS(=O)(=O)[O-])S[C@@H]3O[C@H](CO)[C@@H](O)[C@H](O)[C@H]3O)c12
13475120,53355455,CCCC(=O)O[C@H]1c2cc3c(c(OC)c2-c2c(cc(OC)c(OC)c2OC)[C@H](OC(C)=O)[C@@H](C)[C@H]1C)OCO3
12835430,56955923,O=[As]([O-])(O)c1ccccc1
12835430,56955923,O=[As]([O-])(O)c1ccccc1
12835430,46931086,C=C(O[C@H]1[C@H](O)[C@@H](CO)OC(OP(=O)(O)OP(=O)(O)OC[C@H]2O[C@@H](n3ccc([O-])nc3=O)[C@H](O)[C@@H]2O)[C@@H]1N=C(C)[O-])C(=O)[O-]
86289524,30951,C=CCOc1ccc(CC(=O)O)cc1Cl
86289524,53262295,CCCN1CCCC[C@H]1C(O)=Nc1c(C)cccc1C.Cl
52925127,5780,OC[C@@H](O)[C@@H](O)[C@H](O)[C@@H](O)CO
52925127,53239731,CC(O)=N[C@@H]1[C@@H](O[C@@H]2O[C@@H](C)[C@@H](O)[C@@H](O)[C@@H]2O)[C@H](O[C@@H]2O[C@H](CO)[C@@H](O)[C@H](O)[C@H]2N=C(C)O)[C@@H](CO[C@@H]2O[C@@H](C)[C@@H](O)[C@@H](O)[C@@H]2O)O[C@H]1O
52925127,122391323,N[C@@H](CCC([O-])=N[C@@H](CSCCl)C(O)=NCC(=O)O)C(=O)O
131953084,11757884,C=C1CC[C@H](O)C/C1=C/C=C1\CCC[C@]2(C)[C@@H]([C@H](C)CCCC(C)(C)O[C@@H]3O[C@H](C(=O)O)[C@@H](O)[C@H](O)[C@H]3O)CC[C@@H]12
131953084,14345637,CCCCC/C=C\C/C=C\C/C=C\C/C=C\CCCC(=O)OC(CO)COC(=O)CCCCCCCCCCCCCCCCC
131953084,9986866,COC(=O)CC1Cc2cc3c(-c4c(OC)cc(O)c5c(O)c6c(cc45)CC(CC(=O)OC)OC6=O)c(OC)cc(O)c3c(O)c2C(=O)O1
42603598,5780,OC[C@@H](O)[C@@H](O)[C@H](O)[C@@H](O)CO
42603598,3016406,NN1CC(CN2CCOCC2)OC1=O
16203739,440649,Cc1ncc(C[n+]2c(C(O)CCC(=O)O)sc(CCOP(=O)(O)OP(=O)(O)O)c2C)c(=N)[nH]1
16203739,121232656,COc1cc(C2Oc3c(OC)cc(/C=C/C(=O)O)cc3C2COS(=O)(=O)O)ccc1O
9543319,5780,OC[C@@H](O)[C@@H](O)[C@H](O)[C@@H](O)CO
9543319,5780,OC[C@@H](O)[C@@H](O)[C@H](O)[C@@H](O)CO
9543319,2911,OC(CCN1CCCCC1)(c1ccccc1)C1CCCC1
1865,73271,O=C(O)Cc1cc(O)nc(O)n1
1865,5780,OC[C@@H](O)[C@@H](O)[C@H](O)[C@@H](O)CO
1865,50994838,O=C1C=CC(O)(/C=C/C(=O)OC[C@H]2O[C@@H](Oc3ccc(O)cc3)[C@H](OC(=O)/C=C/C3(O)C=CC(=O)C=C3)[C@@H](O)[C@@H]2O)C=C1
11546620,49859627,COc1cccc2[nH]cc(C/C(=N/OS(=O)(=O)[O-])S[C@@H]3O[C@H](CO)[C@@H](O)[C@H](O)[C@H]3O)c12
11546620,16091524,O=C(Cc1ccc(O)c(O)c1)O[C@H]1[C@H](OCCc2cc(O)c(O)cc2O)O[C@H](CO)[C@@H](O)[C@@H]1O
124079383,86289694,C[C@H](CCCCCCCCC/C=C/C(=O)O)O[C@@H]1O[C@@H](C)[C@H](O)C[C@H]1O
124079383,53239731,CC(O)=N[C@@H]1[C@@H](O[C@@H]2O[C@@H](C)[C@@H](O)[C@@H](O)[C@@H]2O)[C@H](O[C@@H]2O[C@H](CO)[C@@H](O)[C@H](O)[C@H]2N=C(C)O)[C@@H](CO[C@@H]2O[C@@H](C)[C@@H](O)[C@@H](O)[C@@H]2O)O[C@H]1O
124079383,3406,Cc1cn[nH]c1
115245,44263378,C[C@H](CCC(O)=NCCS(=O)(=O)O)[C@H]1CC[C@H]2[C@@H]3[C@@H](O)C[C@@H]4C[C@H](O)CC[C@]4(C)[C@H]3C[C@H](O)[C@]12C
115245,52929771,CCCCCCCCCCCCCCCC/C=C\OC[C@@H](O)COP(=O)(O)O
115245,86289422,O=c1cc2oc(-c3ccc([O-])c(O)c3)c(O[C@@H]3O[C@H](CO)[C@H](O)[C@H](O)[C@H]3O)cc-2c(O)c1
135956784,58321253,Nc1ccc(N=Nc2ccc(S(=O)(=O)[O-])cc2)cc1S(=O)(=O)[O-]
135956784,49859627,COc1cccc2[nH]cc(C/C(=N/OS(=O)(=O)[O-])S[C@@H]3O[C@H](CO)[C@@H](O)[C@H](O)[C@H]3O)c12
135956784,45266792,CCCCCCCCCCCCCCCCCCCCCCC(C(=O)O)C(O)CCCCCCCCCCCCCCCCCC1CC1CCCCCCCCCCCCCCCCC(OC)C(C)CCCCCCCCCCCCCCCCCC
132282128,132282124,C[C@@H]1O[C@@H](OCCCCCC(=O)SCCN=C(O)CCN=C(O)[C@H](O)C(C)(C)COP(=O)(O)OP(=O)(O)OC[C@H]2O[C@@H](n3cnc4c(N)ncnc43)[C@H](O)[C@@H]2OP(=O)(O)O)[C@H](O)C[C@H]1O
132282128,47472,Clc1ccc(CCC(Cn2ccnc2)Sc2c(Cl)cccc2Cl)cc1
51041098,30951,C=CCOc1ccc(CC(=O)O)cc1Cl
51041098,23391637,OCCOCC(COCCO)(COCCO)COCCO
5288076,72715827,CC[C@@]1(O)C[C@H](O[C@H]2C[C@H](N)[C@H](O)[C@H](C)O2)c2c(O)c3c(c(O)c2[C@H]1C(=O)O)C(=O)c1cccc(OC)c1C3=O
5288076,49859627,COc1cccc2[nH]cc(C/C(=N/OS(=O)(=O)[O-])S[C@@H]3O[C@H](CO)[C@@H](O)[C@H](O)[C@H]3O)c12
5288076,22873440,C=C(C)CCOP(=O)(O)OP(=O)(O)OP(=O)(O)OC[C@H]1O[C@@H](n2ccc(O)nc2=O)[C@H](O)[C@@H]1O
5459811,40490621,CC[C@@H]1O[C@@H]1C/C=C\C/C=C\C/C=C\C/C=C\CCCC(=O)[O-]
5459811,52929771,CCCCCCCCCCCCCCCC/C=C\OC[C@@H](O)COP(=O)(O)O
5459811,121225529,CC(C)=CCC/C(C)=C/CC/C(C)=C/CC/C(C)=C\CC/C(C)=C\CC/C(C)=C\CC/C(C)=C\CC/C(C)=C\CC/C(C)=C\CC/C(C)=C\CC/C(C)=C\COP(=O)(O)OP(=O)(O)O[C@H]1O[C@H](CO)[C@@H](O[C@@H]2O[C@H](CO)[C@@H](OP(=O)(O)OC[C@H](O)CO)[C@H](O)[C@H]2N=C(C)O)[C@H](O)[C@H]1N=C(C)O
90470232,5780,OC[C@@H](O)[C@@H](O)[C@H](O)[C@@H](O)CO
90470232,279,N=C(O)NC(CC(=O)O)C(=O)O
90470232,44260119,CC(C)=CCC/C(C)=C/CC/C(C)=C/CC/C(C)=C\CCC(C)CCOP(=O)(O)OC1OC[C@@H](O)[C@H](O)[C@H]1O
86289431,5780,OC[C@@H](O)[C@@H](O)[C@H](O)[C@@H](O)CO
86289431,23674745,CC(C(=O)[O-])c1ccc(CC2CCCC2=O)cc1.O.O.[Na+]
86289431,23656876,Cc1cc(N=c2cc[nH]cc2S(=O)(=O)NC(O)=NC(C)C)ccc1O
119249,5780,OC[C@@H](O)[C@@H](O)[C@H](O)[C@@H](O)CO
119249,69212,CC1=CC(=O)C(=O)C=C1O
119249,7654,CC(=O)OCCc1ccccc1
22563,135510207,CC(C)N=c1[nH]c(O)nc(=N)[nH]1
22563,5780,OC[C@@H](O)[C@@H](O)[C@H](O)[C@@H](O)CO
22563,3085232,Cc1cc2sc(-c3ccc(N=Nc4ccc(-c5nc6cc(CSC(N(C)C)=[N+](C)C)c(C)cc6s5)cc4)cc3)nc2cc1CSC(N(C)C)=[N+](C)C
52922491,5780,OC[C@@H](O)[C@@H](O)[C@H](O)[C@@H](O)CO
52922491,53239731,CC(O)=N[C@@H]1[C@@H](O[C@@H]2O[C@@H](C)[C@@H](O)[C@@H](O)[C@@H]2O)[C@H](O[C@@H]2O[C@H](CO)[C@@H](O)[C@H](O)[C@H]2N=C(C)O)[C@@H](CO[C@@H]2O[C@@H](C)[C@@H](O)[C@@H](O)[C@@H]2O)O[C@H]1O
52922491,56936304,CCCCCCCC/C=C\CCCCCCCC(=O)O[C@@H](CO)COC(=O)CCCCCCCCCCC
6994839,5780,OC[C@@H](O)[C@@H](O)[C@H](O)[C@@H](O)CO
6994839,279,N=C(O)NC(CC(=O)O)C(=O)O
6994839,16019969,[C-]#[N+]S
71464625,5780,OC[C@@H](O)[C@@H](O)[C@H](O)[C@@H](O)CO
71464625,49859627,COc1cccc2[nH]cc(C/C(=N/OS(=O)(=O)[O-])S[C@@H]3O[C@H](CO)[C@@H](O)[C@H](O)[C@H]3O)c12
71464625,611,NC(CCC(=O)O)C(=O)O
18596452,5354212,COC(=O)/C=C1/CC[C@H]2[C@@H]3CCC4=CC(=O)CC[C@]4(C)[C@H]3C(=O)C[C@]12C
18596452,439507,OC[C@H]1OC(O)[C@H](O)[C@H](O)[C@@H]1O
121490127,5780,OC[C@@H](O)[C@@H](O)[C@H](O)[C@@H](O)CO
121490127,5354212,COC(=O)/C=C1/CC[C@H]2[C@@H]3CCC4=CC(=O)CC[C@]4(C)[C@H]3C(=O)C[C@]12C
121490127,70788961,C[C@@H]1O[C@@H](O[C@H]2C(O)O[C@H](CO)[C@H](O)[C@@H]2O[C@H]2O[C@H](CO)[C@H](O)[C@H](O)[C@H]2N)[C@@H](O)[C@H](O)[C@@H]1O
92729,6857436,CC(C)=CCC/C(C)=C/CC/C(C)=C/CC[C@]1(C)CCc2cc(O)ccc2O1
92729,52929771,CCCCCCCCCCCCCCCC/C=C\OC[C@@H](O)COP(=O)(O)O
92729,91826524,C/C(=C/CC(=O)SCCN=C(O)CCN=C(O)[C@H](O)C(C)(C)COP(=O)(O)OP(=O)(O)OC[C@H]1O[C@@H](n2cnc3c(N)ncnc32)[C@H](O)[C@@H]1OP(=O)(O)O)[C@H]1CC[C@H]2[C@@H]3CC=C4C[C@@H](O)CC[C@]4(C)[C@H]3CC[C@]12C
135510207,22563,CC(C)N=c1[nH]c(Cl)nc(=N)[nH]1
135510207,5780,OC[C@@H](O)[C@@H](O)[C@H](O)[C@@H](O)CO
135510207,118796897,CC1C(=O)c2ccccc2NC1C=O
440349,5780,OC[C@@H](O)[C@@H](O)[C@H](O)[C@@H](O)CO
440349,23674745,CC(C(=O)[O-])c1ccc(CC2CCCC2=O)cc1.O.O.[Na+]
440349,91666451,CCCCCCCC[C@@H](O)[C@H](CCCCCCCC(=O)[O-])OP(=O)([O-])[O-]
16061132,5780,OC[C@@H](O)[C@@H](O)[C@H](O)[C@@H](O)CO
16061132,23674745,CC(C(=O)[O-])c1ccc(CC2CCCC2=O)cc1.O.O.[Na+]
16061132,10389717,CC(C)=CCc1c(O)c(O)c2oc3c(CC=C(C)C)c(O)cc(O)c3c(=O)c2c1CC=C(C)C
44229184,91972219,CC(O)=N[C@H]1[C@H](O[C@H]2[C@H](O)[C@@H](N=C(C)O)C(O)O[C@@H]2CO)O[C@H](COS(=O)(=O)O)[C@H](O)[C@@H]1O
44229184,46931152,CCCCCCCC/C=C\CCCCCCCC(=O)OC[C@H](COP(=O)(O)OCC(O)COP(=O)(O)OC[C@@H](COC(=O)CCCCCCC/C=C\CCCCCCCC)OC(=O)CCCCCCC/C=C\CCCCCCCC)OC(=O)CCCCCCC/C=C\CCCCCCCC
44229184,11450633,Cn1c(=O)cc(N2CCC[C@@H](N)C2)n(Cc2ccccc2C#N)c1=O
6570,5780,OC[C@@H](O)[C@@H](O)[C@H](O)[C@@H](O)CO
6570,1119,O=S=O
6570,44558527,N.N.SC(S)=NCCN=C(S)S
52928818,5780,OC[C@@H](O)[C@@H](O)[C@H](O)[C@@H](O)CO
52928818,71298190,CC(O)=N[C@H]1C(O)O[C@H](CO)[C@H](O)[C@@H]1O[C@@H]1O[C@H](CO)[C@H](O[C@H]2O[C@H](CO)[C@H](O)[C@H](O)[C@H]2O)[C@H](O)[C@H]1O[C@@H]1O[C@@H](C)[C@@H](O)[C@@H](O)[C@@H]1O
52928818,3485262,CN(C)C(=S)[S-].CN(C)C(=S)[S-].[Zn+2]
251590,13267935,COc1cc2c(cc1O)[C@H]1CC[C@]3(C)[C@@H](O)CC[C@H]3[C@@H]1CC2
251590,5354212,COC(=O)/C=C1/CC[C@H]2[C@@H]3CCC4=CC(=O)CC[C@]4(C)[C@H]3C(=O)C[C@]12C
251590,10205431,CCC(C)C(=O)c1c(O)c(Cc2c(O)c(C)c(O)c(C(C)=O)c2O)c(O)c2c1OC(C)(C)C=C2
44140558,5354212,COC(=O)/C=C1/CC[C@H]2[C@@H]3CCC4=CC(=O)CC[C@]4(C)[C@H]3C(=O)C[C@]12C
44140558,56655722,CC1(C)C(=O)C(O[C@@H]2O[C@H](CO)[C@@H](O)[C@H](O)[C@H]2O)=C[C@@H]2C1=CC[C@@H]1[C@@]2(C)C(=O)C[C@]2(C)[C@@H]([C@@](C)(O)C(=O)C[C@H]3N=C(O)OC3(C)C)[C@H](O)C[C@@]12C
135420630,135398513,N=c1nc(O)c2ncn(COCCO)c2[nH]1
135420630,5780,OC[C@@H](O)[C@@H](O)[C@H](O)[C@@H](O)CO
135420630,440064,C[C@H](C(=O)O)[C@H](N)C(=O)O
637090,5780,OC[C@@H](O)[C@@H](O)[C@H](O)[C@@H](O)CO
637090,137547,C#CCC(=O)O
637090,86289422,O=c1cc2oc(-c3ccc([O-])c(O)c3)c(O[C@@H]3O[C@H](CO)[C@H](O)[C@H](O)[C@H]3O)cc-2c(O)c1
16722151,53239731,CC(O)=N[C@@H]1[C@@H](O[C@@H]2O[C@@H](C)[C@@H](O)[C@@H](O)[C@@H]2O)[C@H](O[C@@H]2O[C@H](CO)[C@@H](O)[C@H](O)[C@H]2N=C(C)O)[C@@H](CO[C@@H]2O[C@@H](C)[C@@H](O)[C@@H](O)[C@@H]2O)O[C@H]1O
16722151,448751,[NH3+]CCc1ccccc1
91825677,91972197,CCCCCCCCCCCCCC(=O)O[C@H](CCCCCCCCCCC)CC(=O)O[C@@H]1[C@@H](N=C([O-])C[C@@H](CCCCCCCCCCC)OC(=O)CCCCCCCCCCC)[C@H](OC[C@H]2O[C@H](OP(=O)(O)OP(=O)([O-])O)[C@H](N=C([O-])C[C@H](O)CCCCCCCCCCC)[C@@H](OC(=O)C[C@H](O)CCCCCCCCCCC)[C@@H]2O)O[C@H](CO[C@]2(C(=O)[O-])C[C@@H](O[C@]3(C(=O)[O-])C[C@@H](O)[C@@H](O)[C@@H]([C@H](O)CO)O3)[C@@H](O[C@H]3O[C@H]([C@@H](O)CO)[C@@H](OP(=O)([O-])[O-])[C@H](O[C@H]4O[C@H]([C@@H](O)CO[C@H]5O[C@H]([C@@H](O)CO)[C@@H](O)[C@H](O)[C@@H]5O)[C@@H](OP(=O)([O-])[O-])[C@H](O[C@H]5O[C@H](CO[C@H]6O[C@H](CO)[C@H](O)[C@H](O)[C@H]6O)[C@@H](O)[C@H](O[C@H]6O[C@H](CO)[C@@H](O)[C@H](O)[C@H]6O[C@H]6O[C@H](CO[C@H]7O[C@H]([C@@H](O)CO)[C@@H](O)[C@H](O)[C@@H]7O)[C@@H](O)[C@H](O)[C@H]6O)[C@H]5O)[C@@H]4O)[C@@H]3O)[C@@H]([C@H](O)CO)O2)[C@H]1OP(=O)([O-])[O-]
91825677,44602469,O=c1c(-c2ccc(OS(=O)(=O)O)cc2)coc2cc(O[C@@H]3O[C@H](COS(=O)(=O)[O-])[C@@H](O)[C@H](O)[C@H]3O)cc([O-])c12
440333,5780,OC[C@@H](O)[C@@H](O)[C@H](O)[C@@H](O)CO
440333,23674745,CC(C(=O)[O-])c1ccc(CC2CCCC2=O)cc1.O.O.[Na+]
440333,516951,O=P([O-])(O)O.[K+]
52927246,5780,OC[C@@H](O)[C@@H](O)[C@H](O)[C@@H](O)CO
52927246,53239731,CC(O)=N[C@@H]1[C@@H](O[C@@H]2O[C@@H](C)[C@@H](O)[C@@H](O)[C@@H]2O)[C@H](O[C@@H]2O[C@H](CO)[C@@H](O)[C@H](O)[C@H]2N=C(C)O)[C@@H](CO[C@@H]2O[C@@H](C)[C@@H](O)[C@@H](O)[C@@H]2O)O[C@H]1O
52927246,9953940,N#Cc1nn(-c2c(Cl)cc(C(F)(F)F)cc2Cl)c(N)c1SC(F)(F)F
6559,5780,OC[C@@H](O)[C@@H](O)[C@H](O)[C@@H](O)CO
6559,1119,O=S=O
6559,91845411,CC(O)=N[C@H]1[C@H](O[C@H]2[C@@H](O)[C@@H](CO)O[C@@H](O[C@H]3[C@H](O[C@@H]4O[C@@H](C)[C@@H](O)[C@@H](O)[C@@H]4O)[C@@H](N=C(C)O)[C@H](O[C@H]4[C@@H](O)[C@@H](CO)O[C@@H](O[C@H]5[C@H](O)[C@@H](N=C(C)O)C(O)O[C@@H]5CO)[C@@H]4O)O[C@@H]3CO)[C@@H]2O)O[C@H](CO)[C@@H](O[C@@H]2O[C@H](CO)[C@H](O)[C@H](O[C@]3(C(=O)O)C[C@H](O)[C@@H](N=C(C)O)[C@H]([C@H](O)[C@H](O)CO)O3)[C@H]2O)[C@@H]1O
91825679,53476539,CSCC[C@H](N=CO)C(O)=N[C@@H](CCCNC(=N)N)C(O)=N[C@H](C(O)=NCC(O)=N[C@@H](CC(=N)O)C(O)=N[C@@H](C)C(O)=N[C@@H](CC(=O)O)C(O)=NP(=O)(OCCCN)OC[C@H]1O[C@@H](n2cnc3c(N)ncnc32)[C@H](O)[C@@H]1O)[C@@H](C)O
91825679,91862037,O=C(O)C1=C(O)[C@H](O)[C@@H](O)[C@H](O[C@H]2[C@H](O)[C@@H](NS(=O)(=O)O)[C@@H](O)O[C@@H]2COS(=O)(=O)O)O1
53239742,53239760,C[C@H](N=C(O)[C@H](CCC(=N)O)N=C(O)CN)C(O)=NCC(O)=N[C@@H](Cc1cscn1)C(O)=N[C@@H](CC[C@H](CN)O[C@@H]1O[C@H](CO)[C@H](O)[C@H](O)[C@H]1O)C(O)=NCC(O)=N[C@@H](CCC(=O)O)C(O)=N[C@@H](CCC(=N)O)C(O)=NCC(=O)N1CCC[C@H]1C(O)=N[C@@H](CCCCN)C(O)=NCC(O)=N[C@@H](CCC(=O)O)C(O)=N[C@H](C(=O)O)[C@@H](C)O
53239742,72193751,CCCCC/C=C\C/C=C\C/C=C\C/C=C\C/C=C\CC/C=C/C(=O)SCCN=C([O-])CCN=C([O-])[C@H](O)C(C)(C)COP(=O)(O)OP(=O)(O)OC[C@H]1O[C@@H](n2cnc3c(N)ncnc32)[C@H](O)[C@@H]1OP(=O)([O-])[O-]
6537198,49859627,COc1cccc2[nH]cc(C/C(=N/OS(=O)(=O)[O-])S[C@@H]3O[C@H](CO)[C@@H](O)[C@H](O)[C@H]3O)c12
6537198,49859627,COc1cccc2[nH]cc(C/C(=N/OS(=O)(=O)[O-])S[C@@H]3O[C@H](CO)[C@@H](O)[C@H](O)[C@H]3O)c12
6537198,74839,CC(O)=N[C@@H](Cc1ccccc1)C(=O)O
52921890,5780,OC[C@@H](O)[C@@H](O)[C@H](O)[C@@H](O)CO
52921890,5354212,COC(=O)/C=C1/CC[C@H]2[C@@H]3CCC4=CC(=O)CC[C@]4(C)[C@H]3C(=O)C[C@]12C
52921890,67495,c1ccc2c(c1)Cc1ccccc1S2
11629084,53239731,CC(O)=N[C@@H]1[C@@H](O[C@@H]2O[C@@H](C)[C@@H](O)[C@@H](O)[C@@H]2O)[C@H](O[C@@H]2O[C@H](CO)[C@@H](O)[C@H](O)[C@H]2N=C(C)O)[C@@H](CO[C@@H]2O[C@@H](C)[C@@H](O)[C@@H](O)[C@@H]2O)O[C@H]1O
11629084,11564465,[Li]
129626825,5780,OC[C@@H](O)[C@@H](O)[C@H](O)[C@@H](O)CO
129626825,10825777,NC(Cc1cc(O)c2c(c1)SCC(O)=N2)C(=O)O
129626825,50986165,O=C([O-])c1cccc2c1Nc1ccccc1N2
2911,101597,Cl.OC(CCN1CCCCC1)(c1ccccc1)C1CCCC1
2911,23674745,CC(C(=O)[O-])c1ccc(CC2CCCC2=O)cc1.O.O.[Na+]
2911,53861142,C[C@@H](O)[C@H](N=C(O)CC[C@H](N)C(=O)O)C(=O)O
129011031,5780,OC[C@@H](O)[C@@H](O)[C@H](O)[C@@H](O)CO
129011031,49859627,COc1cccc2[nH]cc(C/C(=N/OS(=O)(=O)[O-])S[C@@H]3O[C@H](CO)[C@@H](O)[C@H](O)[C@H]3O)c12
129011031,5460822,N[C@@H](Cc1ccc([O-])cc1)C(=O)O
8174,5780,OC[C@@H](O)[C@@H](O)[C@H](O)[C@@H](O)CO
8174,73271,O=C(O)Cc1cc(O)nc(O)n1
8174,53239710,CC(C)=CCC/C(C)=C/CC/C(C)=C/CC/C(C)=C\CC/C(C)=C\CC/C(C)=C\CC/C(C)=C\CC/C(C)=C\CC/C(C)=C\CC/C(C)=C\CC/C(C)=C\COP(=O)(O)OP(=O)(O)OC1O[C@H](C)[C@H](O)[C@H](O[C@@H]2O[C@H](C(=O)O)[C@@H](O)[C@H](N=C(C)[O-])[C@@H]2N=C(C)[O-])[C@H]1N=C(C)[O-]
44587217,5354212,COC(=O)/C=C1/CC[C@H]2[C@@H]3CCC4=CC(=O)CC[C@]4(C)[C@H]3C(=O)C[C@]12C
44587217,131953084,C=C1/C(=C\C=C2/CCC[C@]3(C)[C@@H]([C@H](C)CCCC(C)(C)O[C@@H]4O[C@H](C(=O)[O-])[C@@H](O)[C@H](O)[C@H]4O)CC[C@@H]23)C[C@@H](O)C[C@@H]1O
8316,86289485,Cc1cccc2c(C(=O)O)cc([O-])cc12
8316,121596220,CC(C(=O)[O-])C(=O)OC(CC(=O)[O-])C[N+](C)(C)C
8316,86289611,C[C@@H]1O[C@H](O[C@@H]2[C@@H](O)[C@H](O)[C@@H](CO)O[C@H]2c2c(O)cc(O)c3c(=O)cc(-c4ccc(O)cc4)oc23)[C@H](O)[C@H](O)[C@H]1O
57339289,57339315,[NH3+][C@H]1[C@@H](O[C@H]2[C@H](O)[C@@H](O)[C@H]([NH3+])C[C@@H]2[NH3+])O[C@H](C=O)[C@@H](O)[C@@H]1O
57339289,5354212,COC(=O)/C=C1/CC[C@H]2[C@@H]3CCC4=CC(=O)CC[C@]4(C)[C@H]3C(=O)C[C@]12C
57339289,9889323,O=[N+]([O-])N1C2C3N([N+](=O)[O-])C1C1N([N+](=O)[O-])C(C(N1[N+](=O)[O-])N3[N+](=O)[O-])N2[N+](=O)[O-]
10334284,9860333,CC1=CC(=O)c2c(O)c(O)c(O)c3c(O)cc(O)c1c23
10334284,23674745,CC(C(=O)[O-])c1ccc(CC2CCCC2=O)cc1.O.O.[Na+]
10334284,643965,CCCCCCCCCCCCCCCC(=O)OC[C@H](COP(=O)(O)OC1[C@H](O)[C@H](O)C(OP(=O)(O)O)[C@H](O)[C@H]1O)OC(=O)CCCCCCCCCCCCCCC
9810996,56955923,O=[As]([O-])(O)c1ccccc1
9810996,5354212,COC(=O)/C=C1/CC[C@H]2[C@@H]3CCC4=CC(=O)CC[C@]4(C)[C@H]3C(=O)C[C@]12C
9810996,279,N=C(O)NC(CC(=O)O)C(=O)O
51351812,14345637,CCCCC/C=C\C/C=C\C/C=C\C/C=C\CCCC(=O)OC(CO)COC(=O)CCCCCCCCCCCCCCCCC
51351812,34006,CCOC(C)C(=O)C(O)O
5461136,5780,OC[C@@H](O)[C@@H](O)[C@H](O)[C@@H](O)CO
5461136,243,O=C(O)c1ccccc1
5461136,2911,OC(CCN1CCCCC1)(c1ccccc1)C1CCCC1
54749447,5780,OC[C@@H](O)[C@@H](O)[C@H](O)[C@@H](O)CO
54749447,5780,OC[C@@H](O)[C@@H](O)[C@H](O)[C@@H](O)CO
54749447,25217850,N=C(O)CC[C@H](N=C(O)[C@@H](N)CC(=O)O)C(O)=N[C@@H](CCCNC(=N)N)C(=O)O
70697865,46931152,CCCCCCCC/C=C\CCCCCCCC(=O)OC[C@H](COP(=O)(O)OCC(O)COP(=O)(O)OC[C@@H](COC(=O)CCCCCCC/C=C\CCCCCCCC)OC(=O)CCCCCCC/C=C\CCCCCCCC)OC(=O)CCCCCCC/C=C\CCCCCCCC
70697865,50986200,CC(C)=CCCC(=O)CC(=O)SCCN=C([O-])CCN=C([O-])[C@H](O)C(C)(C)COP(=O)(O)OP(=O)(O)OC[C@H]1O[C@@H](n2cnc3c(N)ncnc32)[C@H](O)[C@@H]1OP(=O)([O-])[O-]
331383,86289598,C[C@]12CC(=O)[C@H]3[C@@H](CCC4=CC(=O)CC[C@@]43C)[C@@H]1CC[C@@H]2C(=O)C=O
331383,5354212,COC(=O)/C=C1/CC[C@H]2[C@@H]3CCC4=CC(=O)CC[C@]4(C)[C@H]3C(=O)C[C@]12C
331383,5328,Cc1nnc(NS(=O)(=O)c2ccc(N)cc2)s1
10316307,5354212,COC(=O)/C=C1/CC[C@H]2[C@@H]3CCC4=CC(=O)CC[C@]4(C)[C@H]3C(=O)C[C@]12C
10316307,440933,CC(=O)C[C@H]1CCCN1C
11954144,11560992,CC[C@H](C[C@@H](O)[C@@H](C)[C@H]1CC[C@H]2[C@@H]3CCC4=CC(=O)CC[C@]4(C)[C@H]3CC[C@]12C)C(C)C
11954144,23674745,CC(C(=O)[O-])c1ccc(CC2CCCC2=O)cc1.O.O.[Na+]
11954144,71298138,CC(O)=N[C@H]1[C@@H](O[C@H]2[C@@H](O)[C@@H](CO)O[C@@H](O[C@H]3[C@H](O)[C@@H](CO)O[C@@H](O[C@H]4[C@@H](O)[C@@H](CO)OC(O)[C@@H]4N=C(C)O)[C@@H]3N=C(C)O)[C@@H]2O)O[C@H](CO)[C@H](O)[C@@H]1O
2531,53239731,CC(O)=N[C@@H]1[C@@H](O[C@@H]2O[C@@H](C)[C@@H](O)[C@@H](O)[C@@H]2O)[C@H](O[C@@H]2O[C@H](CO)[C@@H](O)[C@H](O)[C@H]2N=C(C)O)[C@@H](CO[C@@H]2O[C@@H](C)[C@@H](O)[C@@H](O)[C@@H]2O)O[C@H]1O
2531,54694265,O=C(O)c1cc(Cl)c([O-])c(Cl)c1
6726,10825777,NC(Cc1cc(O)c2c(c1)SCC(O)=N2)C(=O)O
6726,146026592,CSCC[C@H](N=C(O)[C@@H]1CCCN1C(=O)CN=C(O)[C@H](CCCCN)N=C(O)[C@H](Cc1cnc[nH]1)N=C(O)[C@H](CO)N=C(O)[C@H](CC(C)C)N=C(O)[C@H](CCCNC(=N)N)N=C(O)[C@@H]1CCCN1C(=O)[C@H](CCCNC(=N)N)N=C(O)[C@@H](N)CCC(=N)O)C(=O)N1CCC[C@H]1C(=O)O
134814695,86289694,C[C@H](CCCCCCCCC/C=C/C(=O)O)O[C@@H]1O[C@@H](C)[C@H](O)C[C@H]1O
134814695,132282124,C[C@@H]1O[C@@H](OCCCCCC(=O)SCCN=C(O)CCN=C(O)[C@H](O)C(C)(C)COP(=O)(O)OP(=O)(O)OC[C@H]2O[C@@H](n3cnc4c(N)ncnc43)[C@H](O)[C@@H]2OP(=O)(O)O)[C@H](O)C[C@H]1O
134814695,65832,COc1cccc(CCN(C)CCCC(C#N)(c2ccc(OC)c(OC)c2)C(C)C)c1
522689,5780,OC[C@@H](O)[C@@H](O)[C@H](O)[C@@H](O)CO
522689,73981,[Mg+2].[OH-].[OH-]
522689,6321,O=S(=O)(O)CC(S)CS
53344620,5354212,COC(=O)/C=C1/CC[C@H]2[C@@H]3CCC4=CC(=O)CC[C@]4(C)[C@H]3C(=O)C[C@]12C
53344620,14213975,C=CC(C)(C)C1=Cc2c(c(C(C)(C)C=C)c3oc(=O)ccc3c2O)OC1(C)C
21976318,5780,OC[C@@H](O)[C@@H](O)[C@H](O)[C@@H](O)CO
21976318,5780,OC[C@@H](O)[C@@H](O)[C@H](O)[C@@H](O)CO
21976318,6223,CN1C(=O)[C@]23CC4=CC=C[C@H](O)[C@H]4N2C(=O)[C@@]1(CO)SS3
53860028,443144,CC(=O)C[C@@H]1CCCN1C
53860028,56955923,O=[As]([O-])(O)c1ccccc1
53860028,91855999,CC(O)=N[C@H]1[C@H](OC[C@H]2OC(O)[C@H](N=C(C)O)[C@@H](O)[C@H]2O)O[C@H](CO)[C@@H](O)[C@@H]1O[C@@H]1O[C@@H](C)[C@@H](O)[C@@H](O)[C@@H]1O
70698333,49859627,COc1cccc2[nH]cc(C/C(=N/OS(=O)(=O)[O-])S[C@@H]3O[C@H](CO)[C@@H](O)[C@H](O)[C@H]3O)c12
70698333,92145,CC(=O)O[C@H]1CC[C@H]2[C@@H]3CCC4=CC(=O)CC[C@]4(C)[C@H]3CC[C@]12C
25203302,56955923,O=[As]([O-])(O)c1ccccc1
25203302,23674745,CC(C(=O)[O-])c1ccc(CC2CCCC2=O)cc1.O.O.[Na+]
25203302,35330,Cc1ccc(C(=O)Oc2ccc(C(O)CNC(C)(C)C)cc2OC(=O)c2ccc(C)cc2)cc1
5941539,5354212,COC(=O)/C=C1/CC[C@H]2[C@@H]3CCC4=CC(=O)CC[C@]4(C)[C@H]3C(=O)C[C@]12C
5941539,10176675,NCCC(=O)Nc1ccc([N+](=O)[O-])cc1
5280891,25886395,CCCCC[C@H](O)/C=C/[C@H]1OC(=O)C[C@H](O)[C@@H]1C/C=C\CCCC(=O)[O-]
5280891,5354212,COC(=O)/C=C1/CC[C@H]2[C@@H]3CCC4=CC(=O)CC[C@]4(C)[C@H]3C(=O)C[C@]12C
5280891,445896,Nc1ccc([C@@H](O)[C@@H](CO)N=C(O)C(Cl)Cl)cc1
70698002,49859627,COc1cccc2[nH]cc(C/C(=N/OS(=O)(=O)[O-])S[C@@H]3O[C@H](CO)[C@@H](O)[C@H](O)[C@H]3O)c12
70698002,24798742,Clc1c[nH]c2ncnc(N3CCc4nc[nH]c4C3)c12
6440428,5780,OC[C@@H](O)[C@@H](O)[C@H](O)[C@@H](O)CO
6440428,10825777,NC(Cc1cc(O)c2c(c1)SCC(O)=N2)C(=O)O
6440428,135498233,N=C1N=C(O)C2=NC(=O)NC2=N1
53239710,91855080,OC[C@H]1OC(O)[C@H](O)[C@@H](O[C@@H]2OC[C@@H](O)[C@H](O)[C@H]2O)[C@@H]1O
53239710,46931152,CCCCCCCC/C=C\CCCCCCCC(=O)OC[C@H](COP(=O)(O)OCC(O)COP(=O)(O)OC[C@@H](COC(=O)CCCCCCC/C=C\CCCCCCCC)OC(=O)CCCCCCC/C=C\CCCCCCCC)OC(=O)CCCCCCC/C=C\CCCCCCCC
53239710,23379797,Cc1cn([C@@H]2O[C@H](COP(=O)(O)OP(=O)(O)O)[C@@H](O)[C@H]2O)c(=O)nc1O
70679075,86289694,C[C@H](CCCCCCCCC/C=C/C(=O)O)O[C@@H]1O[C@@H](C)[C@H](O)C[C@H]1O
70679075,53239731,CC(O)=N[C@@H]1[C@@H](O[C@@H]2O[C@@H](C)[C@@H](O)[C@@H](O)[C@@H]2O)[C@H](O[C@@H]2O[C@H](CO)[C@@H](O)[C@H](O)[C@H]2N=C(C)O)[C@@H](CO[C@@H]2O[C@@H](C)[C@@H](O)[C@@H](O)[C@@H]2O)O[C@H]1O
70679075,5354212,COC(=O)/C=C1/CC[C@H]2[C@@H]3CCC4=CC(=O)CC[C@]4(C)[C@H]3C(=O)C[C@]12C
5281671,52929771,CCCCCCCCCCCCCCCC/C=C\OC[C@@H](O)COP(=O)(O)O
5281671,24778770,CCCCCC/C=C\CCCCCCCC(=O)OC[C@H](COP(=O)([O-])OCC[N+](C)(C)C)OC(C)=O
86289120,10313378,CSC[C@H]1OC(O)[C@H](O)[C@@H]1O
86289120,10825777,NC(Cc1cc(O)c2c(c1)SCC(O)=N2)C(=O)O
86289120,71296168,CC(O)=N[C@@H]1[C@@H](O[C@@H]2O[C@H](CO)[C@H](O)[C@H](O[C@@H]3O[C@H](CO)[C@@H](O[C@@H]4O[C@H](CO[C@]5(C(=O)O)C[C@H](O)[C@@H](N=C(C)O)[C@H]([C@H](O)[C@H](O)CO)O5)[C@H](O)[C@H](O)[C@H]4O)[C@H](O)[C@H]3N=C(C)O)[C@H]2O)[C@H](O)[C@@H](CO)O[C@H]1O
13633097,6426850,COCC(C)N(C(=O)CS(=O)(=O)O)c1c(C)csc1C
13633097,10825777,NC(Cc1cc(O)c2c(c1)SCC(O)=N2)C(=O)O
13633097,43594,O=C(O)C1=C(CSc2nnnn2CS(=O)(=O)O)CS[C@@H]2[C@H](N=C(O)[C@H](O)c3ccccc3)C(=O)N12
10105842,21283465,Cn1cnc(CC(=O)[O-])c1
10105842,121596220,CC(C(=O)[O-])C(=O)OC(CC(=O)[O-])C[N+](C)(C)C
10105842,785072,N#Cc1ccccc1/C=C/C(=O)O
5018,23674745,CC(C(=O)[O-])c1ccc(CC2CCCC2=O)cc1.O.O.[Na+]
5018,71464685,CC(C)C[C@H](N=C(O)[C@@H](N)CCC(=O)O)C(O)=N[C@@H](Cc1ccccc1)C(O)=N[C@@H](C)C(=O)O
70678902,86289694,C[C@H](CCCCCCCCC/C=C/C(=O)O)O[C@@H]1O[C@@H](C)[C@H](O)C[C@H]1O
70678902,53239731,CC(O)=N[C@@H]1[C@@H](O[C@@H]2O[C@@H](C)[C@@H](O)[C@@H](O)[C@@H]2O)[C@H](O[C@@H]2O[C@H](CO)[C@@H](O)[C@H](O)[C@H]2N=C(C)O)[C@@H](CO[C@@H]2O[C@@H](C)[C@@H](O)[C@@H](O)[C@@H]2O)O[C@H]1O
70678902,66643700,O=C(O)[C@H](Cc1ccc(O)cc1)NS(=O)(=O)O
10465927,5780,OC[C@@H](O)[C@@H](O)[C@H](O)[C@@H](O)CO
10465927,56955923,O=[As]([O-])(O)c1ccccc1
10465927,90659076,CC(C)=CCC[C@@H](C)[C@H]1CC[C@H]2C3=C(CC[C@]12C)[C@@]1(C)CC[C@H](O)[C@@H](C(=O)[O-])[C@@H]1CC3
3858,56955923,O=[As]([O-])(O)c1ccccc1
3858,56955923,O=[As]([O-])(O)c1ccccc1
3858,135563791,Nc1ncnc2c1ncn2[C@@H]1O[C@@H]2COP(=O)([O-])O[C@H]3[C@@H](O)[C@H](n4cnc5c(N)ncnc54)O[C@@H]3COP(=O)([O-])O[C@H]3[C@@H](O)[C@H](n4cnc5c(N)ncnc54)O[C@@H]3COP(=O)([O-])O[C@H]3[C@@H](O)[C@H](n4cnc5c(N)ncnc54)O[C@@H]3COP(=O)([O-])O[C@H]3[C@@H](O)[C@H](n4cnc5c(N)ncnc54)O[C@@H]3COP(=O)([O-])O[C@H]3[C@@H](O)[C@H](n4cnc5c(N)ncnc54)O[C@@H]3COP(=O)([O-])O[C@H]2[C@H]1O
11953899,53239731,CC(O)=N[C@@H]1[C@@H](O[C@@H]2O[C@@H](C)[C@@H](O)[C@@H](O)[C@@H]2O)[C@H](O[C@@H]2O[C@H](CO)[C@@H](O)[C@H](O)[C@H]2N=C(C)O)[C@@H](CO[C@@H]2O[C@@H](C)[C@@H](O)[C@@H](O)[C@@H]2O)O[C@H]1O
11953899,18596452,Cn1c(=N)[nH]c2c(ncn2[C@@H]2O[C@H](COP(=O)(O)O)[C@@H](O)[C@H]2O)c1=O
23706902,440649,Cc1ncc(C[n+]2c(C(O)CCC(=O)O)sc(CCOP(=O)(O)OP(=O)(O)O)c2C)c(=N)[nH]1
23706902,84951,O=C(COP(=O)(O)O)[C@@H](O)[C@H](O)[C@H](O)COP(=O)(O)O
70679234,6755,O=C1C=C(O)c2ccccc2C1=O
70679234,56955923,O=[As]([O-])(O)c1ccccc1
70679234,16070023,O=C(O)[C@H](CCO)NCC[C@H](NCC[C@H](O)C(=O)O)C(=O)O
12309527,15558376,C[C@]12CC[C@H]3[C@@H](CC[C@@H]4C[C@@H](O)CC[C@@]43C=O)[C@@]1(O)C[C@H](O)[C@@H]2C1=CC(=O)OC1
12309527,5354212,COC(=O)/C=C1/CC[C@H]2[C@@H]3CCC4=CC(=O)CC[C@]4(C)[C@H]3C(=O)C[C@]12C
12309527,6096946,N.N.O=S(O)(O)=S
5320946,5280695,COc1c(O)cc(O)c2c(=O)c(O)c(-c3ccc(O)c(O)c3)oc12
5320946,23674745,CC(C(=O)[O-])c1ccc(CC2CCCC2=O)cc1.O.O.[Na+]
5320946,91851125,CO[C@H]1[C@@H](O)[C@@H](CO)O[C@@H](O[C@H]2[C@H](O)[C@@H](N=C(C)O)C(O)O[C@@H]2CO)[C@@H]1O[C@@H]1O[C@@H](C)[C@@H](O)[C@@H](O)[C@@H]1O
90658487,132282124,C[C@@H]1O[C@@H](OCCCCCC(=O)SCCN=C(O)CCN=C(O)[C@H](O)C(C)(C)COP(=O)(O)OP(=O)(O)OC[C@H]2O[C@@H](n3cnc4c(N)ncnc43)[C@H](O)[C@@H]2OP(=O)(O)O)[C@H](O)C[C@H]1O
90658487,45259192,O=C1N=C(O)c2c1c1c3cccc(Cl)c3n([C@@H]3O[C@H](CO)[C@@H](O)[C@H](O)[C@H]3O)c1c1[nH]c3c(Cl)cccc3c21
25113191,14212362,Nc1nc(O)nc2c1ncn2[C@@H]1O[C@H](COP(=O)(O)O)[C@@H](O)[C@H]1O
25113191,49859627,COc1cccc2[nH]cc(C/C(=N/OS(=O)(=O)[O-])S[C@@H]3O[C@H](CO)[C@@H](O)[C@H](O)[C@H]3O)c12
25113191,10290858,N=C(O)N=C(O)CC(=O)O
6436173,53239731,CC(O)=N[C@@H]1[C@@H](O[C@@H]2O[C@@H](C)[C@@H](O)[C@@H](O)[C@@H]2O)[C@H](O[C@@H]2O[C@H](CO)[C@@H](O)[C@H](O)[C@H]2N=C(C)O)[C@@H](CO[C@@H]2O[C@@H](C)[C@@H](O)[C@@H](O)[C@@H]2O)O[C@H]1O
6436173,46931172,O=C([O-])CCC(O)(CC(=O)[O-])C(=O)[O-].S.[Fe].[Fe].[Fe].[Fe].[Fe].[Fe].[Fe].[Fe].[NH2-].[SH-].[SH-].[SH-].[SH-].[SH-].[SH-].[SH-].[SH-]
97142,5280695,COc1c(O)cc(O)c2c(=O)c(O)c(-c3ccc(O)c(O)c3)oc12
97142,5354212,COC(=O)/C=C1/CC[C@H]2[C@@H]3CCC4=CC(=O)CC[C@]4(C)[C@H]3C(=O)C[C@]12C
97142,72193699,CC(C)(COP(=O)(O)OP(=O)(O)OC[C@H]1O[C@@H](n2cnc3c(N)ncnc32)[C@H](O)[C@@H]1OP(=O)(O)O)[C@@H](O)C(O)=NCCC(O)=NCCSC(=O)CC(=O)CCCCCCC(=O)O
136041719,14105084,N=C(O)O[C@@H]1[C@@H](O)[C@@H](N=C(O)C[C@@H](N)CCCN)[C@H](NC2=N[C@H]([C@H](O)CN)[C@@H](C(=O)O)N2)O[C@@H]1CO
136041719,53239731,CC(O)=N[C@@H]1[C@@H](O[C@@H]2O[C@@H](C)[C@@H](O)[C@@H](O)[C@@H]2O)[C@H](O[C@@H]2O[C@H](CO)[C@@H](O)[C@H](O)[C@H]2N=C(C)O)[C@@H](CO[C@@H]2O[C@@H](C)[C@@H](O)[C@@H](O)[C@@H]2O)O[C@H]1O
136041719,45266553,C[C@H](O)CC(=O)SCCN=C([O-])CCN=C([O-])[C@H](O)C(C)(C)COP(=O)(O)OP(=O)(O)OC[C@H]1O[C@@H](n2cnc3c(N)ncnc32)[C@H](O)[C@@H]1OP(=O)([O-])[O-]
72193820,14212362,Nc1nc(O)nc2c1ncn2[C@@H]1O[C@H](COP(=O)(O)O)[C@@H](O)[C@H]1O
72193820,53476539,CSCC[C@H](N=CO)C(O)=N[C@@H](CCCNC(=N)N)C(O)=N[C@H](C(O)=NCC(O)=N[C@@H](CC(=N)O)C(O)=N[C@@H](C)C(O)=N[C@@H](CC(=O)O)C(O)=NP(=O)(OCCCN)OC[C@H]1O[C@@H](n2cnc3c(N)ncnc32)[C@H](O)[C@@H]1O)[C@@H](C)O
72193820,90658838,COC(C)(C)C(O)(O)/C=C/C(C)=C/C=C/C(C)=C/C=C/C(C)=C/C=C/C=C(C)/C=C/C=C(\C)CC/C=C(\C)CCC=C(C)C
761520,10825777,NC(Cc1cc(O)c2c(c1)SCC(O)=N2)C(=O)O
761520,5464344,C[C@H](N[C@@H](CCc1ccccc1)C(=O)O)C(=O)N1C(=O)N(C)C[C@H]1C(=O)O
2723810,5780,OC[C@@H](O)[C@@H](O)[C@H](O)[C@@H](O)CO
2723810,1119,O=S=O
2723810,11476460,Cn1nnc(-c2ccc(-c3ccc(N4C[C@H](COP(=O)(O)O)OC4=O)cc3F)cn2)n1
91819816,14212362,Nc1nc(O)nc2c1ncn2[C@@H]1O[C@H](COP(=O)(O)O)[C@@H](O)[C@H]1O
91819816,70678725,COC1=C(Br)[C@H](O)[C@@]2(C=C1Br)CC(C(=O)NCCCCNC(=O)C1=NO[C@@]3(C=C(Br)C(=O)[C@H](Br)[C@H]3O)C1)=NO2
91819816,131801223,CCCCCCCCCCCCCC[C@@H](O)[C@@H](O)[C@H](CO[C@H]1O[C@H](CO)[C@H](O)[C@H](O)[C@H]1O)N=C(O)CCCCCCCCCCCCCCCCCCCCc1ccccc1
440236,5780,OC[C@@H](O)[C@@H](O)[C@H](O)[C@@H](O)CO
440236,10825777,NC(Cc1cc(O)c2c(c1)SCC(O)=N2)C(=O)O
440236,86290182,CCCCCCCCCCCCCCCCCCCCCCC(C(=O)O)C(=O)SCCN=C(O)CCN=C(O)[C@H](O)C(C)(C)COP(=O)(O)OP(=O)(O)OC[C@H]1O[C@@H](n2cnc3c(N)ncnc32)[C@H](O)[C@@H]1OP(=O)(O)O
86583397,11460189,CO[C@@H]1C(=O)CC[C@H](C(C)=O)[C@H]1/C(C)=C/CCC(C)C
86583397,10825777,NC(Cc1cc(O)c2c(c1)SCC(O)=N2)C(=O)O
86583397,54900,Cl.O=C(c1ccc(OCCN2CCCCC2)cc1)c1c(-c2ccc(O)cc2)sc2cc(O)ccc12
9875401,49859627,COc1cccc2[nH]cc(C/C(=N/OS(=O)(=O)[O-])S[C@@H]3O[C@H](CO)[C@@H](O)[C@H](O)[C@H]3O)c12
9875401,10428459,COc1cc(O)c2c(=O)cc(-c3cc(OC)c(OC)cc3OC)oc2c1
440834,12314983,Oc1ccc2c(c1)O[C@H](c1cc(O)c(O)c(O)c1)[C@@H](O)C2
440834,23674745,CC(C(=O)[O-])c1ccc(CC2CCCC2=O)cc1.O.O.[Na+]
440834,5282869,CCCCC[C@@H](/C=C/C=C\CCCCCCCCCC(=O)O)OO
86289455,5780,OC[C@@H](O)[C@@H](O)[C@H](O)[C@@H](O)CO
86289455,5354212,COC(=O)/C=C1/CC[C@H]2[C@@H]3CCC4=CC(=O)CC[C@]4(C)[C@H]3C(=O)C[C@]12C
86289455,129626615,CCCCCCCCCCCCCCCC(=O)OC[C@H](COP(=O)([O-])OCC[N+](C)(C)C)OC(=O)CCCCCC=O
5353,23674745,CC(C(=O)[O-])c1ccc(CC2CCCC2=O)cc1.O.O.[Na+]
5353,92389,Nc1c([N+](=O)[O-])ccc(Oc2ccccc2)c1Cl
5283468,5780,OC[C@@H](O)[C@@H](O)[C@H](O)[C@@H](O)CO
5283468,5354212,COC(=O)/C=C1/CC[C@H]2[C@@H]3CCC4=CC(=O)CC[C@]4(C)[C@H]3C(=O)C[C@]12C
5283468,53320361,N=C(N)NCCC[C@H](N=C(O)C12CC3CC(CC(C3)C1)C2)C(O)=N[C@@H](Cc1ccccc1)C(=N)O
69602,21283465,Cn1cnc(CC(=O)[O-])c1
69602,69212,CC1=CC(=O)C(=O)C=C1O
69602,440216,C=C(Cl)C[C@H](N)C(=O)O
441005,56955923,O=[As]([O-])(O)c1ccccc1
441005,6992044,CSCCC(=O)[O-]
5707,56955923,O=[As]([O-])(O)c1ccccc1
5707,54675756,O=C(O)/C=C\C=C(\O)C(=O)O
133052557,56955923,O=[As]([O-])(O)c1ccccc1
133052557,5354212,COC(=O)/C=C1/CC[C@H]2[C@@H]3CCC4=CC(=O)CC[C@]4(C)[C@H]3C(=O)C[C@]12C
133052557,50909834,C[C@H](N)C(O)=N[C@H](CCC([O-])=N[C@H](CCC[C@H](N)C(=O)O)C(=O)O)C(=O)O
45480588,51041863,CCCCCCCCCCCCC/C=C/[C@@H](O)[C@H](CO[C@@H]1O[C@H](CO)[C@@H](O[C@@H]2O[C@H](CO)[C@H](O[C@@H]3O[C@H](CO)[C@H](O)[C@H](O)[C@H]3N=C(C)O)[C@H](O[C@@H]3O[C@H](CO)[C@@H](O)[C@H](O[C@@H]4O[C@H](CO)[C@H](O[C@@H]5O[C@H](CO)[C@H](O)[C@H](O)[C@H]5N=C(C)O)[C@H](O[C@]5(C(=O)O)C[C@H](O)[C@@H](N=C(C)O)[C@H]([C@H](O)[C@H](O)CO)O5)[C@H]4O)[C@H]3N=C(C)O)[C@H]2O)[C@H](O)[C@H]1O)N=C(O)CCCCCCCCCCCCCCCCC
45480588,62348,COc1cc(CO)ccc1O
10400369,10313378,CSC[C@H]1OC(O)[C@H](O)[C@@H]1O
10400369,10825777,NC(Cc1cc(O)c2c(c1)SCC(O)=N2)C(=O)O
10400369,86583511,Cc1cn([C@H]2C[C@H](O)[C@@H](COP(=O)([O-])OP(=O)(O)O[C@@H]3CC(=O)C(=O)[C@@H](C)O3)O2)c(=O)nc1[O-]
21625899,49859627,COc1cccc2[nH]cc(C/C(=N/OS(=O)(=O)[O-])S[C@@H]3O[C@H](CO)[C@@H](O)[C@H](O)[C@H]3O)c12
21625899,91698819,CCCCCCCCCCCCCC(=O)CC(=O)CCCC
24778881,5780,OC[C@@H](O)[C@@H](O)[C@H](O)[C@@H](O)CO
24778881,70678725,COC1=C(Br)[C@H](O)[C@@]2(C=C1Br)CC(C(=O)NCCCCNC(=O)C1=NO[C@@]3(C=C(Br)C(=O)[C@H](Br)[C@H]3O)C1)=NO2
24778881,52947716,CC[C@H]1/C=C/C=C/C[C@@H](C)[C@H](O)[C@@](C)(O)C(=O)[C@@H](C)[C@H](O)[C@@H](C)C(=O)[C@@H](C)[C@H](O)[C@@H](C)/C=C/C(=O)O[C@@H]2[C@H](C)[C@H](CC1)O[C@]1(CC[C@H](C)[C@H](C[C@@H](C)O)O1)[C@H]2C
213043,5354212,COC(=O)/C=C1/CC[C@H]2[C@@H]3CCC4=CC(=O)CC[C@]4(C)[C@H]3C(=O)C[C@]12C
213043,22419,O=C(O)c1cc(N=Nc2ccc(O)c(C(=O)O)c2)ccc1O
10447175,5780,OC[C@@H](O)[C@@H](O)[C@H](O)[C@@H](O)CO
10447175,23674745,CC(C(=O)[O-])c1ccc(CC2CCCC2=O)cc1.O.O.[Na+]
10447175,52928818,CCCCCCCCCCCCCCCCC(=O)OC[C@H](COP(=O)(O)O)OC(=O)CCCCCCCCCCCCC
5270765,440649,Cc1ncc(C[n+]2c(C(O)CCC(=O)O)sc(CCOP(=O)(O)OP(=O)(O)O)c2C)c(=N)[nH]1
5270765,72193664,COc1cc(/C=C/C(=O)OC[C@H]2OC(Oc3cc(O)c4c(=O)cc(-c5cc(OC)c(O[C@@H]6O[C@H](CO)[C@@H](O)[C@H](O)[C@H]6O)c(OC)c5)oc4c3)[C@H](O)[C@@H](O)[C@@H]2O)cc(OC)c1O
49866464,14212362,Nc1nc(O)nc2c1ncn2[C@@H]1O[C@H](COP(=O)(O)O)[C@@H](O)[C@H]1O
49866464,5354212,COC(=O)/C=C1/CC[C@H]2[C@@H]3CCC4=CC(=O)CC[C@]4(C)[C@H]3C(=O)C[C@]12C
49866464,71329,CN(CCOc1ccc(NS(C)(=O)=O)cc1)CCc1ccc(NS(C)(=O)=O)cc1
6736,13284402,O=CC(=O)c1c[nH]c2ccccc12
6736,69212,CC1=CC(=O)C(=O)C=C1O
6736,52926014,CCCCCCCCCCCCCCCCCC(=O)O[C@H](COC(=O)CCCCCCCCCCCCCCC)COP(=O)(O)OC[C@H](N)C(=O)O
53354908,442153,CC(C)=CCc1cc([C@@H]2CC(=O)c3c(O)cc(O)cc3O2)cc(CC=C(C)C)c1O
53354908,23674745,CC(C(=O)[O-])c1ccc(CC2CCCC2=O)cc1.O.O.[Na+]
53354908,440235,CC(O)=N[C@@H]1[C@@H](O)[C@H](O)[C@@H](COS(=O)(=O)O)O[C@H]1O
54675756,5780,OC[C@@H](O)[C@@H](O)[C@H](O)[C@@H](O)CO
54675756,73271,O=C(O)Cc1cc(O)nc(O)n1
54675756,650,CC(=O)C(C)=O
18618641,5780,OC[C@@H](O)[C@@H](O)[C@H](O)[C@@H](O)CO
18618641,56955923,O=[As]([O-])(O)c1ccccc1
18618641,51351803,CC(O)=N[C@H]1[C@H](O[C@@H]2[C@@H](O)[C@H](O)O[C@H](CO)[C@@H]2O)O[C@H](CO[C@@H]2O[C@H](CO)[C@@H](O[C@@H]3O[C@H](CO)[C@H](O)[C@H](O)[C@H]3O)[C@H](O)[C@H]2O)[C@@H](O)[C@@H]1O
146026564,46931152,CCCCCCCC/C=C\CCCCCCCC(=O)OC[C@H](COP(=O)(O)OCC(O)COP(=O)(O)OC[C@@H](COC(=O)CCCCCCC/C=C\CCCCCCCC)OC(=O)CCCCCCC/C=C\CCCCCCCC)OC(=O)CCCCCCC/C=C\CCCCCCCC
146026564,86289416,CCCCCC(=O)O[C@H]1CC[C@@]2(C)C(=CC[C@H]3[C@@H]4CC[C@H]([C@H](C)CC[C@H](O)C(C)C)[C@@]4(C)CC[C@@H]32)C1
49859698,14212362,Nc1nc(O)nc2c1ncn2[C@@H]1O[C@H](COP(=O)(O)O)[C@@H](O)[C@H]1O
49859698,132282124,C[C@@H]1O[C@@H](OCCCCCC(=O)SCCN=C(O)CCN=C(O)[C@H](O)C(C)(C)COP(=O)(O)OP(=O)(O)OC[C@H]2O[C@@H](n3cnc4c(N)ncnc43)[C@H](O)[C@@H]2OP(=O)(O)O)[C@H](O)C[C@H]1O
49859698,145864724,COc1cc([O-])c2c(O)c3c(=O)cc(C)oc3cc2c1
45480624,53239760,C[C@H](N=C(O)[C@H](CCC(=N)O)N=C(O)CN)C(O)=NCC(O)=N[C@@H](Cc1cscn1)C(O)=N[C@@H](CC[C@H](CN)O[C@@H]1O[C@H](CO)[C@H](O)[C@H](O)[C@H]1O)C(O)=NCC(O)=N[C@@H](CCC(=O)O)C(O)=N[C@@H](CCC(=N)O)C(O)=NCC(=O)N1CCC[C@H]1C(O)=N[C@@H](CCCCN)C(O)=NCC(O)=N[C@@H](CCC(=O)O)C(O)=N[C@H](C(=O)O)[C@@H](C)O
45480624,445282,CS(=O)(=O)CC[C@H](N)C(=O)O
70680319,46931152,CCCCCCCC/C=C\CCCCCCCC(=O)OC[C@H](COP(=O)(O)OCC(O)COP(=O)(O)OC[C@@H](COC(=O)CCCCCCC/C=C\CCCCCCCC)OC(=O)CCCCCCC/C=C\CCCCCCCC)OC(=O)CCCCCCC/C=C\CCCCCCCC
70680319,3034034,C=C[C@H]1CN2CC[C@H]1C[C@H]2[C@H](O)c1ccnc2ccc(OC)cc12
91851125,70678695,C[C@@H]1O[C@@H](O[C@H]2[C@H](O[C@H]3[C@H](O)[C@@H](O)C(O)O[C@@H]3CO)O[C@H](COS(=O)(=O)O)[C@H](O)[C@@H]2O)[C@@H](O)[C@H](O)[C@@H]1O
91851125,440649,Cc1ncc(C[n+]2c(C(O)CCC(=O)O)sc(CCOP(=O)(O)OP(=O)(O)O)c2C)c(=N)[nH]1
91851125,10357552,CC(C)=CCC/C(C)=C/CC/C(C)=C/COP(=O)(O)O
25203591,5780,OC[C@@H](O)[C@@H](O)[C@H](O)[C@@H](O)CO
25203591,5651756,O=C(O)CN=C([O-])/C=C/c1ccccc1
594,5780,OC[C@@H](O)[C@@H](O)[C@H](O)[C@@H](O)CO
594,243,O=C(O)c1ccccc1
594,20849182,C[C@H](CCC(=O)O)[C@H]1CC[C@H]2[C@@H]3[C@H](O)C[C@@H]4C[C@H](O[C@@H]5O[C@H](C(=O)O)[C@@H](O)[C@H](O)[C@H]5O)CC[C@]4(C)[C@H]3CC[C@]12C
485851,49859627,COc1cccc2[nH]cc(C/C(=N/OS(=O)(=O)[O-])S[C@@H]3O[C@H](CO)[C@@H](O)[C@H](O)[C@H]3O)c12
485851,444234,c1c[nH+]c[nH]1
121225529,91972219,CC(O)=N[C@H]1[C@H](O[C@H]2[C@H](O)[C@@H](N=C(C)O)C(O)O[C@@H]2CO)O[C@H](COS(=O)(=O)O)[C@H](O)[C@@H]1O
121225529,46931152,CCCCCCCC/C=C\CCCCCCCC(=O)OC[C@H](COP(=O)(O)OCC(O)COP(=O)(O)OC[C@@H](COC(=O)CCCCCCC/C=C\CCCCCCCC)OC(=O)CCCCCCC/C=C\CCCCCCCC)OC(=O)CCCCCCC/C=C\CCCCCCCC
121225529,86289258,CCCCC/C=C\C/C=C\CCCCCCCC(=O)OCC(=O)COP(=O)([O-])[O-]
170404,69212,CC1=CC(=O)C(=O)C=C1O
170404,9543050,CC(C)(COP(=O)(O)OP(=O)(O)OC[C@H]1O[C@@H](n2cnc3c(N)ncnc32)[C@H](O)[C@@H]1OP(=O)(O)O)[C@@H](O)C(O)=NCCC(O)=NCCSC(=O)/C=C/CC(=O)O
6428178,23674745,CC(C(=O)[O-])c1ccc(CC2CCCC2=O)cc1.O.O.[Na+]
6428178,25058191,[Ti].[cH-]1[cH-][cH-][cH-][cH-]1.c1cc[cH-]c1
11794029,9884262,Cc1cc(=O)c2c(O)cc3c(c2o1)C(=O)c1c(O)cc(O)cc1C3=O
11794029,5354212,COC(=O)/C=C1/CC[C@H]2[C@@H]3CCC4=CC(=O)CC[C@]4(C)[C@H]3C(=O)C[C@]12C
11794029,25791064,COc1cc(/C=C/C=O)cc(OC)c1O[C@@H]1O[C@H](CO)[C@@H](O)[C@H](O)[C@H]1O
126843499,97165,O=C1O[C@@H]([C@H](O)CO)[C@H](O)[C@H]1O
126843499,30951,C=CCOc1ccc(CC(=O)O)cc1Cl
126843499,21283465,Cn1cnc(CC(=O)[O-])c1
92389,44237187,NC(Cc1cc(I)c(Oc2cc(I)c(OS(=O)(=O)O)c(I)c2)c(I)c1)C(=O)[O-]
92389,10825777,NC(Cc1cc(O)c2c(c1)SCC(O)=N2)C(=O)O
92389,9543319,N/C(C(=O)[O-])=C(/C=C\C=O)C(=O)[O-]
51351667,86289694,C[C@H](CCCCCCCCC/C=C/C(=O)O)O[C@@H]1O[C@@H](C)[C@H](O)C[C@H]1O
51351667,49859627,COc1cccc2[nH]cc(C/C(=N/OS(=O)(=O)[O-])S[C@@H]3O[C@H](CO)[C@@H](O)[C@H](O)[C@H]3O)c12
51351667,66679550,C=CCCCCCCO[C@@H]1O[C@H](CO)[C@@H](O[C@@H]2O[C@H](CO)[C@H](O)[C@H](O[C@H]3O[C@H](CO)[C@H](O)[C@H](O)[C@H]3O)[C@H]2O[C@@H]2O[C@@H](C)[C@@H](O)[C@@H](O)[C@@H]2O)[C@H](O)[C@H]1O
51351799,9548817,C=Cc1c(C)c2cc3nc(cc4nc(cc5[nH]c(cc1[n-]2)c(C)c5C=C)C(C)=C4CCC(=O)O)C(CCC(=O)[O-])=C3C.[Fe+3]
51351799,53239731,CC(O)=N[C@@H]1[C@@H](O[C@@H]2O[C@@H](C)[C@@H](O)[C@@H](O)[C@@H]2O)[C@H](O[C@@H]2O[C@H](CO)[C@@H](O)[C@H](O)[C@H]2N=C(C)O)[C@@H](CO[C@@H]2O[C@@H](C)[C@@H](O)[C@@H](O)[C@@H]2O)O[C@H]1O
51351799,21604869,N=C([O-])C1=CN([C@@H]2O[C@H](COP(=O)([O-])OP(=O)(O)OC[C@H]3O[C@@H](n4cnc5c(N)ncnc54)[C@H](O)[C@@H]3O)[C@@H](O)[C@H]2O)C=CC1
51351700,91828250,CC(O)=N[C@@H]1[C@@H](O)[C@H](O[C@@H]2O[C@H](CO)[C@@H](O[C@@H]3O[C@H](CO[C@H]4O[C@H](CO)[C@@H](O)[C@H](O)[C@@H]4O[C@@H]4O[C@H](CO)[C@@H](O[C@@H]5O[C@H](CO)[C@H](O)[C@H](O[C@]6(C(=O)O)C[C@H](O)[C@@H](N=C(C)O)[C@H]([C@H](O)[C@H](O)CO)O6)[C@H]5O)[C@H](O)[C@H]4N=C(C)O)[C@@H](O[C@@H]4O[C@H](CO)[C@@H](O)[C@H](O)[C@H]4N=C(C)O)[C@H](O[C@H]4O[C@H](CO)[C@@H](O)[C@H](O)[C@@H]4O[C@@H]4O[C@H](CO)[C@@H](O[C@@H]5O[C@H](CO)[C@H](O)[C@H](O[C@]6(C(=O)O)C[C@H](O)[C@@H](N=C(C)O)[C@H]([C@H](O)[C@H](O)CO)O6)[C@H]5O)[C@H](O)[C@H]4N=C(C)O)[C@@H]3O)[C@H](O)[C@H]2N=C(C)O)[C@@H](CO)O[C@H]1O
51351700,71464513,N=C(O)NOC[C@H](N)C(=O)O
25127112,52929771,CCCCCCCCCCCCCCCC/C=C\OC[C@@H](O)COP(=O)(O)O
25127112,51351690,OC[C@H]1O[C@H](OC[C@H]2O[C@H](O[C@@H]3[C@@H](O[C@@H]4[C@@H](O[C@@H]5C(O)O[C@H](CO)[C@@H](O)[C@@H]5O)O[C@H](CO)[C@@H](O)[C@@H]4O)O[C@H](CO)[C@@H](O)[C@@H]3O)[C@@H](O)[C@@H](O)[C@@H]2O)[C@H](O)[C@@H](O)[C@@H]1O
7918,5780,OC[C@@H](O)[C@@H](O)[C@H](O)[C@@H](O)CO
7918,13376,CCCCN=CO
7918,129659,O=c1ccc2ccc(OS(=O)(=O)O)cc2o1
24792125,24793927,COc1cccc(OCc2cc(C(=O)N3CCC(c4ccncc4)CC3)no2)c1
24792125,52929771,CCCCCCCCCCCCCCCC/C=C\OC[C@@H](O)COP(=O)(O)O
24792125,70697892,C[C@@H]1O[C@H](O[C@@H]2[C@@H](O[C@@H]3OC[C@](C)(CO)[C@H]3O)[C@H](O[C@H]3[C@H](O[C@H]4[C@H](OC(=O)[C@]56CCC(C)(C)C[C@H]5C5=CC[C@@H]7[C@@]8(C)C[C@H](O)[C@H](O[C@@H]9O[C@H](CO)[C@@H](O)[C@H](O)[C@H]9O[C@@H]9OC[C@](O)(CO)[C@H]9O)[C@@](C)(CO)[C@@H]8[C@H](O)C[C@@]7(C)[C@]5(C)CC6)OC[C@H](O)[C@@H]4O)O[C@@H](C)[C@H](O)[C@H]3O)OC[C@H]2O)[C@H](O)[C@H](O)[C@H]1O
47472,52929771,CCCCCCCCCCCCCCCC/C=C\OC[C@@H](O)COP(=O)(O)O
47472,6438398,CCCCCCCCCCCCCCCCCC(=O)OC/C=C(C)/C=C/C=C(C)/C=C/C1=C(C)CCCC1(C)C
4474580,5780,OC[C@@H](O)[C@@H](O)[C@H](O)[C@@H](O)CO
4474580,10825777,NC(Cc1cc(O)c2c(c1)SCC(O)=N2)C(=O)O
4474580,522689,[F-].[K+]
3081970,14212362,Nc1nc(O)nc2c1ncn2[C@@H]1O[C@H](COP(=O)(O)O)[C@@H](O)[C@H]1O
3081970,70678725,COC1=C(Br)[C@H](O)[C@@]2(C=C1Br)CC(C(=O)NCCCCNC(=O)C1=NO[C@@]3(C=C(Br)C(=O)[C@H](Br)[C@H]3O)C1)=NO2
3081970,18608320,CCO[C@@H]1O[C@H](CO)[C@@H](O[C@@H]2O[C@H](CO)[C@H](O[C@H]3O[C@H](CO)[C@H](O)[C@H](O)[C@H]3O)[C@H](O)[C@H]2O)[C@H](O)[C@H]1N=C(C)O
53262295,23674745,CC(C(=O)[O-])c1ccc(CC2CCCC2=O)cc1.O.O.[Na+]
53262295,91666370,CCCCCCCCCCCCCCCC(=O)OC[C@@H](O)COP(=O)(O)OCCN=C(O)CCCCCCCCCCCCCCC
11883,56955923,O=[As]([O-])(O)c1ccccc1
11883,5780,OC[C@@H](O)[C@@H](O)[C@H](O)[C@@H](O)CO
11883,70789051,CCCCCCCCCCCCCCCCCCCCCCCCCC([O-])=N[C@@H](COP(=O)(O)OC1[C@H](O)[C@H](O)C(O)[C@H](O)[C@H]1O)[C@H](O)CCCCCCCCCCCCCCCCC
12009,69212,CC1=CC(=O)C(=O)C=C1O
12009,5284566,CN1[C@@H]2CCC[C@H]1CC(NC(=O)c1nn(C)c3ccccc13)C2
4383090,5780,OC[C@@H](O)[C@@H](O)[C@H](O)[C@@H](O)CO
4383090,23674745,CC(C(=O)[O-])c1ccc(CC2CCCC2=O)cc1.O.O.[Na+]
4383090,442426,C[C@@H](C=O)[C@H]1CC[C@H](C)[C@H]1C=O
91819843,14212362,Nc1nc(O)nc2c1ncn2[C@@H]1O[C@H](COP(=O)(O)O)[C@@H](O)[C@H]1O
91819843,70678725,COC1=C(Br)[C@H](O)[C@@]2(C=C1Br)CC(C(=O)NCCCCNC(=O)C1=NO[C@@]3(C=C(Br)C(=O)[C@H](Br)[C@H]3O)C1)=NO2
91819843,442615,O=c1cc(-c2ccc(O)c(O)c2)oc2c([C@@H]3O[C@H](CO)[C@@H](O)[C@H](O)[C@H]3O)c(O)c([C@@H]3O[C@H](CO)[C@@H](O)[C@H](O)[C@H]3O)c(O)c12
66633409,56955923,O=[As]([O-])(O)c1ccccc1
66633409,56955923,O=[As]([O-])(O)c1ccccc1
66633409,6433141,CN(C)CCCSc1ccccc1N=C(O)/C=C/c1ccccc1.Cl
4095,443879,Cc1ccc(O)c([C@H](CCN(C(C)C)C(C)C)c2ccccc2)c1
4095,23674745,CC(C(=O)[O-])c1ccc(CC2CCCC2=O)cc1.O.O.[Na+]
4095,252379,C[C@]12CC[C@H]3[C@@H](CCC4=CC(=O)CC[C@@]43CO)[C@@H]1CCC2=O
20846129,5780,OC[C@@H](O)[C@@H](O)[C@H](O)[C@@H](O)CO
20846129,69212,CC1=CC(=O)C(=O)C=C1O
20846129,20722666,NCc1cn([C@@H]2O[C@H](CO)[C@@H](O)[C@H]2O)c(=S)nc1O
441321,5780,OC[C@@H](O)[C@@H](O)[C@H](O)[C@@H](O)CO
441321,145343771,O=C[C@H](C[C@@H]1CCN=C1O)N=C(O)[C@H](CC1CCCCC1)N=C(O)c1cc2ccccc2[nH]1
5702546,76972186,C=C(C)[C@]12C[C@@H](C)[C@@]34O[C@](Cc5ccccc5)(O[C@@H]1[C@@H]3C=C(COC(=O)Cc1ccc(O)cc1)C[C@]1(O)C(=O)C(C)=C[C@@H]41)O2
5702546,14345637,CCCCC/C=C\C/C=C\C/C=C\C/C=C\CCCC(=O)OC(CO)COC(=O)CCCCCCCCCCCCCCCCC
5702546,51351675,CC(O)=N[C@H]1[C@H]([C@H](O)[C@H](O)CO)O[C@@](O[C@H](CO)[C@@H](O)[C@@H]2O[C@@](O[C@H](CO)[C@@H](O)[C@@H]3O[C@@](O[C@H](CO)[C@@H](O)[C@@H]4O[C@@](O[C@H](CO)[C@@H](O)[C@@H]5O[C@@](O[C@H](CO)[C@@H](O)[C@@H]6O[C@@](O)(C(=O)O)C[C@H](O)[C@H]6N=C(C)O)(C(=O)O)C[C@H](O)[C@H]5N=C(C)O)(C(=O)O)C[C@H](O)[C@H]4N=C(C)O)(C(=O)O)C[C@H](O)[C@H]3N=C(C)O)(C(=O)O)C[C@H](O)[C@H]2N=C(C)O)(C(=O)O)C[C@@H]1O
643966,53380618,O=P(O)(O)OC1[C@@H](OP(=O)(O)O)[C@H](OP(=O)(O)OP(=O)(O)O)C(O)[C@H](OP(=O)(O)OP(=O)(O)O)[C@H]1OP(=O)(O)O
643966,70678725,COC1=C(Br)[C@H](O)[C@@]2(C=C1Br)CC(C(=O)NCCCCNC(=O)C1=NO[C@@]3(C=C(Br)C(=O)[C@H](Br)[C@H]3O)C1)=NO2
643966,21597700,C=CCCC/C=C\C/C=C\C/C=C\C/C=C\CCCCC
521280,5780,OC[C@@H](O)[C@@H](O)[C@H](O)[C@@H](O)CO
521280,13376,CCCCN=CO
521280,118987304,CC12C(O)=NC(O)=NC1C1N=C(O)NC(=N)C12
895,5780,OC[C@@H](O)[C@@H](O)[C@H](O)[C@@H](O)CO
895,10825777,NC(Cc1cc(O)c2c(c1)SCC(O)=N2)C(=O)O
895,6419,ClC(Cl)C(Cl)(Cl)Cl
72715759,72715771,N[C@H]1C(O)=N[C@H]2Cc3ccc(c(Cl)c3)Oc3cc4cc(c3O)Oc3ccc(cc3Cl)[C@@H](O)[C@@H]3N=C(O)[C@H](N=C(O)[C@@H]4N=C(O)[C@@H](N=C2O)c2cc([O-])cc(c2)Oc2cc1ccc2OS(=O)(=O)O)c1cc(Cl)c(O)c(c1)-c1c(O)cc([O-])cc1[C@H](C(=O)O)N=C3O
72715759,53262337,CCCCCCCCCCCCCCCCCCCCCCCC[C@@H](C(=O)O)[C@H](O)CCCCCCCCCCCCCCCCC[C@H]1C[C@H]1CCCCCCCCCCCCCCCC[C@@H](OC)[C@H](C)CCCCCCCCCCCCCCCCCC
72715759,6466,C=C1C[C@]23C[C@@]1(O)CC[C@H]2[C@@]12C=C[C@H](O)[C@@](C)(C(=O)O1)[C@H]2[C@@H]3C(=O)O
24502,5780,OC[C@@H](O)[C@@H](O)[C@H](O)[C@@H](O)CO
24502,23674745,CC(C(=O)[O-])c1ccc(CC2CCCC2=O)cc1.O.O.[Na+]
24502,91848827,CC(O)=N[C@H]1[C@H](OC[C@H]2OC(O)[C@H](N=C(C)O)[C@@H](O[C@@H]3O[C@H](CO)[C@H](O)[C@H](O)[C@H]3O)[C@H]2O)O[C@H](CO)[C@@H](O[C@@H]2O[C@H](CO)[C@H](O)[C@H](OS(=O)(=O)O)[C@H]2O)[C@@H]1O
46931172,5780,OC[C@@H](O)[C@@H](O)[C@H](O)[C@@H](O)CO
46931172,132282124,C[C@@H]1O[C@@H](OCCCCCC(=O)SCCN=C(O)CCN=C(O)[C@H](O)C(C)(C)COP(=O)(O)OP(=O)(O)OC[C@H]2O[C@@H](n3cnc4c(N)ncnc43)[C@H](O)[C@@H]2OP(=O)(O)O)[C@H](O)C[C@H]1O
46931172,115255,C[C@]12CC[C@@H]3c4ccc(O[C@@H]5O[C@H](C(=O)O)[C@@H](O)[C@H](O)[C@H]5O)cc4CC[C@H]3[C@@H]1CCC2=O
20849182,440649,Cc1ncc(C[n+]2c(C(O)CCC(=O)O)sc(CCOP(=O)(O)OP(=O)(O)O)c2C)c(=N)[nH]1
20849182,695679,c1ccc(-c2noc(-c3cccs3)n2)cc1
86289920,49859627,COc1cccc2[nH]cc(C/C(=N/OS(=O)(=O)[O-])S[C@@H]3O[C@H](CO)[C@@H](O)[C@H](O)[C@H]3O)c12
86289920,6857381,O=C([O-])C(=O)[C@@H](O)[C@H](O)[C@H](O)CO
49859611,5780,OC[C@@H](O)[C@@H](O)[C@H](O)[C@@H](O)CO
49859611,86289860,O=C(O)C[C@H](O)CCCCCCCO
49859611,7955,N=c1[nH]c(=N)[nH]c(=N)[nH]1
10363838,5780,OC[C@@H](O)[C@@H](O)[C@H](O)[C@@H](O)CO
10363838,52929771,CCCCCCCCCCCCCCCC/C=C\OC[C@@H](O)COP(=O)(O)O
10363838,35330,Cc1ccc(C(=O)Oc2ccc(C(O)CNC(C)(C)C)cc2OC(=O)c2ccc(C)cc2)cc1
44224035,56955923,O=[As]([O-])(O)c1ccccc1
44224035,52929771,CCCCCCCCCCCCCCCC/C=C\OC[C@@H](O)COP(=O)(O)O
44224035,51351663,Cc1ccc(S(=O)(=O)OCCC2CC(C)(C)OC2=O)cc1
129900403,5354212,COC(=O)/C=C1/CC[C@H]2[C@@H]3CCC4=CC(=O)CC[C@]4(C)[C@H]3C(=O)C[C@]12C
129900403,86289120,O=S(=O)(O)C[C@H]1OC(O)(CO)[C@@H](O)[C@@H]1O
440624,23674745,CC(C(=O)[O-])c1ccc(CC2CCCC2=O)cc1.O.O.[Na+]
440624,637568,COC(=O)/C=C/C(=O)OC
72715796,5780,OC[C@@H](O)[C@@H](O)[C@H](O)[C@@H](O)CO
72715796,52929771,CCCCCCCCCCCCCCCC/C=C\OC[C@@H](O)COP(=O)(O)O
72715796,3536342,O=C(O)c1ccccc1C([O-])=Nc1cccc2ccccc12
86290138,134160296,CSC[C@H]1O[C@H](O[C@H]2[C@H](O)[C@H](O)[C@@H](OC[C@H]3O[C@@H](O[C@@H]4[C@@H](OC[C@H]5O[C@H](OC[C@H]6OC(O)[C@@H](O)[C@@H]6O)[C@@H](O)[C@@H]5O[C@H]5O[C@H](CO)[C@@H](O)[C@@H]5O[C@@H]5O[C@H](CO)[C@@H](O)[C@@H]5O)O[C@H](CO)[C@H]4O)[C@@H](O)[C@@H]3O)O[C@@H]2CO)[C@H](O)[C@H]1O
86290138,52928634,CC/C=C\C/C=C\C/C=C\C/C=C\C/C=C\C/C=C\CCC(=O)O[C@H](COC(=O)CCCCCCC/C=C\CCCCCCCC)COP(=O)(O)O
129626801,5780,OC[C@@H](O)[C@@H](O)[C@H](O)[C@@H](O)CO
129626801,440649,Cc1ncc(C[n+]2c(C(O)CCC(=O)O)sc(CCOP(=O)(O)OP(=O)(O)O)c2C)c(=N)[nH]1
129626801,90728,CC(=O)OC(C)C=O
5281665,5280695,COc1c(O)cc(O)c2c(=O)c(O)c(-c3ccc(O)c(O)c3)oc12
5281665,23674745,CC(C(=O)[O-])c1ccc(CC2CCCC2=O)cc1.O.O.[Na+]
5281665,24779559,CCCCC/C=C\C/C=C\CCCCCCCC(=O)O[C@H](COC(=O)CCCCCCCCCCCCCCCCC)COP(=O)(O)O
9900771,56955923,O=[As]([O-])(O)c1ccccc1
9900771,23674745,CC(C(=O)[O-])c1ccc(CC2CCCC2=O)cc1.O.O.[Na+]
9900771,126843490,C[C@H](CCC(=O)SCCN=C([O-])CCN=C([O-])[C@H](O)C(C)(C)COP(=O)(O)OP(=O)(O)OC[C@H]1O[C@@H](n2cnc3c(N)ncnc32)[C@H](O)[C@@H]1OP(=O)([O-])[O-])[C@H]1CC[C@H]2[C@@H]3CC[C@@H]4CC(=O)CC[C@]4(C)[C@H]3CC[C@]12C
3536342,23674745,CC(C(=O)[O-])c1ccc(CC2CCCC2=O)cc1.O.O.[Na+]
3536342,11546620,C[C@@H](O)[C@H](NC(=O)c1ccc(C#Cc2ccc(CN3CCOCC3)cc2)cc1)C(O)=NO
8485,56955923,O=[As]([O-])(O)c1ccccc1
8485,5354212,COC(=O)/C=C1/CC[C@H]2[C@@H]3CCC4=CC(=O)CC[C@]4(C)[C@H]3C(=O)C[C@]12C
8485,10045178,COC(=O)Cc1c(O)cc(O)cc1OC(=O)c1cc(OC)c(O)c(OC)c1
25203688,6433272,C[C@@H]1[C@H](O)[C@@H](C)/C=C/C=C/CC/C=C/C=C/C=C/C=C/C(O[C@H]2O[C@H](C)[C@@H](O)[C@H](N)[C@@H]2O)CC2O[C@](O)(CC(O)C(O)CCC(O)CC(O)CC(O)CC(=O)O[C@H]1C)CC(O)C2C(=O)O
25203688,74603253,CC(C(=O)[O-])c1ccc(CC(C)(C)O)cc1
91666397,5780,OC[C@@H](O)[C@@H](O)[C@H](O)[C@@H](O)CO
91666397,53239731,CC(O)=N[C@@H]1[C@@H](O[C@@H]2O[C@@H](C)[C@@H](O)[C@@H](O)[C@@H]2O)[C@H](O[C@@H]2O[C@H](CO)[C@@H](O)[C@H](O)[C@H]2N=C(C)O)[C@@H](CO[C@@H]2O[C@@H](C)[C@@H](O)[C@@H](O)[C@@H]2O)O[C@H]1O
91666397,9828112,OC[C@H]1OC(O)C[C@@H]1O
94332,91666374,CCCCC/C=C\C/C=C\C/C=C\C/C=C\CCCC(=O)O[C@H](COC(=O)CCCCCCCCCCCCCCCCC)COP(=O)(O)OP(=O)(O)OC[C@H]1O[C@@H](n2ccc(=N)nc2O)[C@H](O)[C@@H]1O
94332,5354212,COC(=O)/C=C1/CC[C@H]2[C@@H]3CCC4=CC(=O)CC[C@]4(C)[C@H]3C(=O)C[C@]12C
94332,71768108,O=C(O)[C@@H]1C[C@H](O[C@H]2O[C@@H](CO)[C@H](O)[C@H]2O[C@H]2O[C@@H](CO)[C@H](O)[C@H]2O[C@H]2O[C@@H](CO)[C@H](O)[C@H]2O)CN1
45357453,5780,OC[C@@H](O)[C@@H](O)[C@H](O)[C@@H](O)CO
45357453,10825777,NC(Cc1cc(O)c2c(c1)SCC(O)=N2)C(=O)O
45357453,23679527,CC(C)n1c(/C=C/[C@H](O)C[C@H](O)CC(=O)[O-])c(-c2ccc(F)cc2)c2ccccc21.[Na+]
7059387,5780,OC[C@@H](O)[C@@H](O)[C@H](O)[C@@H](O)CO
7059387,5780,OC[C@@H](O)[C@@H](O)[C@H](O)[C@@H](O)CO
7059387,7918,CC(=O)OC(C)=O
9917420,71298190,CC(O)=N[C@H]1C(O)O[C@H](CO)[C@H](O)[C@@H]1O[C@@H]1O[C@H](CO)[C@H](O[C@H]2O[C@H](CO)[C@H](O)[C@H](O)[C@H]2O)[C@H](O)[C@H]1O[C@@H]1O[C@@H](C)[C@@H](O)[C@@H](O)[C@@H]1O
9917420,25203591,O=C([O-])C1=CC(O)OC(C(=O)[O-])=C1
107909,5780,OC[C@@H](O)[C@@H](O)[C@H](O)[C@@H](O)CO
107909,3692773,CC(=O)C[NH3+]
107909,644077,N=C(O)CC[C@@H]1N=C(O)[C@H](Cc2ccccc2)N=C(O)[C@H](Cc2ccc(O)cc2)N=C(O)[C@@H](N)CSSC[C@@H](C(=O)N2CCC[C@H]2C(O)=N[C@@H](CCCNC(=N)N)C(O)=NCC(=N)O)N=C(O)[C@H](CC(=N)O)N=C1O
40425339,56955923,O=[As]([O-])(O)c1ccccc1
40425339,23674745,CC(C(=O)[O-])c1ccc(CC2CCCC2=O)cc1.O.O.[Na+]
40425339,56649424,C=C(C)[C@@]12OC3(c4ccccc4)O[C@@H]1[C@@H]1[C@H]4O[C@@]4(C)[C@@H](O)[C@]4(O)C(=O)[C@@H](C)C[C@H]4[C@@]1(O3)[C@H](C)[C@@H]2OC(=O)c1ccccc1
44260119,86289694,C[C@H](CCCCCCCCC/C=C/C(=O)O)O[C@@H]1O[C@@H](C)[C@H](O)C[C@H]1O
44260119,440649,Cc1ncc(C[n+]2c(C(O)CCC(=O)O)sc(CCOP(=O)(O)OP(=O)(O)O)c2C)c(=N)[nH]1
44260119,25093353,CS(=O)(=O)N1CCC(N=C(O)Nc2ccc(OC(F)(F)F)cc2)CC1
40490669,40490621,CC[C@@H]1O[C@@H]1C/C=C\C/C=C\C/C=C\C/C=C\CCCC(=O)[O-]
40490669,23674745,CC(C(=O)[O-])c1ccc(CC2CCCC2=O)cc1.O.O.[Na+]
40490669,132274128,CC(O)=N[C@@H]1[C@@H](O)[C@H](O[C@@H]2O[C@H](CO)[C@@H](O[C@@H]3O[C@H](CO[C@H]4O[C@H](CO[C@@H]5O[C@H](CO)[C@@H](O[C@@H]6O[C@H](CO)[C@H](O)[C@H](O[C@]7(C(=O)O)C[C@H](O)[C@@H](N=C(C)O)[C@H]([C@H](O)[C@H](O)CO)O7)[C@H]6O)[C@H](O)[C@H]5N=C(C)O)[C@@H](O)[C@H](O[C@@H]5O[C@H](CO)[C@@H](O[C@@H]6O[C@H](CO)[C@H](O)[C@H](O)[C@H]6O)[C@H](O)[C@H]5N=C(C)O)[C@@H]4O)[C@@H](O)[C@H](O[C@H]4O[C@H](CO[C@H]5O[C@H](CO)[C@@H](O)[C@H](O)[C@@H]5O)[C@@H](O)[C@H](O[C@H]5O[C@H](CO)[C@@H](O)[C@H](O)[C@@H]5O)[C@@H]4O)[C@@H]3O)[C@H](O)[C@H]2N=C(C)O)[C@@H](CO)O[C@H]1O
11796121,52929771,CCCCCCCCCCCCCCCC/C=C\OC[C@@H](O)COP(=O)(O)O
11796121,5281674,O=c1cc(-c2ccccc2)oc2c(O)c(O)cc(O)c12
49831950,49832001,CC(=O)O[C@H](CCCCc1ccc(O)cc1)CCc1ccc(O)c(O)c1
49831950,5354212,COC(=O)/C=C1/CC[C@H]2[C@@H]3CCC4=CC(=O)CC[C@]4(C)[C@H]3C(=O)C[C@]12C
49831950,244285,CCC(=O)Oc1cccc(O)c1
86289732,23674745,CC(C(=O)[O-])c1ccc(CC2CCCC2=O)cc1.O.O.[Na+]
86289732,119219,O=CCc1ccc(O)c(O)c1
193513,5780,OC[C@@H](O)[C@@H](O)[C@H](O)[C@@H](O)CO
193513,5780,OC[C@@H](O)[C@@H](O)[C@H](O)[C@@H](O)CO
193513,74982266,O=C([O-])CCS(=O)[O-]
10389717,10065952,C=CC(C)(C)c1cc(O)c(OC)c2c(=O)c3c(O)ccc(O)c3oc12
10389717,49859627,COc1cccc2[nH]cc(C/C(=N/OS(=O)(=O)[O-])S[C@@H]3O[C@H](CO)[C@@H](O)[C@H](O)[C@H]3O)c12
10389717,22419,O=C(O)c1cc(N=Nc2ccc(O)c(C(=O)O)c2)ccc1O
152119,5780,OC[C@@H](O)[C@@H](O)[C@H](O)[C@@H](O)CO
152119,69212,CC1=CC(=O)C(=O)C=C1O
152119,42433476,COc1cc(-c2oc3cc(O)cc(O)c3c(=O)c2O[C@H]2O[C@@H](CO)[C@@H](O)[C@@H](O)[C@@H]2O)ccc1O
46184995,5354212,COC(=O)/C=C1/CC[C@H]2[C@@H]3CCC4=CC(=O)CC[C@]4(C)[C@H]3C(=O)C[C@]12C
46184995,16070027,OBBO
72193664,70678725,COC1=C(Br)[C@H](O)[C@@]2(C=C1Br)CC(C(=O)NCCCCNC(=O)C1=NO[C@@]3(C=C(Br)C(=O)[C@H](Br)[C@H]3O)C1)=NO2
72193664,56597213,COc1cc(CCCc2cc(OC)c(O)cc2OC)ccc1O
132282533,40490621,CC[C@@H]1O[C@@H]1C/C=C\C/C=C\C/C=C\C/C=C\CCCC(=O)[O-]
132282533,5354212,COC(=O)/C=C1/CC[C@H]2[C@@H]3CCC4=CC(=O)CC[C@]4(C)[C@H]3C(=O)C[C@]12C
132282533,86289258,CCCCC/C=C\C/C=C\CCCCCCCC(=O)OCC(=O)COP(=O)([O-])[O-]
56668492,440649,Cc1ncc(C[n+]2c(C(O)CCC(=O)O)sc(CCOP(=O)(O)OP(=O)(O)O)c2C)c(=N)[nH]1
56668492,11542064,CCCCC[C@H]1C[C@@H]2CCC[C@@H](C[C@@H](OC)C[C@@H]3C[C@@H](OC(=O)/C=C\CCc4coc(/C=C\CN=C(O)OC)n4)C[C@H](CC(=O)O1)O3)O2
70678533,91972219,CC(O)=N[C@H]1[C@H](O[C@H]2[C@H](O)[C@@H](N=C(C)O)C(O)O[C@@H]2CO)O[C@H](COS(=O)(=O)O)[C@H](O)[C@@H]1O
70678533,49859627,COc1cccc2[nH]cc(C/C(=N/OS(=O)(=O)[O-])S[C@@H]3O[C@H](CO)[C@@H](O)[C@H](O)[C@H]3O)c12
70678533,6741,C[C@H]1C[C@@H]2[C@H]([C@@H](O)C[C@@]3(C)[C@H]2CC[C@]3(O)C(=O)CO)[C@@]2(C)C=CC(=O)C=C12
10988713,10988200,C[C@@H]1CC[C@H]2C(C(=O)O)=C[C@@H]3CC(C)(C)C[C@@]132
10988713,10825777,NC(Cc1cc(O)c2c(c1)SCC(O)=N2)C(=O)O
10988713,53462,Cn1c(=N)[nH]c2c3cccnc3ccc21
71297364,53239731,CC(O)=N[C@@H]1[C@@H](O[C@@H]2O[C@@H](C)[C@@H](O)[C@@H](O)[C@@H]2O)[C@H](O[C@@H]2O[C@H](CO)[C@@H](O)[C@H](O)[C@H]2N=C(C)O)[C@@H](CO[C@@H]2O[C@@H](C)[C@@H](O)[C@@H](O)[C@@H]2O)O[C@H]1O
71297364,126456457,C[C@]12CC[C@H]3[C@@H](CCC4=CC(=O)CC[C@@]43C)[C@@H]1CC[C@H]2O[C@@H]1O[C@H](C(=O)[O-])[C@@H](O)[C@H](O)[C@H]1O
1982,5780,OC[C@@H](O)[C@@H](O)[C@H](O)[C@@H](O)CO
1982,5780,OC[C@@H](O)[C@@H](O)[C@H](O)[C@@H](O)CO
1982,24892782,C/C(=C\CNc1ncnc2c1ncn2[C@@H]1O[C@H](COP(=O)(O)OP(=O)(O)OP(=O)(O)O)[C@@H](O)[C@H]1O)CO
10245190,5780,OC[C@@H](O)[C@@H](O)[C@H](O)[C@@H](O)CO
10245190,23674745,CC(C(=O)[O-])c1ccc(CC2CCCC2=O)cc1.O.O.[Na+]
10245190,134160296,CSC[C@H]1O[C@H](O[C@H]2[C@H](O)[C@H](O)[C@@H](OC[C@H]3O[C@@H](O[C@@H]4[C@@H](OC[C@H]5O[C@H](OC[C@H]6OC(O)[C@@H](O)[C@@H]6O)[C@@H](O)[C@@H]5O[C@H]5O[C@H](CO)[C@@H](O)[C@@H]5O[C@@H]5O[C@H](CO)[C@@H](O)[C@@H]5O)O[C@H](CO)[C@H]4O)[C@@H](O)[C@@H]3O)O[C@@H]2CO)[C@H](O)[C@H]1O
9543050,14212362,Nc1nc(O)nc2c1ncn2[C@@H]1O[C@H](COP(=O)(O)O)[C@@H](O)[C@H]1O
9543050,70678725,COC1=C(Br)[C@H](O)[C@@]2(C=C1Br)CC(C(=O)NCCCCNC(=O)C1=NO[C@@]3(C=C(Br)C(=O)[C@H](Br)[C@H]3O)C1)=NO2
9543050,4474580,NCCCC(NC(CCC(=O)O)C(=O)O)C(=O)O
8028,10313378,CSC[C@H]1OC(O)[C@H](O)[C@@H]1O
8028,3692773,CC(=O)C[NH3+]
8028,4623248,CN1C(=O)N(c2cccc(Cl)c2)C(N=C(O)Nc2ccc(Cl)cc2)C1(C)C
3634,5354212,COC(=O)/C=C1/CC[C@H]2[C@@H]3CCC4=CC(=O)CC[C@]4(C)[C@H]3C(=O)C[C@]12C
3634,49852349,CC[C@H](C)[C@H](NO)C(=O)[O-]
6971058,5780,OC[C@@H](O)[C@@H](O)[C@H](O)[C@@H](O)CO
6971058,13376,CCCCN=CO
6971058,72715827,CC[C@@]1(O)C[C@H](O[C@H]2C[C@H](N)[C@H](O)[C@H](C)O2)c2c(O)c3c(c(O)c2[C@H]1C(=O)O)C(=O)c1cccc(OC)c1C3=O
7124,54684684,O=C(O)c1cc(O)c2cccc([O-])c2n1
7124,5780,OC[C@@H](O)[C@@H](O)[C@H](O)[C@@H](O)CO
7124,4478249,O=S(=O)(O)CCN1CCOCC1
45266580,14212362,Nc1nc(O)nc2c1ncn2[C@@H]1O[C@H](COP(=O)(O)O)[C@@H](O)[C@H]1O
45266580,132282124,C[C@@H]1O[C@@H](OCCCCCC(=O)SCCN=C(O)CCN=C(O)[C@H](O)C(C)(C)COP(=O)(O)OP(=O)(O)OC[C@H]2O[C@@H](n3cnc4c(N)ncnc43)[C@H](O)[C@@H]2OP(=O)(O)O)[C@H](O)C[C@H]1O
45266580,6857381,O=C([O-])C(=O)[C@@H](O)[C@H](O)[C@H](O)CO
46878520,176983,C=C(C)C1=CC=C(C)CC1
46878520,5780,OC[C@@H](O)[C@@H](O)[C@H](O)[C@@H](O)CO
46878520,11431307,C=C(CC[C@@H](C(=O)O)[C@H]1CC[C@@]2(C)C3=C(CC[C@]12C)[C@@]1(C)CCC(=O)C(C)(C)[C@@H]1CC3)C(C)C
11705034,49859627,COc1cccc2[nH]cc(C/C(=N/OS(=O)(=O)[O-])S[C@@H]3O[C@H](CO)[C@@H](O)[C@H](O)[C@H]3O)c12
11705034,72715762,CCCCCCCCCCCCCCCCCCCC(O)=N[C@@H](CO)[C@H](O)[C@H](O)CCCCCCCCCCC(C)C
454202,440649,Cc1ncc(C[n+]2c(C(O)CCC(=O)O)sc(CCOP(=O)(O)OP(=O)(O)O)c2C)c(=N)[nH]1
454202,90659091,N=c1ccn([C@@H]2O[C@H](COP(=O)(O)OP(=O)(O)OC[C@H](O)CO)[C@@H](O)[C@H]2O)c(O)n1
52941750,5780,OC[C@@H](O)[C@@H](O)[C@H](O)[C@@H](O)CO
52941750,53239731,CC(O)=N[C@@H]1[C@@H](O[C@@H]2O[C@@H](C)[C@@H](O)[C@@H](O)[C@@H]2O)[C@H](O[C@@H]2O[C@H](CO)[C@@H](O)[C@H](O)[C@H]2N=C(C)O)[C@@H](CO[C@@H]2O[C@@H](C)[C@@H](O)[C@@H](O)[C@@H]2O)O[C@H]1O
52941750,5460908,CC[C@@H](C)[C@@H](N)C(=O)[O-]
1045,5780,OC[C@@H](O)[C@@H](O)[C@H](O)[C@@H](O)CO
1045,137547,C#CCC(=O)O
1045,86290193,N=c1ccn([C@@H]2O[C@H](COP(=O)(O)O)[C@@H](O)[C@H]2O)c(=NCCCC[C@H](N)C(=O)O)[n-]1
49859737,5780,OC[C@@H](O)[C@@H](O)[C@H](O)[C@@H](O)CO
49859737,53239731,CC(O)=N[C@@H]1[C@@H](O[C@@H]2O[C@@H](C)[C@@H](O)[C@@H](O)[C@@H]2O)[C@H](O[C@@H]2O[C@H](CO)[C@@H](O)[C@H](O)[C@H]2N=C(C)O)[C@@H](CO[C@@H]2O[C@@H](C)[C@@H](O)[C@@H](O)[C@@H]2O)O[C@H]1O
49859737,21668242,C[NH2+]CCCC[NH3+]
56928103,14212362,Nc1nc(O)nc2c1ncn2[C@@H]1O[C@H](COP(=O)(O)O)[C@@H](O)[C@H]1O
56928103,70678725,COC1=C(Br)[C@H](O)[C@@]2(C=C1Br)CC(C(=O)NCCCCNC(=O)C1=NO[C@@]3(C=C(Br)C(=O)[C@H](Br)[C@H]3O)C1)=NO2
56928103,70678637,CCCCCCCCCCCCCCCCCCCCC[C@@H](O)[C@H](O)C([O-])=N[C@@H](COP(=O)(O)OC1[C@H](O)[C@H](O)C(O)[C@H](O)[C@H]1O)[C@H](O)[C@@H](O)CCCCCCCCCCCCCC
131708325,53239760,C[C@H](N=C(O)[C@H](CCC(=N)O)N=C(O)CN)C(O)=NCC(O)=N[C@@H](Cc1cscn1)C(O)=N[C@@H](CC[C@H](CN)O[C@@H]1O[C@H](CO)[C@H](O)[C@H](O)[C@H]1O)C(O)=NCC(O)=N[C@@H](CCC(=O)O)C(O)=N[C@@H](CCC(=N)O)C(O)=NCC(=O)N1CCC[C@H]1C(O)=N[C@@H](CCCCN)C(O)=NCC(O)=N[C@@H](CCC(=O)O)C(O)=N[C@H](C(=O)O)[C@@H](C)O
131708325,9802841,COc1ccc(C(=O)N=c2c(Cl)cn(O)cc2Cl)c2ccc(C(F)(F)F)nc12
4771,56955923,O=[As]([O-])(O)c1ccccc1
4771,69212,CC1=CC(=O)C(=O)C=C1O
4771,24848269,CC(C)(C)[NH2+]C[C@H](O)COc1cccc2c1CCCC2=O
9547172,5780,OC[C@@H](O)[C@@H](O)[C@H](O)[C@@H](O)CO
9547172,53239731,CC(O)=N[C@@H]1[C@@H](O[C@@H]2O[C@@H](C)[C@@H](O)[C@@H](O)[C@@H]2O)[C@H](O[C@@H]2O[C@H](CO)[C@@H](O)[C@H](O)[C@H]2N=C(C)O)[C@@H](CO[C@@H]2O[C@@H](C)[C@@H](O)[C@@H](O)[C@@H]2O)O[C@H]1O
9547172,53477637,C[C@H](CCC(=O)SCCN=C([O-])CCN=C([O-])[C@H](O)C(C)(C)COP(=O)(O)OP(=O)(O)OC[C@H]1O[C@@H](n2cnc3c(N)ncnc32)[C@H](O)[C@@H]1OP(=O)([O-])[O-])[C@H]1CC[C@H]2[C@@H]3[C@H](O)C[C@@H]4C[C@H](O)CC[C@]4(C)[C@H]3CC[C@]12C
5702692,49859627,COc1cccc2[nH]cc(C/C(=N/OS(=O)(=O)[O-])S[C@@H]3O[C@H](CO)[C@@H](O)[C@H](O)[C@H]3O)c12
5702692,97165,O=C1O[C@@H]([C@H](O)CO)[C@H](O)[C@H]1O
71464685,56955923,O=[As]([O-])(O)c1ccccc1
71464685,49859627,COc1cccc2[nH]cc(C/C(=N/OS(=O)(=O)[O-])S[C@@H]3O[C@H](CO)[C@@H](O)[C@H](O)[C@H]3O)c12
71464685,91847513,OC[C@H]1OC(O)[C@H](O[C@@H]2O[C@H](CO)[C@@H](O)[C@H](O)[C@H]2O)[C@@H](O)[C@H]1O
11099168,5780,OC[C@@H](O)[C@@H](O)[C@H](O)[C@@H](O)CO
11099168,23674745,CC(C(=O)[O-])c1ccc(CC2CCCC2=O)cc1.O.O.[Na+]
11099168,5889665,COc1ccc(/C(=C/C(=O)N2CCOCC2)c2ccc(Cl)cc2)cc1OC
118634407,440649,Cc1ncc(C[n+]2c(C(O)CCC(=O)O)sc(CCOP(=O)(O)OP(=O)(O)O)c2C)c(=N)[nH]1
118634407,445963,N[C@H]1CCOC1=O
4205,10825777,NC(Cc1cc(O)c2c(c1)SCC(O)=N2)C(=O)O
4205,122198262,C/C(=C\CC/C(C)=C/CC/C(C)=C/C[C@@]12O[C@@H]1[C@H](O)C(CO)=CC2=O)CO
16061140,40490621,CC[C@@H]1O[C@@H]1C/C=C\C/C=C\C/C=C\C/C=C\CCCC(=O)[O-]
16061140,5354212,COC(=O)/C=C1/CC[C@H]2[C@@H]3CCC4=CC(=O)CC[C@]4(C)[C@H]3C(=O)C[C@]12C
16061140,9912721,CC1=C(CC(=O)OCCCCO[N+](=O)[O-])c2cc(F)ccc2/C1=C\c1ccc(S(C)=O)cc1
11966128,14212362,Nc1nc(O)nc2c1ncn2[C@@H]1O[C@H](COP(=O)(O)O)[C@@H](O)[C@H]1O
11966128,70678725,COC1=C(Br)[C@H](O)[C@@]2(C=C1Br)CC(C(=O)NCCCCNC(=O)C1=NO[C@@]3(C=C(Br)C(=O)[C@H](Br)[C@H]3O)C1)=NO2
11966128,35023177,CCCCC[C@](C)(O)/C=C/[C@@H]1[C@@H](C/C=C\CCCC(=O)O)[C@@H](O)C[C@@H]1O
18529,71298190,CC(O)=N[C@H]1C(O)O[C@H](CO)[C@H](O)[C@@H]1O[C@@H]1O[C@H](CO)[C@H](O[C@H]2O[C@H](CO)[C@H](O)[C@H](O)[C@H]2O)[C@H](O)[C@H]1O[C@@H]1O[C@@H](C)[C@@H](O)[C@@H](O)[C@@H]1O
18529,441005,CC1=C[C@@H]2C(=C(C)CC[C@H]2C(C)C)CC1
135398618,135398596,N=c1nc([O-])c2ncn([C@H]3C[C@H](O)[C@@H](COP(=O)([O-])O)O3)c2[nH]1
135398618,49859627,COc1cccc2[nH]cc(C/C(=N/OS(=O)(=O)[O-])S[C@@H]3O[C@H](CO)[C@@H](O)[C@H](O)[C@H]3O)c12
135398618,86289164,CC/C=C\C/C=C\C/C=C\C/C=C\C/C=C\CCCCCCCCCCCC(=O)[O-]
127601,44263378,C[C@H](CCC(O)=NCCS(=O)(=O)O)[C@H]1CC[C@H]2[C@@H]3[C@@H](O)C[C@@H]4C[C@H](O)CC[C@]4(C)[C@H]3C[C@H](O)[C@]12C
127601,5354212,COC(=O)/C=C1/CC[C@H]2[C@@H]3CCC4=CC(=O)CC[C@]4(C)[C@H]3C(=O)C[C@]12C
127601,6951009,C[C@]12CCC(=O)C[C@H]1CC[C@@H]1[C@@H]2CC[C@]2(C)[C@H](O)CC[C@@H]12
5003059,5780,OC[C@@H](O)[C@@H](O)[C@H](O)[C@@H](O)CO
5003059,121596220,CC(C(=O)[O-])C(=O)OC(CC(=O)[O-])C[N+](C)(C)C
5003059,133019,CC(C)CCC[C@@H](C)[C@H]1CC[C@H]2[C@@H]3C(N)C=C4C[C@@H](O)CC[C@]4(C)[C@H]3CC[C@]12C
70788954,5780,OC[C@@H](O)[C@@H](O)[C@H](O)[C@@H](O)CO
70788954,5780,OC[C@@H](O)[C@@H](O)[C@H](O)[C@@H](O)CO
70788954,10262598,COC(=O)C1=CO[C@@H](O)[C@H]2[C@@H]1CC[C@@H]2C
6432223,53262337,CCCCCCCCCCCCCCCCCCCCCCCC[C@@H](C(=O)O)[C@H](O)CCCCCCCCCCCCCCCCC[C@H]1C[C@H]1CCCCCCCCCCCCCCCC[C@@H](OC)[C@H](C)CCCCCCCCCCCCCCCCCC
6432223,69212,CC1=CC(=O)C(=O)C=C1O
6432223,83952,CC[C@H]1OC(=O)[C@H](C)[C@@H](O[C@H]2C[C@@](C)(OC)[C@@H](O)[C@H](C)O2)[C@H](C)[C@@H](O[C@@H]2O[C@H](C)C[C@H](N(C)C)[C@H]2O)[C@](C)(O)C[C@@H](C)[C@H](N)[C@H](C)[C@@H](O)[C@]1(C)O
177338,54684684,O=C(O)c1cc(O)c2cccc([O-])c2n1
177338,279,N=C(O)NC(CC(=O)O)C(=O)O
177338,45052211,OC[C@H]1O[C@H](O[C@@H]2COC(O)(CO)[C@@H](O)[C@@H]2O)[C@H](O)[C@@H](O)[C@@H]1O
2801,23674745,CC(C(=O)[O-])c1ccc(CC2CCCC2=O)cc1.O.O.[Na+]
2801,135563725,C/C=C1/CN2CCC3=C([NH2+]c4ccccc43)[C@H](C(=O)OC)[C@H]1CC2
70698381,51041863,CCCCCCCCCCCCC/C=C/[C@@H](O)[C@H](CO[C@@H]1O[C@H](CO)[C@@H](O[C@@H]2O[C@H](CO)[C@H](O[C@@H]3O[C@H](CO)[C@H](O)[C@H](O)[C@H]3N=C(C)O)[C@H](O[C@@H]3O[C@H](CO)[C@@H](O)[C@H](O[C@@H]4O[C@H](CO)[C@H](O[C@@H]5O[C@H](CO)[C@H](O)[C@H](O)[C@H]5N=C(C)O)[C@H](O[C@]5(C(=O)O)C[C@H](O)[C@@H](N=C(C)O)[C@H]([C@H](O)[C@H](O)CO)O5)[C@H]4O)[C@H]3N=C(C)O)[C@H]2O)[C@H](O)[C@H]1O)N=C(O)CCCCCCCCCCCCCCCCC
70698381,12901,COP(=S)(OC)SCN1C(=O)c2ccccc2C1=O
5469424,5315472,O=C(/C=C/c1ccc(O)cc1)CC(=O)/C=C/c1ccc(O)cc1
5469424,5354212,COC(=O)/C=C1/CC[C@H]2[C@@H]3CCC4=CC(=O)CC[C@]4(C)[C@H]3C(=O)C[C@]12C
5469424,135563649,CC[C@H](C)[C@H]1C(=O)OC2c3cc(C)cc(O)c3C3=C(C(=O)c4c(O)cccc4C3=O)N21
16078994,5780,OC[C@@H](O)[C@@H](O)[C@H](O)[C@@H](O)CO
16078994,49859627,COc1cccc2[nH]cc(C/C(=N/OS(=O)(=O)[O-])S[C@@H]3O[C@H](CO)[C@@H](O)[C@H](O)[C@H]3O)c12
16078994,122391271,NCCO[C@@H]1O[C@H](CO)[C@@H](O[C@@H]2O[C@H](C(=O)O)[C@@H](O)[C@H](O)[C@H]2O)[C@H](O)[C@H]1O
122391349,40490621,CC[C@@H]1O[C@@H]1C/C=C\C/C=C\C/C=C\C/C=C\CCCC(=O)[O-]
122391349,5354212,COC(=O)/C=C1/CC[C@H]2[C@@H]3CCC4=CC(=O)CC[C@]4(C)[C@H]3C(=O)C[C@]12C
122391349,121225546,CCCCCCCCCCCCC/C=C/[C@@H](O)[C@H](CO[C@@H]1O[C@H](CO)[C@H](O)[C@H](OS(=O)(=O)O)[C@H]1O)N=C([O-])CCCCCCCCCCCCCCCCC
72205182,5780,OC[C@@H](O)[C@@H](O)[C@H](O)[C@@H](O)CO
72205182,5354212,COC(=O)/C=C1/CC[C@H]2[C@@H]3CCC4=CC(=O)CC[C@]4(C)[C@H]3C(=O)C[C@]12C
72205182,1136,Cc1ncsc1CCO
782,439713,N=C(O)N[C@@H]1N=C(O)N=C1O
782,5780,OC[C@@H](O)[C@@H](O)[C@H](O)[C@@H](O)CO
782,52925127,CCCCC/C=C\C/C=C\CCCCCCCC(=O)O[C@H](CO/C=C\CCCCCCCCCCCCCC)COP(=O)(O)OCCN
25183872,56955923,O=[As]([O-])(O)c1ccccc1
25183872,5354212,COC(=O)/C=C1/CC[C@H]2[C@@H]3CCC4=CC(=O)CC[C@]4(C)[C@H]3C(=O)C[C@]12C
25183872,86289164,CC/C=C\C/C=C\C/C=C\C/C=C\C/C=C\CCCCCCCCCCCC(=O)[O-]
5284566,23674745,CC(C(=O)[O-])c1ccc(CC2CCCC2=O)cc1.O.O.[Na+]
5284566,123985,CC(C)C[C@H](N=C(O)[C@H]1O[C@@H]1C(=O)O)C(O)=NCCCCNC(=N)N
3077216,70678725,COC1=C(Br)[C@H](O)[C@@]2(C=C1Br)CC(C(=O)NCCCCNC(=O)C1=NO[C@@]3(C=C(Br)C(=O)[C@H](Br)[C@H]3O)C1)=NO2
3077216,25034673,COc1cc(O)c2c(=O)c3c(O)cc(C)cc3oc2c1
441730,53239731,CC(O)=N[C@@H]1[C@@H](O[C@@H]2O[C@@H](C)[C@@H](O)[C@@H](O)[C@@H]2O)[C@H](O[C@@H]2O[C@H](CO)[C@@H](O)[C@H](O)[C@H]2N=C(C)O)[C@@H](CO[C@@H]2O[C@@H](C)[C@@H](O)[C@@H](O)[C@@H]2O)O[C@H]1O
441730,75606,O=C(O)CN=CO
3731,56955923,O=[As]([O-])(O)c1ccccc1
3731,53239731,CC(O)=N[C@@H]1[C@@H](O[C@@H]2O[C@@H](C)[C@@H](O)[C@@H](O)[C@@H]2O)[C@H](O[C@@H]2O[C@H](CO)[C@@H](O)[C@H](O)[C@H]2N=C(C)O)[C@@H](CO[C@@H]2O[C@@H](C)[C@@H](O)[C@@H](O)[C@@H]2O)O[C@H]1O
3731,5354212,COC(=O)/C=C1/CC[C@H]2[C@@H]3CCC4=CC(=O)CC[C@]4(C)[C@H]3C(=O)C[C@]12C
440432,11460189,CO[C@@H]1C(=O)CC[C@H](C(C)=O)[C@H]1/C(C)=C/CCC(C)C
440432,73271,O=C(O)Cc1cc(O)nc(O)n1
440432,51351803,CC(O)=N[C@H]1[C@H](O[C@@H]2[C@@H](O)[C@H](O)O[C@H](CO)[C@@H]2O)O[C@H](CO[C@@H]2O[C@H](CO)[C@@H](O[C@@H]3O[C@H](CO)[C@H](O)[C@H](O)[C@H]3O)[C@H](O)[C@H]2O)[C@@H](O)[C@@H]1O
987,5780,OC[C@@H](O)[C@@H](O)[C@H](O)[C@@H](O)CO
987,5354212,COC(=O)/C=C1/CC[C@H]2[C@@H]3CCC4=CC(=O)CC[C@]4(C)[C@H]3C(=O)C[C@]12C
987,193349,N=C1C=C(c2cc(N)c(O)nc2O)C(O)=NC1=O
9856996,13284402,O=CC(=O)c1c[nH]c2ccccc12
9856996,23674745,CC(C(=O)[O-])c1ccc(CC2CCCC2=O)cc1.O.O.[Na+]
9856996,15558376,C[C@]12CC[C@H]3[C@@H](CC[C@@H]4C[C@@H](O)CC[C@@]43C=O)[C@@]1(O)C[C@H](O)[C@@H]2C1=CC(=O)OC1
167489,45052211,OC[C@H]1O[C@H](O[C@@H]2COC(O)(CO)[C@@H](O)[C@@H]2O)[C@H](O)[C@@H](O)[C@@H]1O
167489,52929771,CCCCCCCCCCCCCCCC/C=C\OC[C@@H](O)COP(=O)(O)O
167489,5215,Nc1ccc(S(=O)(=O)Nc2ncccn2)cc1
122164848,5780,OC[C@@H](O)[C@@H](O)[C@H](O)[C@@H](O)CO
122164848,5354212,COC(=O)/C=C1/CC[C@H]2[C@@H]3CCC4=CC(=O)CC[C@]4(C)[C@H]3C(=O)C[C@]12C
122164848,9548817,C=Cc1c(C)c2cc3nc(cc4nc(cc5[nH]c(cc1[n-]2)c(C)c5C=C)C(C)=C4CCC(=O)O)C(CCC(=O)[O-])=C3C.[Fe+3]
9882094,5780,OC[C@@H](O)[C@@H](O)[C@H](O)[C@@H](O)CO
9882094,23674745,CC(C(=O)[O-])c1ccc(CC2CCCC2=O)cc1.O.O.[Na+]
9882094,129011067,CCCCC/C=C\C/C=C\C/C=C\C/C=C\CCCC(O)=NCCOP(=O)(O)OC[C@H](O)CO/C=C\CCCCCCCCCCCCCCCC
24798687,5780,OC[C@@H](O)[C@@H](O)[C@H](O)[C@@H](O)CO
24798687,121596220,CC(C(=O)[O-])C(=O)OC(CC(=O)[O-])C[N+](C)(C)C
24798687,6857381,O=C([O-])C(=O)[C@@H](O)[C@H](O)[C@H](O)CO
54900,49859627,COc1cccc2[nH]cc(C/C(=N/OS(=O)(=O)[O-])S[C@@H]3O[C@H](CO)[C@@H](O)[C@H](O)[C@H]3O)c12
54900,45052211,OC[C@H]1O[C@H](O[C@@H]2COC(O)(CO)[C@@H](O)[C@@H]2O)[C@H](O)[C@@H](O)[C@@H]1O
14016228,49859627,COc1cccc2[nH]cc(C/C(=N/OS(=O)(=O)[O-])S[C@@H]3O[C@H](CO)[C@@H](O)[C@H](O)[C@H]3O)c12
14016228,74822,CCCCCCCCCCCCCCCCCCCCCCCCCCCO
135402057,5780,OC[C@@H](O)[C@@H](O)[C@H](O)[C@@H](O)CO
135402057,5780,OC[C@@H](O)[C@@H](O)[C@H](O)[C@@H](O)CO
135402057,25201322,CC(O)=N[C@@H]1[C@@H](O)[C@H](O)[C@@H](CO)O[C@H]1N=C(O)C[C@H](N)C(=O)O
441157,176983,C=C(C)C1=CC=C(C)CC1
441157,5780,OC[C@@H](O)[C@@H](O)[C@H](O)[C@@H](O)CO
441157,86583455,CCCCC/C=C\C/C=C\C/C=C\C/C=C\C/C=C\CCCCCCCCCCCC(O)C(=O)O
53262867,191796,COc1cc(-c2ccc(O)cc2)c(OC)c(O)c1-c1ccc(O)c(O)c1
53262867,5354212,COC(=O)/C=C1/CC[C@H]2[C@@H]3CCC4=CC(=O)CC[C@]4(C)[C@H]3C(=O)C[C@]12C
53262867,86289920,CCCC[n+]1ccc2c3ccccc3n(Cc3ccccc3)c2c1-c1ccccc1Cl.[Br-]
702,5780,OC[C@@H](O)[C@@H](O)[C@H](O)[C@@H](O)CO
702,540,N#CO
702,656671,O=S([O-])S(=O)(=O)[O-].[Na+].[Na+]
53480667,5780,OC[C@@H](O)[C@@H](O)[C@H](O)[C@@H](O)CO
53480667,49859627,COc1cccc2[nH]cc(C/C(=N/OS(=O)(=O)[O-])S[C@@H]3O[C@H](CO)[C@@H](O)[C@H](O)[C@H]3O)c12
53480667,118797962,C/C(=C\CCCCCCCCCCCCCCCCCCCC[C@@H](C)O[C@@H]1O[C@@H](C)[C@H](O)C[C@H]1O)C(=O)O
91666321,51041863,CCCCCCCCCCCCC/C=C/[C@@H](O)[C@H](CO[C@@H]1O[C@H](CO)[C@@H](O[C@@H]2O[C@H](CO)[C@H](O[C@@H]3O[C@H](CO)[C@H](O)[C@H](O)[C@H]3N=C(C)O)[C@H](O[C@@H]3O[C@H](CO)[C@@H](O)[C@H](O[C@@H]4O[C@H](CO)[C@H](O[C@@H]5O[C@H](CO)[C@H](O)[C@H](O)[C@H]5N=C(C)O)[C@H](O[C@]5(C(=O)O)C[C@H](O)[C@@H](N=C(C)O)[C@H]([C@H](O)[C@H](O)CO)O5)[C@H]4O)[C@H]3N=C(C)O)[C@H]2O)[C@H](O)[C@H]1O)N=C(O)CCCCCCCCCCCCCCCCC
91666321,56927861,N=C(O)C1=CN([C@@H]2O[C@H](COP(=O)(O)OP(=O)(O)OC[C@H]3O[C@@H](n4cnc5c(N)ncnc54)[C@H](O)[C@@H]3O)[C@@H](O)[C@H]2O)[C@H](O)CC1
19081934,14345637,CCCCC/C=C\C/C=C\C/C=C\C/C=C\CCCC(=O)OC(CO)COC(=O)CCCCCCCCCCCCCCCCC
19081934,6971029,Nc1ccccc1C(=O)C[C@H](N)C(=O)O
49859576,442153,CC(C)=CCc1cc([C@@H]2CC(=O)c3c(O)cc(O)cc3O2)cc(CC=C(C)C)c1O
49859576,23674745,CC(C(=O)[O-])c1ccc(CC2CCCC2=O)cc1.O.O.[Na+]
49859576,70678902,CCCCCC/C=C\CCCCCCCCCC(=O)O[C@H](COC(=O)CCCCCCCCCCCCCCC)CO[C@H]1O[C@H](CO)[C@H](O)[C@H](O)[C@H]1O
8800,56955923,O=[As]([O-])(O)c1ccccc1
8800,5780,OC[C@@H](O)[C@@H](O)[C@H](O)[C@@H](O)CO
8800,147394,COc1ccc([C@@H]2CC(=O)c3c(O)cc(O[C@@H]4O[C@H](CO)[C@@H](O)[C@H](O)[C@H]4O)cc3O2)cc1O
16888,53239731,CC(O)=N[C@@H]1[C@@H](O[C@@H]2O[C@@H](C)[C@@H](O)[C@@H](O)[C@@H]2O)[C@H](O[C@@H]2O[C@H](CO)[C@@H](O)[C@H](O)[C@H]2N=C(C)O)[C@@H](CO[C@@H]2O[C@@H](C)[C@@H](O)[C@@H](O)[C@@H]2O)O[C@H]1O
16888,129900409,CC(=O)O[C@@H]1[C@@H](O)[C@H](O[C@@H]2O[C@H](CO)[C@@H](O[C@@H]3O[C@H](C(=O)[O-])[C@@H](O[C@@H]4O[C@H](C(=O)[O-])[C@@H](O)[C@H](O)[C@H]4O)[C@H](O)[C@H]3OC(C)=O)[C@H](O)[C@H]2O)[C@@H](CO[C@@H]2O[C@H](CO)[C@@H](O[C@@H]3O[C@H](CO)[C@@H](O[C@@H]4O[C@H](CO)[C@@H](O)[C@H](O[C@@H]5O[C@@H]6CO[C@@](C)(C(=O)[O-])O[C@@H]6[C@H](OC(=O)CC(C)O)[C@H]5O)[C@H]4O)[C@H](O)[C@H]3O)[C@H](O)[C@H]2O)O[C@@H]1O
5312,5780,OC[C@@H](O)[C@@H](O)[C@H](O)[C@@H](O)CO
5312,73271,O=C(O)Cc1cc(O)nc(O)n1
5312,442431,C[C@@H]1O[C@@H](OC[C@H]2O[C@@H](Oc3cc(O)c4c(c3)O[C@H](c3ccc(O)cc3)CC4=O)[C@H](O)[C@@H](O)[C@@H]2O)[C@H](O)[C@H](O)[C@H]1O
44073,44237187,NC(Cc1cc(I)c(Oc2cc(I)c(OS(=O)(=O)O)c(I)c2)c(I)c1)C(=O)[O-]
44073,5354212,COC(=O)/C=C1/CC[C@H]2[C@@H]3CCC4=CC(=O)CC[C@]4(C)[C@H]3C(=O)C[C@]12C
44073,60815,CCC(=O)N(c1ccccc1)C1(C(=O)OC)CCN(CCC(=O)OC)CC1
90658186,86289694,C[C@H](CCCCCCCCC/C=C/C(=O)O)O[C@@H]1O[C@@H](C)[C@H](O)C[C@H]1O
90658186,5354212,COC(=O)/C=C1/CC[C@H]2[C@@H]3CCC4=CC(=O)CC[C@]4(C)[C@H]3C(=O)C[C@]12C
90658186,25034673,COc1cc(O)c2c(=O)c3c(O)cc(C)cc3oc2c1
91754,5354212,COC(=O)/C=C1/CC[C@H]2[C@@H]3CCC4=CC(=O)CC[C@]4(C)[C@H]3C(=O)C[C@]12C
91754,11564465,[Li]
92136120,91828250,CC(O)=N[C@@H]1[C@@H](O)[C@H](O[C@@H]2O[C@H](CO)[C@@H](O[C@@H]3O[C@H](CO[C@H]4O[C@H](CO)[C@@H](O)[C@H](O)[C@@H]4O[C@@H]4O[C@H](CO)[C@@H](O[C@@H]5O[C@H](CO)[C@H](O)[C@H](O[C@]6(C(=O)O)C[C@H](O)[C@@H](N=C(C)O)[C@H]([C@H](O)[C@H](O)CO)O6)[C@H]5O)[C@H](O)[C@H]4N=C(C)O)[C@@H](O[C@@H]4O[C@H](CO)[C@@H](O)[C@H](O)[C@H]4N=C(C)O)[C@H](O[C@H]4O[C@H](CO)[C@@H](O)[C@H](O)[C@@H]4O[C@@H]4O[C@H](CO)[C@@H](O[C@@H]5O[C@H](CO)[C@H](O)[C@H](O[C@]6(C(=O)O)C[C@H](O)[C@@H](N=C(C)O)[C@H]([C@H](O)[C@H](O)CO)O6)[C@H]5O)[C@H](O)[C@H]4N=C(C)O)[C@@H]3O)[C@H](O)[C@H]2N=C(C)O)[C@@H](CO)O[C@H]1O
92136120,31101,CC(C)C[C@H]1C(=O)N2CCC[C@H]2[C@]2(O)O[C@](N=C(O)[C@@H]3C=C4c5cccc6[nH]c(Br)c(c56)C[C@H]4N(C)C3)(C(C)C)C(=O)N12
24892782,14212362,Nc1nc(O)nc2c1ncn2[C@@H]1O[C@H](COP(=O)(O)O)[C@@H](O)[C@H]1O
24892782,14345637,CCCCC/C=C\C/C=C\C/C=C\C/C=C\CCCC(=O)OC(CO)COC(=O)CCCCCCCCCCCCCCCCC
24892782,52929485,CCCCCCCC/C=C\CCCCCCCC(=O)O[C@H](COC(=O)CCCCCCCCCCCCCCCC)COP(=O)(O)O
44298592,5780,OC[C@@H](O)[C@@H](O)[C@H](O)[C@@H](O)CO
44298592,10825777,NC(Cc1cc(O)c2c(c1)SCC(O)=N2)C(=O)O
44298592,13090847,CNC.O=C(O)c1c(Cl)ccc2cc(Cl)cnc12
45480632,52929771,CCCCCCCCCCCCCCCC/C=C\OC[C@@H](O)COP(=O)(O)O
45480632,6441048,C/C=C/c1cc(OC)c2c(c1)[C@@H](C)[C@H](c1ccc(OC)c(OC)c1)O2
3776,5780,OC[C@@H](O)[C@@H](O)[C@H](O)[C@@H](O)CO
3776,1119,O=S=O
3776,5317750,COc1cc2c(=O)c(-c3ccc(O)cc3)coc2cc1O
20841634,5780,OC[C@@H](O)[C@@H](O)[C@H](O)[C@@H](O)CO
20841634,23674745,CC(C(=O)[O-])c1ccc(CC2CCCC2=O)cc1.O.O.[Na+]
20841634,92729,Cc1c(O)cc2c(c1C)O[C@](C)(CCC[C@H](C)CCC[C@H](C)CCCC(C)C)CC2
72193722,14212362,Nc1nc(O)nc2c1ncn2[C@@H]1O[C@H](COP(=O)(O)O)[C@@H](O)[C@H]1O
72193722,6433272,C[C@@H]1[C@H](O)[C@@H](C)/C=C/C=C/CC/C=C/C=C/C=C/C=C/C(O[C@H]2O[C@H](C)[C@@H](O)[C@H](N)[C@@H]2O)CC2O[C@](O)(CC(O)C(O)CCC(O)CC(O)CC(O)CC(=O)O[C@H]1C)CC(O)C2C(=O)O
72193722,56955928,C=C1[C@]23C(=O)O[C@@H](C)[C@@]24O[C@]2(C(=C)[C@@]5(C=CC(=O)OC5(C)C)CC[C@@]32C)[C@@H](O)[C@]1(C)OC4=O
6432426,86289694,C[C@H](CCCCCCCCC/C=C/C(=O)O)O[C@@H]1O[C@@H](C)[C@H](O)C[C@H]1O
6432426,5354212,COC(=O)/C=C1/CC[C@H]2[C@@H]3CCC4=CC(=O)CC[C@]4(C)[C@H]3C(=O)C[C@]12C
6432426,3672,CC(C)Cc1ccc(C(C)C(=O)O)cc1
6917096,56955923,O=[As]([O-])(O)c1ccccc1
6917096,86289860,O=C(O)C[C@H](O)CCCCCCCO
6917096,57339315,[NH3+][C@H]1[C@@H](O[C@H]2[C@H](O)[C@@H](O)[C@H]([NH3+])C[C@@H]2[NH3+])O[C@H](C=O)[C@@H](O)[C@@H]1O
10177989,91855080,OC[C@H]1OC(O)[C@H](O)[C@@H](O[C@@H]2OC[C@@H](O)[C@H](O)[C@H]2O)[C@@H]1O
10177989,5354212,COC(=O)/C=C1/CC[C@H]2[C@@H]3CCC4=CC(=O)CC[C@]4(C)[C@H]3C(=O)C[C@]12C
10177989,70698381,C/C=C(\N=C(O)[C@H](CCCCN)N=C(O)[C@H](C)N=C(O)[C@@H]1CS[C@@H](C)[C@@H](N=C(O)[C@@H]2CSC[C@@H](N=C(O)[C@H](C)N=C(O)[C@@H](N)[C@@H](C)CC)C(O)=N[C@@H](CCCCN)C(O)=N[C@@H](Cc3ccccc3)C(O)=N[C@@H]([C@@H](C)CC)C(O)=N2)C(=O)N2CCC[C@H]2C(O)=NCC(O)=N1)C(O)=NCC(O)=N[C@@H]1CSC[C@@H]2N=C(O)[C@H](Cc3ccc(O)cc3)N=C(O)[C@@H](CS/C=C\N=C2O)N=C(O)[C@H](CC(=N)O)N=C(O)[C@H](Cc2ccccc2)N=C1O
53861142,5780,OC[C@@H](O)[C@@H](O)[C@H](O)[C@@H](O)CO
53861142,10825777,NC(Cc1cc(O)c2c(c1)SCC(O)=N2)C(=O)O
53861142,119058194,CCCCC[C@@H]1O[C@@H]1C[C@@H](/C=C/C=C\C/C=C\CCCC(=O)O)OO
21579664,129659,O=c1ccc2ccc(OS(=O)(=O)O)cc2o1
21579664,23674745,CC(C(=O)[O-])c1ccc(CC2CCCC2=O)cc1.O.O.[Na+]
21579664,118797927,CC(C)=CCC/C(C)=C/CC/C(C)=C/Cc1c([O-])c(C)[n+]([O-])c2ccccc12
25273143,56955923,O=[As]([O-])(O)c1ccccc1
25273143,56955923,O=[As]([O-])(O)c1ccccc1
25273143,73416432,CCCCN1CCCC[C@@H]1C(O)=Nc1c(C)cccc1C.Cl.O
16212222,56955923,O=[As]([O-])(O)c1ccccc1
16212222,86289860,O=C(O)C[C@H](O)CCCCCCCO
16212222,6862,O=C(O)Cc1cccc2ccccc12
9548841,69212,CC1=CC(=O)C(=O)C=C1O
9548841,25886395,CCCCC[C@H](O)/C=C/[C@H]1OC(=O)C[C@H](O)[C@@H]1C/C=C\CCCC(=O)[O-]
53465644,49859627,COc1cccc2[nH]cc(C/C(=N/OS(=O)(=O)[O-])S[C@@H]3O[C@H](CO)[C@@H](O)[C@H](O)[C@H]3O)c12
53465644,68934,N=c1ccn([C@@H]2O[C@H](CO)[C@H]3OP(=O)(O)O[C@H]32)c(O)n1
72287,3290,CCN(CC)C(C)CN1c2ccccc2Sc2ccccc21
72287,5354212,COC(=O)/C=C1/CC[C@H]2[C@@H]3CCC4=CC(=O)CC[C@]4(C)[C@H]3C(=O)C[C@]12C
72287,86289422,O=c1cc2oc(-c3ccc([O-])c(O)c3)c(O[C@@H]3O[C@H](CO)[C@H](O)[C@H](O)[C@H]3O)cc-2c(O)c1
49867691,30951,C=CCOc1ccc(CC(=O)O)cc1Cl
49867691,3034034,C=C[C@H]1CN2CC[C@H]1C[C@H]2[C@H](O)c1ccnc2ccc(OC)cc12
135398584,70678725,COC1=C(Br)[C@H](O)[C@@]2(C=C1Br)CC(C(=O)NCCCCNC(=O)C1=NO[C@@]3(C=C(Br)C(=O)[C@H](Br)[C@H]3O)C1)=NO2
135398584,44389277,O=C1CCC(Cc2cc(O)c(O)c(O)c2)O1
16211385,49859627,COc1cccc2[nH]cc(C/C(=N/OS(=O)(=O)[O-])S[C@@H]3O[C@H](CO)[C@@H](O)[C@H](O)[C@H]3O)c12
16211385,129626641,CC/C=C\C/C=C\C[C@H](O)[C@@H](/C=C/C=C/C=C\C/C=C\CCC(=O)[O-])SC[C@H](N)C(O)=NCC(=O)O
71306331,132282124,C[C@@H]1O[C@@H](OCCCCCC(=O)SCCN=C(O)CCN=C(O)[C@H](O)C(C)(C)COP(=O)(O)OP(=O)(O)OC[C@H]2O[C@@H](n3cnc4c(N)ncnc43)[C@H](O)[C@@H]2OP(=O)(O)O)[C@H](O)C[C@H]1O
71306331,9832481,N=c1ccc2c(-c3ccc(C(=O)O)cc3C(=O)O)c3ccc(N)c(S(=O)(=O)O)c3oc-2c1S(=O)(=O)O
22174003,5780,OC[C@@H](O)[C@@H](O)[C@H](O)[C@@H](O)CO
22174003,52929771,CCCCCCCCCCCCCCCC/C=C\OC[C@@H](O)COP(=O)(O)O
22174003,13344,O=C([O-])CC(O)(CC(=O)[O-])C(=O)[O-].[K+].[K+].[K+]
196831,42604344,COc1cc(O)ccc1[C@@H]1COc2cc(O)ccc2[C@H]1O
196831,49859627,COc1cccc2[nH]cc(C/C(=N/OS(=O)(=O)[O-])S[C@@H]3O[C@H](CO)[C@@H](O)[C@H](O)[C@H]3O)c12
196831,5283662,C=C(CC[C@@H](C)[C@H]1CC[C@H]2C3=CC[C@H]4C[C@@H](O)CC[C@]4(C)[C@H]3CC[C@]12C)C(C)C
16954,23674745,CC(C(=O)[O-])c1ccc(CC2CCCC2=O)cc1.O.O.[Na+]
16954,288,C[N+](C)(C)CC(O)CC(=O)[O-]
439864,5780,OC[C@@H](O)[C@@H](O)[C@H](O)[C@@H](O)CO
439864,70789051,CCCCCCCCCCCCCCCCCCCCCCCCCC([O-])=N[C@@H](COP(=O)(O)OC1[C@H](O)[C@H](O)C(O)[C@H](O)[C@H]1O)[C@H](O)CCCCCCCCCCCCCCCCC
80698,4124016,CC([O-])=Nc1ccc(N=Nc2c(N)ccc3cc(S(=O)(=O)O)cc([O-])c23)c(S(=O)(=O)O)c1
80698,49859627,COc1cccc2[nH]cc(C/C(=N/OS(=O)(=O)[O-])S[C@@H]3O[C@H](CO)[C@@H](O)[C@H](O)[C@H]3O)c12
80698,213043,COc1cc(Cc2c[nH]c(=N)[nH]c2=N)c2c(c1OC)OC(C1CC1)C=C2
70680288,14212362,Nc1nc(O)nc2c1ncn2[C@@H]1O[C@H](COP(=O)(O)O)[C@@H](O)[C@H]1O
70680288,132282124,C[C@@H]1O[C@@H](OCCCCCC(=O)SCCN=C(O)CCN=C(O)[C@H](O)C(C)(C)COP(=O)(O)OP(=O)(O)OC[C@H]2O[C@@H](n3cnc4c(N)ncnc43)[C@H](O)[C@@H]2OP(=O)(O)O)[C@H](O)C[C@H]1O
70680288,9860333,CC1=CC(=O)c2c(O)c(O)c(O)c3c(O)cc(O)c1c23
5460972,5780,OC[C@@H](O)[C@@H](O)[C@H](O)[C@@H](O)CO
5460972,243,O=C(O)c1ccccc1
5460972,135886618,Cl.Oc1ccccc1/C=C/c1ccc2ccccc2n1
12775252,440649,Cc1ncc(C[n+]2c(C(O)CCC(=O)O)sc(CCOP(=O)(O)OP(=O)(O)O)c2C)c(=N)[nH]1
12775252,446156,COCc1c(C(C)C)nc(C(C)C)c(/C=C/[C@@H](O)C[C@@H](O)CC(=O)O)c1-c1ccc(F)cc1
56600471,23674745,CC(C(=O)[O-])c1ccc(CC2CCCC2=O)cc1.O.O.[Na+]
56600471,10105842,CSc1ncc(C[C@@H](C(=O)[O-])[N+](C)(C)C)[nH]1
6432211,70698273,CC(C)c1cc2c(cc1O)[C@@]1(C)C[C@H](O)CC(C)(C)[C@@H]1CC2
6432211,10825777,NC(Cc1cc(O)c2c(c1)SCC(O)=N2)C(=O)O
6432211,91861068,CC(O)=N[C@H]1[C@H](O[C@H]2[C@H](O)[C@@H](N=C(C)O)C(O)O[C@@H]2CO[C@@H]2O[C@@H](C)[C@@H](O)[C@@H](O)[C@@H]2O)O[C@H](CO)[C@@H](O[C@@H]2O[C@H](CO[C@H]3O[C@H](CO[C@@H]4O[C@H](CO)[C@@H](O)[C@H](O)[C@H]4N=C(C)O)[C@@H](O)[C@H](O)[C@@H]3O[C@@H]3O[C@H](CO)[C@@H](O)[C@H](O)[C@H]3N=C(C)O)[C@@H](O[C@@H]3O[C@H](CO)[C@@H](O)[C@H](O)[C@H]3N=C(C)O)[C@H](O[C@H]3O[C@H](CO)[C@@H](O[C@@H]4O[C@H](CO)[C@@H](O)[C@H](O)[C@H]4N=C(C)O)[C@H](O)[C@@H]3O[C@@H]3O[C@H](CO)[C@@H](O)[C@H](O)[C@H]3N=C(C)O)[C@@H]2O)[C@@H]1O
20279,14212362,Nc1nc(O)nc2c1ncn2[C@@H]1O[C@H](COP(=O)(O)O)[C@@H](O)[C@H]1O
20279,23674745,CC(C(=O)[O-])c1ccc(CC2CCCC2=O)cc1.O.O.[Na+]
20279,70679179,CCCCCCCCCCCCCCCC(O)C(O)=N[C@@H](COP(=O)([O-])OCC[N+](C)(C)C)[C@H](O)/C=C/CCCCCCCCCC(C)C
44567046,12314983,Oc1ccc2c(c1)O[C@H](c1cc(O)c(O)c(O)c1)[C@@H](O)C2
44567046,5354212,COC(=O)/C=C1/CC[C@H]2[C@@H]3CCC4=CC(=O)CC[C@]4(C)[C@H]3C(=O)C[C@]12C
44567046,1730593,COc1ccc(/C=C2/SC(=O)N(CN(C)C)C2=O)cc1
53262277,54730539,O=C1O[C@H](CO)C([O-])=C1O
53262277,5780,OC[C@@H](O)[C@@H](O)[C@H](O)[C@@H](O)CO
53262277,17756117,Cc1cc2cc(=O)cc3oc(C)cc([nH]1)c23
5280889,18614382,O=C1CCC(C(=O)[O-])C1
5280889,5354212,COC(=O)/C=C1/CC[C@H]2[C@@H]3CCC4=CC(=O)CC[C@]4(C)[C@H]3C(=O)C[C@]12C
5280889,91861950,CC(O)=N[C@H]1[C@@H](OC[C@H]2OC(O)[C@H](O)[C@@H](O)[C@H]2O)O[C@H](CO)[C@H](O)[C@@H]1O
3083779,5780,OC[C@@H](O)[C@@H](O)[C@H](O)[C@@H](O)CO
3083779,23674745,CC(C(=O)[O-])c1ccc(CC2CCCC2=O)cc1.O.O.[Na+]
3083779,229455,C[C@]12CC[C@H]3[C@@H](CCC4=CC(=O)CC[C@@H]43)[C@@H]1CC[C@@H]2OC(=O)CCc1ccccc1
50993750,23674745,CC(C(=O)[O-])c1ccc(CC2CCCC2=O)cc1.O.O.[Na+]
50993750,16722131,N#CC(OC(=O)C1(c2ccccc2)CC1(Cl)Cl)c1cccc(Oc2ccccc2)c1
5281797,25243884,O=c1c(-c2ccc([O-])cc2O)coc2cc(O)cc(O)c12
5281797,5354212,COC(=O)/C=C1/CC[C@H]2[C@@H]3CCC4=CC(=O)CC[C@]4(C)[C@H]3C(=O)C[C@]12C
5281797,70698381,C/C=C(\N=C(O)[C@H](CCCCN)N=C(O)[C@H](C)N=C(O)[C@@H]1CS[C@@H](C)[C@@H](N=C(O)[C@@H]2CSC[C@@H](N=C(O)[C@H](C)N=C(O)[C@@H](N)[C@@H](C)CC)C(O)=N[C@@H](CCCCN)C(O)=N[C@@H](Cc3ccccc3)C(O)=N[C@@H]([C@@H](C)CC)C(O)=N2)C(=O)N2CCC[C@H]2C(O)=NCC(O)=N1)C(O)=NCC(O)=N[C@@H]1CSC[C@@H]2N=C(O)[C@H](Cc3ccc(O)cc3)N=C(O)[C@@H](CS/C=C\N=C2O)N=C(O)[C@H](CC(=N)O)N=C(O)[C@H](Cc2ccccc2)N=C1O
23615571,5780,OC[C@@H](O)[C@@H](O)[C@H](O)[C@@H](O)CO
23615571,30951,C=CCOc1ccc(CC(=O)O)cc1Cl
23615571,70680257,COC(=O)C1=CO[C@@H](O[C@@H]2O[C@H](CO)[C@@H](O)[C@H](O)[C@H]2OC)[C@H]2[C@@H]1[C@@H]1O[C@@H]1[C@@]21C=C(C(=O)c2ccc(OC)c(O)c2)C(=O)O1
953,5780,OC[C@@H](O)[C@@H](O)[C@H](O)[C@@H](O)CO
953,5780,OC[C@@H](O)[C@@H](O)[C@H](O)[C@@H](O)CO
953,86290193,N=c1ccn([C@@H]2O[C@H](COP(=O)(O)O)[C@@H](O)[C@H]2O)c(=NCCCC[C@H](N)C(=O)O)[n-]1
8292,56955923,O=[As]([O-])(O)c1ccccc1
8292,23674745,CC(C(=O)[O-])c1ccc(CC2CCCC2=O)cc1.O.O.[Na+]
8292,129320431,C/C1=C\[C@@H](O)[C@@H](C(C)C)CC/C(C)=C/CC1
10045178,5354212,COC(=O)/C=C1/CC[C@H]2[C@@H]3CCC4=CC(=O)CC[C@]4(C)[C@H]3C(=O)C[C@]12C
10045178,460602,CCCCCCCCCCCCCCCC(=O)OC[C@@H](O)COP(=O)([O-])OCC[N+](C)(C)C
53355896,52929771,CCCCCCCCCCCCCCCC/C=C\OC[C@@H](O)COP(=O)(O)O
53355896,716315,N[C@@H](Cc1cccc(F)c1)C(=O)O
70680264,71298190,CC(O)=N[C@H]1C(O)O[C@H](CO)[C@H](O)[C@@H]1O[C@@H]1O[C@H](CO)[C@H](O[C@H]2O[C@H](CO)[C@H](O)[C@H](O)[C@H]2O)[C@H](O)[C@H]1O[C@@H]1O[C@@H](C)[C@@H](O)[C@@H](O)[C@@H]1O
70680264,6654,CC1=CCC2CC1C2(C)C
135903081,132282124,C[C@@H]1O[C@@H](OCCCCCC(=O)SCCN=C(O)CCN=C(O)[C@H](O)C(C)(C)COP(=O)(O)OP(=O)(O)OC[C@H]2O[C@@H](n3cnc4c(N)ncnc43)[C@H](O)[C@@H]2OP(=O)(O)O)[C@H](O)C[C@H]1O
135903081,3378093,Cc1nc(-c2ccc(-c3ccc(C(=O)N4CCc5cc6c(cc54)C4(CCN(C)CC4)CO6)cc3)c(C)c2)no1
9543859,5780,OC[C@@H](O)[C@@H](O)[C@H](O)[C@@H](O)CO
9543859,53239731,CC(O)=N[C@@H]1[C@@H](O[C@@H]2O[C@@H](C)[C@@H](O)[C@@H](O)[C@@H]2O)[C@H](O[C@@H]2O[C@H](CO)[C@@H](O)[C@H](O)[C@H]2N=C(C)O)[C@@H](CO[C@@H]2O[C@@H](C)[C@@H](O)[C@@H](O)[C@@H]2O)O[C@H]1O
9543859,193326,CCCN(C)c1nc(N)c(C(O)=NC(=N)N)nc1Cl
18134,5780,OC[C@@H](O)[C@@H](O)[C@H](O)[C@@H](O)CO
18134,440649,Cc1ncc(C[n+]2c(C(O)CCC(=O)O)sc(CCOP(=O)(O)OP(=O)(O)O)c2C)c(=N)[nH]1
18134,5282075,COc1ccc(-c2coc3cc(O)cc(O)c3c2=O)c(O)c1
14841119,25243884,O=c1c(-c2ccc([O-])cc2O)coc2cc(O)cc(O)c12
14841119,23674745,CC(C(=O)[O-])c1ccc(CC2CCCC2=O)cc1.O.O.[Na+]
14841119,5283159,CCCCC/C=C\C/C=C\C/C=C\C=C\C(=O)CCCC(=O)O
1549061,23674745,CC(C(=O)[O-])c1ccc(CC2CCCC2=O)cc1.O.O.[Na+]
1549061,24802447,CCCCCCCC/C=C\CCCCCCCC(=O)OCC(O)COC(=O)CCCCCCCCCCCCCCC
11010621,16122585,CCCCCCCCCC(=O)CC(O)=N[C@H]1CCN=C1O
11010621,10825777,NC(Cc1cc(O)c2c(c1)SCC(O)=N2)C(=O)O
11010621,53344596,COc1cc2c(cc1O)[C@H](c1cc(O)c(O)c(OC)c1)[C@@H](C)[C@@H](C)C2
53239763,52929771,CCCCCCCCCCCCCCCC/C=C\OC[C@@H](O)COP(=O)(O)O
53239763,5281603,COc1c(O)cc2oc(-c3ccc(O)c(O)c3)c(OC)c(=O)c2c1O
5355054,69212,CC1=CC(=O)C(=O)C=C1O
5355054,441460,CCCCCCCC[C@@H](O)[C@@H](O)CCCCCCCC(=O)O
5517,52929771,CCCCCCCCCCCCCCCC/C=C\OC[C@@H](O)COP(=O)(O)O
5517,8691,Cl.N=c1ccc(N=Nc2ccccc2)c(N)[nH]1
51351803,53239731,CC(O)=N[C@@H]1[C@@H](O[C@@H]2O[C@@H](C)[C@@H](O)[C@@H](O)[C@@H]2O)[C@H](O[C@@H]2O[C@H](CO)[C@@H](O)[C@H](O)[C@H]2N=C(C)O)[C@@H](CO[C@@H]2O[C@@H](C)[C@@H](O)[C@@H](O)[C@@H]2O)O[C@H]1O
51351803,23668197,[Na+].[O-][Cl+][O-]
92136200,86289485,Cc1cccc2c(C(=O)O)cc([O-])cc12
92136200,10825777,NC(Cc1cc(O)c2c(c1)SCC(O)=N2)C(=O)O
92136200,3246373,CN(C)c1ccc2[nH+]c3c(C(=O)O)cc(=O)c(O)c-3oc2c1
70678722,53380618,O=P(O)(O)OC1[C@@H](OP(=O)(O)O)[C@H](OP(=O)(O)OP(=O)(O)O)C(O)[C@H](OP(=O)(O)OP(=O)(O)O)[C@H]1OP(=O)(O)O
70678722,132282124,C[C@@H]1O[C@@H](OCCCCCC(=O)SCCN=C(O)CCN=C(O)[C@H](O)C(C)(C)COP(=O)(O)OP(=O)(O)OC[C@H]2O[C@@H](n3cnc4c(N)ncnc43)[C@H](O)[C@@H]2OP(=O)(O)O)[C@H](O)C[C@H]1O
70678722,71581037,CCCCC/C=C\C/C=C\CCCCCCCC(=O)CC(=O)SCCN=C(O)CCN=C(O)[C@H](O)C(C)(C)COP(=O)(O)OP(=O)(O)OC[C@H]1O[C@@H](n2cnc3c(N)ncnc32)[C@H](O)[C@@H]1OP(=O)(O)O
3023585,5780,OC[C@@H](O)[C@@H](O)[C@H](O)[C@@H](O)CO
3023585,5354212,COC(=O)/C=C1/CC[C@H]2[C@@H]3CCC4=CC(=O)CC[C@]4(C)[C@H]3C(=O)C[C@]12C
3023585,17209,C[C@]12CC[C@H]3[C@@H](C=CC4=CC(=O)CC[C@@]43C)[C@@H]1CC[C@@H]2O
169485,5780,OC[C@@H](O)[C@@H](O)[C@H](O)[C@@H](O)CO
169485,73271,O=C(O)Cc1cc(O)nc(O)n1
169485,15842091,CCOCN(C(=O)C(=O)O)c1c(C)cccc1CC
71306370,46931152,CCCCCCCC/C=C\CCCCCCCC(=O)OC[C@H](COP(=O)(O)OCC(O)COP(=O)(O)OC[C@@H](COC(=O)CCCCCCC/C=C\CCCCCCCC)OC(=O)CCCCCCC/C=C\CCCCCCCC)OC(=O)CCCCCCC/C=C\CCCCCCCC
71306370,17592,CN=C(O)Oc1cc(C)c(C)c(C)c1
161336,440649,Cc1ncc(C[n+]2c(C(O)CCC(=O)O)sc(CCOP(=O)(O)OP(=O)(O)O)c2C)c(=N)[nH]1
161336,24779053,CC/C=C\C/C=C\C/C=C\C/C=C\C/C=C\C/C=C\CCC(=O)O[C@H](COC(=O)CCCCCCCCCCCCCCCCCCC)COP(=O)([O-])OCC[N+](C)(C)C
13999769,5780,OC[C@@H](O)[C@@H](O)[C@H](O)[C@@H](O)CO
13999769,69212,CC1=CC(=O)C(=O)C=C1O
13999769,131801249,C=CC1=CC[C@@H]2[C@H](CC[C@@H]3C(C)(C)C[C@H](O)C[C@@]23C)[C@@H]1C
20839677,49859627,COc1cccc2[nH]cc(C/C(=N/OS(=O)(=O)[O-])S[C@@H]3O[C@H](CO)[C@@H](O)[C@H](O)[C@H]3O)c12
20839677,21636178,CC(=O)O[C@@H]1C[C@@H](C)[C@](O)(CCC2=CC(=O)OC2)[C@@]2(C)CCCC(C)(C)[C@H]12
91825660,5780,OC[C@@H](O)[C@@H](O)[C@H](O)[C@@H](O)CO
91825660,134160296,CSC[C@H]1O[C@H](O[C@H]2[C@H](O)[C@H](O)[C@@H](OC[C@H]3O[C@@H](O[C@@H]4[C@@H](OC[C@H]5O[C@H](OC[C@H]6OC(O)[C@@H](O)[C@@H]6O)[C@@H](O)[C@@H]5O[C@H]5O[C@H](CO)[C@@H](O)[C@@H]5O[C@@H]5O[C@H](CO)[C@@H](O)[C@@H]5O)O[C@H](CO)[C@H]4O)[C@@H](O)[C@@H]3O)O[C@@H]2CO)[C@H](O)[C@H]1O
91825660,5283850,C[C@H](CCC(=O)O)[C@H]1CC[C@H]2[C@@H]3CC[C@@H]4C[C@H](O)C[C@@H](O)[C@]4(C)[C@H]3C[C@H](O)[C@]12C
71296136,70678725,COC1=C(Br)[C@H](O)[C@@]2(C=C1Br)CC(C(=O)NCCCCNC(=O)C1=NO[C@@]3(C=C(Br)C(=O)[C@H](Br)[C@H]3O)C1)=NO2
71296136,70804,O=C(O)c1ccc2c(c1)CCCC2
49792007,5780,OC[C@@H](O)[C@@H](O)[C@H](O)[C@@H](O)CO
49792007,10825777,NC(Cc1cc(O)c2c(c1)SCC(O)=N2)C(=O)O
49792007,9860333,CC1=CC(=O)c2c(O)c(O)c(O)c3c(O)cc(O)c1c23
25322932,56955923,O=[As]([O-])(O)c1ccccc1
25322932,49859627,COc1cccc2[nH]cc(C/C(=N/OS(=O)(=O)[O-])S[C@@H]3O[C@H](CO)[C@@H](O)[C@H](O)[C@H]3O)c12
25322932,21117695,C[C@]12CCC(=O)C=C1CC[C@@H]1[C@@H]2[C@@H](O)C[C@@]2(C)[C@H]1CC[C@]2(O)C(=O)COS(=O)(=O)[O-]
70678947,53239731,CC(O)=N[C@@H]1[C@@H](O[C@@H]2O[C@@H](C)[C@@H](O)[C@@H](O)[C@@H]2O)[C@H](O[C@@H]2O[C@H](CO)[C@@H](O)[C@H](O)[C@H]2N=C(C)O)[C@@H](CO[C@@H]2O[C@@H](C)[C@@H](O)[C@@H](O)[C@@H]2O)O[C@H]1O
70678947,441730,CCN1C[C@]2(COC(=O)c3ccccc3N3C(=O)CC(C)C3=O)CC[C@H](OC)[C@@]34C1[C@]1(OCO[C@@]15C[C@H](OC)[C@H]1C[C@@H]3[C@@H]5[C@H]1OC)[C@@H](OC)[C@H]24
3542,23674745,CC(C(=O)[O-])c1ccc(CC2CCCC2=O)cc1.O.O.[Na+]
3542,5460870,N=C(O)CC[C@H]([NH3+])C(=O)O
53356686,132282124,C[C@@H]1O[C@@H](OCCCCCC(=O)SCCN=C(O)CCN=C(O)[C@H](O)C(C)(C)COP(=O)(O)OP(=O)(O)OC[C@H]2O[C@@H](n3cnc4c(N)ncnc43)[C@H](O)[C@@H]2OP(=O)(O)O)[C@H](O)C[C@H]1O
53356686,168718,CC(C)(COP(=O)(O)OP(=O)(O)OC[C@H]1O[C@@H](n2cnc3c(N)ncnc32)[C@H](O)[C@@H]1OP(=O)(O)O)[C@@H](O)C(O)=NCCC(O)=NCCSC(=O)c1ccc(O)cc1
5460957,56955923,O=[As]([O-])(O)c1ccccc1
5460957,5780,OC[C@@H](O)[C@@H](O)[C@H](O)[C@@H](O)CO
5460957,129011042,CO[C@@H]1O[C@H](CO)[C@H](O)[C@H](O[C@@H]2O[C@H](C(=O)O)[C@@H](O)[C@H](OS(=O)(=O)O)[C@H]2O)[C@H]1O
25201943,5780,OC[C@@H](O)[C@@H](O)[C@H](O)[C@@H](O)CO
25201943,10825777,NC(Cc1cc(O)c2c(c1)SCC(O)=N2)C(=O)O
25201943,23723101,CN(C)CCO[C@@H](c1ccc(Cl)cc1)c1ccccn1.O=C(O)/C=C\C(=O)O
131801235,5780,OC[C@@H](O)[C@@H](O)[C@H](O)[C@@H](O)CO
131801235,49859627,COc1cccc2[nH]cc(C/C(=N/OS(=O)(=O)[O-])S[C@@H]3O[C@H](CO)[C@@H](O)[C@H](O)[C@H]3O)c12
131801235,6436173,CO[C@H]1/C=C/O[C@@]2(C)Oc3c(C)c(O)c4c(O)c(c5c(nc6cc(C)ccn65)c4c3C2=O)N=C(O)/C(C)=C\C=C\[C@H](C)[C@H](O)[C@@H](C)[C@@H](O)[C@@H](C)[C@H](OC(C)=O)[C@@H]1C
5460908,5780,OC[C@@H](O)[C@@H](O)[C@H](O)[C@@H](O)CO
5460908,69212,CC1=CC(=O)C(=O)C=C1O
5460908,54728953,COc1c(O)c(C)c(C/C=C(\C)CCCCCCc2ccccc2)oc1=O
11,5780,OC[C@@H](O)[C@@H](O)[C@H](O)[C@@H](O)CO
11,13376,CCCCN=CO
11,129011085,C[C@]12CCC(=O)C[C@@H]1CC[C@@H]1[C@@H]2CC[C@]2(C)[C@@H](O[C@@H]3O[C@H](C(=O)O)[C@@H](O)[C@H](O)[C@H]3O[C@@H]3O[C@H](C(=O)O)[C@@H](O)[C@H](O)[C@H]3O)CC[C@@H]12
439517,56955923,O=[As]([O-])(O)c1ccccc1
439517,10825777,NC(Cc1cc(O)c2c(c1)SCC(O)=N2)C(=O)O
439517,44389277,O=C1CCC(Cc2cc(O)c(O)c(O)c2)O1
25246122,119035,COC1=C(O)C(=O)C(C)=CC1=O
25246122,5354212,COC(=O)/C=C1/CC[C@H]2[C@@H]3CCC4=CC(=O)CC[C@]4(C)[C@H]3C(=O)C[C@]12C
25246122,23104037,N=C(N)NCCCC(=O)[O-]
12587,5780,OC[C@@H](O)[C@@H](O)[C@H](O)[C@@H](O)CO
12587,243,O=C(O)c1ccccc1
12587,10473054,CC[C@@H]1CC(=O)c2c(cc(O)c3c2C(=O)c2cccc(OC)c2C3=O)C1
6419954,56955923,O=[As]([O-])(O)c1ccccc1
6419954,10825777,NC(Cc1cc(O)c2c(c1)SCC(O)=N2)C(=O)O
6419954,53262360,O=C(O)[C@@H](COP(=O)(O)O)O[C@H]1O[C@H](CO)[C@@H](O)[C@H](O)[C@H]1O
11035822,5354212,COC(=O)/C=C1/CC[C@H]2[C@@H]3CCC4=CC(=O)CC[C@]4(C)[C@H]3C(=O)C[C@]12C
11035822,91852300,CC(O)=N[C@H]1[C@H](O[C@H]2[C@H](O)[C@@H](O)[C@H](O[C@@H]3[C@@H](N=C(C)O)[C@H](O[C@H]4[C@H](O)[C@@H](O)[C@H](O)O[C@@H]4C(=O)O)O[C@H](CO)[C@@H]3OS(=O)(=O)O)O[C@@H]2C(=O)O)O[C@H](CO)[C@H](OS(=O)(=O)O)[C@@H]1O
70679076,86289694,C[C@H](CCCCCCCCC/C=C/C(=O)O)O[C@@H]1O[C@@H](C)[C@H](O)C[C@H]1O
70679076,53239731,CC(O)=N[C@@H]1[C@@H](O[C@@H]2O[C@@H](C)[C@@H](O)[C@@H](O)[C@@H]2O)[C@H](O[C@@H]2O[C@H](CO)[C@@H](O)[C@H](O)[C@H]2N=C(C)O)[C@@H](CO[C@@H]2O[C@@H](C)[C@@H](O)[C@@H](O)[C@@H]2O)O[C@H]1O
70679076,52921817,CC/C=C\C/C=C\C/C=C\C/C=C\C/C=C\C/C=C\CCCCCCCCCCCCCCC(=O)O
129626771,5780,OC[C@@H](O)[C@@H](O)[C@H](O)[C@@H](O)CO
129626771,52929771,CCCCCCCCCCCCCCCC/C=C\OC[C@@H](O)COP(=O)(O)O
129626771,90470232,O.O.[Cl-].[Cl-].[Mn+2]
10185281,10205431,CCC(C)C(=O)c1c(O)c(Cc2c(O)c(C)c(O)c(C(C)=O)c2O)c(O)c2c1OC(C)(C)C=C2
10185281,49859627,COc1cccc2[nH]cc(C/C(=N/OS(=O)(=O)[O-])S[C@@H]3O[C@H](CO)[C@@H](O)[C@H](O)[C@H]3O)c12
10185281,10403490,CC(C)c1cc2c(c(O)c1O)[C@@]1(C)CCCC(C)(C)[C@@H]1CC2=O
145864719,46931152,CCCCCCCC/C=C\CCCCCCCC(=O)OC[C@H](COP(=O)(O)OCC(O)COP(=O)(O)OC[C@@H](COC(=O)CCCCCCC/C=C\CCCCCCCC)OC(=O)CCCCCCC/C=C\CCCCCCCC)OC(=O)CCCCCCC/C=C\CCCCCCCC
145864719,61975,O=C(O)CNCCNCC(=O)O
9554,5780,OC[C@@H](O)[C@@H](O)[C@H](O)[C@@H](O)CO
9554,52929771,CCCCCCCCCCCCCCCC/C=C\OC[C@@H](O)COP(=O)(O)O
9554,91972198,CCCCCCCCCCCCCC(=O)O[C@H](CCCCCCCCCCC)CC(=O)O[C@@H]1[C@@H](N=C(O)C[C@@H](CCCCCCCCCCC)OC(=O)CCCCCCCCCCC)[C@H](OC[C@H]2O[C@H](OP(=O)(O)OP(=O)(O)O)[C@H](N=C(O)C[C@H](O)CCCCCCCCCCC)[C@@H](OC(=O)C[C@H](O)CCCCCCCCCCC)[C@@H]2O)O[C@H](CO[C@]2(C(=O)O)C[C@@H](O[C@]3(C(=O)O)C[C@@H](O)[C@@H](O)[C@@H]([C@H](O)CO)O3)[C@@H](O[C@H]3O[C@H]([C@@H](O)CO)[C@@H](OP(=O)(O)O)[C@H](O[C@H]4O[C@H]([C@@H](O)CO[C@H]5O[C@H]([C@@H](O)CO)[C@@H](O)[C@H](O)[C@@H]5O)[C@@H](OP(=O)(O)O)[C@H](O[C@H]5O[C@H](CO[C@H]6O[C@H](CO)[C@H](O)[C@H](O)[C@H]6O)[C@@H](O)[C@H](O[C@H]6O[C@H](CO)[C@@H](O)[C@H](O)[C@H]6O[C@H]6O[C@H](CO[C@H]7O[C@H]([C@@H](O)CO)[C@@H](O)[C@H](O)[C@@H]7O)[C@@H](O)[C@H](O)[C@H]6O)[C@H]5O)[C@@H]4O)[C@@H]3O)[C@@H]([C@H](O)CO)O2)[C@H]1OP(=O)(O)O
5282457,5780,OC[C@@H](O)[C@@H](O)[C@H](O)[C@@H](O)CO
5282457,23674745,CC(C(=O)[O-])c1ccc(CC2CCCC2=O)cc1.O.O.[Na+]
5282457,5280933,CCCCC/C=C\C/C=C\C/C=C\CCCCC(=O)O
1179,321,Cc1c2[nH]c(c1CCC(=O)O)Cc1[nH]c(c(CCC(=O)O)c1C)Cc1[nH]c(c(CCC(=O)O)c1C)Cc1[nH]c(c(C)c1CCC(=O)O)C2
1179,70678725,COC1=C(Br)[C@H](O)[C@@]2(C=C1Br)CC(C(=O)NCCCCNC(=O)C1=NO[C@@]3(C=C(Br)C(=O)[C@H](Br)[C@H]3O)C1)=NO2
1179,5281674,O=c1cc(-c2ccccc2)oc2c(O)c(O)cc(O)c12
54706898,5354212,COC(=O)/C=C1/CC[C@H]2[C@@H]3CCC4=CC(=O)CC[C@]4(C)[C@H]3C(=O)C[C@]12C
54706898,643965,CCCCCCCCCCCCCCCC(=O)OC[C@H](COP(=O)(O)OC1[C@H](O)[C@H](O)C(OP(=O)(O)O)[C@H](O)[C@H]1O)OC(=O)CCCCCCCCCCCCCCC
29982675,439774,O=C(O)C1=CC(=O)[C@@H](O)[C@H](O)C1
29982675,23674745,CC(C(=O)[O-])c1ccc(CC2CCCC2=O)cc1.O.O.[Na+]
29982675,56927916,CC(CCC(O)C(C)C)CC(=O)[O-]
86583377,5780,OC[C@@H](O)[C@@H](O)[C@H](O)[C@@H](O)CO
86583377,49859627,COc1cccc2[nH]cc(C/C(=N/OS(=O)(=O)[O-])S[C@@H]3O[C@H](CO)[C@@H](O)[C@H](O)[C@H]3O)c12
86583377,5328,Cc1nnc(NS(=O)(=O)c2ccc(N)cc2)s1
25202413,5280695,COc1c(O)cc(O)c2c(=O)c(O)c(-c3ccc(O)c(O)c3)oc12
25202413,23674745,CC(C(=O)[O-])c1ccc(CC2CCCC2=O)cc1.O.O.[Na+]
25202413,440649,Cc1ncc(C[n+]2c(C(O)CCC(=O)O)sc(CCOP(=O)(O)OP(=O)(O)O)c2C)c(=N)[nH]1
56927884,13624,N=c1[nH]c2ccccc2[nH]1
56927884,10825777,NC(Cc1cc(O)c2c(c1)SCC(O)=N2)C(=O)O
56927884,44263840,C=C(OC)C(O)=Nc1cc(OC)c(OC)cc1C(=O)O[C@H]1C[C@H](O[C@@H]2C(=O)C(N=C(O)OC)=C3/C(=C\CSSSC)[C@]2(O)C#C/C=C\C#C[C@H]3O[C@@H]2O[C@H](C)[C@@H](NO[C@H]3C[C@H](O)[C@H](SC)[C@@H](C)O3)[C@H](O)[C@H]2O[C@H]2C[C@H](OC)[C@@H](NC(C)C)CO2)O[C@@H](C)[C@H]1O
91861401,91972219,CC(O)=N[C@H]1[C@H](O[C@H]2[C@H](O)[C@@H](N=C(C)O)C(O)O[C@@H]2CO)O[C@H](COS(=O)(=O)O)[C@H](O)[C@@H]1O
91861401,5354212,COC(=O)/C=C1/CC[C@H]2[C@@H]3CCC4=CC(=O)CC[C@]4(C)[C@H]3C(=O)C[C@]12C
91861401,440098,O=c1nc(O)ccn1[C@@H]1O[C@H](COP(=O)(O)OP(=O)(O)O[C@H]2O[C@@H]([C@H](O)CO)[C@H](O)[C@H]2O)[C@@H](O)[C@H]1O
3016,23674745,CC(C(=O)[O-])c1ccc(CC2CCCC2=O)cc1.O.O.[Na+]
3016,754,O=P(O)(O)OCC(O)CO
138911170,5780,OC[C@@H](O)[C@@H](O)[C@H](O)[C@@H](O)CO
138911170,23674745,CC(C(=O)[O-])c1ccc(CC2CCCC2=O)cc1.O.O.[Na+]
138911170,42604344,COc1cc(O)ccc1[C@@H]1COc2cc(O)ccc2[C@H]1O
91848494,57339202,CC(O)=N[C@@H]1[C@@H](O[C@H]2O[C@H](CO)[C@H](O)[C@H](O)[C@H]2O)[C@@H](O)[C@@H](CO)O[C@H]1O
91848494,52929771,CCCCCCCCCCCCCCCC/C=C\OC[C@@H](O)COP(=O)(O)O
91848494,3083016,CC[C@H](C)[C@H](N)C(O)=N[C@@H](C)C(O)=N[C@@H](CCCNC(=N)N)C(O)=N[C@@H](CCCNC(=N)N)C(O)=N[C@@H](Cc1cnc[nH]1)C(=O)N1CCC[C@H]1C(O)=N[C@@H](Cc1ccc(O)cc1)C(O)=N[C@@H](Cc1ccccc1)C(=O)O
1549103,21283465,Cn1cnc(CC(=O)[O-])c1
1549103,69212,CC1=CC(=O)C(=O)C=C1O
1549103,91847324,OC[C@H]1OC(O[C@H]2[C@H](O)[C@@H](O)[C@@H](O[C@H]3[C@H](O)[C@@H](O)[C@H](O)O[C@@H]3CO)O[C@@H]2CO)[C@H](O)[C@@H](O)[C@@H]1O
49852310,5780,OC[C@@H](O)[C@@H](O)[C@H](O)[C@@H](O)CO
49852310,23674745,CC(C(=O)[O-])c1ccc(CC2CCCC2=O)cc1.O.O.[Na+]
49852310,52925127,CCCCC/C=C\C/C=C\CCCCCCCC(=O)O[C@H](CO/C=C\CCCCCCCCCCCCCC)COP(=O)(O)OCCN
57262456,5780,OC[C@@H](O)[C@@H](O)[C@H](O)[C@@H](O)CO
57262456,10825777,NC(Cc1cc(O)c2c(c1)SCC(O)=N2)C(=O)O
57262456,441187,O=C[C@H](O)[C@@H](O)[C@H](O)COP(=O)(O)O
91851033,46931152,CCCCCCCC/C=C\CCCCCCCC(=O)OC[C@H](COP(=O)(O)OCC(O)COP(=O)(O)OC[C@@H](COC(=O)CCCCCCC/C=C\CCCCCCCC)OC(=O)CCCCCCC/C=C\CCCCCCCC)OC(=O)CCCCCCC/C=C\CCCCCCCC
91851033,7020027,N=C(O)CC[C@H](N)C(O)=Nc1ccc2ccccc2c1
11564465,5780,OC[C@@H](O)[C@@H](O)[C@H](O)[C@@H](O)CO
11564465,213043,COc1cc(Cc2c[nH]c(=N)[nH]c2=N)c2c(c1OC)OC(C1CC1)C=C2
1388675,23674745,CC(C(=O)[O-])c1ccc(CC2CCCC2=O)cc1.O.O.[Na+]
1388675,25201298,O=C1C=C(O)c2c(O)cc(O)c(C3=C(O)c4c([O-])cc([O-])cc4C(=O)C3=O)c2C1=O
6436265,5354212,COC(=O)/C=C1/CC[C@H]2[C@@H]3CCC4=CC(=O)CC[C@]4(C)[C@H]3C(=O)C[C@]12C
6436265,44229184,CC(C)=CCC/C(C)=C/CC/C(C)=C/CC/C(C)=C\CC/C(C)=C\CC/C(C)=C\CC/C(C)=C\CC/C(C)=C\CC/C(C)=C\CC/C(C)=C\CC/C(C)=C\COP(=O)(O)OP(=O)(O)O[C@H]1O[C@H](CO)[C@@H](O[C@@H]2O[C@H](C(=O)[O-])[C@@H](O)[C@H](O)[C@@H]2N=C(C)[O-])[C@H](O)[C@H]1N=C(C)[O-]
52921642,52929771,CCCCCCCCCCCCCCCC/C=C\OC[C@@H](O)COP(=O)(O)O
52921642,53262295,CCCN1CCCC[C@H]1C(O)=Nc1c(C)cccc1C.Cl
80635,23674745,CC(C(=O)[O-])c1ccc(CC2CCCC2=O)cc1.O.O.[Na+]
80635,65105,COC(=O)[C@@H](N)CC(C)C
24778770,5780,OC[C@@H](O)[C@@H](O)[C@H](O)[C@@H](O)CO
24778770,440649,Cc1ncc(C[n+]2c(C(O)CCC(=O)O)sc(CCOP(=O)(O)OP(=O)(O)O)c2C)c(=N)[nH]1
24778770,24779053,CC/C=C\C/C=C\C/C=C\C/C=C\C/C=C\C/C=C\CCC(=O)O[C@H](COC(=O)CCCCCCCCCCCCCCCCCCC)COP(=O)([O-])OCC[N+](C)(C)C
86289063,53239731,CC(O)=N[C@@H]1[C@@H](O[C@@H]2O[C@@H](C)[C@@H](O)[C@@H](O)[C@@H]2O)[C@H](O[C@@H]2O[C@H](CO)[C@@H](O)[C@H](O)[C@H]2N=C(C)O)[C@@H](CO[C@@H]2O[C@@H](C)[C@@H](O)[C@@H](O)[C@@H]2O)O[C@H]1O
86289063,71508666,CC/C=C\C[C@@H](O)/C=C\C=C\C=C\[C@H](O)C/C=C\C/C=C\CCC(=O)O
86289831,5780,OC[C@@H](O)[C@@H](O)[C@H](O)[C@@H](O)CO
86289831,56955923,O=[As]([O-])(O)c1ccccc1
86289831,92136163,CCCCCCCCCCCCC/C=C/[C@@H](O)[C@H](CO[C@@H]1O[C@H](CO)[C@@H](O[C@@H]2O[C@H](CO)[C@H](O[C@@H]3O[C@H](CO)[C@H](O)[C@H](O[C@@H]4O[C@H](CO)[C@H](O)[C@H](O[C@]5(C(=O)O)C[C@H](O)[C@@H](N=C(C)O)[C@H]([C@H](O)[C@H](O)CO)O5)[C@H]4O)[C@H]3N=C(C)O)[C@H](O[C@]3(C(=O)O)C[C@H](O)[C@@H](N=C(C)O)[C@H]([C@H](O)[C@H](O)CO)O3)[C@H]2O)[C@H](O)[C@H]1O)N=C(O)CCCCCCCCCCCCCCCCC
72551471,14212362,Nc1nc(O)nc2c1ncn2[C@@H]1O[C@H](COP(=O)(O)O)[C@@H](O)[C@H]1O
72551471,132282124,C[C@@H]1O[C@@H](OCCCCCC(=O)SCCN=C(O)CCN=C(O)[C@H](O)C(C)(C)COP(=O)(O)OP(=O)(O)OC[C@H]2O[C@@H](n3cnc4c(N)ncnc43)[C@H](O)[C@@H]2OP(=O)(O)O)[C@H](O)C[C@H]1O
72551471,444234,c1c[nH+]c[nH]1
122391302,5780,OC[C@@H](O)[C@@H](O)[C@H](O)[C@@H](O)CO
122391302,5354212,COC(=O)/C=C1/CC[C@H]2[C@@H]3CCC4=CC(=O)CC[C@]4(C)[C@H]3C(=O)C[C@]12C
122391302,3731,CN(C(=O)CO)c1c(I)c(C(O)=NCC(O)CO)c(I)c(C(O)=NCC(O)CO)c1I
71768073,23674745,CC(C(=O)[O-])c1ccc(CC2CCCC2=O)cc1.O.O.[Na+]
71768073,86289120,O=S(=O)(O)C[C@H]1OC(O)(CO)[C@@H](O)[C@@H]1O
152423,5354212,COC(=O)/C=C1/CC[C@H]2[C@@H]3CCC4=CC(=O)CC[C@]4(C)[C@H]3C(=O)C[C@]12C
152423,10931377,CCC[C@@H]1O[C@@H]1C
86289881,440649,Cc1ncc(C[n+]2c(C(O)CCC(=O)O)sc(CCOP(=O)(O)OP(=O)(O)O)c2C)c(=N)[nH]1
86289881,9998041,[Mn+].[O-].[OH-].[O].[O]
16961,9782,C[C@H]1C[C@H]2[C@@H]3CCC4=CC(=O)C=C[C@]4(C)[C@@]3(F)[C@@H](O)C[C@]2(C)[C@@]1(O)C(=O)CO
16961,49859627,COc1cccc2[nH]cc(C/C(=N/OS(=O)(=O)[O-])S[C@@H]3O[C@H](CO)[C@@H](O)[C@H](O)[C@H]3O)c12
16961,71728374,CCCCC/C=C\C/C=C\C/C=C\C/C=C\CCCC(=O)O[C@H](COC(=O)CCCCCCC/C=C\CCCCCCCC)COP(=O)([O-])[O-]
147394,183138,COc1ccc(O)c([C@@H]2CC(=O)c3c(O)c(C)c(O[C@@H]4O[C@H](CO)[C@@H](O)[C@H](O)[C@H]4O)c(C)c3O2)c1
147394,49859627,COc1cccc2[nH]cc(C/C(=N/OS(=O)(=O)[O-])S[C@@H]3O[C@H](CO)[C@@H](O)[C@H](O)[C@H]3O)c12
147394,152119,OP(O)(=S)S
5281252,637039,CC1=C(/C=C/C(C)=C/C=C/C(C)=C/C=C/C=C(C)/C=C/C=C(C)/C=C/C=C(\C)C(=O)O)C(C)(C)CCC1
5281252,440649,Cc1ncc(C[n+]2c(C(O)CCC(=O)O)sc(CCOP(=O)(O)OP(=O)(O)O)c2C)c(=N)[nH]1
5281252,72193770,CCCCC/C=C\C/C=C\C/C=C\C/C=C\CCC[C@@H](O)CC(=O)SCCN=C(O)CCN=C(O)[C@H](O)C(C)(C)COP(=O)(O)OP(=O)(O)OC[C@H]1O[C@@H](n2cnc3c(N)ncnc32)[C@H](O)[C@@H]1OP(=O)(O)O
73417092,5780,OC[C@@H](O)[C@@H](O)[C@H](O)[C@@H](O)CO
73417092,5780,OC[C@@H](O)[C@@H](O)[C@H](O)[C@@H](O)CO
73417092,903,CC(O)=NCCc1c[nH]c2ccc(O)cc12
118987304,121596220,CC(C(=O)[O-])C(=O)OC(CC(=O)[O-])C[N+](C)(C)C
118987304,60146,CCOc1ccccc1OCCN[C@@H](C)Cc1ccc(OC)c(S(N)(=O)=O)c1.Cl
86289598,331383,C[C@]12CCC(=O)C=C1CC[C@@H]1[C@@H]2C(=O)C[C@@]2(C)[C@H]1CC[C@]2(O)C(=O)C=O
86289598,5354212,COC(=O)/C=C1/CC[C@H]2[C@@H]3CCC4=CC(=O)CC[C@]4(C)[C@H]3C(=O)C[C@]12C
86289598,70788983,[NH3+]CCCC[C@@H]1N=C(O)[C@@H](Cc2c[nH]c3ccccc23)N=C(O)[C@H](c2ccccc2)N=C(O)[C@@H]2C[C@@H](OC(O)=NCC[NH3+])CN2C(=O)[C@H](Cc2ccccc2)N=C(O)[C@H](Cc2ccc(OCc3ccccc3)cc2)N=C1O
91666360,25171912,CCCCCCCCCCCCCCCC[C@H](C)C[C@H](C)C[C@H](C)/C=C(\C)C(=O)O[C@H]1[C@H](O)[C@@H](CO)O[C@H](O[C@H]2O[C@H](CO)[C@@H](O)[C@H](O)[C@H]2OS(=O)(=O)O)[C@@H]1OC(=O)CCCCCCC
91666360,46931152,CCCCCCCC/C=C\CCCCCCCC(=O)OC[C@H](COP(=O)(O)OCC(O)COP(=O)(O)OC[C@@H](COC(=O)CCCCCCC/C=C\CCCCCCCC)OC(=O)CCCCCCC/C=C\CCCCCCCC)OC(=O)CCCCCCC/C=C\CCCCCCCC
91666360,23976,[Cr]
86289401,21283465,Cn1cnc(CC(=O)[O-])c1
86289401,443144,CC(=O)C[C@@H]1CCCN1C
86289401,56597213,COc1cc(CCCc2cc(OC)c(O)cc2OC)ccc1O
25271747,37888176,C[C@@H](C(=O)O)c1ccc(C2CCCCC2)c2ccccc12
25271747,23674745,CC(C(=O)[O-])c1ccc(CC2CCCC2=O)cc1.O.O.[Na+]
25271747,104972,COc1ccc(CCNCCCC(C#N)(c2ccc(OC)c(OC)c2)C(C)C)cc1OC
442771,46878378,COc1ccc(C2COc3cc([O-])cc(O)c3C2=O)cc1
442771,23674745,CC(C(=O)[O-])c1ccc(CC2CCCC2=O)cc1.O.O.[Na+]
442771,46861568,N[C@@H](CN=C(O)C[C@@](O)(CC(O)=NCCN=C(O)CCC(=O)C(=O)O)C(=O)O)C(=O)O
52937174,70698273,CC(C)c1cc2c(cc1O)[C@@]1(C)C[C@H](O)CC(C)(C)[C@@H]1CC2
52937174,23674745,CC(C(=O)[O-])c1ccc(CC2CCCC2=O)cc1.O.O.[Na+]
52937174,13770100,N[C@H](CCOc1ccc([C@@H](N)C(O)=N[C@H]2CN([C@@H](C(=O)O)c3ccc(O)cc3)C2=O)cc1)C(=O)O
53359350,440649,Cc1ncc(C[n+]2c(C(O)CCC(=O)O)sc(CCOP(=O)(O)OP(=O)(O)O)c2C)c(=N)[nH]1
53359350,5280519,CC[C@@](O)(CC(=O)O)C(=O)O
5352099,14345637,CCCCC/C=C\C/C=C\C/C=C\C/C=C\CCCC(=O)OC(CO)COC(=O)CCCCCCCCCCCCCCCCC
5352099,5280612,CCCCCCCC/C=C\CCCCCCCC(=O)OCC(=O)COP(=O)(O)O
6857396,86289694,C[C@H](CCCCCCCCC/C=C/C(=O)O)O[C@@H]1O[C@@H](C)[C@H](O)C[C@H]1O
6857396,23674745,CC(C(=O)[O-])c1ccc(CC2CCCC2=O)cc1.O.O.[Na+]
6857396,42626433,Nc1ncnc2c1ncn2[C@@H]1O[C@H](COP(=O)(O)OP(=O)(O)OC[C@H]2O[C@H](OP(=O)(O)O)[C@H](O)[C@@H]2O)[C@@H](O)[C@H]1O
16725794,30951,C=CCOc1ccc(CC(=O)O)cc1Cl
16725794,169569,O.O.O.O.O.O.O=C([O-])P(=O)([O-])[O-].[Na+].[Na+].[Na+]
9839333,23674745,CC(C(=O)[O-])c1ccc(CC2CCCC2=O)cc1.O.O.[Na+]
9839333,2911,OC(CCN1CCCCC1)(c1ccccc1)C1CCCC1
65663,40490621,CC[C@@H]1O[C@@H]1C/C=C\C/C=C\C/C=C\C/C=C\CCCC(=O)[O-]
65663,5354212,COC(=O)/C=C1/CC[C@H]2[C@@H]3CCC4=CC(=O)CC[C@]4(C)[C@H]3C(=O)C[C@]12C
65663,86289328,CCCCCCCC/C=C\CCCCCCCC(=O)OC[C@H](COC(=O)CCCCCCCCCCCCC)OC(=O)CCCCCCC/C=C\CCCCCCCC
5312441,5780,OC[C@@H](O)[C@@H](O)[C@H](O)[C@@H](O)CO
5312441,23674745,CC(C(=O)[O-])c1ccc(CC2CCCC2=O)cc1.O.O.[Na+]
5312441,5460107,CCCCCC(=O)/C=C/[C@@H]1[C@H]2C/C(=C/CCCC(=O)O)O[C@H]2C[C@H]1O
56955925,132282124,C[C@@H]1O[C@@H](OCCCCCC(=O)SCCN=C(O)CCN=C(O)[C@H](O)C(C)(C)COP(=O)(O)OP(=O)(O)OC[C@H]2O[C@@H](n3cnc4c(N)ncnc43)[C@H](O)[C@@H]2OP(=O)(O)O)[C@H](O)C[C@H]1O
56955925,7257940,C/C(=C\C(=O)[O-])C(=O)[O-]
6941547,56955923,O=[As]([O-])(O)c1ccccc1
6941547,56955923,O=[As]([O-])(O)c1ccccc1
6941547,8174,CCCCCCCCCCO
7641,5780,OC[C@@H](O)[C@@H](O)[C@H](O)[C@@H](O)CO
7641,5354212,COC(=O)/C=C1/CC[C@H]2[C@@H]3CCC4=CC(=O)CC[C@]4(C)[C@H]3C(=O)C[C@]12C
7641,91851869,CC(O)=N[C@H]1[C@@H](O[C@H]2[C@H](O)[C@@H](CO)OC(O)[C@@H]2N=C(C)O)O[C@H](CO)[C@H](O)[C@@H]1O
53320361,49859627,COc1cccc2[nH]cc(C/C(=N/OS(=O)(=O)[O-])S[C@@H]3O[C@H](CO)[C@@H](O)[C@H](O)[C@H]3O)c12
53320361,70680373,CCCCCCCCCCCCCCCCCCCCCCC(O)C(O)=N[C@@H](CO)[C@H](O)/C=C/CCCCCCCCCC(C)C
44575705,21594148,CC1(C)CC[C@]2(C(=O)O)CC[C@]3(C)C(=CC[C@@H]4[C@@]5(C)CC[C@H](O)[C@](C)(CO)[C@@H]5CC[C@]43C)[C@@H]2[C@@H]1O
44575705,49859627,COc1cccc2[nH]cc(C/C(=N/OS(=O)(=O)[O-])S[C@@H]3O[C@H](CO)[C@@H](O)[C@H](O)[C@H]3O)c12
44575705,72715762,CCCCCCCCCCCCCCCCCCCC(O)=N[C@@H](CO)[C@H](O)[C@H](O)CCCCCCCCCCC(C)C
135398747,69212,CC1=CC(=O)C(=O)C=C1O
135398747,23615442,O=C([O-])C1CC(O)C=N1
443450,443453,C=C1C[C@]23C[C@H]1CC[C@H]2[C@]1(CO)CCC[C@@](C)(C(=O)O)[C@H]1[C@@H]3C(=O)O
443450,5354212,COC(=O)/C=C1/CC[C@H]2[C@@H]3CCC4=CC(=O)CC[C@]4(C)[C@H]3C(=O)C[C@]12C
443450,25058784,C/C1=C\[C@@H](C)[C@@H](C)OC(=O)C[C@H](c2ccc(O)cc2)N=C(O)[C@@H](Cc2c[nH]c3ccccc23)N(C)C(=O)[C@H](C)N=C(O)[C@@H](C)C1
126843446,51041863,CCCCCCCCCCCCC/C=C/[C@@H](O)[C@H](CO[C@@H]1O[C@H](CO)[C@@H](O[C@@H]2O[C@H](CO)[C@H](O[C@@H]3O[C@H](CO)[C@H](O)[C@H](O)[C@H]3N=C(C)O)[C@H](O[C@@H]3O[C@H](CO)[C@@H](O)[C@H](O[C@@H]4O[C@H](CO)[C@H](O[C@@H]5O[C@H](CO)[C@H](O)[C@H](O)[C@H]5N=C(C)O)[C@H](O[C@]5(C(=O)O)C[C@H](O)[C@@H](N=C(C)O)[C@H]([C@H](O)[C@H](O)CO)O5)[C@H]4O)[C@H]3N=C(C)O)[C@H]2O)[C@H](O)[C@H]1O)N=C(O)CCCCCCCCCCCCCCCCC
126843446,23724874,O.O.O.O.O=P([O-])([O-])C(Cl)(Cl)P(=O)(O)O.[Na+].[Na+]
70680335,14345637,CCCCC/C=C\C/C=C\C/C=C\C/C=C\CCCC(=O)OC(CO)COC(=O)CCCCCCCCCCCCCCCCC
70680335,656501,N=c1ccn([C@@H]2O[C@H](COP(=O)(O)O[C@@]3(C(=O)O)C[C@H](O)[C@@H](N=C(O)CO)[C@H]([C@H](O)[C@H](O)CO)O3)[C@@H](O)[C@H]2O)c(O)n1
5464344,5464343,CCOC(=O)[C@H](CCc1ccccc1)N[C@@H](C)C(=O)N1C(=O)N(C)C[C@H]1C(=O)O
5464344,5354212,COC(=O)/C=C1/CC[C@H]2[C@@H]3CCC4=CC(=O)CC[C@]4(C)[C@H]3C(=O)C[C@]12C
5464344,38362126,Oc1ccc(/C=C/CC[C@H](O)CCc2ccc(O)cc2)cc1
612831,3339,CC(C)OC(=O)C(C)(C)Oc1ccc(C(=O)c2ccc(Cl)cc2)cc1
612831,52929771,CCCCCCCCCCCCCCCC/C=C\OC[C@@H](O)COP(=O)(O)O
612831,6957671,CCN(CC)Cc1cc(Nc2cc[nH+]c3cc(Cl)ccc23)ccc1O
71581240,14212362,Nc1nc(O)nc2c1ncn2[C@@H]1O[C@H](COP(=O)(O)O)[C@@H](O)[C@H]1O
71581240,132282124,C[C@@H]1O[C@@H](OCCCCCC(=O)SCCN=C(O)CCN=C(O)[C@H](O)C(C)(C)COP(=O)(O)OP(=O)(O)OC[C@H]2O[C@@H](n3cnc4c(N)ncnc43)[C@H](O)[C@@H]2OP(=O)(O)O)[C@H](O)C[C@H]1O
71581240,5471966,C=C(C)[C@@H]1CCC2=C(CC[C@]3(C)[C@@H]([C@@H](CCC=C(C)C)C(=O)O)[C@H](O)C[C@@]23C)[C@@]1(C)CCC(=O)O
38521,56955923,O=[As]([O-])(O)c1ccccc1
38521,25244039,C=C1C[C@]23C[C@H]1CC[C@H]2[C@]1(C)CC[C@H](O)[C@@](C)(C(=O)[O-])[C@H]1[C@@H]3C(=O)[O-]
70697791,23674745,CC(C(=O)[O-])c1ccc(CC2CCCC2=O)cc1.O.O.[Na+]
70697791,18134,CCN(CC(=O)O)S(=O)(=O)C(F)(F)C(F)(F)C(F)(F)C(F)(F)C(F)(F)C(F)(F)C(F)(F)C(F)(F)F
25164049,53239731,CC(O)=N[C@@H]1[C@@H](O[C@@H]2O[C@@H](C)[C@@H](O)[C@@H](O)[C@@H]2O)[C@H](O[C@@H]2O[C@H](CO)[C@@H](O)[C@H](O)[C@H]2N=C(C)O)[C@@H](CO[C@@H]2O[C@@H](C)[C@@H](O)[C@@H](O)[C@@H]2O)O[C@H]1O
25164049,8371,O=C1C(Cl)=C(Cl)C(=O)C(Cl)=C1Cl
45266534,14212362,Nc1nc(O)nc2c1ncn2[C@@H]1O[C@H](COP(=O)(O)O)[C@@H](O)[C@H]1O
45266534,70678725,COC1=C(Br)[C@H](O)[C@@]2(C=C1Br)CC(C(=O)NCCCCNC(=O)C1=NO[C@@]3(C=C(Br)C(=O)[C@H](Br)[C@H]3O)C1)=NO2
45266534,5464032,O=S(=O)(O)O/N=C(/CCc1ccccc1)S[C@@H]1O[C@H](CO)[C@@H](O)[C@H](O)[C@H]1O
16129635,53476539,CSCC[C@H](N=CO)C(O)=N[C@@H](CCCNC(=N)N)C(O)=N[C@H](C(O)=NCC(O)=N[C@@H](CC(=N)O)C(O)=N[C@@H](C)C(O)=N[C@@H](CC(=O)O)C(O)=NP(=O)(OCCCN)OC[C@H]1O[C@@H](n2cnc3c(N)ncnc32)[C@H](O)[C@@H]1O)[C@@H](C)O
16129635,6951009,C[C@]12CCC(=O)C[C@H]1CC[C@@H]1[C@@H]2CC[C@]2(C)[C@H](O)CC[C@@H]12
5351216,5780,OC[C@@H](O)[C@@H](O)[C@H](O)[C@@H](O)CO
5351216,56844015,CC(C)C[C@H](N=C(O)CN=C(O)c1cc(Cl)ccc1Cl)B1OC(=O)C(CC(=O)O)(CC(=O)O)O1
10262598,11652906,CC1=COC(O)[C@H]2[C@@H]1CC[C@@H]2C
10262598,56955923,O=[As]([O-])(O)c1ccccc1
10262598,652,CC(N)C(N)CCCCCC(=O)O
3007855,5780,OC[C@@H](O)[C@@H](O)[C@H](O)[C@@H](O)CO
3007855,69212,CC1=CC(=O)C(=O)C=C1O
3007855,439772,N[C@@H](CCl)C(=O)O
10342293,10065952,C=CC(C)(C)c1cc(O)c(OC)c2c(=O)c3c(O)ccc(O)c3oc12
10342293,52929771,CCCCCCCCCCCCCCCC/C=C\OC[C@@H](O)COP(=O)(O)O
10342293,11570897,O=c1cc(-c2ccc(O)c(O)c2)oc2cc(O[C@@H]3O[C@H](CO)[C@@H](O)[C@H](O[C@@H]4O[C@H](CO)[C@@H](O)[C@H](O)[C@H]4O)[C@H]3O)c(O)c(O)c12
25240373,5780,OC[C@@H](O)[C@@H](O)[C@H](O)[C@@H](O)CO
25240373,70678725,COC1=C(Br)[C@H](O)[C@@]2(C=C1Br)CC(C(=O)NCCCCNC(=O)C1=NO[C@@]3(C=C(Br)C(=O)[C@H](Br)[C@H]3O)C1)=NO2
25240373,447568,O=P(O)(O)OC[C@H]1O[C@@H](O)[C@@H](O)[C@@H]1O
136084724,135957087,CC(C)=CCN=c1ncn(CC[C@H](N)C(=O)O)c2[nH]cnc12
136084724,23674745,CC(C(=O)[O-])c1ccc(CC2CCCC2=O)cc1.O.O.[Na+]
136084724,3858,O=C(O)CC(Cc1ccccc1)C(=O)O
25245732,40490621,CC[C@@H]1O[C@@H]1C/C=C\C/C=C\C/C=C\C/C=C\CCCC(=O)[O-]
25245732,23674745,CC(C(=O)[O-])c1ccc(CC2CCCC2=O)cc1.O.O.[Na+]
25245732,10316307,OCc1ncc2n1-c1ccc(Cl)cc1C(c1ccccc1F)=NC2O
50994838,14345637,CCCCC/C=C\C/C=C\C/C=C\C/C=C\CCCC(=O)OC(CO)COC(=O)CCCCCCCCCCCCCCCCC
50994838,132282489,C[C@@H]1O[C@@H](OCCCCCCCCCCCCCCCCCCC(=O)SCCN=C([O-])CCN=C([O-])[C@H](O)C(C)(C)COP(=O)(O)OP(=O)(O)OC[C@H]2O[C@@H](n3cnc4c(N)ncnc43)[C@H](O)[C@@H]2OP(=O)([O-])[O-])[C@H](O)C[C@H]1O
5288347,91855080,OC[C@H]1OC(O)[C@H](O)[C@@H](O[C@@H]2OC[C@@H](O)[C@H](O)[C@H]2O)[C@@H]1O
5288347,5354212,COC(=O)/C=C1/CC[C@H]2[C@@H]3CCC4=CC(=O)CC[C@]4(C)[C@H]3C(=O)C[C@]12C
5288347,25017464,C/C1=C\CC[C@H](C)OC(=O)C[C@H](c2ccc(O)cc2)N=C(O)[C@@H](Cc2c(Br)[nH]c3ccccc23)N(C)C(=O)[C@H](C)N=C(O)[C@@H](C)C1
46878531,12473,O=C(O)c1ccc[nH]1
46878531,5780,OC[C@@H](O)[C@@H](O)[C@H](O)[C@@H](O)CO
46878531,25244632,N=C(N)N[C@@H]1[C@@H](O)[C@H](O)[C@@H](OP(=O)(O)O)[C@H](NC(=N)N)[C@H]1O
24798695,14212362,Nc1nc(O)nc2c1ncn2[C@@H]1O[C@H](COP(=O)(O)O)[C@@H](O)[C@H]1O
24798695,6433272,C[C@@H]1[C@H](O)[C@@H](C)/C=C/C=C/CC/C=C/C=C/C=C/C=C/C(O[C@H]2O[C@H](C)[C@@H](O)[C@H](N)[C@@H]2O)CC2O[C@](O)(CC(O)C(O)CCC(O)CC(O)CC(O)CC(=O)O[C@H]1C)CC(O)C2C(=O)O
24798695,97783,CCCCCCCCCCC(O)C(=O)O
119444,49859627,COc1cccc2[nH]cc(C/C(=N/OS(=O)(=O)[O-])S[C@@H]3O[C@H](CO)[C@@H](O)[C@H](O)[C@H]3O)c12
119444,86289836,C[C@@H](O)CCCCCCCCCCC[C@@H](O)CC(=O)O
129626772,5780,OC[C@@H](O)[C@@H](O)[C@H](O)[C@@H](O)CO
129626772,52929771,CCCCCCCCCCCCCCCC/C=C\OC[C@@H](O)COP(=O)(O)O
129626772,231285,CCC(C)C(CC)C(O)=NC(=N)O
46878378,442771,COc1ccc(C2COc3cc(O)cc(O)c3C2=O)c(O)c1
46878378,23674745,CC(C(=O)[O-])c1ccc(CC2CCCC2=O)cc1.O.O.[Na+]
46878378,21283465,Cn1cnc(CC(=O)[O-])c1
516893,5780,OC[C@@H](O)[C@@H](O)[C@H](O)[C@@H](O)CO
516893,13376,CCCCN=CO
516893,91666449,CCCCCCC(C/C=C\CCCCCCCC(=O)O)OP(=O)(O)O
144935309,73271,O=C(O)Cc1cc(O)nc(O)n1
144935309,23674745,CC(C(=O)[O-])c1ccc(CC2CCCC2=O)cc1.O.O.[Na+]
144935309,18554,CCc1ccco1
71298228,6433272,C[C@@H]1[C@H](O)[C@@H](C)/C=C/C=C/CC/C=C/C=C/C=C/C=C/C(O[C@H]2O[C@H](C)[C@@H](O)[C@H](N)[C@@H]2O)CC2O[C@](O)(CC(O)C(O)CCC(O)CC(O)CC(O)CC(=O)O[C@H]1C)CC(O)C2C(=O)O
71298228,11902903,C[C@H](N)C(=O)N1CCC[C@H]1C(O)=NCC(=O)O
447877,14212362,Nc1nc(O)nc2c1ncn2[C@@H]1O[C@H](COP(=O)(O)O)[C@@H](O)[C@H]1O
447877,132282124,C[C@@H]1O[C@@H](OCCCCCC(=O)SCCN=C(O)CCN=C(O)[C@H](O)C(C)(C)COP(=O)(O)OP(=O)(O)OC[C@H]2O[C@@H](n3cnc4c(N)ncnc43)[C@H](O)[C@@H]2OP(=O)(O)O)[C@H](O)C[C@H]1O
447877,51399572,C/C(=C\C(=O)OCCCCCCCCC(=O)[O-])C[C@@H]1OC[C@H](C[C@@H]2O[C@H]2[C@@H](C)[C@H](C)O)[C@@H](O)[C@H]1O
165627,5780,OC[C@@H](O)[C@@H](O)[C@H](O)[C@@H](O)CO
165627,279,N=C(O)NC(CC(=O)O)C(=O)O
165627,191796,COc1cc(-c2ccc(O)cc2)c(OC)c(O)c1-c1ccc(O)c(O)c1
65552,44237187,NC(Cc1cc(I)c(Oc2cc(I)c(OS(=O)(=O)O)c(I)c2)c(I)c1)C(=O)[O-]
65552,53239731,CC(O)=N[C@@H]1[C@@H](O[C@@H]2O[C@@H](C)[C@@H](O)[C@@H](O)[C@@H]2O)[C@H](O[C@@H]2O[C@H](CO)[C@@H](O)[C@H](O)[C@H]2N=C(C)O)[C@@H](CO[C@@H]2O[C@@H](C)[C@@H](O)[C@@H](O)[C@@H]2O)O[C@H]1O
65552,122198249,CC/C=C\CC(/C=C/C=C\C/C=C\C/C=C\CCCCCC(=O)[O-])OO
56659551,70678725,COC1=C(Br)[C@H](O)[C@@]2(C=C1Br)CC(C(=O)NCCCCNC(=O)C1=NO[C@@]3(C=C(Br)C(=O)[C@H](Br)[C@H]3O)C1)=NO2
56659551,36573,CC1=CC(O)=NS(=O)(=O)O1
447154,49859627,COc1cccc2[nH]cc(C/C(=N/OS(=O)(=O)[O-])S[C@@H]3O[C@H](CO)[C@@H](O)[C@H](O)[C@H]3O)c12
447154,25244632,N=C(N)N[C@@H]1[C@@H](O)[C@H](O)[C@@H](OP(=O)(O)O)[C@H](NC(=N)N)[C@H]1O
21597398,5354212,COC(=O)/C=C1/CC[C@H]2[C@@H]3CCC4=CC(=O)CC[C@]4(C)[C@H]3C(=O)C[C@]12C
21597398,5280406,COc1cc(/C=C/C(=O)O[C@@H]2O[C@H](CO)[C@@H](O)[C@H](O)[C@H]2O)cc(OC)c1O
21843,9033,C1CN1
21843,1119,O=S=O
21843,702,CCO
444234,57339249,Cc1[nH+]cc([N+](=O)[O-])n1CCO
444234,1119,O=S=O
444234,126843487,C[C@H](CCC(=O)SCCN=C(O)CCN=C(O)[C@H](O)C(C)(C)COP(=O)(O)OP(=O)(O)OC[C@H]1O[C@@H](n2cnc3c(N)ncnc32)[C@H](O)[C@@H]1OP(=O)(O)O)[C@H]1CC[C@H]2[C@@H]3[C@H](O)C[C@@H]4CC(=O)CC[C@]4(C)[C@H]3C[C@H](O)[C@]12C
92136117,5780,OC[C@@H](O)[C@@H](O)[C@H](O)[C@@H](O)CO
92136117,10825777,NC(Cc1cc(O)c2c(c1)SCC(O)=N2)C(=O)O
92136117,11619632,CC(C)=CCC/C(C)=C/Cc1c(O)c(O)cc2c(=O)c3c(O)c(CC=C(C)C)c(O)cc3oc12
23421197,86289694,C[C@H](CCCCCCCCC/C=C/C(=O)O)O[C@@H]1O[C@@H](C)[C@H](O)C[C@H]1O
23421197,10825777,NC(Cc1cc(O)c2c(c1)SCC(O)=N2)C(=O)O
23421197,53262337,CCCCCCCCCCCCCCCCCCCCCCCC[C@@H](C(=O)O)[C@H](O)CCCCCCCCCCCCCCCCC[C@H]1C[C@H]1CCCCCCCCCCCCCCCC[C@@H](OC)[C@H](C)CCCCCCCCCCCCCCCCCC
9795157,86289694,C[C@H](CCCCCCCCC/C=C/C(=O)O)O[C@@H]1O[C@@H](C)[C@H](O)C[C@H]1O
9795157,10825777,NC(Cc1cc(O)c2c(c1)SCC(O)=N2)C(=O)O
9795157,9856996,N[C@@H](Cc1c[nH]c2cc(Br)ccc12)C(=O)O
9500,69212,CC1=CC(=O)C(=O)C=C1O
9500,24778518,CCCCC/C=C\C/C=C\C/C=C\C/C=C\CCCC(=O)O[C@H](COC(=O)CCCCCCCCCCCCCCCC)COP(=O)([O-])OCC[N+](C)(C)C
51399572,49859627,COc1cccc2[nH]cc(C/C(=N/OS(=O)(=O)[O-])S[C@@H]3O[C@H](CO)[C@@H](O)[C@H](O)[C@H]3O)c12
51399572,90657215,N[C@@H](CS/C(Cc1c[nH]c2ccccc12)=N/O)C(O)=NCC(=O)O
4685776,10825777,NC(Cc1cc(O)c2c(c1)SCC(O)=N2)C(=O)O
4685776,5460269,O=C([O-])[C@H](O)c1ccccc1
53262356,14212362,Nc1nc(O)nc2c1ncn2[C@@H]1O[C@H](COP(=O)(O)O)[C@@H](O)[C@H]1O
53262356,70678725,COC1=C(Br)[C@H](O)[C@@]2(C=C1Br)CC(C(=O)NCCCCNC(=O)C1=NO[C@@]3(C=C(Br)C(=O)[C@H](Br)[C@H]3O)C1)=NO2
53262356,5003059,CCCCCCCCCCOS(=O)(=O)[O-]
7789,5780,OC[C@@H](O)[C@@H](O)[C@H](O)[C@@H](O)CO
7789,23674745,CC(C(=O)[O-])c1ccc(CC2CCCC2=O)cc1.O.O.[Na+]
7789,70679193,CCCCCCCCCCCCCCCCCCCC(O)=N[C@@H](COP(=O)([O-])OCC[N+](C)(C)C)[C@H](O)/C=C/CCCCCCCCCC(C)C
11494158,91819953,NCc1cc(COP(=O)(O)OP(=O)([O-])[O-])co1
11494158,5354212,COC(=O)/C=C1/CC[C@H]2[C@@H]3CCC4=CC(=O)CC[C@]4(C)[C@H]3C(=O)C[C@]12C
11494158,6993205,Cc1cn([C@H]2CC[C@@H](COP(=O)([O-])O)O2)c(=O)nc1[O-]
6436079,637039,CC1=C(/C=C/C(C)=C/C=C/C(C)=C/C=C/C=C(C)/C=C/C=C(C)/C=C/C=C(\C)C(=O)O)C(C)(C)CCC1
6436079,23674745,CC(C(=O)[O-])c1ccc(CC2CCCC2=O)cc1.O.O.[Na+]
6436079,10050190,COc1ccc(-c2cc3c(c(=O)o2)C[C@]2(O)[C@@]4(C)C(=O)C=CC(C)(C)[C@]4(O)CC[C@@]2(C)O3)cc1
444167,56955923,O=[As]([O-])(O)c1ccccc1
444167,23674745,CC(C(=O)[O-])c1ccc(CC2CCCC2=O)cc1.O.O.[Na+]
444167,66125,CC[N+](C)(C)C.[I-]
91848035,49859627,COc1cccc2[nH]cc(C/C(=N/OS(=O)(=O)[O-])S[C@@H]3O[C@H](CO)[C@@H](O)[C@H](O)[C@H]3O)c12
91848035,70698273,CC(C)c1cc2c(cc1O)[C@@]1(C)C[C@H](O)CC(C)(C)[C@@H]1CC2
46906055,86289694,C[C@H](CCCCCCCCC/C=C/C(=O)O)O[C@@H]1O[C@@H](C)[C@H](O)C[C@H]1O
46906055,5354212,COC(=O)/C=C1/CC[C@H]2[C@@H]3CCC4=CC(=O)CC[C@]4(C)[C@H]3C(=O)C[C@]12C
46906055,5281605,O=c1cc(-c2ccccc2)oc2cc(O)c(O)c(O)c12
40488837,40490621,CC[C@@H]1O[C@@H]1C/C=C\C/C=C\C/C=C\C/C=C\CCCC(=O)[O-]
40488837,23674745,CC(C(=O)[O-])c1ccc(CC2CCCC2=O)cc1.O.O.[Na+]
40488837,24848269,CC(C)(C)[NH2+]C[C@H](O)COc1cccc2c1CCCC2=O
56655722,53239731,CC(O)=N[C@@H]1[C@@H](O[C@@H]2O[C@@H](C)[C@@H](O)[C@@H](O)[C@@H]2O)[C@H](O[C@@H]2O[C@H](CO)[C@@H](O)[C@H](O)[C@H]2N=C(C)O)[C@@H](CO[C@@H]2O[C@@H](C)[C@@H](O)[C@@H](O)[C@@H]2O)O[C@H]1O
56655722,5281665,O=c1cc(-c2ccc(O)cc2)oc2c(O)c(O)cc(O)c12
101688128,53239731,CC(O)=N[C@@H]1[C@@H](O[C@@H]2O[C@@H](C)[C@@H](O)[C@@H](O)[C@@H]2O)[C@H](O[C@@H]2O[C@H](CO)[C@@H](O)[C@H](O)[C@H]2N=C(C)O)[C@@H](CO[C@@H]2O[C@@H](C)[C@@H](O)[C@@H](O)[C@@H]2O)O[C@H]1O
101688128,5281692,O=c1c(O)c(-c2cc(O)c(O)c(O)c2)oc2cc(O)ccc12
70698172,5354212,COC(=O)/C=C1/CC[C@H]2[C@@H]3CCC4=CC(=O)CC[C@]4(C)[C@H]3C(=O)C[C@]12C
70698172,57339249,Cc1[nH+]cc([N+](=O)[O-])n1CCO
45266554,14212362,Nc1nc(O)nc2c1ncn2[C@@H]1O[C@H](COP(=O)(O)O)[C@@H](O)[C@H]1O
45266554,70678725,COC1=C(Br)[C@H](O)[C@@]2(C=C1Br)CC(C(=O)NCCCCNC(=O)C1=NO[C@@]3(C=C(Br)C(=O)[C@H](Br)[C@H]3O)C1)=NO2
45266554,65366,CC(=O)O[C@H]1C(=O)[C@@]2(C)[C@H]([C@H](OC(=O)c3ccccc3)[C@]3(O)C[C@H](O)C(C)=C1C3(C)C)[C@]1(OC(C)=O)CO[C@@H]1C[C@@H]2O
110635,5354212,COC(=O)/C=C1/CC[C@H]2[C@@H]3CCC4=CC(=O)CC[C@]4(C)[C@H]3C(=O)C[C@]12C
110635,144935309,CC(=O)C=Nc1c(O)nc(O)nc1NC[C@H](O)[C@H](O)CCO
70856898,4478249,O=S(=O)(O)CCN1CCOCC1
70856898,10825777,NC(Cc1cc(O)c2c(c1)SCC(O)=N2)C(=O)O
70856898,18608320,CCO[C@@H]1O[C@H](CO)[C@@H](O[C@@H]2O[C@H](CO)[C@H](O[C@H]3O[C@H](CO)[C@H](O)[C@H](O)[C@H]3O)[C@H](O)[C@H]2O)[C@H](O)[C@H]1N=C(C)O
33605,5354212,COC(=O)/C=C1/CC[C@H]2[C@@H]3CCC4=CC(=O)CC[C@]4(C)[C@H]3C(=O)C[C@]12C
33605,14452912,CC(C)CCCCCCCCCCCCCCCCCCCCCCCCCCCO
135926581,135398703,C[C@@H]1Nc2[nH]c(=N)nc(O)c2N2C=[N+](c3ccc(C[C@H](O)[C@H](O)[C@H](O)CO[C@H]4O[C@H](COP(=O)(O)O[C@@H](CCC(=O)O)C(=O)O)[C@@H](O)[C@H]4O)cc3)[C@H](C)[C@@H]12
135926581,53239731,CC(O)=N[C@@H]1[C@@H](O[C@@H]2O[C@@H](C)[C@@H](O)[C@@H](O)[C@@H]2O)[C@H](O[C@@H]2O[C@H](CO)[C@@H](O)[C@H](O)[C@H]2N=C(C)O)[C@@H](CO[C@@H]2O[C@@H](C)[C@@H](O)[C@@H](O)[C@@H]2O)O[C@H]1O
135926581,5460337,O=C([O-])C(=O)Cc1c[nH]c2ccccc12
119058222,40490621,CC[C@@H]1O[C@@H]1C/C=C\C/C=C\C/C=C\C/C=C\CCCC(=O)[O-]
119058222,5354212,COC(=O)/C=C1/CC[C@H]2[C@@H]3CCC4=CC(=O)CC[C@]4(C)[C@H]3C(=O)C[C@]12C
119058222,6437,C[C@]12CC[C@H](O)C[C@H]1CC[C@@H]1[C@@H]2[C@H](O)C[C@]2(C)[C@@H](C3=CC(=O)OC3)CC[C@]12O
76962957,5354212,COC(=O)/C=C1/CC[C@H]2[C@@H]3CCC4=CC(=O)CC[C@]4(C)[C@H]3C(=O)C[C@]12C
76962957,78294,CCCCCCCCCCCCCCCC(=O)OCCCCCCCCCCCCCC
9929643,5354212,COC(=O)/C=C1/CC[C@H]2[C@@H]3CCC4=CC(=O)CC[C@]4(C)[C@H]3C(=O)C[C@]12C
9929643,6917852,O=C([O-])Cc1cn(-c2ccccc2)nc1-c1ccc(Cl)cc1.O=C([O-])Cc1cn(-c2ccccc2)nc1-c1ccc(Cl)cc1.[Ca+2]
9953940,3078139,N#Cc1nn(-c2c(Cl)cc(C(F)(F)F)cc2Cl)c(N)c1S(=O)(=O)C(F)(F)F
9953940,52929771,CCCCCCCCCCCCCCCC/C=C\OC[C@@H](O)COP(=O)(O)O
9953940,5329102,CCN(CC)CCN=C(O)c1c(C)[nH]c(/C=C2\C(O)=Nc3ccc(F)cc32)c1C
19770548,5780,OC[C@@H](O)[C@@H](O)[C@H](O)[C@@H](O)CO
19770548,49859627,COc1cccc2[nH]cc(C/C(=N/OS(=O)(=O)[O-])S[C@@H]3O[C@H](CO)[C@@H](O)[C@H](O)[C@H]3O)c12
19770548,53478105,CCCCC/C=C\C/C=C\CCCCCCCC(=O)OC[C@H](CO)OC(=O)CCCCCCC/C=C\CCCCCCCC
135912260,2723698,Sc1ccccn1
135912260,10825777,NC(Cc1cc(O)c2c(c1)SCC(O)=N2)C(=O)O
135912260,90657282,O=C1C=C(O)C(O)=NC1=O
12590335,5780,OC[C@@H](O)[C@@H](O)[C@H](O)[C@@H](O)CO
12590335,10825777,NC(Cc1cc(O)c2c(c1)SCC(O)=N2)C(=O)O
12590335,86311107,O=C1C[C@](O)(c2ccc(O)cc2)Oc2cc(O)cc(O)c21
36687778,23674745,CC(C(=O)[O-])c1ccc(CC2CCCC2=O)cc1.O.O.[Na+]
36687778,91825578,CCCCCCCCCCCCC/C=C/[C@@H](O)[C@H](COP(=O)([O-])O)N=C([O-])CCCCCCC
56951734,86289694,C[C@H](CCCCCCCCC/C=C/C(=O)O)O[C@@H]1O[C@@H](C)[C@H](O)C[C@H]1O
56951734,53239731,CC(O)=N[C@@H]1[C@@H](O[C@@H]2O[C@@H](C)[C@@H](O)[C@@H](O)[C@@H]2O)[C@H](O[C@@H]2O[C@H](CO)[C@@H](O)[C@H](O)[C@H]2N=C(C)O)[C@@H](CO[C@@H]2O[C@@H](C)[C@@H](O)[C@@H](O)[C@@H]2O)O[C@H]1O
56951734,45480569,CC(O)=N[C@@H]1[C@@H](O[C@@H]2O[C@H](CO)[C@H](O)[C@H](O)[C@H]2O[C@@H]2O[C@@H](C)[C@@H](O)[C@@H](O)[C@@H]2O)[C@H](O[C@@H]2O[C@@H](C)[C@@H](O)[C@@H](O)[C@@H]2O)[C@@H](CO)O[C@H]1O
9908268,56955923,O=[As]([O-])(O)c1ccccc1
9908268,5354212,COC(=O)/C=C1/CC[C@H]2[C@@H]3CCC4=CC(=O)CC[C@]4(C)[C@H]3C(=O)C[C@]12C
9908268,49867691,C[C@@H](O)[C@@H](C(=O)O)N1C(=O)[C@@H](N)CC[C@H]1O
6992367,5780,OC[C@@H](O)[C@@H](O)[C@H](O)[C@@H](O)CO
6992367,10825777,NC(Cc1cc(O)c2c(c1)SCC(O)=N2)C(=O)O
6992367,132472336,CC/C=C\C[C@H](O)/C=C/C=C\C/C=C\C=C\[C@@H](O)/C=C\CCCC(=O)[O-]
91851111,91826539,CCC(C)[C@H](N=C(O)[C@H](CC(=N)O)N=C(O)[C@H](Cc1ccc(O)cc1)N=C(O)[C@H](Cc1ccccc1)N=C(O)[C@H](Cc1ccccc1)N=C(O)[C@H](Cc1cnc[nH]1)N=C(O)[C@@H](N=C(O)[C@@H](N=C(O)[C@@H]1CCCN1C(=O)[C@H](CC(=N)O)N=C(O)[C@H](CCC(=N)O)N=C(O)CN=C(O)[C@H](CCCCN)N=C(O)CN=C(O)[C@H](CCCCN)N=C(O)CN=C(O)[C@H](CCCCN)N=C(O)CN=C(O)[C@H](CCCCN)N=C(O)CN=C(O)[C@@H](N)CCCCN)C(C)C)C(C)C)C(O)=N[C@H](C(O)=N[C@H](C(=O)N1CCC[C@H]1C(O)=N[C@@H](CCCNC(=N)N)C(O)=N[C@H](C(=O)N1CCC[C@H]1C(=O)O)C(C)O)C(C)O)C(C)C
91851111,637039,CC1=C(/C=C/C(C)=C/C=C/C(C)=C/C=C/C=C(C)/C=C/C=C(C)/C=C/C=C(\C)C(=O)O)C(C)(C)CCC1
6436223,14345637,CCCCC/C=C\C/C=C\C/C=C\C/C=C\CCCC(=O)OC(CO)COC(=O)CCCCCCCCCCCCCCCCC
6436223,5281006,C/C=C/C1=C(C(=O)O)N2C(=O)[C@@H](N=C(O)[C@H](N)c3ccc(O)cc3)[C@H]2SC1
439715,23674745,CC(C(=O)[O-])c1ccc(CC2CCCC2=O)cc1.O.O.[Na+]
439715,169137,O=c1c(=O)c(=O)c2ccccc2c1=O
90657180,5780,OC[C@@H](O)[C@@H](O)[C@H](O)[C@@H](O)CO
90657180,49859627,COc1cccc2[nH]cc(C/C(=N/OS(=O)(=O)[O-])S[C@@H]3O[C@H](CO)[C@@H](O)[C@H](O)[C@H]3O)c12
90657180,6436223,CO/C1=C\C(C)=C\[C@@H](C)[C@@H](O)[C@@H](C)C/C(C)=C/C=C/[C@H](OC)[C@@H]([C@@H](C)[C@@H](O)[C@H](C)[C@@]2(O)C[C@@H](O)[C@H](C)[C@@H](C(C)C)O2)OC1=O
4419940,56955923,O=[As]([O-])(O)c1ccccc1
4419940,5780,OC[C@@H](O)[C@@H](O)[C@H](O)[C@@H](O)CO
4419940,6570,C=CC(C)=O
58321253,135956784,CC(O)=N[C@@H](Cc1ccc(O)c(N=Nc2ccc(C(=O)O)cc2)c1)C(O)=NCC(O)=NCC(=O)O
58321253,5354212,COC(=O)/C=C1/CC[C@H]2[C@@H]3CCC4=CC(=O)CC[C@]4(C)[C@H]3C(=O)C[C@]12C
58321253,5283468,CCCCCCCC/C=C\CCCCCCCC(=O)OCC(O)CO
90657283,441100,Cc1cn([C@H]2C[C@H](O)[C@@H](COP(=O)(O)OP(=O)(O)O[C@@H]3C[C@@H](O)C(=O)[C@@H](C)O3)O2)c(=O)nc1O
90657283,49859627,COc1cccc2[nH]cc(C/C(=N/OS(=O)(=O)[O-])S[C@@H]3O[C@H](CO)[C@@H](O)[C@H](O)[C@H]3O)c12
90657283,3083016,CC[C@H](C)[C@H](N)C(O)=N[C@@H](C)C(O)=N[C@@H](CCCNC(=N)N)C(O)=N[C@@H](CCCNC(=N)N)C(O)=N[C@@H](Cc1cnc[nH]1)C(=O)N1CCC[C@H]1C(O)=N[C@@H](Cc1ccc(O)cc1)C(O)=N[C@@H](Cc1ccccc1)C(=O)O
72551476,14212362,Nc1nc(O)nc2c1ncn2[C@@H]1O[C@H](COP(=O)(O)O)[C@@H](O)[C@H]1O
72551476,53476539,CSCC[C@H](N=CO)C(O)=N[C@@H](CCCNC(=N)N)C(O)=N[C@H](C(O)=NCC(O)=N[C@@H](CC(=N)O)C(O)=N[C@@H](C)C(O)=N[C@@H](CC(=O)O)C(O)=NP(=O)(OCCCN)OC[C@H]1O[C@@H](n2cnc3c(N)ncnc32)[C@H](O)[C@@H]1O)[C@@H](C)O
72551476,71297545,CC(O)=N[C@H]1[C@H](O[C@H]2[C@H](O)[C@@H](N=C(C)O)C(O)O[C@@H]2CO)O[C@H](CO)[C@@H](O[C@@H]2O[C@H](CO[C@H]3O[C@H](CO)[C@@H](O)[C@H](O)[C@@H]3O[C@@H]3O[C@H](CO)[C@@H](O[C@@H]4O[C@H](CO)[C@H](O)[C@H](O)[C@H]4O)[C@H](O)[C@H]3N=C(C)O)[C@@H](O)[C@H](O[C@H]3O[C@H](CO)[C@@H](O)[C@H](O)[C@@H]3O[C@@H]3O[C@H](CO)[C@@H](O)[C@H](O)[C@H]3N=C(C)O)[C@@H]2O)[C@@H]1O
43594,440649,Cc1ncc(C[n+]2c(C(O)CCC(=O)O)sc(CCOP(=O)(O)OP(=O)(O)O)c2C)c(=N)[nH]1
43594,70697777,C=C(C)[C@@]12OC3(/C=C/CCCCCCC)O[C@@H]1C1C4OC4(CO)C(O)C4(O)CC(C)=CC4C1(O3)C(C)C2OC(=O)/C=C/c1ccccc1
521293,5780,OC[C@@H](O)[C@@H](O)[C@H](O)[C@@H](O)CO
521293,540,N#CO
521293,15942884,N[C@@H]([C@@H](O)[C@H](O)[C@H](O)CO)[C@@H](O)CC(=O)C(=O)[O-]
132472305,5780,OC[C@@H](O)[C@@H](O)[C@H](O)[C@@H](O)CO
132472305,53239731,CC(O)=N[C@@H]1[C@@H](O[C@@H]2O[C@@H](C)[C@@H](O)[C@@H](O)[C@@H]2O)[C@H](O[C@@H]2O[C@H](CO)[C@@H](O)[C@H](O)[C@H]2N=C(C)O)[C@@H](CO[C@@H]2O[C@@H](C)[C@@H](O)[C@@H](O)[C@@H]2O)O[C@H]1O
132472305,71297545,CC(O)=N[C@H]1[C@H](O[C@H]2[C@H](O)[C@@H](N=C(C)O)C(O)O[C@@H]2CO)O[C@H](CO)[C@@H](O[C@@H]2O[C@H](CO[C@H]3O[C@H](CO)[C@@H](O)[C@H](O)[C@@H]3O[C@@H]3O[C@H](CO)[C@@H](O[C@@H]4O[C@H](CO)[C@H](O)[C@H](O)[C@H]4O)[C@H](O)[C@H]3N=C(C)O)[C@@H](O)[C@H](O[C@H]3O[C@H](CO)[C@@H](O)[C@H](O)[C@@H]3O[C@@H]3O[C@H](CO)[C@@H](O)[C@H](O)[C@H]3N=C(C)O)[C@@H]2O)[C@@H]1O
78373,5780,OC[C@@H](O)[C@@H](O)[C@H](O)[C@@H](O)CO
78373,243,O=C(O)c1ccccc1
78373,129659,O=c1ccc2ccc(OS(=O)(=O)O)cc2o1
3002216,53239731,CC(O)=N[C@@H]1[C@@H](O[C@@H]2O[C@@H](C)[C@@H](O)[C@@H](O)[C@@H]2O)[C@H](O[C@@H]2O[C@H](CO)[C@@H](O)[C@H](O)[C@H]2N=C(C)O)[C@@H](CO[C@@H]2O[C@@H](C)[C@@H](O)[C@@H](O)[C@@H]2O)O[C@H]1O
3002216,9543050,CC(C)(COP(=O)(O)OP(=O)(O)OC[C@H]1O[C@@H](n2cnc3c(N)ncnc32)[C@H](O)[C@@H]1OP(=O)(O)O)[C@@H](O)C(O)=NCCC(O)=NCCSC(=O)/C=C/CC(=O)O
10366522,49859627,COc1cccc2[nH]cc(C/C(=N/OS(=O)(=O)[O-])S[C@@H]3O[C@H](CO)[C@@H](O)[C@H](O)[C@H]3O)c12
10366522,53477673,N.N.N.N.N.N.[Cl-].[Cl-].[Cl-].[Co+3]
6993401,13284402,O=CC(=O)c1c[nH]c2ccccc12
6993401,10825777,NC(Cc1cc(O)c2c(c1)SCC(O)=N2)C(=O)O
6993401,2801,CN(C)CCCN1c2ccccc2CCc2ccc(Cl)cc21
1978,56955923,O=[As]([O-])(O)c1ccccc1
1978,5354212,COC(=O)/C=C1/CC[C@H]2[C@@H]3CCC4=CC(=O)CC[C@]4(C)[C@H]3C(=O)C[C@]12C
1978,6443013,CCCCC[C@H](O)/C=C/C=C\CCCCCCCC(=O)O
71296164,49859627,COc1cccc2[nH]cc(C/C(=N/OS(=O)(=O)[O-])S[C@@H]3O[C@H](CO)[C@@H](O)[C@H](O)[C@H]3O)c12
71296164,91848953,CC(O)=N[C@H]1[C@@H](O[C@H]2[C@H](O)[C@@H](N=C(C)O)C(O)O[C@@H]2CO)O[C@H](CO)[C@@H](O[C@H]2O[C@H](CO)[C@@H](O[C@H]3O[C@H](CO)[C@@H](O)[C@H](O)[C@H]3N=C(C)O)[C@H](O)[C@H]2N=C(C)O)[C@@H]1O
54686764,54675783,CN(C)c1ccc(O)c2c1C[C@H]1C[C@H]3[C@H](N(C)C)C(=O)C(C(=N)O)=C(O)[C@@]3(O)C(=O)C1=C2O
54686764,49859627,COc1cccc2[nH]cc(C/C(=N/OS(=O)(=O)[O-])S[C@@H]3O[C@H](CO)[C@@H](O)[C@H](O)[C@H]3O)c12
54686764,23615388,O=C([O-])[C@@H](O)Cc1cnc[nH]1
130904,49859627,COc1cccc2[nH]cc(C/C(=N/OS(=O)(=O)[O-])S[C@@H]3O[C@H](CO)[C@@H](O)[C@H](O)[C@H]3O)c12
130904,145712527,C=CC(C)(C)c1[nH]c2ccccc2c1CC1=CN2CCC[C@H]2C(O)=N1
70680268,56955923,O=[As]([O-])(O)c1ccccc1
70680268,5780,OC[C@@H](O)[C@@H](O)[C@H](O)[C@@H](O)CO
70680268,5312441,CCCC/C=C\CCCCCCCCCCCC(=O)O
86289376,5780,OC[C@@H](O)[C@@H](O)[C@H](O)[C@@H](O)CO
86289376,440649,Cc1ncc(C[n+]2c(C(O)CCC(=O)O)sc(CCOP(=O)(O)OP(=O)(O)O)c2C)c(=N)[nH]1
86289376,135567474,CCCCCCCCCCCCCCCCCCCCCCCCCC(O)=N[C@@H](CO[C@H]1O[C@H](CO)[C@H](OCc2ccc(Cl)cc2)[C@H](O)[C@H]1O)[C@H](O)[C@H](O)CCCCCCCCCCCCCC
11619632,10065952,C=CC(C)(C)c1cc(O)c(OC)c2c(=O)c3c(O)ccc(O)c3oc12
11619632,49859627,COc1cccc2[nH]cc(C/C(=N/OS(=O)(=O)[O-])S[C@@H]3O[C@H](CO)[C@@H](O)[C@H](O)[C@H]3O)c12
11619632,174734,COc1cccc2c1C(=O)c1c(O)c3c(c(O)c1C2=O)C[C@@](O)(C(=O)CO)C[C@@H]3O[C@H]1C[C@H](N2CCOCC2C#N)[C@H](O)[C@H](C)O1
25202509,91666374,CCCCC/C=C\C/C=C\C/C=C\C/C=C\CCCC(=O)O[C@H](COC(=O)CCCCCCCCCCCCCCCCC)COP(=O)(O)OP(=O)(O)OC[C@H]1O[C@@H](n2ccc(=N)nc2O)[C@H](O)[C@@H]1O
25202509,49859627,COc1cccc2[nH]cc(C/C(=N/OS(=O)(=O)[O-])S[C@@H]3O[C@H](CO)[C@@H](O)[C@H](O)[C@H]3O)c12
25202509,129626641,CC/C=C\C/C=C\C[C@H](O)[C@@H](/C=C/C=C/C=C\C/C=C\CCC(=O)[O-])SC[C@H](N)C(O)=NCC(=O)O
441107,121232727,Cc1c2cccc([O-])c2c(O)c2c(O)c3c(O)c(C(=N)O)c(O)c(O)c3cc12
441107,5354212,COC(=O)/C=C1/CC[C@H]2[C@@H]3CCC4=CC(=O)CC[C@]4(C)[C@H]3C(=O)C[C@]12C
441107,131801254,CC(C)=CCC[C@@H](C)[C@H]1CC[C@@]2(C)[C@@H]3CC=C4[C@@H](CC[C@H](O)C4(C)C)[C@]3(C)C(=O)C[C@]12C
49852315,56669874,COc1cc(OC)c2c(c1)O/C(=C\c1ccc(OC)c(O)c1)C2=O
49852315,23674745,CC(C(=O)[O-])c1ccc(CC2CCCC2=O)cc1.O.O.[Na+]
49852315,45266580,CC(C)CCCC(C)CCCC(C)CCC(=O)SCCN=C([O-])CCN=C([O-])[C@H](O)C(C)(C)COP(=O)(O)OP(=O)(O)OC[C@H]1O[C@@H](n2cnc3c(N)ncnc32)[C@H](O)[C@@H]1OP(=O)([O-])[O-]
5505,56955923,O=[As]([O-])(O)c1ccccc1
5505,10825777,NC(Cc1cc(O)c2c(c1)SCC(O)=N2)C(=O)O
5505,6584,COC(C)=O
135398604,49859627,COc1cccc2[nH]cc(C/C(=N/OS(=O)(=O)[O-])S[C@@H]3O[C@H](CO)[C@@H](O)[C@H](O)[C@H]3O)c12
135398604,6439889,CCCCC/C=C\C/C=C\C/C=C\CCCCC(=O)OC
216283,52929771,CCCCCCCCCCCCCCCC/C=C\OC[C@@H](O)COP(=O)(O)O
216283,5281797,CC(C)=CCc1c(O)cc2occ(-c3ccc(O)cc3O)c(=O)c2c1O
28928,5780,OC[C@@H](O)[C@@H](O)[C@H](O)[C@@H](O)CO
28928,69212,CC1=CC(=O)C(=O)C=C1O
28928,70679136,CCCCCCCCCCCCCCCCCCC(O)C(O)=N[C@@H](CO[C@@H]1O[C@H](CO)[C@@H](O)[C@H](O)[C@H]1O)[C@H](O)[C@H](O)CCCCCCCCCCC(C)C
67495,5780,OC[C@@H](O)[C@@H](O)[C@H](O)[C@@H](O)CO
67495,70698333,CC1(C)[C@@H](O)CC[C@]2(C)[C@H]3C(=O)C=C4[C@@H]5C[C@@](C)(C=O)CC[C@]5(C)CC[C@@]4(C)[C@]3(C)CC[C@@H]12
91826591,5780,OC[C@@H](O)[C@@H](O)[C@H](O)[C@@H](O)CO
91826591,69212,CC1=CC(=O)C(=O)C=C1O
91826591,53477603,CC(O)=N[C@@H]1C[C@H](O[C@@H]2O[C@H](CO)[C@H](O)[C@H](O[C@H]3O[C@H](CO)[C@H](O)[C@H](O)[C@H]3O)[C@H]2O)[C@@H](CO)OC1O
60962,56955923,O=[As]([O-])(O)c1ccccc1
60962,69212,CC1=CC(=O)C(=O)C=C1O
60962,5281294,O=C(/C=C/c1ccc(O)c(O)c1)c1ccc(O)c(O)c1O
9863607,5354212,COC(=O)/C=C1/CC[C@H]2[C@@H]3CCC4=CC(=O)CC[C@]4(C)[C@H]3C(=O)C[C@]12C
9863607,10197842,C[S+](C)CC[C@H](N)C(=O)[O-]
6329,5780,OC[C@@H](O)[C@@H](O)[C@H](O)[C@@H](O)CO
6329,784,OO
6329,65492,C[C@H](O)C(O)=Nc1c(I)c(C(O)=NC(CO)CO)c(I)c(C(O)=NC(CO)CO)c1I
439713,782,O=C(O)CCC1N=C(O)N=C1O
439713,73271,O=C(O)Cc1cc(O)nc(O)n1
439713,70164,COC(=O)c1cc(OC)c(O)c(OC)c1
45480563,70678725,COC1=C(Br)[C@H](O)[C@@]2(C=C1Br)CC(C(=O)NCCCCNC(=O)C1=NO[C@@]3(C=C(Br)C(=O)[C@H](Br)[C@H]3O)C1)=NO2
45480563,135567331,N=c1nc(O)c2ncn([C@@H]3O[C@H](CO)[C@@H](O)[C@H]3OP(=O)(O)OC[C@H]3O[C@@H](n4cnc5c(N)ncnc54)[C@H](O)[C@@H]3OP(=O)(O)O)c2[nH]1
129900409,46931152,CCCCCCCC/C=C\CCCCCCCC(=O)OC[C@H](COP(=O)(O)OCC(O)COP(=O)(O)OC[C@@H](COC(=O)CCCCCCC/C=C\CCCCCCCC)OC(=O)CCCCCCC/C=C\CCCCCCCC)OC(=O)CCCCCCC/C=C\CCCCCCCC
129900409,115245,C[C@H](CCC(O)=NCC(=O)O)[C@H]1CC[C@H]2[C@@H]3CC[C@@H]4C[C@H](O)CC[C@]4(C)[C@H]3CC[C@]12C
12735706,97165,O=C1O[C@@H]([C@H](O)CO)[C@H](O)[C@H]1O
12735706,69212,CC1=CC(=O)C(=O)C=C1O
12735706,49866746,N=c1nc(O)n([C@H]2C[C@H](O)[C@@H](COP(=O)(O)O)O2)cc1I
522777,56955923,O=[As]([O-])(O)c1ccccc1
522777,69212,CC1=CC(=O)C(=O)C=C1O
522777,24755496,O=C([O-])CCC(C(=O)O)C(O)C(=O)O
51351660,46931086,C=C(O[C@H]1[C@H](O)[C@@H](CO)OC(OP(=O)(O)OP(=O)(O)OC[C@H]2O[C@@H](n3ccc([O-])nc3=O)[C@H](O)[C@@H]2O)[C@@H]1N=C(C)[O-])C(=O)[O-]
51351660,14345637,CCCCC/C=C\C/C=C\C/C=C\C/C=C\CCCC(=O)OC(CO)COC(=O)CCCCCCCCCCCCCCCCC
51351660,5283557,CCCCCCCCCCCC/C=C/[C@@H](O)[C@@H](N)CO
70698390,56955923,O=[As]([O-])(O)c1ccccc1
70698390,10825777,NC(Cc1cc(O)c2c(c1)SCC(O)=N2)C(=O)O
70698390,5283387,CCCCCCCC/C=C\CCCCCCCC(=N)O
13770100,49859627,COc1cccc2[nH]cc(C/C(=N/OS(=O)(=O)[O-])S[C@@H]3O[C@H](CO)[C@@H](O)[C@H](O)[C@H]3O)c12
13770100,66643700,O=C(O)[C@H](Cc1ccc(O)cc1)NS(=O)(=O)O
49866746,91666374,CCCCC/C=C\C/C=C\C/C=C\C/C=C\CCCC(=O)O[C@H](COC(=O)CCCCCCCCCCCCCCCCC)COP(=O)(O)OP(=O)(O)OC[C@H]1O[C@@H](n2ccc(=N)nc2O)[C@H](O)[C@@H]1O
49866746,52929771,CCCCCCCCCCCCCCCC/C=C\OC[C@@H](O)COP(=O)(O)O
49866746,439392,CC(C)(C(=O)O)[C@@H](O)C(=O)O
71581172,14212362,Nc1nc(O)nc2c1ncn2[C@@H]1O[C@H](COP(=O)(O)O)[C@@H](O)[C@H]1O
71581172,134160296,CSC[C@H]1O[C@H](O[C@H]2[C@H](O)[C@H](O)[C@@H](OC[C@H]3O[C@@H](O[C@@H]4[C@@H](OC[C@H]5O[C@H](OC[C@H]6OC(O)[C@@H](O)[C@@H]6O)[C@@H](O)[C@@H]5O[C@H]5O[C@H](CO)[C@@H](O)[C@@H]5O[C@@H]5O[C@H](CO)[C@@H](O)[C@@H]5O)O[C@H](CO)[C@H]4O)[C@@H](O)[C@@H]3O)O[C@@H]2CO)[C@H](O)[C@H]1O
71581172,86289282,CCCCCCCC/C=C\CCCCCCCC(=O)O[C@H](CO)COP(=O)([O-])[O-]
129011096,49859627,COc1cccc2[nH]cc(C/C(=N/OS(=O)(=O)[O-])S[C@@H]3O[C@H](CO)[C@@H](O)[C@H](O)[C@H]3O)c12
129011096,6466,C=C1C[C@]23C[C@@]1(O)CC[C@H]2[C@@]12C=C[C@H](O)[C@@](C)(C(=O)O1)[C@H]2[C@@H]3C(=O)O
161748,5354212,COC(=O)/C=C1/CC[C@H]2[C@@H]3CCC4=CC(=O)CC[C@]4(C)[C@H]3C(=O)C[C@]12C
161748,20722666,NCc1cn([C@@H]2O[C@H](CO)[C@@H](O)[C@H]2O)c(=S)nc1O
129320481,42604344,COc1cc(O)ccc1[C@@H]1COc2cc(O)ccc2[C@H]1O
129320481,10825777,NC(Cc1cc(O)c2c(c1)SCC(O)=N2)C(=O)O
129320481,7058055,Nc1ncnc2c1ncn2[C@@H]1O[C@H](COP(=O)([O-])OP(=O)([O-])[O-])[C@@H](O)[C@H]1O
25074887,46931152,CCCCCCCC/C=C\CCCCCCCC(=O)OC[C@H](COP(=O)(O)OCC(O)COP(=O)(O)OC[C@@H](COC(=O)CCCCCCC/C=C\CCCCCCCC)OC(=O)CCCCCCC/C=C\CCCCCCCC)OC(=O)CCCCCCC/C=C\CCCCCCCC
25074887,78373,COC(OC)N(C)C
6857777,65070,O=c1nc(O)ccn1[C@H]1C[C@H](O)[C@@H](COP(=O)(O)OP(=O)(O)OP(=O)(O)O)O1
6857777,49859627,COc1cccc2[nH]cc(C/C(=N/OS(=O)(=O)[O-])S[C@@H]3O[C@H](CO)[C@@H](O)[C@H](O)[C@H]3O)c12
6857777,9914412,COc1cc2c(Nc3ccc(NC(=O)c4ccccc4)cc3)ncnc2cc1OCCCN1CCOCC1
45480596,53239731,CC(O)=N[C@@H]1[C@@H](O[C@@H]2O[C@@H](C)[C@@H](O)[C@@H](O)[C@@H]2O)[C@H](O[C@@H]2O[C@H](CO)[C@@H](O)[C@H](O)[C@H]2N=C(C)O)[C@@H](CO[C@@H]2O[C@@H](C)[C@@H](O)[C@@H](O)[C@@H]2O)O[C@H]1O
45480596,92389,Nc1c([N+](=O)[O-])ccc(Oc2ccccc2)c1Cl
9548843,5780,OC[C@@H](O)[C@@H](O)[C@H](O)[C@@H](O)CO
9548843,49859627,COc1cccc2[nH]cc(C/C(=N/OS(=O)(=O)[O-])S[C@@H]3O[C@H](CO)[C@@H](O)[C@H](O)[C@H]3O)c12
9548843,50909875,C[C@@H]1O[C@@H](O[C@H](CO)[C@@H](O)[C@@H](O)CO)[C@H](O)[C@H](O[C@H]2O[C@H](CO)[C@@H](O)[C@H](O)[C@H]2O)[C@H]1O
6419,5780,OC[C@@H](O)[C@@H](O)[C@H](O)[C@@H](O)CO
6419,5780,OC[C@@H](O)[C@@H](O)[C@H](O)[C@@H](O)CO
6419,6282,O=C1OC(c2ccc([O-])c(S(=O)(=O)O)c2)(c2ccc([O-])c(S(=O)(=O)O)c2)c2c(Br)c(Br)c(Br)c(Br)c21.[Na+].[Na+]
51351805,53239731,CC(O)=N[C@@H]1[C@@H](O[C@@H]2O[C@@H](C)[C@@H](O)[C@@H](O)[C@@H]2O)[C@H](O[C@@H]2O[C@H](CO)[C@@H](O)[C@H](O)[C@H]2N=C(C)O)[C@@H](CO[C@@H]2O[C@@H](C)[C@@H](O)[C@@H](O)[C@@H]2O)O[C@H]1O
51351805,115254,CC(C)(COP(=O)(O)O)[C@@H](O)C(O)=NCCC(O)=NCCS
25010744,5780,OC[C@@H](O)[C@@H](O)[C@H](O)[C@@H](O)CO
25010744,10825777,NC(Cc1cc(O)c2c(c1)SCC(O)=N2)C(=O)O
25010744,131708350,CCCCCCC(C)CC(=O)SCCN=C([O-])CCN=C([O-])[C@H](O)C(C)(C)COP(=O)(O)OP(=O)(O)OC[C@H]1O[C@@H](n2cnc3c(N)ncnc32)[C@H](O)[C@@H]1OP(=O)([O-])[O-]
20843370,86289694,C[C@H](CCCCCCCCC/C=C/C(=O)O)O[C@@H]1O[C@@H](C)[C@H](O)C[C@H]1O
20843370,5354212,COC(=O)/C=C1/CC[C@H]2[C@@H]3CCC4=CC(=O)CC[C@]4(C)[C@H]3C(=O)C[C@]12C
20843370,16083180,CC(C)=CCOc1cc(O)c2c(c1CC=C(C)C)OC(c1ccc(O)cc1O)CC2=O
7361,91819953,NCc1cc(COP(=O)(O)OP(=O)([O-])[O-])co1
7361,13376,CCCCN=CO
7361,10931377,CCC[C@@H]1O[C@@H]1C
102571794,5780,OC[C@@H](O)[C@@H](O)[C@H](O)[C@@H](O)CO
102571794,5354212,COC(=O)/C=C1/CC[C@H]2[C@@H]3CCC4=CC(=O)CC[C@]4(C)[C@H]3C(=O)C[C@]12C
102571794,7700,CCCCCCCCCc1ccc(OCCO)cc1
71388,23674745,CC(C(=O)[O-])c1ccc(CC2CCCC2=O)cc1.O.O.[Na+]
71388,70698350,CC1=C(CCC(=O)[O-])C2=N[C@@]1(C)CC1=C(CCC(=O)[O-])[C@](C)(CC(=O)[O-])C(=N1)/C=C1\N[C@@](C)([C@@H]3N=C(C2C)[C@](C)(CCC(=O)[O-])[C@H]3CC(=O)[O-])[C@@](C)(CC(=O)O)[C@@H]1CCC(=O)[O-]
159663,5354212,COC(=O)/C=C1/CC[C@H]2[C@@H]3CCC4=CC(=O)CC[C@]4(C)[C@H]3C(=O)C[C@]12C
159663,132472300,O=C1CCC(Cc2cccc(O[C@@H]3O[C@H](C(=O)O)[C@@H](O)[C@H](O)[C@H]3O)c2)O1
16219987,5354212,COC(=O)/C=C1/CC[C@H]2[C@@H]3CCC4=CC(=O)CC[C@]4(C)[C@H]3C(=O)C[C@]12C
16219987,45259192,O=C1N=C(O)c2c1c1c3cccc(Cl)c3n([C@@H]3O[C@H](CO)[C@@H](O)[C@H](O)[C@H]3O)c1c1[nH]c3c(Cl)cccc3c21
784,5780,OC[C@@H](O)[C@@H](O)[C@H](O)[C@@H](O)CO
784,6329,CN
784,97165,O=C1O[C@@H]([C@H](O)CO)[C@H](O)[C@H]1O
70678534,5780,OC[C@@H](O)[C@@H](O)[C@H](O)[C@@H](O)CO
70678534,69212,CC1=CC(=O)C(=O)C=C1O
70678534,145944422,NCCOP(=O)(O)OC[C@H]1O[C@H](O[C@@H]2[C@@H](OC[C@H]3O[C@H](O[C@H]4[C@H](O)[C@@H](N)[C@H](OCCCCCCS)O[C@@H]4CO)[C@@H](O)[C@@H](O)[C@@H]3O)O[C@H](CO)[C@@H](O)[C@@H]2O)[C@@H](O)[C@@H](O)[C@@H]1O
44559078,49859627,COc1cccc2[nH]cc(C/C(=N/OS(=O)(=O)[O-])S[C@@H]3O[C@H](CO)[C@@H](O)[C@H](O)[C@H]3O)c12
44559078,52921892,CC/C=C\C[C@@H](O)/C=C/C=C\C/C=C\C/C=C\CCCC(=O)O
72551525,14212362,Nc1nc(O)nc2c1ncn2[C@@H]1O[C@H](COP(=O)(O)O)[C@@H](O)[C@H]1O
72551525,134160296,CSC[C@H]1O[C@H](O[C@H]2[C@H](O)[C@H](O)[C@@H](OC[C@H]3O[C@@H](O[C@@H]4[C@@H](OC[C@H]5O[C@H](OC[C@H]6OC(O)[C@@H](O)[C@@H]6O)[C@@H](O)[C@@H]5O[C@H]5O[C@H](CO)[C@@H](O)[C@@H]5O[C@@H]5O[C@H](CO)[C@@H](O)[C@@H]5O)O[C@H](CO)[C@H]4O)[C@@H](O)[C@@H]3O)O[C@@H]2CO)[C@H](O)[C@H]1O
72551525,3246853,O=C(O)CCCCC(=O)CC[C@@H]1[C@@H](CCC(=O)O)[C@@H](O)C[C@H]1O
124079391,5354212,COC(=O)/C=C1/CC[C@H]2[C@@H]3CCC4=CC(=O)CC[C@]4(C)[C@H]3C(=O)C[C@]12C
124079391,25245840,CC/C=C\C/C=C\C/C=C\C/C=C\CCCCC(=O)[O-]
47528,2723698,Sc1ccccn1
47528,56955923,O=[As]([O-])(O)c1ccccc1
47528,86583455,CCCCC/C=C\C/C=C\C/C=C\C/C=C\C/C=C\CCCCCCCCCCCC(O)C(=O)O
24892731,5780,OC[C@@H](O)[C@@H](O)[C@H](O)[C@@H](O)CO
24892731,14345637,CCCCC/C=C\C/C=C\C/C=C\C/C=C\CCCC(=O)OC(CO)COC(=O)CCCCCCCCCCCCCCCCC
24892731,136041715,[NH2+]=C(O)O[C@@H]1[C@@H](O)[C@@H](N=C(O)C[C@@H]([NH3+])CCC[NH3+])[C@H](NC2=N[C@@H]3[C@H](O)CN=C(O)[C@H]3N2)O[C@@H]1CO
122198249,5780,OC[C@@H](O)[C@@H](O)[C@H](O)[C@@H](O)CO
122198249,5354212,COC(=O)/C=C1/CC[C@H]2[C@@H]3CCC4=CC(=O)CC[C@]4(C)[C@H]3C(=O)C[C@]12C
122198249,119058194,CCCCC[C@@H]1O[C@@H]1C[C@@H](/C=C/C=C\C/C=C\CCCC(=O)O)OO
102453304,5354212,COC(=O)/C=C1/CC[C@H]2[C@@H]3CCC4=CC(=O)CC[C@]4(C)[C@H]3C(=O)C[C@]12C
102453304,12487266,C/C(=C/C=O)CO
91854726,86289694,C[C@H](CCCCCCCCC/C=C/C(=O)O)O[C@@H]1O[C@@H](C)[C@H](O)C[C@H]1O
91854726,5354212,COC(=O)/C=C1/CC[C@H]2[C@@H]3CCC4=CC(=O)CC[C@]4(C)[C@H]3C(=O)C[C@]12C
91854726,11741854,CC1(C)[C@@H](O)CC[C@]2(C)[C@H]3C[C@@H](O)[C@]4(C)C5=C(CC[C@H]4[C@]3(C)CC[C@@H]12)COC5=O
643327,56955923,O=[As]([O-])(O)c1ccccc1
643327,5780,OC[C@@H](O)[C@@H](O)[C@H](O)[C@@H](O)CO
643327,5312586,CCCCCC/C=C/C(=O)O
3078139,9953940,N#Cc1nn(-c2c(Cl)cc(C(F)(F)F)cc2Cl)c(N)c1SC(F)(F)F
3078139,49859627,COc1cccc2[nH]cc(C/C(=N/OS(=O)(=O)[O-])S[C@@H]3O[C@H](CO)[C@@H](O)[C@H](O)[C@H]3O)c12
3078139,119249,[Sm+3]
2689,5354212,COC(=O)/C=C1/CC[C@H]2[C@@H]3CCC4=CC(=O)CC[C@]4(C)[C@H]3C(=O)C[C@]12C
2689,151021,O=C(O)[C@H](Cc1ccc(O)cc1)N=C(O)c1ccccc1
13454957,86289485,Cc1cccc2c(C(=O)O)cc([O-])cc12
13454957,5780,OC[C@@H](O)[C@@H](O)[C@H](O)[C@@H](O)CO
13454957,2952,O=C1N=C(O)CN1N=Cc1ccc(-c2ccc([N+](=O)[O-])cc2)o1
5238,5780,OC[C@@H](O)[C@@H](O)[C@H](O)[C@@H](O)CO
5238,69212,CC1=CC(=O)C(=O)C=C1O
5238,2083,CC(C)(C)NCC(O)c1ccc(O)c(CO)c1
70680348,14212362,Nc1nc(O)nc2c1ncn2[C@@H]1O[C@H](COP(=O)(O)O)[C@@H](O)[C@H]1O
70680348,132282124,C[C@@H]1O[C@@H](OCCCCCC(=O)SCCN=C(O)CCN=C(O)[C@H](O)C(C)(C)COP(=O)(O)OP(=O)(O)OC[C@H]2O[C@@H](n3cnc4c(N)ncnc43)[C@H](O)[C@@H]2OP(=O)(O)O)[C@H](O)C[C@H]1O
70680348,90659817,C[C@@H](O)[C@@H](N=C(O)[C@H](N)CCCN([O-])C=O)C(=O)N([O-])CCC[C@H](N=C(O)[C@H](N)CCCN([O-])C=O)C(=O)O
191796,53262867,COc1cc(-c2ccccc2)c(OC)c(O)c1-c1ccc(O)c(O)c1
191796,5354212,COC(=O)/C=C1/CC[C@H]2[C@@H]3CCC4=CC(=O)CC[C@]4(C)[C@H]3C(=O)C[C@]12C
191796,131801228,CC(C)=CCC/C(C)=C/CC/C(C)=C/CC/C(C)=C\CC/C(C)=C\CC/C(C)=C\CC/C(C)=C\CC/C(C)=C\CC/C(C)=C\CC/C(C)=C\CC/C(C)=C\COP(=O)(O)OP(=O)(O)O[C@H]1O[C@H](CO)[C@@H](O[C@@H]2O[C@H](CO)[C@@H](OP(=O)(O)OC[C@H](O)COP(=O)([O-])OC[C@H](O)COP(=O)([O-])OC[C@H](O[C@H]3O[C@H](CO)[C@@H](O)[C@H](O)[C@H]3N=C(C)[O-])[C@H](O)[C@H](O)CO)[C@H](O)[C@H]2N=C(C)[O-])[C@H](O)[C@H]1N=C(C)[O-]
91826524,132282124,C[C@@H]1O[C@@H](OCCCCCC(=O)SCCN=C(O)CCN=C(O)[C@H](O)C(C)(C)COP(=O)(O)OP(=O)(O)OC[C@H]2O[C@@H](n3cnc4c(N)ncnc43)[C@H](O)[C@@H]2OP(=O)(O)O)[C@H](O)C[C@H]1O
91826524,71296168,CC(O)=N[C@@H]1[C@@H](O[C@@H]2O[C@H](CO)[C@H](O)[C@H](O[C@@H]3O[C@H](CO)[C@@H](O[C@@H]4O[C@H](CO[C@]5(C(=O)O)C[C@H](O)[C@@H](N=C(C)O)[C@H]([C@H](O)[C@H](O)CO)O5)[C@H](O)[C@H](O)[C@H]4O)[C@H](O)[C@H]3N=C(C)O)[C@H]2O)[C@H](O)[C@@H](CO)O[C@H]1O
445457,5780,OC[C@@H](O)[C@@H](O)[C@H](O)[C@@H](O)CO
445457,3692773,CC(=O)C[NH3+]
445457,5459811,CC(C)=CCC/C(C)=C/CC/C(C)=C/CC/C=C(\C)CC/C=C(\C)CC[C@@H]1OC1(C)C
86289144,53380618,O=P(O)(O)OC1[C@@H](OP(=O)(O)O)[C@H](OP(=O)(O)OP(=O)(O)O)C(O)[C@H](OP(=O)(O)OP(=O)(O)O)[C@H]1OP(=O)(O)O
86289144,132282124,C[C@@H]1O[C@@H](OCCCCCC(=O)SCCN=C(O)CCN=C(O)[C@H](O)C(C)(C)COP(=O)(O)OP(=O)(O)OC[C@H]2O[C@@H](n3cnc4c(N)ncnc43)[C@H](O)[C@@H]2OP(=O)(O)O)[C@H](O)C[C@H]1O
86289144,91474,CC(C)CCC[C@@H](C)[C@H]1CC[C@H]2[C@@H]3C(=O)C=C4C[C@@H](O)CC[C@]4(C)[C@H]3CC[C@]12C
21668242,5780,OC[C@@H](O)[C@@H](O)[C@H](O)[C@@H](O)CO
21668242,13376,CCCCN=CO
21668242,5282457,CCCCC/C=C/C/C=C/CCCCCCCC(=O)O
45266792,53262337,CCCCCCCCCCCCCCCCCCCCCCCC[C@@H](C(=O)O)[C@H](O)CCCCCCCCCCCCCCCCC[C@H]1C[C@H]1CCCCCCCCCCCCCCCC[C@@H](OC)[C@H](C)CCCCCCCCCCCCCCCCCC
45266792,134160296,CSC[C@H]1O[C@H](O[C@H]2[C@H](O)[C@H](O)[C@@H](OC[C@H]3O[C@@H](O[C@@H]4[C@@H](OC[C@H]5O[C@H](OC[C@H]6OC(O)[C@@H](O)[C@@H]6O)[C@@H](O)[C@@H]5O[C@H]5O[C@H](CO)[C@@H](O)[C@@H]5O[C@@H]5O[C@H](CO)[C@@H](O)[C@@H]5O)O[C@H](CO)[C@H]4O)[C@@H](O)[C@@H]3O)O[C@@H]2CO)[C@H](O)[C@H]1O
45266792,11652906,CC1=COC(O)[C@H]2[C@@H]1CC[C@@H]2C
440184,56955923,O=[As]([O-])(O)c1ccccc1
440184,23674745,CC(C(=O)[O-])c1ccc(CC2CCCC2=O)cc1.O.O.[Na+]
440184,11954140,CC(=O)[C@H]1CC[C@H]2[C@@H]3CCC4=CC(=O)C[C@]4(C)[C@H]3CC[C@]12C
5277135,49859627,COc1cccc2[nH]cc(C/C(=N/OS(=O)(=O)[O-])S[C@@H]3O[C@H](CO)[C@@H](O)[C@H](O)[C@H]3O)c12
5277135,5282432,CCCCCOc1ccccc1/C(=C\SC)n1ccnc1.Cl
71296160,5354212,COC(=O)/C=C1/CC[C@H]2[C@@H]3CCC4=CC(=O)CC[C@]4(C)[C@H]3C(=O)C[C@]12C
71296160,119058222,CC/C=C\C/C=C\C[C@@H]1O[C@H]1/C=C/C=C/C=C\C/C=C\CCC(=O)[O-]
56955935,53239760,C[C@H](N=C(O)[C@H](CCC(=N)O)N=C(O)CN)C(O)=NCC(O)=N[C@@H](Cc1cscn1)C(O)=N[C@@H](CC[C@H](CN)O[C@@H]1O[C@H](CO)[C@H](O)[C@H](O)[C@H]1O)C(O)=NCC(O)=N[C@@H](CCC(=O)O)C(O)=N[C@@H](CCC(=N)O)C(O)=NCC(=O)N1CCC[C@H]1C(O)=N[C@@H](CCCCN)C(O)=NCC(O)=N[C@@H](CCC(=O)O)C(O)=N[C@H](C(=O)O)[C@@H](C)O
56955935,440187,O=C1[C@@H](O)[C@@H](Nc2ccc([N+](=O)[O-])cc2)C[C@H](CO)[C@H]1O
51351654,86289694,C[C@H](CCCCCCCCC/C=C/C(=O)O)O[C@@H]1O[C@@H](C)[C@H](O)C[C@H]1O
51351654,10825777,NC(Cc1cc(O)c2c(c1)SCC(O)=N2)C(=O)O
51351654,121596220,CC(C(=O)[O-])C(=O)OC(CC(=O)[O-])C[N+](C)(C)C
45266906,104811,CCCCC1C(=O)N(c2ccccc2)N(c2ccc(O)cc2)C1=O.O
45266906,49859627,COc1cccc2[nH]cc(C/C(=N/OS(=O)(=O)[O-])S[C@@H]3O[C@H](CO)[C@@H](O)[C@H](O)[C@H]3O)c12
45266906,104880,C[C@]12C=CC(=O)C=C1C=C[C@@H]1[C@@H]2CC[C@]2(C)C(=O)CC[C@@H]12
443290,176983,C=C(C)C1=CC=C(C)CC1
443290,5780,OC[C@@H](O)[C@@H](O)[C@H](O)[C@@H](O)CO
443290,24798742,Clc1c[nH]c2ncnc(N3CCc4nc[nH]c4C3)c12
5976,5780,OC[C@@H](O)[C@@H](O)[C@H](O)[C@@H](O)CO
5976,1119,O=S=O
5976,66679550,C=CCCCCCCO[C@@H]1O[C@H](CO)[C@@H](O[C@@H]2O[C@H](CO)[C@H](O)[C@H](O[C@H]3O[C@H](CO)[C@H](O)[C@H](O)[C@H]3O)[C@H]2O[C@@H]2O[C@@H](C)[C@@H](O)[C@@H](O)[C@@H]2O)[C@H](O)[C@H]1O
10917111,49859627,COc1cccc2[nH]cc(C/C(=N/OS(=O)(=O)[O-])S[C@@H]3O[C@H](CO)[C@@H](O)[C@H](O)[C@H]3O)c12
10917111,80698,CC(O)=Nc1ccc(N=Nc2c(N)ccc3cc(S(=O)(=O)O)cc(O)c23)c(S(=O)(=O)O)c1
44232492,5780,OC[C@@H](O)[C@@H](O)[C@H](O)[C@@H](O)CO
44232492,10825777,NC(Cc1cc(O)c2c(c1)SCC(O)=N2)C(=O)O
44232492,5312827,C[C@@H](O)CCCCCCC(=O)O
71308401,6951009,C[C@]12CCC(=O)C[C@H]1CC[C@@H]1[C@@H]2CC[C@]2(C)[C@H](O)CC[C@@H]12
71308401,23674745,CC(C(=O)[O-])c1ccc(CC2CCCC2=O)cc1.O.O.[Na+]
71308401,49852288,CC(C)(C)NCC(O)COc1cccc2c1CCC(O)=N2.Cl
122706246,14212362,Nc1nc(O)nc2c1ncn2[C@@H]1O[C@H](COP(=O)(O)O)[C@@H](O)[C@H]1O
122706246,52929771,CCCCCCCCCCCCCCCC/C=C\OC[C@@H](O)COP(=O)(O)O
122706246,5354212,COC(=O)/C=C1/CC[C@H]2[C@@H]3CCC4=CC(=O)CC[C@]4(C)[C@H]3C(=O)C[C@]12C
135738580,121596220,CC(C(=O)[O-])C(=O)OC(CC(=O)[O-])C[N+](C)(C)C
135738580,14016224,C[C@]12CC[C@@H]3c4cc(O[C@@H]5O[C@H](C(=O)O)[C@@H](O)[C@H](O)[C@H]5O)c(O)cc4CC[C@H]3[C@@H]1CCC2=O
4929,22563,CC(C)N=c1[nH]c(Cl)nc(=N)[nH]1
4929,121596220,CC(C(=O)[O-])C(=O)OC(CC(=O)[O-])C[N+](C)(C)C
4929,70679030,C[C@@H]1O[C@@H](O[C@H]2[C@H](O[C@@H]3O[C@H](CO)[C@H](O)[C@H](O)[C@H]3O)[C@@H](COS(=O)(=O)O)OC(O)[C@@H]2O)[C@@H](O)[C@H](O)[C@@H]1O
131801225,86289694,C[C@H](CCCCCCCCC/C=C/C(=O)O)O[C@@H]1O[C@@H](C)[C@H](O)C[C@H]1O
131801225,53239731,CC(O)=N[C@@H]1[C@@H](O[C@@H]2O[C@@H](C)[C@@H](O)[C@@H](O)[C@@H]2O)[C@H](O[C@@H]2O[C@H](CO)[C@@H](O)[C@H](O)[C@H]2N=C(C)O)[C@@H](CO[C@@H]2O[C@@H](C)[C@@H](O)[C@@H](O)[C@@H]2O)O[C@H]1O
131801225,6437827,O=C(O)CCC/C=C\C/C=C\C/C=C\C/C=C\CCCCC(=O)O
54684893,5780,OC[C@@H](O)[C@@H](O)[C@H](O)[C@@H](O)CO
54684893,987,CC(C)(COP(=O)(O)O)C(O)C(O)=NCCC(O)=NCCS
91856782,49859627,COc1cccc2[nH]cc(C/C(=N/OS(=O)(=O)[O-])S[C@@H]3O[C@H](CO)[C@@H](O)[C@H](O)[C@H]3O)c12
91856782,45266521,O=C(O)[C@H](O)Cc1c[nH]c2ccc(OCc3ccccc3)cc12
443326,443356,CC[C@]12C=CCN3CC[C@]4(C(=C(C(=O)OC)C1)Nc1cc(OC)ccc14)[C@@H]32
443326,5354212,COC(=O)/C=C1/CC[C@H]2[C@@H]3CCC4=CC(=O)CC[C@]4(C)[C@H]3C(=O)C[C@]12C
443326,5280550,COc1cc(/C=C/C(=O)O)cc(OC)c1O[C@@H]1O[C@H](CO)[C@@H](O)[C@H](O)[C@H]1O
12546498,32329,CCOC(=O)C1(c2ccccc2)CCC=CC1N(C)C
12546498,10825777,NC(Cc1cc(O)c2c(c1)SCC(O)=N2)C(=O)O
12546498,135903081,CC1(CCCC(=O)[O-])C(=CC=Cc2cc(-c3ccccc3)[o+]c3cc4c(cc23)C(CS(=O)(=O)O)=CC(C)(C)N4CCCS(=O)(=O)[O-])N(CCCS(=O)(=O)[O-])c2ccc(S(=O)(=O)[O-])cc21.[Na+].[Na+].[Na+]
23615569,5780,OC[C@@H](O)[C@@H](O)[C@H](O)[C@@H](O)CO
23615569,30951,C=CCOc1ccc(CC(=O)O)cc1Cl
23615569,118770,CC(C)OC(=O)c1ccccc1C(=O)O
12313148,8328,O=C1c2cccc(O)c2C(=O)c2cccc(O)c21
12313148,10825777,NC(Cc1cc(O)c2c(c1)SCC(O)=N2)C(=O)O
12313148,121871,CC(C)(CCCCCCCCCCC(C)(C)CC(=O)O)CC(=O)O
18554,91819953,NCc1cc(COP(=O)(O)OP(=O)([O-])[O-])co1
18554,13376,CCCCN=CO
18554,71420,CN(C)C(=O)C(CCN1CCC(O)(c2ccc(Cl)cc2)CC1)(c1ccccc1)c1ccccc1.Cl
86583511,49859627,COc1cccc2[nH]cc(C/C(=N/OS(=O)(=O)[O-])S[C@@H]3O[C@H](CO)[C@@H](O)[C@H](O)[C@H]3O)c12
86583511,643327,O=C(O)[C@H](O)Cc1ccccc1
86290182,14212362,Nc1nc(O)nc2c1ncn2[C@@H]1O[C@H](COP(=O)(O)O)[C@@H](O)[C@H]1O
86290182,134160296,CSC[C@H]1O[C@H](O[C@H]2[C@H](O)[C@H](O)[C@@H](OC[C@H]3O[C@@H](O[C@@H]4[C@@H](OC[C@H]5O[C@H](OC[C@H]6OC(O)[C@@H](O)[C@@H]6O)[C@@H](O)[C@@H]5O[C@H]5O[C@H](CO)[C@@H](O)[C@@H]5O[C@@H]5O[C@H](CO)[C@@H](O)[C@@H]5O)O[C@H](CO)[C@H]4O)[C@@H](O)[C@@H]3O)O[C@@H]2CO)[C@H](O)[C@H]1O
86290182,75734,Oc1cnc2c(O)nc(O)nc2n1
21981466,5780,OC[C@@H](O)[C@@H](O)[C@H](O)[C@@H](O)CO
21981466,56955923,O=[As]([O-])(O)c1ccccc1
21981466,99642563,CCCCCCCC(O)=N[C@@H](O)C(=O)O
10322911,49859627,COc1cccc2[nH]cc(C/C(=N/OS(=O)(=O)[O-])S[C@@H]3O[C@H](CO)[C@@H](O)[C@H](O)[C@H]3O)c12
10322911,91862037,O=C(O)C1=C(O)[C@H](O)[C@@H](O)[C@H](O[C@H]2[C@H](O)[C@@H](NS(=O)(=O)O)[C@@H](O)O[C@@H]2COS(=O)(=O)O)O1
5320945,5280695,COc1c(O)cc(O)c2c(=O)c(O)c(-c3ccc(O)c(O)c3)oc12
5320945,5354212,COC(=O)/C=C1/CC[C@H]2[C@@H]3CCC4=CC(=O)CC[C@]4(C)[C@H]3C(=O)C[C@]12C
5320945,3016,CN1C(=O)CN=C(c2ccccc2)c2cc(Cl)ccc21
23615442,16122585,CCCCCCCCCC(=O)CC(O)=N[C@H]1CCN=C1O
23615442,69212,CC1=CC(=O)C(=O)C=C1O
23615442,443015,COc1cc([C@@H](O[C@@H]2O[C@H](CO)[C@@H](O)[C@H](O)[C@H]2O)[C@H]2C(=O)OC[C@@H]2Cc2ccc3c(c2)OCO3)cc(OC)c1OC
71764877,440649,Cc1ncc(C[n+]2c(C(O)CCC(=O)O)sc(CCOP(=O)(O)OP(=O)(O)O)c2C)c(=N)[nH]1
71764877,101611880,CCCCCCCCCCCCCCCCCC(=O)O[C@@H](COC(=O)CCCCCCCCCCC)COC(=O)CCCCCCCCCCCCCCC
25202957,5780,OC[C@@H](O)[C@@H](O)[C@H](O)[C@@H](O)CO
25202957,5780,OC[C@@H](O)[C@@H](O)[C@H](O)[C@@H](O)CO
25202957,11954060,CCCCC[C@H](O)/C=C/C=C\C=C\C=C\[C@@H]1O[C@H]1CCCC(=O)O
794,21283465,Cn1cnc(CC(=O)[O-])c1
794,443144,CC(=O)C[C@@H]1CCCN1C
794,1549438,C[C@@H](N)C(O)=N[C@H](CO)C(=O)O
6440522,53262337,CCCCCCCCCCCCCCCCCCCCCCCC[C@@H](C(=O)O)[C@H](O)CCCCCCCCCCCCCCCCC[C@H]1C[C@H]1CCCCCCCCCCCCCCCC[C@@H](OC)[C@H](C)CCCCCCCCCCCCCCCCCC
6440522,121596220,CC(C(=O)[O-])C(=O)OC(CC(=O)[O-])C[N+](C)(C)C
6440522,5281671,CC(C)=CCc1c(-c2ccc(O)cc2O)oc2c3c(cc(O)c2c1=O)OC(C)(C)C=C3
138911110,443144,CC(=O)C[C@@H]1CCCN1C
138911110,5354212,COC(=O)/C=C1/CC[C@H]2[C@@H]3CCC4=CC(=O)CC[C@]4(C)[C@H]3C(=O)C[C@]12C
138911110,23723101,CN(C)CCO[C@@H](c1ccc(Cl)cc1)c1ccccn1.O=C(O)/C=C\C(=O)O
6857574,5780,OC[C@@H](O)[C@@H](O)[C@H](O)[C@@H](O)CO
6857574,5780,OC[C@@H](O)[C@@H](O)[C@H](O)[C@@H](O)CO
6857574,161336,C=C[C@H]1[C@H](O[C@@H]2O[C@H](CO)[C@@H](O)[C@H](O)[C@H]2O)OC=C(C(=O)OC)[C@H]1C[C@@H]1NCCc2c1[nH]c1ccccc21
25195446,49859627,COc1cccc2[nH]cc(C/C(=N/OS(=O)(=O)[O-])S[C@@H]3O[C@H](CO)[C@@H](O)[C@H](O)[C@H]3O)c12
25195446,10410732,CC1=CCC[C@H]2[C@](C)(CC3=CC(=O)C(NCCS(=O)(=O)O)=CC3=O)[C@@H](C)CC[C@]12C
9960512,14345637,CCCCC/C=C\C/C=C\C/C=C\C/C=C\CCCC(=O)OC(CO)COC(=O)CCCCCCCCCCCCCCCCC
9960512,5312441,CCCC/C=C\CCCCCCCCCCCC(=O)O
88730540,5780,OC[C@@H](O)[C@@H](O)[C@H](O)[C@@H](O)CO
88730540,10825777,NC(Cc1cc(O)c2c(c1)SCC(O)=N2)C(=O)O
88730540,135398643,O=P(O)(O)OP(=O)(O)OP(=O)(O)OC[C@H]1O[C@@H](n2cnc3c(O)ncnc32)[C@H](O)[C@@H]1O
14636489,56955923,O=[As]([O-])(O)c1ccccc1
14636489,5780,OC[C@@H](O)[C@@H](O)[C@H](O)[C@@H](O)CO
14636489,71314663,C[C@H](CCC(=O)O[C@@H]1O[C@H](C(=O)O)[C@@H](O)[C@H](O)[C@H]1O)[C@H]1CC[C@H]2[C@@H]3[C@H](O)C[C@@H]4C[C@H](O)CC[C@]4(C)[C@H]3CC[C@]12C
57339207,53239731,CC(O)=N[C@@H]1[C@@H](O[C@@H]2O[C@@H](C)[C@@H](O)[C@@H](O)[C@@H]2O)[C@H](O[C@@H]2O[C@H](CO)[C@@H](O)[C@H](O)[C@H]2N=C(C)O)[C@@H](CO[C@@H]2O[C@@H](C)[C@@H](O)[C@@H](O)[C@@H]2O)O[C@H]1O
57339207,91847929,OC[C@H]1O[C@@H](O)[C@H](O)[C@@H](O)[C@@H]1O[C@@H]1OC[C@@H](O)[C@H](O)[C@H]1O
24589,5780,OC[C@@H](O)[C@@H](O)[C@H](O)[C@@H](O)CO
24589,540,N#CO
24589,1730593,COc1ccc(/C=C2/SC(=O)N(CN(C)C)C2=O)cc1
102502420,5780,OC[C@@H](O)[C@@H](O)[C@H](O)[C@@H](O)CO
102502420,49859627,COc1cccc2[nH]cc(C/C(=N/OS(=O)(=O)[O-])S[C@@H]3O[C@H](CO)[C@@H](O)[C@H](O)[C@H]3O)c12
102502420,16212222,CC(C)N(C(=O)C(=O)O)c1ccc(F)cc1
439462,5354212,COC(=O)/C=C1/CC[C@H]2[C@@H]3CCC4=CC(=O)CC[C@]4(C)[C@H]3C(=O)C[C@]12C
439462,612831,COC(=O)c1cc(O)cc(OC)c1C(=O)c1c(O)c(Cl)c(C)c(Cl)c1O
11957475,49859627,COc1cccc2[nH]cc(C/C(=N/OS(=O)(=O)[O-])S[C@@H]3O[C@H](CO)[C@@H](O)[C@H](O)[C@H]3O)c12
11957475,1179,O=C(O)CCc1c2[nH]c(c1CC(=O)O)Cc1[nH]c(c(CC(=O)O)c1CCC(=O)O)Cc1[nH]c(c(CC(=O)O)c1CCC(=O)O)Cc1[nH]c(c(CCC(=O)O)c1CC(=O)O)C2
154373,5780,OC[C@@H](O)[C@@H](O)[C@H](O)[C@@H](O)CO
154373,86289327,CCCCCCCCCCCCCCCCOC[C@H](COC(=O)CCCCCCC)OC(C)=O
32329,12546498,CCOC(=O)[C@@]1(c2ccccc2)CCC=C[C@@H]1N(C)C
32329,10825777,NC(Cc1cc(O)c2c(c1)SCC(O)=N2)C(=O)O
32329,6205,CCSCCC(N)C(=O)O
5275227,442153,CC(C)=CCc1cc([C@@H]2CC(=O)c3c(O)cc(O)cc3O2)cc(CC=C(C)C)c1O
5275227,5354212,COC(=O)/C=C1/CC[C@H]2[C@@H]3CCC4=CC(=O)CC[C@]4(C)[C@H]3C(=O)C[C@]12C
5275227,9547072,CCCCCCCC/C=C\CCCCCCCC(=O)OCC(O)COP(=O)(O)OCCN
5461003,5780,OC[C@@H](O)[C@@H](O)[C@H](O)[C@@H](O)CO
5461003,23674745,CC(C(=O)[O-])c1ccc(CC2CCCC2=O)cc1.O.O.[Na+]
5461003,16070014,C[C@]12CC[C@H]3C(CC[C@]4(O)C[C@@H](O)CC[C@]34C=O)[C@@]1(O)CC[C@@H]2c1ccc(=O)oc1
6223,5354212,COC(=O)/C=C1/CC[C@H]2[C@@H]3CCC4=CC(=O)CC[C@]4(C)[C@H]3C(=O)C[C@]12C
6223,10430190,CNCCc1c(OC)c(OC)c(OC)c2c1ccc1cc(OC)c(OC)cc12
21707971,5780,OC[C@@H](O)[C@@H](O)[C@H](O)[C@@H](O)CO
21707971,5354212,COC(=O)/C=C1/CC[C@H]2[C@@H]3CCC4=CC(=O)CC[C@]4(C)[C@H]3C(=O)C[C@]12C
21707971,20603332,CC(O)CN1CCN(CC(=O)[O-])CCN(CC(=O)[O-])CCN(CC(=O)[O-])CC1
299,49859627,COc1cccc2[nH]cc(C/C(=N/OS(=O)(=O)[O-])S[C@@H]3O[C@H](CO)[C@@H](O)[C@H](O)[C@H]3O)c12
299,5169,Oc1ccc(-c2nc(-c3ccncc3)c(-c3ccc(F)cc3)[nH]2)cc1
44322045,5780,OC[C@@H](O)[C@@H](O)[C@H](O)[C@@H](O)CO
44322045,23674745,CC(C(=O)[O-])c1ccc(CC2CCCC2=O)cc1.O.O.[Na+]
44322045,86289183,CCCCC/C=C\C/C=C\C/C=C\C/C=C\CCCCCCCCCCCCCC(=O)[O-]
11431811,49859627,COc1cccc2[nH]cc(C/C(=N/OS(=O)(=O)[O-])S[C@@H]3O[C@H](CO)[C@@H](O)[C@H](O)[C@H]3O)c12
11431811,5283345,CCCCCCC/C=C/C=O
16736470,15454172,CO[C@H]1CCO[C@H]2O[C@@H]3C=C4CC[C@@H]5[C@H](CC[C@]6(C)[C@@H](C7=CC(=O)OC7)CC[C@]56O)[C@@]4(C)C[C@H]3O[C@]21O
16736470,14345637,CCCCC/C=C\C/C=C\C/C=C\C/C=C\CCCC(=O)OC(CO)COC(=O)CCCCCCCCCCCCCCCCC
16736470,57339205,C=CCCCCCCCCCCCCCCC(C)CC
10428459,5280695,COc1c(O)cc(O)c2c(=O)c(O)c(-c3ccc(O)c(O)c3)oc12
10428459,5354212,COC(=O)/C=C1/CC[C@H]2[C@@H]3CCC4=CC(=O)CC[C@]4(C)[C@H]3C(=O)C[C@]12C
10428459,126456461,CNc1cc2c(cc1C)nc1c([O-])nc(=O)nc-1n2C[C@H](O)[C@H](O)[C@H](O)CO
20843347,86289694,C[C@H](CCCCCCCCC/C=C/C(=O)O)O[C@@H]1O[C@@H](C)[C@H](O)C[C@H]1O
20843347,52929771,CCCCCCCCCCCCCCCC/C=C\OC[C@@H](O)COP(=O)(O)O
20843347,86289416,CCCCCC(=O)O[C@H]1CC[C@@]2(C)C(=CC[C@H]3[C@@H]4CC[C@H]([C@H](C)CC[C@H](O)C(C)C)[C@@]4(C)CC[C@@H]32)C1
46878548,5780,OC[C@@H](O)[C@@H](O)[C@H](O)[C@@H](O)CO
46878548,5354212,COC(=O)/C=C1/CC[C@H]2[C@@H]3CCC4=CC(=O)CC[C@]4(C)[C@H]3C(=O)C[C@]12C
46878548,9908268,CCCCCCCCc1ccc(CCC(N)(CO)COP(=O)(O)O)cc1
20593234,5354212,COC(=O)/C=C1/CC[C@H]2[C@@H]3CCC4=CC(=O)CC[C@]4(C)[C@H]3C(=O)C[C@]12C
20593234,288,C[N+](C)(C)CC(O)CC(=O)[O-]
131953102,5780,OC[C@@H](O)[C@@H](O)[C@H](O)[C@@H](O)CO
131953102,49859627,COc1cccc2[nH]cc(C/C(=N/OS(=O)(=O)[O-])S[C@@H]3O[C@H](CO)[C@@H](O)[C@H](O)[C@H]3O)c12
131953102,132282459,C[C@@H]1O[C@@H](OCCCCCCCCCCCC/C=C/C(=O)[O-])[C@H](O)C[C@H]1O
136041715,49859627,COc1cccc2[nH]cc(C/C(=N/OS(=O)(=O)[O-])S[C@@H]3O[C@H](CO)[C@@H](O)[C@H](O)[C@H]3O)c12
136041715,14464358,C=C1C[C@]23C[C@H]1CC[C@H]2[C@]1(C(=O)O)CCC[C@@](C)(C(=O)O)[C@H]1[C@@H]3C(=O)O
9548707,56955923,O=[As]([O-])(O)c1ccccc1
9548707,126843503,O=C(O)[C@H](O)[C@@H](O)[C@@H](O)COP(=O)(O)O
27982,5780,OC[C@@H](O)[C@@H](O)[C@H](O)[C@@H](O)CO
27982,69212,CC1=CC(=O)C(=O)C=C1O
27982,135738580,C[C@H](O)[C@@H](O)c1cnc2[nH]c(=N)nc(O)c2n1
124202389,5780,OC[C@@H](O)[C@@H](O)[C@H](O)[C@@H](O)CO
124202389,30951,C=CCOc1ccc(CC(=O)O)cc1Cl
124202389,11741854,CC1(C)[C@@H](O)CC[C@]2(C)[C@H]3C[C@@H](O)[C@]4(C)C5=C(CC[C@H]4[C@]3(C)CC[C@@H]12)COC5=O
72193815,14212362,Nc1nc(O)nc2c1ncn2[C@@H]1O[C@H](COP(=O)(O)O)[C@@H](O)[C@H]1O
72193815,132282124,C[C@@H]1O[C@@H](OCCCCCC(=O)SCCN=C(O)CCN=C(O)[C@H](O)C(C)(C)COP(=O)(O)OP(=O)(O)OC[C@H]2O[C@@H](n3cnc4c(N)ncnc43)[C@H](O)[C@@H]2OP(=O)(O)O)[C@H](O)C[C@H]1O
72193815,3081055,O=P(O)(O)O[C@H]1[C@H](O)[C@H](O)[C@H](OP(=O)(O)O)[C@@H](OP(=O)(O)O)[C@@H]1O
5280886,5283118,CCCCCC(=O)/C=C/[C@@H]1[C@@H](CCCCCCC(=O)O)[C@@H](O)C[C@H]1O
5280886,5354212,COC(=O)/C=C1/CC[C@H]2[C@@H]3CCC4=CC(=O)CC[C@]4(C)[C@H]3C(=O)C[C@]12C
5280886,6419961,Cl.N[C@H]1C[C@@H]1c1ccccc1
138911104,5780,OC[C@@H](O)[C@@H](O)[C@H](O)[C@@H](O)CO
138911104,23674745,CC(C(=O)[O-])c1ccc(CC2CCCC2=O)cc1.O.O.[Na+]
138911104,16059194,CC(O)=N[C@H]1[C@@H](OP(=O)(O)OP(=O)(O)OC[C@H]2O[C@@H](n3ccc(O)nc3=O)[C@H](O)[C@@H]2O)O[C@H](CO)[C@@H](O)[C@@H]1O[C@H](C)C(O)=N[C@@H](C)C(O)=N[C@H](CCC(O)=N[C@@H](CCC[C@@H](N)C(=O)O)C(O)=N[C@H](C)C(O)=N[C@H](C)C(=O)O)C(=O)O
90657477,439774,O=C(O)C1=CC(=O)[C@@H](O)[C@H](O)C1
90657477,10825777,NC(Cc1cc(O)c2c(c1)SCC(O)=N2)C(=O)O
90657477,568,c1ccc2c(c1)oc1ccccc12
11597571,49859627,COc1cccc2[nH]cc(C/C(=N/OS(=O)(=O)[O-])S[C@@H]3O[C@H](CO)[C@@H](O)[C@H](O)[C@H]3O)c12
11597571,25244126,COc1cc(C(=O)O)cc(C/C=C(\C)CC/C=C(\C)CC/C=C(\C)CC/C=C(\C)CC/C=C(\C)CC/C=C(\C)CCC=C(C)C)c1O
73412,21594148,CC1(C)CC[C@]2(C(=O)O)CC[C@]3(C)C(=CC[C@@H]4[C@@]5(C)CC[C@H](O)[C@](C)(CO)[C@@H]5CC[C@]43C)[C@@H]2[C@@H]1O
73412,49859627,COc1cccc2[nH]cc(C/C(=N/OS(=O)(=O)[O-])S[C@@H]3O[C@H](CO)[C@@H](O)[C@H](O)[C@H]3O)c12
73412,440098,O=c1nc(O)ccn1[C@@H]1O[C@H](COP(=O)(O)OP(=O)(O)O[C@H]2O[C@@H]([C@H](O)CO)[C@H](O)[C@H]2O)[C@@H](O)[C@H]1O
6439463,53476539,CSCC[C@H](N=CO)C(O)=N[C@@H](CCCNC(=N)N)C(O)=N[C@H](C(O)=NCC(O)=N[C@@H](CC(=N)O)C(O)=N[C@@H](C)C(O)=N[C@@H](CC(=O)O)C(O)=NP(=O)(OCCCN)OC[C@H]1O[C@@H](n2cnc3c(N)ncnc32)[C@H](O)[C@@H]1O)[C@@H](C)O
6439463,5282897,CCCCCCCC(O)C(=O)O
39186,52929771,CCCCCCCCCCCCCCCC/C=C\OC[C@@H](O)COP(=O)(O)O
39186,6918933,COc1cccc([C@@]2(O)CCCC[C@@H]2C[NH+](C)C)c1
52921892,5780,OC[C@@H](O)[C@@H](O)[C@H](O)[C@@H](O)CO
52921892,23674745,CC(C(=O)[O-])c1ccc(CC2CCCC2=O)cc1.O.O.[Na+]
52921892,11476460,Cn1nnc(-c2ccc(-c3ccc(N4C[C@H](COP(=O)(O)O)OC4=O)cc3F)cn2)n1
70678946,53239731,CC(O)=N[C@@H]1[C@@H](O[C@@H]2O[C@@H](C)[C@@H](O)[C@@H](O)[C@@H]2O)[C@H](O[C@@H]2O[C@H](CO)[C@@H](O)[C@H](O)[C@H]2N=C(C)O)[C@@H](CO[C@@H]2O[C@@H](C)[C@@H](O)[C@@H](O)[C@@H]2O)O[C@H]1O
70678946,14228,CCCCCCCC(=O)OCCCCCC
134160289,132282124,C[C@@H]1O[C@@H](OCCCCCC(=O)SCCN=C(O)CCN=C(O)[C@H](O)C(C)(C)COP(=O)(O)OP(=O)(O)OC[C@H]2O[C@@H](n3cnc4c(N)ncnc43)[C@H](O)[C@@H]2OP(=O)(O)O)[C@H](O)C[C@H]1O
134160289,56927824,Cc1cccc(C#Cc2ccccc2)[nH+]1
91847674,86289694,C[C@H](CCCCCCCCC/C=C/C(=O)O)O[C@@H]1O[C@@H](C)[C@H](O)C[C@H]1O
91847674,5354212,COC(=O)/C=C1/CC[C@H]2[C@@H]3CCC4=CC(=O)CC[C@]4(C)[C@H]3C(=O)C[C@]12C
91847674,129011031,N[C@@H](CN=C(O)C[C@@](O)(CC([O-])=NCCN=C([O-])CCC(=O)C(=O)O)C(=O)O)C(=O)O
5460064,5780,OC[C@@H](O)[C@@H](O)[C@H](O)[C@@H](O)CO
5460064,279,N=C(O)NC(CC(=O)O)C(=O)O
5460064,5282075,COc1ccc(-c2coc3cc(O)cc(O)c3c2=O)c(O)c1
24892804,5780,OC[C@@H](O)[C@@H](O)[C@H](O)[C@@H](O)CO
24892804,30951,C=CCOc1ccc(CC(=O)O)cc1Cl
24892804,439276,O=P(O)(O)OC[C@@H](O)CO
83133,86289485,Cc1cccc2c(C(=O)O)cc([O-])cc12
83133,86289860,O=C(O)C[C@H](O)CCCCCCCO
83133,131801223,CCCCCCCCCCCCCC[C@@H](O)[C@@H](O)[C@H](CO[C@H]1O[C@H](CO)[C@H](O)[C@H](O)[C@H]1O)N=C(O)CCCCCCCCCCCCCCCCCCCCc1ccccc1
68934,23674745,CC(C(=O)[O-])c1ccc(CC2CCCC2=O)cc1.O.O.[Na+]
68934,53477674,O=P(O)(O)O[C@@H]1[C@@H](OP(=O)(O)O)[C@H](OP(=O)(O)O)[C@H](O)[C@H](OP(=O)(O)OP(=O)(O)O)[C@H]1OP(=O)(O)O
9924495,5354212,COC(=O)/C=C1/CC[C@H]2[C@@H]3CCC4=CC(=O)CC[C@]4(C)[C@H]3C(=O)C[C@]12C
9924495,53354908,COc1c(O)cc2c(c1OC)C(=O)[C@H](O)[C@@H](c1ccccc1)O2
6919029,173576,O=C(O)CCCCNC1(c2ccccc2)CCCCC1
6919029,10825777,NC(Cc1cc(O)c2c(c1)SCC(O)=N2)C(=O)O
6919029,25201352,O=C([O-])[C@H](O)C(=O)CO
56927826,56927861,N=C(O)C1=CN([C@@H]2O[C@H](COP(=O)(O)OP(=O)(O)OC[C@H]3O[C@@H](n4cnc5c(N)ncnc54)[C@H](O)[C@@H]3O)[C@@H](O)[C@H]2O)[C@H](O)CC1
56927826,53239731,CC(O)=N[C@@H]1[C@@H](O[C@@H]2O[C@@H](C)[C@@H](O)[C@@H](O)[C@@H]2O)[C@H](O[C@@H]2O[C@H](CO)[C@@H](O)[C@H](O)[C@H]2N=C(C)O)[C@@H](CO[C@@H]2O[C@@H](C)[C@@H](O)[C@@H](O)[C@@H]2O)O[C@H]1O
56927826,45266759,CC([O-])=N[C@@H](CCCNC(=N)O)C(=O)O
91860861,70678725,COC1=C(Br)[C@H](O)[C@@]2(C=C1Br)CC(C(=O)NCCCCNC(=O)C1=NO[C@@]3(C=C(Br)C(=O)[C@H](Br)[C@H]3O)C1)=NO2
91860861,5311051,C[C@H]1C[C@H]2[C@@H]3CCC4=CC(=O)C=C[C@]4(C)[C@@]3(F)[C@@H](O)C[C@]2(C)[C@@]1(O)C(=O)CCl
86289382,5780,OC[C@@H](O)[C@@H](O)[C@H](O)[C@@H](O)CO
86289382,56955923,O=[As]([O-])(O)c1ccccc1
86289382,91856787,OC[C@H]1O[C@H](OC[C@H]2O[C@H](OC[C@H]3O[C@H](O)[C@H](O)[C@@H](O)[C@@H]3O)[C@H](O)[C@@H](O)[C@H]2O)[C@H](O)[C@@H](O)[C@@H]1O
25164046,71298190,CC(O)=N[C@H]1C(O)O[C@H](CO)[C@H](O)[C@@H]1O[C@@H]1O[C@H](CO)[C@H](O[C@H]2O[C@H](CO)[C@H](O)[C@H](O)[C@H]2O)[C@H](O)[C@H]1O[C@@H]1O[C@@H](C)[C@@H](O)[C@@H](O)[C@@H]1O
25164046,7479,CN(C)c1ccc(C=O)cc1
442668,23674745,CC(C(=O)[O-])c1ccc(CC2CCCC2=O)cc1.O.O.[Na+]
442668,10880539,O=S(=O)(O)C[C@H]1OC(O)[C@H](O)[C@@H](O)[C@@H]1O
15950376,10825777,NC(Cc1cc(O)c2c(c1)SCC(O)=N2)C(=O)O
15950376,10327583,CCCCCCCCCCCCC/C=C/[C@@H](O)[C@H](CO[C@@H]1O[C@H](CO)[C@H](O)[C@H](O)[C@H]1O)N=C(O)CCCCCCCCCCCCCCCCC
16070027,5780,OC[C@@H](O)[C@@H](O)[C@H](O)[C@@H](O)CO
16070027,23976,[Cr]
16070027,20843327,CC/C=C\C[C@@H]1O/C1=C\C=C/CCCCCCCC(=O)[O-]
21584050,53380618,O=P(O)(O)OC1[C@@H](OP(=O)(O)O)[C@H](OP(=O)(O)OP(=O)(O)O)C(O)[C@H](OP(=O)(O)OP(=O)(O)O)[C@H]1OP(=O)(O)O
21584050,71298190,CC(O)=N[C@H]1C(O)O[C@H](CO)[C@H](O)[C@@H]1O[C@@H]1O[C@H](CO)[C@H](O[C@H]2O[C@H](CO)[C@H](O)[C@H](O)[C@H]2O)[C@H](O)[C@H]1O[C@@H]1O[C@@H](C)[C@@H](O)[C@@H](O)[C@@H]1O
21584050,6443777,CC(C)=CCC/C(C)=C/CC/C(C)=C/CC/C(C)=C/CC/C(C)=C/CC/C(C)=C/CC/C(C)=C/CC/C(C)=C/CC/C(C)=C/Cc1cc(C(=O)O)ccc1O
82229,69212,CC1=CC(=O)C(=O)C=C1O
82229,71420,CN(C)C(=O)C(CCN1CCC(O)(c2ccc(Cl)cc2)CC1)(c1ccccc1)c1ccccc1.Cl
100929735,53363843,COc1c(C(C)C)cc(O)c2c1CC[C@H]1C(C)=C(C(=O)O)CC[C@]21C
100929735,5354212,COC(=O)/C=C1/CC[C@H]2[C@@H]3CCC4=CC(=O)CC[C@]4(C)[C@H]3C(=O)C[C@]12C
100929735,44575705,CC1(C)[C@H](O)CC[C@]2(C)[C@H]3CC=C4[C@@H]5C[C@](C)(C(=O)O)C[C@H](O)[C@]5(C)CC[C@@]4(C)[C@]3(C)CC[C@@H]12
91825621,46931152,CCCCCCCC/C=C\CCCCCCCC(=O)OC[C@H](COP(=O)(O)OCC(O)COP(=O)(O)OC[C@@H](COC(=O)CCCCCCC/C=C\CCCCCCCC)OC(=O)CCCCCCC/C=C\CCCCCCCC)OC(=O)CCCCCCC/C=C\CCCCCCCC
91825621,244872,O=C(O)CCCCCCCCCCCCCCCCCCCCC(=O)O
24778937,5780,OC[C@@H](O)[C@@H](O)[C@H](O)[C@@H](O)CO
24778937,53239731,CC(O)=N[C@@H]1[C@@H](O[C@@H]2O[C@@H](C)[C@@H](O)[C@@H](O)[C@@H]2O)[C@H](O[C@@H]2O[C@H](CO)[C@@H](O)[C@H](O)[C@H]2N=C(C)O)[C@@H](CO[C@@H]2O[C@@H](C)[C@@H](O)[C@@H](O)[C@@H]2O)O[C@H]1O
24778937,9983303,Cc1ccc(C(O)=Nc2cccc(N3CCOCC3)c2)cc1-c1ccc2c(C3CCNCC3)noc2c1
56932132,52929771,CCCCCCCCCCCCCCCC/C=C\OC[C@@H](O)COP(=O)(O)O
56932132,439972,C=C[C@H]1[C@H](O)OC=C(C(=O)OC)[C@H]1C[C@@H]1NCCc2c1[nH]c1ccccc21
9543207,10825777,NC(Cc1cc(O)c2c(c1)SCC(O)=N2)C(=O)O
9543207,126843486,C[C@H](CCC(=O)SCCN=C([O-])CCN=C([O-])[C@H](O)C(C)(C)COP(=O)(O)OP(=O)(O)OC[C@H]1O[C@@H](n2cnc3c(N)ncnc32)[C@H](O)[C@@H]1OP(=O)([O-])[O-])[C@H]1CC[C@H]2[C@@H]3[C@H](O)C[C@@H]4CC(=O)CC[C@]4(C)[C@H]3C[C@H](O)[C@]12C
2537,69212,CC1=CC(=O)C(=O)C=C1O
2537,5460775,O=C(O)[C@@H]1CCC[NH2+]1
134820072,5780,OC[C@@H](O)[C@@H](O)[C@H](O)[C@@H](O)CO
134820072,10825777,NC(Cc1cc(O)c2c(c1)SCC(O)=N2)C(=O)O
134820072,5283960,C[C@H](CCC(=O)O)[C@H]1CC[C@H]2[C@@H]3[C@@H](O)C[C@@H]4CC(=O)CC[C@]4(C)[C@H]3CC(=O)[C@]12C
445896,56955923,O=[As]([O-])(O)c1ccccc1
445896,23674745,CC(C(=O)[O-])c1ccc(CC2CCCC2=O)cc1.O.O.[Na+]
445896,49852289,CC(O)=N[C@H]1C(OP(=O)(O)OC[C@H](N)C(=O)O)O[C@H](CO)[C@@H](O)[C@@H]1O
440217,5780,OC[C@@H](O)[C@@H](O)[C@H](O)[C@@H](O)CO
440217,23674745,CC(C(=O)[O-])c1ccc(CC2CCCC2=O)cc1.O.O.[Na+]
440217,92865,N[C@@H](CCC(O)=N[C@@H](CCC(=O)O)C(=O)O)C(=O)O
90659865,440649,Cc1ncc(C[n+]2c(C(O)CCC(=O)O)sc(CCOP(=O)(O)OP(=O)(O)O)c2C)c(=N)[nH]1
90659865,135563767,N=c1nc([O-])c2ncn([C@@H]3O[C@H](COP(=O)(O)O[C@H]4[C@@H](O)[C@H](n5cnc6c(N)ncnc65)O[C@@H]4CO)[C@@H](O)[C@H]3O)c2[nH]1
69413,5780,OC[C@@H](O)[C@@H](O)[C@H](O)[C@@H](O)CO
69413,13376,CCCCN=CO
69413,9547521,C=C1/C(=C\C=C2/CCC[C@]3(COC(C)=O)[C@@H]([C@H](C)CCCC(C)(C)O)CC[C@@H]23)C[C@@H](O)C[C@@H]1O
51041530,52929771,CCCCCCCCCCCCCCCC/C=C\OC[C@@H](O)COP(=O)(O)O
51041530,6282,O=C1OC(c2ccc([O-])c(S(=O)(=O)O)c2)(c2ccc([O-])c(S(=O)(=O)O)c2)c2c(Br)c(Br)c(Br)c(Br)c21.[Na+].[Na+]
3339,612831,COC(=O)c1cc(O)cc(OC)c1C(=O)c1c(O)c(Cl)c(C)c(Cl)c1O
3339,5354212,COC(=O)/C=C1/CC[C@H]2[C@@H]3CCC4=CC(=O)CC[C@]4(C)[C@H]3C(=O)C[C@]12C
3339,6366484,CCCCCCC(CCCC)COS(=O)(=O)O
25203706,8328,O=C1c2cccc(O)c2C(=O)c2cccc(O)c21
25203706,23674745,CC(C(=O)[O-])c1ccc(CC2CCCC2=O)cc1.O.O.[Na+]
25203706,45480539,COCCO[C@@H](C)CO[C@H](C)CO[C@H](C)CO[C@H](C)CO[C@@H](C)CO[C@@H](C)CO[C@H](C)CO[C@H](C)COC[C@H](C)N
3036388,5780,OC[C@@H](O)[C@@H](O)[C@H](O)[C@@H](O)CO
3036388,1119,O=S=O
3036388,440405,CC(O)=N[C@@H]1[C@@H](O[C@@H]2O[C@H](CO)[C@H](O)[C@H](O)[C@H]2O)[C@@H](O)[C@@H](CO)O[C@H]1O
181671,56955923,O=[As]([O-])(O)c1ccccc1
181671,30951,C=CCOc1ccc(CC(=O)O)cc1Cl
181671,440322,O=P(O)(OC[C@H]1O[C@@H](n2cnc3c(O)nc(O)nc32)[C@H](O)[C@@H]1O)OP(=O)(O)OP(=O)(O)OP(=O)(O)OC[C@H]1O[C@@H](n2cnc3c(O)nc(O)nc32)[C@H](O)[C@@H]1O
135398667,14212362,Nc1nc(O)nc2c1ncn2[C@@H]1O[C@H](COP(=O)(O)O)[C@@H](O)[C@H]1O
135398667,52929771,CCCCCCCCCCCCCCCC/C=C\OC[C@@H](O)COP(=O)(O)O
135398667,45480555,Cc1cc(=O)c(C(O)=N[C@@H](C(O)=N[C@@H]2C(=O)N3C(C(=O)O)=C(CSc4nnnn4C)CS[C@H]23)c2ccc([O-])cc2)c[nH]1
5280534,40490621,CC[C@@H]1O[C@@H]1C/C=C\C/C=C\C/C=C\C/C=C\CCCC(=O)[O-]
5280534,23674745,CC(C(=O)[O-])c1ccc(CC2CCCC2=O)cc1.O.O.[Na+]
5280534,11870411,CC[C@@]1(O)C[C@H](O[C@H]2C[C@H]([NH+](C)C)[C@H](O)[C@H](C)O2)c2c(cc3c(c2O)C(=O)c2c(O)cccc2C3=O)[C@H]1C(=O)OC
86289841,5780,OC[C@@H](O)[C@@H](O)[C@H](O)[C@@H](O)CO
86289841,5354212,COC(=O)/C=C1/CC[C@H]2[C@@H]3CCC4=CC(=O)CC[C@]4(C)[C@H]3C(=O)C[C@]12C
86289841,25244126,COc1cc(C(=O)O)cc(C/C=C(\C)CC/C=C(\C)CC/C=C(\C)CC/C=C(\C)CC/C=C(\C)CC/C=C(\C)CCC=C(C)C)c1O
25246222,14212362,Nc1nc(O)nc2c1ncn2[C@@H]1O[C@H](COP(=O)(O)O)[C@@H](O)[C@H]1O
25246222,5354212,COC(=O)/C=C1/CC[C@H]2[C@@H]3CCC4=CC(=O)CC[C@]4(C)[C@H]3C(=O)C[C@]12C
25246222,9548795,C/C=C\C(=O)[O-]
53262379,53239731,CC(O)=N[C@@H]1[C@@H](O[C@@H]2O[C@@H](C)[C@@H](O)[C@@H](O)[C@@H]2O)[C@H](O[C@@H]2O[C@H](CO)[C@@H](O)[C@H](O)[C@H]2N=C(C)O)[C@@H](CO[C@@H]2O[C@@H](C)[C@@H](O)[C@@H](O)[C@@H]2O)O[C@H]1O
53262379,196831,COc1cc2c(c(OC)c1CC=C(C)C)C[C@H](c1ccc(O)c(CC=C(C)C)c1O)CO2
90657728,11966221,CC(C)(COP(=O)(O)OP(=O)(O)OC[C@H]1O[C@@H](n2cnc3c(N)ncnc32)[C@H](O)[C@@H]1OP(=O)(O)O)[C@@H](O)C(O)=NCCC(O)=NCCSC(=O)[C@H](O)Cc1ccccc1
90657728,6433272,C[C@@H]1[C@H](O)[C@@H](C)/C=C/C=C/CC/C=C/C=C/C=C/C=C/C(O[C@H]2O[C@H](C)[C@@H](O)[C@H](N)[C@@H]2O)CC2O[C@](O)(CC(O)C(O)CCC(O)CC(O)CC(O)CC(=O)O[C@H]1C)CC(O)C2C(=O)O
90657728,11204813,C[C@H](CC[C@@H](O)[C@@H](O)[C@@H](O)CO[C@@H]1O[C@H](CO)[C@@H](O)[C@H](O)[C@H]1N)[C@H]1CC[C@]2(C)[C@H]3CC[C@@H]4[C@@]5(C)CCCC(C)(C)[C@@H]5CC[C@@]4(C)[C@]3(C)CC[C@@H]12
91855269,70788961,C[C@@H]1O[C@@H](O[C@H]2C(O)O[C@H](CO)[C@H](O)[C@@H]2O[C@H]2O[C@H](CO)[C@H](O)[C@H](O)[C@H]2N)[C@@H](O)[C@H](O)[C@@H]1O
91855269,49859627,COc1cccc2[nH]cc(C/C(=N/OS(=O)(=O)[O-])S[C@@H]3O[C@H](CO)[C@@H](O)[C@H](O)[C@H]3O)c12
91855269,3085232,Cc1cc2sc(-c3ccc(N=Nc4ccc(-c5nc6cc(CSC(N(C)C)=[N+](C)C)c(C)cc6s5)cc4)cc3)nc2cc1CSC(N(C)C)=[N+](C)C
441921,132282124,C[C@@H]1O[C@@H](OCCCCCC(=O)SCCN=C(O)CCN=C(O)[C@H](O)C(C)(C)COP(=O)(O)OP(=O)(O)OC[C@H]2O[C@@H](n3cnc4c(N)ncnc43)[C@H](O)[C@@H]2OP(=O)(O)O)[C@H](O)C[C@H]1O
441921,14213975,C=CC(C)(C)C1=Cc2c(c(C(C)(C)C=C)c3oc(=O)ccc3c2O)OC1(C)C
24779048,5780,OC[C@@H](O)[C@@H](O)[C@H](O)[C@@H](O)CO
24779048,70678725,COC1=C(Br)[C@H](O)[C@@]2(C=C1Br)CC(C(=O)NCCCCNC(=O)C1=NO[C@@]3(C=C(Br)C(=O)[C@H](Br)[C@H]3O)C1)=NO2
24779048,3081970,CC(O)C(=O)SCCN=C(O)CCN=C(O)[C@H](O)C(C)(C)COP(=O)(O)OP(=O)(O)OC[C@H]1O[C@@H](n2cnc3c(N)ncnc32)[C@H](O)[C@@H]1OP(=O)(O)O
10569,23674745,CC(C(=O)[O-])c1ccc(CC2CCCC2=O)cc1.O.O.[Na+]
10569,49832001,CC(=O)O[C@H](CCCCc1ccc(O)cc1)CCc1ccc(O)c(O)c1
5281034,5354212,COC(=O)/C=C1/CC[C@H]2[C@@H]3CCC4=CC(=O)CC[C@]4(C)[C@H]3C(=O)C[C@]12C
5281034,49866746,N=c1nc(O)n([C@H]2C[C@H](O)[C@@H](COP(=O)(O)O)O2)cc1I
122198284,52929771,CCCCCCCCCCCCCCCC/C=C\OC[C@@H](O)COP(=O)(O)O
122198284,38779,CCCSP(=O)(OCC)Oc1ccc(Br)cc1Cl
15606394,53239731,CC(O)=N[C@@H]1[C@@H](O[C@@H]2O[C@@H](C)[C@@H](O)[C@@H](O)[C@@H]2O)[C@H](O[C@@H]2O[C@H](CO)[C@@H](O)[C@H](O)[C@H]2N=C(C)O)[C@@H](CO[C@@H]2O[C@@H](C)[C@@H](O)[C@@H](O)[C@@H]2O)O[C@H]1O
15606394,46878362,COC(=O)CCc1ccc(OCC(O)CNC(C)C)cc1.Cl
94388,5354212,COC(=O)/C=C1/CC[C@H]2[C@@H]3CCC4=CC(=O)CC[C@]4(C)[C@H]3C(=O)C[C@]12C
94388,2145,CCC1(c2ccc(N)cc2)CCC(O)=NC1=O
70698249,86289694,C[C@H](CCCCCCCCC/C=C/C(=O)O)O[C@@H]1O[C@@H](C)[C@H](O)C[C@H]1O
70698249,53239731,CC(O)=N[C@@H]1[C@@H](O[C@@H]2O[C@@H](C)[C@@H](O)[C@@H](O)[C@@H]2O)[C@H](O[C@@H]2O[C@H](CO)[C@@H](O)[C@H](O)[C@H]2N=C(C)O)[C@@H](CO[C@@H]2O[C@@H](C)[C@@H](O)[C@@H](O)[C@@H]2O)O[C@H]1O
70698249,21895630,CC(C)=CCC/C(C)=C/CC/C(C)=C/C(=O)[O-]
126843450,53239731,CC(O)=N[C@@H]1[C@@H](O[C@@H]2O[C@@H](C)[C@@H](O)[C@@H](O)[C@@H]2O)[C@H](O[C@@H]2O[C@H](CO)[C@@H](O)[C@H](O)[C@H]2N=C(C)O)[C@@H](CO[C@@H]2O[C@@H](C)[C@@H](O)[C@@H](O)[C@@H]2O)O[C@H]1O
126843450,442771,COc1ccc(C2COc3cc(O)cc(O)c3C2=O)c(O)c1
568,11954128,Oc1ccc2oc3cc(Cl)ccc3c2c1
568,5780,OC[C@@H](O)[C@@H](O)[C@H](O)[C@@H](O)CO
568,75606,O=C(O)CN=CO
104972,65832,COc1cccc(CCN(C)CCCC(C#N)(c2ccc(OC)c(OC)c2)C(C)C)c1
104972,49859627,COc1cccc2[nH]cc(C/C(=N/OS(=O)(=O)[O-])S[C@@H]3O[C@H](CO)[C@@H](O)[C@H](O)[C@H]3O)c12
104972,75,NCCC=O
213039,440649,Cc1ncc(C[n+]2c(C(O)CCC(=O)O)sc(CCOP(=O)(O)OP(=O)(O)O)c2C)c(=N)[nH]1
213039,10465927,C[C@H](N=C(O)[C@H](C)N=C(O)CN)C(=O)O
86289599,10006666,C[C@H](CCC(O)=NCCS(=O)(=O)O)[C@H]1CC[C@H]2[C@@H]3C(=O)C[C@@H]4C[C@H](O)CC[C@]4(C)[C@H]3C[C@H](O)[C@]12C
86289599,5354212,COC(=O)/C=C1/CC[C@H]2[C@@H]3CCC4=CC(=O)CC[C@]4(C)[C@H]3C(=O)C[C@]12C
86289599,86289347,C/C=C1\N=C(O)[C@H](Cc2ccccc2)N=C(O)[C@H](CCCNC(=N)N)N=C(O)[C@@H](CCN)N=C(O)[C@H](CCN)N=C(O)[C@@H](CO)N=C(O)[C@@H](N=C(O)C[C@H](O)CCCCCCCCC)COC(=O)[C@H]([C@H](O)CCl)N=C(O)[C@H]([C@H](O)C(=O)O)N=C1O
91666328,49859627,COc1cccc2[nH]cc(C/C(=N/OS(=O)(=O)[O-])S[C@@H]3O[C@H](CO)[C@@H](O)[C@H](O)[C@H]3O)c12
91666328,485154,CCCCCCCCCCCCC[C@@H]1CC(O)=N[C@H]([C@@H](C)O)C(O)=N[C@H](C)C(O)=N[C@@H](Cc2ccc(O)cc2)C(O)=N[C@@H](C(C)C)C(=O)N2C[C@H](O)C[C@H]2C(O)=N[C@H]([C@@H](C)O)C(O)=N[C@@H]([C@@H](C)O)C(=O)N2CC[C@H](O)[C@H]2C(O)=N[C@@H]([C@H](O)CC(=N)O)C(O)=NCC(O)=N[C@H]([C@@H](C)O)C(O)=N[C@@H](CCCN)C(=O)O1
91826550,15375588,Cc1cn([C@H]2C[C@H](O)[C@@H](COP(=O)(O)OP(=O)(O)O[C@H]3O[C@@H](C)[C@@H](O)[C@@H](O)[C@H]3O)O2)c(=O)nc1O
91826550,440649,Cc1ncc(C[n+]2c(C(O)CCC(=O)O)sc(CCOP(=O)(O)OP(=O)(O)O)c2C)c(=N)[nH]1
91826550,20839677,C/C=C(/C)C(=O)O[C@H]1c2cc3c(c(OC)c2-c2c(cc4c(c2OC)OCO4)C[C@H](C)[C@]1(C)O)OCO3
20984,5780,OC[C@@H](O)[C@@H](O)[C@H](O)[C@@H](O)CO
20984,279,N=C(O)NC(CC(=O)O)C(=O)O
20984,6475988,CCC/C=C/CCCCCCc1cc(O)cc(O)c1C(=O)OC(CCC)CCCCCCCc1cc(O)cc(O)c1
12309449,637039,CC1=C(/C=C/C(C)=C/C=C/C(C)=C/C=C/C=C(C)/C=C/C=C(C)/C=C/C=C(\C)C(=O)O)C(C)(C)CCC1
12309449,56955923,O=[As]([O-])(O)c1ccccc1
12309449,183138,COc1ccc(O)c([C@@H]2CC(=O)c3c(O)c(C)c(O[C@@H]4O[C@H](CO)[C@@H](O)[C@H](O)[C@H]4O)c(C)c3O2)c1
184900,56955923,O=[As]([O-])(O)c1ccccc1
184900,86289416,CCCCCC(=O)O[C@H]1CC[C@@]2(C)C(=CC[C@H]3[C@@H]4CC[C@H]([C@H](C)CC[C@H](O)C(C)C)[C@@]4(C)CC[C@@H]32)C1
86289655,5780,OC[C@@H](O)[C@@H](O)[C@H](O)[C@@H](O)CO
86289655,5780,OC[C@@H](O)[C@@H](O)[C@H](O)[C@@H](O)CO
86289655,6918933,COc1cccc([C@@]2(O)CCCC[C@@H]2C[NH+](C)C)c1
5372065,23674745,CC(C(=O)[O-])c1ccc(CC2CCCC2=O)cc1.O.O.[Na+]
5372065,102571766,CC/C=C\C/C=C\C=C\C(O)C/C=C\C/C=C\C/C=C\CCC(=O)[O-]
25244523,56955923,O=[As]([O-])(O)c1ccccc1
25244523,53239731,CC(O)=N[C@@H]1[C@@H](O[C@@H]2O[C@@H](C)[C@@H](O)[C@@H](O)[C@@H]2O)[C@H](O[C@@H]2O[C@H](CO)[C@@H](O)[C@H](O)[C@H]2N=C(C)O)[C@@H](CO[C@@H]2O[C@@H](C)[C@@H](O)[C@@H](O)[C@@H]2O)O[C@H]1O
25244523,183138,COc1ccc(O)c([C@@H]2CC(=O)c3c(O)c(C)c(O[C@@H]4O[C@H](CO)[C@@H](O)[C@H](O)[C@H]4O)c(C)c3O2)c1
52924172,5780,OC[C@@H](O)[C@@H](O)[C@H](O)[C@@H](O)CO
52924172,53239731,CC(O)=N[C@@H]1[C@@H](O[C@@H]2O[C@@H](C)[C@@H](O)[C@@H](O)[C@@H]2O)[C@H](O[C@@H]2O[C@H](CO)[C@@H](O)[C@H](O)[C@H]2N=C(C)O)[C@@H](CO[C@@H]2O[C@@H](C)[C@@H](O)[C@@H](O)[C@@H]2O)O[C@H]1O
52924172,10530497,CC(=O)O[C@@H]1CC[C@@]2(C)[C@@H](CC[C@]3(C)/C(=C(\C)C(=O)/C=C/C(C)=C/C=C/C(C)(C)O)C(=O)C[C@@H]23)[C@@]1(C)C(=O)O
23844017,56955923,O=[As]([O-])(O)c1ccccc1
23844017,56955923,O=[As]([O-])(O)c1ccccc1
23844017,91666414,CC/C=C\C/C=C\C/C=C\C/C=C\C/C=C\C/C=C\CCC([O-])=NCCOP(=O)(O)OC[C@H](O)CO
5288725,5780,OC[C@@H](O)[C@@H](O)[C@H](O)[C@@H](O)CO
5288725,13376,CCCCN=CO
5288725,70680373,CCCCCCCCCCCCCCCCCCCCCCC(O)C(O)=N[C@@H](CO)[C@H](O)/C=C/CCCCCCCCCC(C)C
9548906,5354212,COC(=O)/C=C1/CC[C@H]2[C@@H]3CCC4=CC(=O)CC[C@]4(C)[C@H]3C(=O)C[C@]12C
9548906,5282897,CCCCCCCC(O)C(=O)O
53359574,24848269,CC(C)(C)[NH2+]C[C@H](O)COc1cccc2c1CCCC2=O
53359574,56955923,O=[As]([O-])(O)c1ccccc1
53359574,448751,[NH3+]CCc1ccccc1
70678771,6475988,CCC/C=C/CCCCCCc1cc(O)cc(O)c1C(=O)OC(CCC)CCCCCCCc1cc(O)cc(O)c1
70678771,71298190,CC(O)=N[C@H]1C(O)O[C@H](CO)[C@H](O)[C@@H]1O[C@@H]1O[C@H](CO)[C@H](O[C@H]2O[C@H](CO)[C@H](O)[C@H](O)[C@H]2O)[C@H](O)[C@H]1O[C@@H]1O[C@@H](C)[C@@H](O)[C@@H](O)[C@@H]1O
70678771,5459389,CCCCCCCCCCCCC/C=C/[C@@H](O)[C@H](CO[C@@H]1O[C@H](CO)[C@H](O)[C@H](OS(=O)(=O)O)[C@H]1O)N=C(O)[C@H](O)CCCCCCCCCCCCCCCCCCCCCC
442615,14345637,CCCCC/C=C\C/C=C\C/C=C\C/C=C\CCCC(=O)OC(CO)COC(=O)CCCCCCCCCCCCCCCCC
442615,306131,CC(C)(C)C(N)C(=O)O
54584203,134160296,CSC[C@H]1O[C@H](O[C@H]2[C@H](O)[C@H](O)[C@@H](OC[C@H]3O[C@@H](O[C@@H]4[C@@H](OC[C@H]5O[C@H](OC[C@H]6OC(O)[C@@H](O)[C@@H]6O)[C@@H](O)[C@@H]5O[C@H]5O[C@H](CO)[C@@H](O)[C@@H]5O[C@@H]5O[C@H](CO)[C@@H](O)[C@@H]5O)O[C@H](CO)[C@H]4O)[C@@H](O)[C@@H]3O)O[C@@H]2CO)[C@H](O)[C@H]1O
54584203,82050,[Br-].[Li+]
12398,5780,OC[C@@H](O)[C@@H](O)[C@H](O)[C@@H](O)CO
12398,121596220,CC(C(=O)[O-])C(=O)OC(CC(=O)[O-])C[N+](C)(C)C
12398,53477461,CC[C@H](/C=C/C=C\C/C=C\C/C=C\C/C=C\CCCC(=O)O)OO
5281605,5280695,COc1c(O)cc(O)c2c(=O)c(O)c(-c3ccc(O)c(O)c3)oc12
5281605,10825777,NC(Cc1cc(O)c2c(c1)SCC(O)=N2)C(=O)O
5281605,70679179,CCCCCCCCCCCCCCCC(O)C(O)=N[C@@H](COP(=O)([O-])OCC[N+](C)(C)C)[C@H](O)/C=C/CCCCCCCCCC(C)C
45266637,443144,CC(=O)C[C@@H]1CCCN1C
45266637,69212,CC1=CC(=O)C(=O)C=C1O
45266637,6857599,N[C@@H]1CCCC[C@H]1N.O=C(O)C(=O)O.[Pt+2]
56649424,14345637,CCCCC/C=C\C/C=C\C/C=C\C/C=C\CCCC(=O)OC(CO)COC(=O)CCCCCCCCCCCCCCCCC
56649424,11338503,CCCCCCC(=O)OC/C=C(C)/C=C/C=C(C)/C=C/C1=C(C)CCCC1(C)C
90659091,91666374,CCCCC/C=C\C/C=C\C/C=C\C/C=C\CCCC(=O)O[C@H](COC(=O)CCCCCCCCCCCCCCCCC)COP(=O)(O)OP(=O)(O)OC[C@H]1O[C@@H](n2ccc(=N)nc2O)[C@H](O)[C@@H]1O
90659091,49859627,COc1cccc2[nH]cc(C/C(=N/OS(=O)(=O)[O-])S[C@@H]3O[C@H](CO)[C@@H](O)[C@H](O)[C@H]3O)c12
90659091,56927884,N=c1[nH]c2ccc(N=C(O)CCCC(=O)O)cc2[nH]1
10288191,49859627,COc1cccc2[nH]cc(C/C(=N/OS(=O)(=O)[O-])S[C@@H]3O[C@H](CO)[C@@H](O)[C@H](O)[C@H]3O)c12
10288191,440184,O=C(O)C(=O)Cc1ccc(O)c(I)c1
72193701,14212362,Nc1nc(O)nc2c1ncn2[C@@H]1O[C@H](COP(=O)(O)O)[C@@H](O)[C@H]1O
72193701,132282124,C[C@@H]1O[C@@H](OCCCCCC(=O)SCCN=C(O)CCN=C(O)[C@H](O)C(C)(C)COP(=O)(O)OP(=O)(O)OC[C@H]2O[C@@H](n3cnc4c(N)ncnc43)[C@H](O)[C@@H]2OP(=O)(O)O)[C@H](O)C[C@H]1O
72193701,56669874,COc1cc(OC)c2c(c1)O/C(=C\c1ccc(OC)c(O)c1)C2=O
132274112,23674745,CC(C(=O)[O-])c1ccc(CC2CCCC2=O)cc1.O.O.[Na+]
132274112,135563767,N=c1nc([O-])c2ncn([C@@H]3O[C@H](COP(=O)(O)O[C@H]4[C@@H](O)[C@H](n5cnc6c(N)ncnc65)O[C@@H]4CO)[C@@H](O)[C@H]3O)c2[nH]1
91810392,52929771,CCCCCCCCCCCCCCCC/C=C\OC[C@@H](O)COP(=O)(O)O
91810392,9830520,CO/N=C(\C(O)=N[C@@H]1C(=O)N2C(C(=O)O)=C(Cn3ccc(=N)n3CCO)CS[C@H]12)c1csc(=N)[nH]1
70680290,14212362,Nc1nc(O)nc2c1ncn2[C@@H]1O[C@H](COP(=O)(O)O)[C@@H](O)[C@H]1O
70680290,132282124,C[C@@H]1O[C@@H](OCCCCCC(=O)SCCN=C(O)CCN=C(O)[C@H](O)C(C)(C)COP(=O)(O)OP(=O)(O)OC[C@H]2O[C@@H](n3cnc4c(N)ncnc43)[C@H](O)[C@@H]2OP(=O)(O)O)[C@H](O)C[C@H]1O
70680290,24798705,CC1=CC(=O)CC(C)(C)C1(O)/C=C/C(C)=C\C(=O)[O-]
369401,10825777,NC(Cc1cc(O)c2c(c1)SCC(O)=N2)C(=O)O
369401,70678903,CC(C)=CCC/C(C)=C/CC/C(C)=C/CC/C(C)=C/CC/C(C)=C\CC/C(C)=C\CC/C(C)=C\CC/C(C)=C\CC/C(C)=C\CC/C(C)=C\CC/C(C)=C\COP(=O)(O)OP(=O)(O)O[C@H]1O[C@H](C)[C@@H](N=C(C)[O-])[C@H](O[C@H]2O[C@H](CO)[C@H](O[C@H]3O[C@H](CO)[C@H](O)[C@H](O)[C@H]3N=C(C)[O-])[C@H](O)[C@H]2N=C(C)O)[C@H]1N=C(C)O
11450633,5354212,COC(=O)/C=C1/CC[C@H]2[C@@H]3CCC4=CC(=O)CC[C@]4(C)[C@H]3C(=O)C[C@]12C
11450633,18411366,N#P(N)N
15233562,23674745,CC(C(=O)[O-])c1ccc(CC2CCCC2=O)cc1.O.O.[Na+]
15233562,524,O=C(O)C(=O)C(O)C(=O)O
126456461,5354212,COC(=O)/C=C1/CC[C@H]2[C@@H]3CCC4=CC(=O)CC[C@]4(C)[C@H]3C(=O)C[C@]12C
126456461,70789051,CCCCCCCCCCCCCCCCCCCCCCCCCC([O-])=N[C@@H](COP(=O)(O)OC1[C@H](O)[C@H](O)C(O)[C@H](O)[C@H]1O)[C@H](O)CCCCCCCCCCCCCCCCC
86289206,14212362,Nc1nc(O)nc2c1ncn2[C@@H]1O[C@H](COP(=O)(O)O)[C@@H](O)[C@H]1O
86289206,132282124,C[C@@H]1O[C@@H](OCCCCCC(=O)SCCN=C(O)CCN=C(O)[C@H](O)C(C)(C)COP(=O)(O)OP(=O)(O)OC[C@H]2O[C@@H](n3cnc4c(N)ncnc43)[C@H](O)[C@@H]2OP(=O)(O)O)[C@H](O)C[C@H]1O
86289206,91621,O=S(=O)(O)c1cccc2c(NCCN=C(O)CI)cccc12
135563682,5780,OC[C@@H](O)[C@@H](O)[C@H](O)[C@@H](O)CO
135563682,5354212,COC(=O)/C=C1/CC[C@H]2[C@@H]3CCC4=CC(=O)CC[C@]4(C)[C@H]3C(=O)C[C@]12C
135563682,254630,COc1ccc(C2=C(C)c3ccc(OC)cc3OC2(C)C)cc1
135476775,135957087,CC(C)=CCN=c1ncn(CC[C@H](N)C(=O)O)c2[nH]cnc12
135476775,23674745,CC(C(=O)[O-])c1ccc(CC2CCCC2=O)cc1.O.O.[Na+]
135476775,138756230,[N-]=[N+]=NCCCCCCO[C@H]1O[C@H](CO[C@H]2O[C@H](CO[C@H]3O[C@H](CO[C@H]4O[C@H](CO[C@H]5O[C@H](CO)[C@@H](O)[C@H](O)[C@@H]5O)[C@@H](O)[C@H](O)[C@@H]4O[C@H]4O[C@H](CO[C@H]5O[C@H](CO[C@H]6O[C@H](CO[C@H]7O[C@H](CO)[C@@H](O)[C@@H]7O)[C@@H](O[C@H]7O[C@H](CO[C@H]8O[C@H](CO)[C@@H](O)[C@@H]8O)[C@@H](O)[C@@H]7O)[C@@H]6O)[C@@H](O)[C@@H]5O)[C@@H](O)[C@@H]4O)[C@@H](O)[C@H](O)[C@@H]3O[C@H]3O[C@H](CO)[C@@H](O)[C@H](O)[C@@H]3O)[C@@H](O)[C@H](O)[C@@H]2O)[C@@H](O)[C@H](O)[C@@H]1O
5461090,5780,OC[C@@H](O)[C@@H](O)[C@H](O)[C@@H](O)CO
5461090,69212,CC1=CC(=O)C(=O)C=C1O
5461090,25111664,C[C@]12C[C@@]34C=CC(=O)[C@@](C)(CCC(O)=Nc5c(O)cccc5O)[C@@H]3[C@H](C[C@@H]1C4)O2
124202054,10313378,CSC[C@H]1OC(O)[C@H](O)[C@@H]1O
124202054,14345637,CCCCC/C=C\C/C=C\C/C=C\C/C=C\CCCC(=O)OC(CO)COC(=O)CCCCCCCCCCCCCCCCC
124202054,3731,CN(C(=O)CO)c1c(I)c(C(O)=NCC(O)CO)c(I)c(C(O)=NCC(O)CO)c1I
25229565,53239731,CC(O)=N[C@@H]1[C@@H](O[C@@H]2O[C@@H](C)[C@@H](O)[C@@H](O)[C@@H]2O)[C@H](O[C@@H]2O[C@H](CO)[C@@H](O)[C@H](O)[C@H]2N=C(C)O)[C@@H](CO[C@@H]2O[C@@H](C)[C@@H](O)[C@@H](O)[C@@H]2O)O[C@H]1O
25229565,152657,N[C@H](C=O)Cc1cnc[nH]1
5460337,13284402,O=CC(=O)c1c[nH]c2ccccc12
5460337,5780,OC[C@@H](O)[C@@H](O)[C@H](O)[C@@H](O)CO
5460337,24779048,CCCCC/C=C\C/C=C\C/C=C\C/C=C\CCCC(=O)O[C@H](COC(=O)CCCCCCCCCCCCCCCCCCC)COP(=O)([O-])OCC[N+](C)(C)C
129320485,56955923,O=[As]([O-])(O)c1ccccc1
129320485,56655722,CC1(C)C(=O)C(O[C@@H]2O[C@H](CO)[C@@H](O)[C@H](O)[C@H]2O)=C[C@@H]2C1=CC[C@@H]1[C@@]2(C)C(=O)C[C@]2(C)[C@@H]([C@@](C)(O)C(=O)C[C@H]3N=C(O)OC3(C)C)[C@H](O)C[C@@]12C
11652906,10262598,COC(=O)C1=CO[C@@H](O)[C@H]2[C@@H]1CC[C@@H]2C
11652906,5780,OC[C@@H](O)[C@@H](O)[C@H](O)[C@@H](O)CO
11652906,25240371,CCCCC/C=C\C/C=C\CCCCCCCC(=O)OC[C@@H](COC(=O)CCCCCCC/C=C\CCCCCCCC)OC(=O)CCCCCCC/C=C\CCCCCCCC
86289557,5780,OC[C@@H](O)[C@@H](O)[C@H](O)[C@@H](O)CO
86289557,440649,Cc1ncc(C[n+]2c(C(O)CCC(=O)O)sc(CCOP(=O)(O)OP(=O)(O)O)c2C)c(=N)[nH]1
86289557,118796897,CC1C(=O)c2ccccc2NC1C=O
135533054,23674745,CC(C(=O)[O-])c1ccc(CC2CCCC2=O)cc1.O.O.[Na+]
135533054,11481776,C=C(C)[C@@H]1CCC(=C)[C@]2(OO)CC[C@H](C)[C@@H]2C1
90546,5780,OC[C@@H](O)[C@@H](O)[C@H](O)[C@@H](O)CO
90546,279,N=C(O)NC(CC(=O)O)C(=O)O
90546,135398747,CN1C=CC=CC1=C[NH+]=O
9543223,5780,OC[C@@H](O)[C@@H](O)[C@H](O)[C@@H](O)CO
9543223,5780,OC[C@@H](O)[C@@H](O)[C@H](O)[C@@H](O)CO
9543223,440717,O=C(O)C(=O)CS(=O)(=O)O
9548603,13284402,O=CC(=O)c1c[nH]c2ccccc12
9548603,56955923,O=[As]([O-])(O)c1ccccc1
9548603,161748,COc1c2cc(c(O)c1OC)CCCCC(=O)CCc1ccc(O)c-2c1
56927752,6426850,COCC(C)N(C(=O)CS(=O)(=O)O)c1c(C)csc1C
56927752,23674745,CC(C(=O)[O-])c1ccc(CC2CCCC2=O)cc1.O.O.[Na+]
56927752,10105842,CSc1ncc(C[C@@H](C(=O)[O-])[N+](C)(C)C)[nH]1
136666738,49859627,COc1cccc2[nH]cc(C/C(=N/OS(=O)(=O)[O-])S[C@@H]3O[C@H](CO)[C@@H](O)[C@H](O)[C@H]3O)c12
136666738,131801209,C[C@@H]1O[C@H](O[C@@H]2[C@@H](O)[C@H](C)O[C@@H](OCCCCCN)[C@@H]2O)[C@H](O)[C@H](O)[C@H]1O
73674,5354212,COC(=O)/C=C1/CC[C@H]2[C@@H]3CCC4=CC(=O)CC[C@]4(C)[C@H]3C(=O)C[C@]12C
73674,6327678,NP(O)O
135498233,279,N=C(O)NC(CC(=O)O)C(=O)O
135498233,69867,O=C(O)c1c[nH]c2ccccc12
10857031,56955923,O=[As]([O-])(O)c1ccccc1
10857031,132472302,CC(C)[C@@H](C)C[C@H](OS(=O)(=O)O)[C@@H](C)[C@H]1CC[C@H]2[C@@H]3CC(=O)[C@H]4C[C@@H](O)CC[C@]4(C)[C@H]3CC[C@]12C
446987,40490621,CC[C@@H]1O[C@@H]1C/C=C\C/C=C\C/C=C\C/C=C\CCCC(=O)[O-]
446987,69212,CC1=CC(=O)C(=O)C=C1O
446987,448949,O=Nc1c(-c2c(O)[nH]c3cc(Br)ccc23)[nH]c2ccccc12
2735122,5780,OC[C@@H](O)[C@@H](O)[C@H](O)[C@@H](O)CO
2735122,137547,C#CCC(=O)O
2735122,91851869,CC(O)=N[C@H]1[C@@H](O[C@H]2[C@H](O)[C@@H](CO)OC(O)[C@@H]2N=C(C)O)O[C@H](CO)[C@H](O)[C@@H]1O
49800068,52929771,CCCCCCCCCCCCCCCC/C=C\OC[C@@H](O)COP(=O)(O)O
49800068,131801223,CCCCCCCCCCCCCC[C@@H](O)[C@@H](O)[C@H](CO[C@H]1O[C@H](CO)[C@H](O)[C@H](O)[C@H]1O)N=C(O)CCCCCCCCCCCCCCCCCCCCc1ccccc1
5459988,5780,OC[C@@H](O)[C@@H](O)[C@H](O)[C@@H](O)CO
5459988,5780,OC[C@@H](O)[C@@H](O)[C@H](O)[C@@H](O)CO
5459988,5282432,CCCCCOc1ccccc1/C(=C\SC)n1ccnc1.Cl
46843906,440649,Cc1ncc(C[n+]2c(C(O)CCC(=O)O)sc(CCOP(=O)(O)OP(=O)(O)O)c2C)c(=N)[nH]1
46843906,54503904,C[C@@H](N=C(O)[C@H](C#N)C(C)(C)C)c1ccc(Cl)cc1Cl
129626824,52929771,CCCCCCCCCCCCCCCC/C=C\OC[C@@H](O)COP(=O)(O)O
129626824,86289282,CCCCCCCC/C=C\CCCCCCCC(=O)O[C@H](CO)COP(=O)([O-])[O-]
5276374,5354212,COC(=O)/C=C1/CC[C@H]2[C@@H]3CCC4=CC(=O)CC[C@]4(C)[C@H]3C(=O)C[C@]12C
5276374,56955923,O=[As]([O-])(O)c1ccccc1
26133,11560992,CC[C@H](C[C@@H](O)[C@@H](C)[C@H]1CC[C@H]2[C@@H]3CCC4=CC(=O)CC[C@]4(C)[C@H]3CC[C@]12C)C(C)C
26133,52929771,CCCCCCCCCCCCCCCC/C=C\OC[C@@H](O)COP(=O)(O)O
26133,5281605,O=c1cc(-c2ccccc2)oc2cc(O)c(O)c(O)c12
644077,132282124,C[C@@H]1O[C@@H](OCCCCCC(=O)SCCN=C(O)CCN=C(O)[C@H](O)C(C)(C)COP(=O)(O)OP(=O)(O)OC[C@H]2O[C@@H](n3cnc4c(N)ncnc43)[C@H](O)[C@@H]2OP(=O)(O)O)[C@H](O)C[C@H]1O
644077,5003059,CCCCCCCCCCOS(=O)(=O)[O-]
5311181,5354212,COC(=O)/C=C1/CC[C@H]2[C@@H]3CCC4=CC(=O)CC[C@]4(C)[C@H]3C(=O)C[C@]12C
5311181,5460898,CC(C)C[C@@H](N)C(=O)[O-]
85570,56955923,O=[As]([O-])(O)c1ccccc1
85570,5780,OC[C@@H](O)[C@@H](O)[C@H](O)[C@@H](O)CO
85570,83952,CC[C@H]1OC(=O)[C@H](C)[C@@H](O[C@H]2C[C@@](C)(OC)[C@@H](O)[C@H](C)O2)[C@H](C)[C@@H](O[C@@H]2O[C@H](C)C[C@H](N(C)C)[C@H]2O)[C@](C)(O)C[C@@H](C)[C@H](N)[C@H](C)[C@@H](O)[C@]1(C)O
439772,5780,OC[C@@H](O)[C@@H](O)[C@H](O)[C@@H](O)CO
439772,243,O=C(O)c1ccccc1
439772,71728381,CCCCC/C=C\C/C=C\C/C=C\C/C=C\CCCC(=O)O[C@H](COC(=O)CCCCCCC/C=C\CCCCCCCC)COP(=O)(O)OCCN
49852288,5354212,COC(=O)/C=C1/CC[C@H]2[C@@H]3CCC4=CC(=O)CC[C@]4(C)[C@H]3C(=O)C[C@]12C
49852288,135885207,CCN1c2cc3c(cc2C(C)=CC1(C)C)C(=CC=CC=CC1=[N+](CCCS(=O)(=O)O)c2ccc(S(=O)(=O)[O-])cc2C1(C)CCCC(=O)[O-])C=C(C(C)(C)C)O3
10357552,5780,OC[C@@H](O)[C@@H](O)[C@H](O)[C@@H](O)CO
10357552,23674745,CC(C(=O)[O-])c1ccc(CC2CCCC2=O)cc1.O.O.[Na+]
10357552,135460129,CN(C)c1ccc2[nH]c3c(C(=[NH2+])O)cc(=O)c(=O)c=3oc2c1
8093,5780,OC[C@@H](O)[C@@H](O)[C@H](O)[C@@H](O)CO
8093,69212,CC1=CC(=O)C(=O)C=C1O
8093,3339,CC(C)OC(=O)C(C)(C)Oc1ccc(C(=O)c2ccc(Cl)cc2)cc1
78145917,56955923,O=[As]([O-])(O)c1ccccc1
78145917,30951,C=CCOc1ccc(CC(=O)O)cc1Cl
78145917,7010529,CSCC[C@H](N=C(O)[C@@H](N)CC(C)C)C(=O)O
5459949,5780,OC[C@@H](O)[C@@H](O)[C@H](O)[C@@H](O)CO
5459949,10825777,NC(Cc1cc(O)c2c(c1)SCC(O)=N2)C(=O)O
5459949,97051,NCC(O)=NCC(=O)N1CCC[C@H]1C(=O)O
2302673,5354212,COC(=O)/C=C1/CC[C@H]2[C@@H]3CCC4=CC(=O)CC[C@]4(C)[C@H]3C(=O)C[C@]12C
2302673,40490662,CCCCC/C=C\C/C=C\C[C@@H]1O[C@@H]1C/C=C\CCCC(=O)O
46742353,52929771,CCCCCCCCCCCCCCCC/C=C\OC[C@@H](O)COP(=O)(O)O
46742353,10409977,O=C(OCc1ccc(O[C@@H]2O[C@H](CO)[C@@H](O)[C@H](O)[C@H]2O)cc1)c1ccc(O)c(O)c1
849,151730,O=C(O)C1CCC(O)CN1
849,69212,CC1=CC(=O)C(=O)C=C1O
849,86583377,CCCCCCCC/C=C\CCCCCCCC(=O)OC[C@@H](O)COP(=O)([O-])OCC(O)CO
56669874,49852315,O=C1/C(=C/c2ccc(O)c(O)c2)Oc2cc([O-])cc(O)c21
56669874,5354212,COC(=O)/C=C1/CC[C@H]2[C@@H]3CCC4=CC(=O)CC[C@]4(C)[C@H]3C(=O)C[C@]12C
56669874,6443013,CCCCC[C@H](O)/C=C/C=C\CCCCCCCC(=O)O
10481513,49859627,COc1cccc2[nH]cc(C/C(=N/OS(=O)(=O)[O-])S[C@@H]3O[C@H](CO)[C@@H](O)[C@H](O)[C@H]3O)c12
10481513,193513,CCCCCC(=O)OCC[N+](C)(C)C
129626633,52929771,CCCCCCCCCCCCCCCC/C=C\OC[C@@H](O)COP(=O)(O)O
129626633,785,Oc1ccc(O)cc1
15983958,5780,OC[C@@H](O)[C@@H](O)[C@H](O)[C@@H](O)CO
15983958,121596220,CC(C(=O)[O-])C(=O)OC(CC(=O)[O-])C[N+](C)(C)C
15983958,70678771,CCC[C@H](CCCCCCCc1cc(O)cc(O)c1C(=O)O[C@H](CCC)CCCCCCCc1cc(O)cc(O)c1)OC(C)=O
11723631,23674745,CC(C(=O)[O-])c1ccc(CC2CCCC2=O)cc1.O.O.[Na+]
11723631,5288725,CN[C@@H](C)C(=O)O
5282708,5780,OC[C@@H](O)[C@@H](O)[C@H](O)[C@@H](O)CO
5282708,243,O=C(O)c1ccccc1
5282708,5358363,CCCC/C=C/C(=O)OCC
132282489,134160296,CSC[C@H]1O[C@H](O[C@H]2[C@H](O)[C@H](O)[C@@H](OC[C@H]3O[C@@H](O[C@@H]4[C@@H](OC[C@H]5O[C@H](OC[C@H]6OC(O)[C@@H](O)[C@@H]6O)[C@@H](O)[C@@H]5O[C@H]5O[C@H](CO)[C@@H](O)[C@@H]5O[C@@H]5O[C@H](CO)[C@@H](O)[C@@H]5O)O[C@H](CO)[C@H]4O)[C@@H](O)[C@@H]3O)O[C@@H]2CO)[C@H](O)[C@H]1O
132282489,5283387,CCCCCCCC/C=C\CCCCCCCC(=N)O
86289252,5780,OC[C@@H](O)[C@@H](O)[C@H](O)[C@@H](O)CO
86289252,52929771,CCCCCCCCCCCCCCCC/C=C\OC[C@@H](O)COP(=O)(O)O
86289252,9832350,CCCCCCCCCCCCCCCC(=O)OC[C@H]1O[C@@H](O[C@H]2CC[C@@]3(C)C(=CC[C@H]4[C@@H]5CC[C@H]([C@H](C)CC[C@@H](CC)C(C)C)[C@@]5(C)CC[C@@H]43)C2)[C@H](O)[C@@H](O)[C@@H]1O
131708350,14212362,Nc1nc(O)nc2c1ncn2[C@@H]1O[C@H](COP(=O)(O)O)[C@@H](O)[C@H]1O
131708350,6433272,C[C@@H]1[C@H](O)[C@@H](C)/C=C/C=C/CC/C=C/C=C/C=C/C=C/C(O[C@H]2O[C@H](C)[C@@H](O)[C@H](N)[C@@H]2O)CC2O[C@](O)(CC(O)C(O)CCC(O)CC(O)CC(O)CC(=O)O[C@H]1C)CC(O)C2C(=O)O
131708350,12487266,C/C(=C/C=O)CO
124202052,42626433,Nc1ncnc2c1ncn2[C@@H]1O[C@H](COP(=O)(O)OP(=O)(O)OC[C@H]2O[C@H](OP(=O)(O)O)[C@H](O)[C@@H]2O)[C@@H](O)[C@H]1O
124202052,53239731,CC(O)=N[C@@H]1[C@@H](O[C@@H]2O[C@@H](C)[C@@H](O)[C@@H](O)[C@@H]2O)[C@H](O[C@@H]2O[C@H](CO)[C@@H](O)[C@H](O)[C@H]2N=C(C)O)[C@@H](CO[C@@H]2O[C@@H](C)[C@@H](O)[C@@H](O)[C@@H]2O)O[C@H]1O
124202052,72551525,CC/C=C\C/C=C\C/C=C\C/C=C\C/C=C\C/C=C\CCCCCCCCCCCC/C=C/C(=O)SCCN=C([O-])CCN=C([O-])[C@H](O)C(C)(C)COP(=O)(O)OP(=O)(O)OC[C@H]1O[C@@H](n2cnc3c(N)ncnc32)[C@H](O)[C@@H]1OP(=O)([O-])[O-]
74982266,5780,OC[C@@H](O)[C@@H](O)[C@H](O)[C@@H](O)CO
74982266,69212,CC1=CC(=O)C(=O)C=C1O
74982266,348137,O=Cc1c[nH]c2ccccc2c1=O
262800,11460189,CO[C@@H]1C(=O)CC[C@H](C(C)=O)[C@H]1/C(C)=C/CCC(C)C
262800,5780,OC[C@@H](O)[C@@H](O)[C@H](O)[C@@H](O)CO
262800,6919029,COc1cccc([C@]2(O)CCCC[C@H]2C[NH+](C)C)c1
5702161,5354212,COC(=O)/C=C1/CC[C@H]2[C@@H]3CCC4=CC(=O)CC[C@]4(C)[C@H]3C(=O)C[C@]12C
5702161,5280906,C/C=C1/C[C@@H](C)[C@@](C)(O)C(=O)OCC2=CCN3CC[C@@H](OC1=O)[C@@H]23
12304196,10726905,C=C(C)[C@H]1CC[C@@]2(C)CCC=C(C)[C@@H]2C1
12304196,56955923,O=[As]([O-])(O)c1ccccc1
12304196,440217,CC(C)(CO)[C@@H](O)C(O)=NCCC(O)=N[C@@H](CS)C(=O)O
3478,49859627,COc1cccc2[nH]cc(C/C(=N/OS(=O)(=O)[O-])S[C@@H]3O[C@H](CO)[C@@H](O)[C@H](O)[C@H]3O)c12
3478,72193864,CCn1cc(C(=O)O)c(=O)c2c(N)c(F)c(NC3CCCCC3)cc21
134692103,246983,CC(C)=CCC[C@@H](C)[C@H]1CC[C@@]2(C)C3=C(CC[C@]12C)[C@@]1(C)CC[C@H](O)C(C)(C)[C@@H]1CC3
134692103,49859627,COc1cccc2[nH]cc(C/C(=N/OS(=O)(=O)[O-])S[C@@H]3O[C@H](CO)[C@@H](O)[C@H](O)[C@H]3O)c12
134692103,5280550,COc1cc(/C=C/C(=O)O)cc(OC)c1O[C@@H]1O[C@H](CO)[C@@H](O)[C@H](O)[C@H]1O
132282052,5354212,COC(=O)/C=C1/CC[C@H]2[C@@H]3CCC4=CC(=O)CC[C@]4(C)[C@H]3C(=O)C[C@]12C
132282052,446156,COCc1c(C(C)C)nc(C(C)C)c(/C=C/[C@@H](O)C[C@@H](O)CC(=O)O)c1-c1ccc(F)cc1
31703,72715827,CC[C@@]1(O)C[C@H](O[C@H]2C[C@H](N)[C@H](O)[C@H](C)O2)c2c(O)c3c(c(O)c2[C@H]1C(=O)O)C(=O)c1cccc(OC)c1C3=O
31703,440649,Cc1ncc(C[n+]2c(C(O)CCC(=O)O)sc(CCOP(=O)(O)OP(=O)(O)O)c2C)c(=N)[nH]1
31703,11313622,O=c1sn(-c2cccc3ccccc23)c(=O)n1Cc1ccccc1
57485956,46174043,O=P(O)(O)OC[C@H]1O[C@@](CO)(O[C@H]2O[C@H](CO)[C@@H](O)[C@H](O)[C@@H]2O)[C@@H](O)[C@@H]1O
57485956,52929771,CCCCCCCCCCCCCCCC/C=C\OC[C@@H](O)COP(=O)(O)O
57485956,91972198,CCCCCCCCCCCCCC(=O)O[C@H](CCCCCCCCCCC)CC(=O)O[C@@H]1[C@@H](N=C(O)C[C@@H](CCCCCCCCCCC)OC(=O)CCCCCCCCCCC)[C@H](OC[C@H]2O[C@H](OP(=O)(O)OP(=O)(O)O)[C@H](N=C(O)C[C@H](O)CCCCCCCCCCC)[C@@H](OC(=O)C[C@H](O)CCCCCCCCCCC)[C@@H]2O)O[C@H](CO[C@]2(C(=O)O)C[C@@H](O[C@]3(C(=O)O)C[C@@H](O)[C@@H](O)[C@@H]([C@H](O)CO)O3)[C@@H](O[C@H]3O[C@H]([C@@H](O)CO)[C@@H](OP(=O)(O)O)[C@H](O[C@H]4O[C@H]([C@@H](O)CO[C@H]5O[C@H]([C@@H](O)CO)[C@@H](O)[C@H](O)[C@@H]5O)[C@@H](OP(=O)(O)O)[C@H](O[C@H]5O[C@H](CO[C@H]6O[C@H](CO)[C@H](O)[C@H](O)[C@H]6O)[C@@H](O)[C@H](O[C@H]6O[C@H](CO)[C@@H](O)[C@H](O)[C@H]6O[C@H]6O[C@H](CO[C@H]7O[C@H]([C@@H](O)CO)[C@@H](O)[C@H](O)[C@@H]7O)[C@@H](O)[C@H](O)[C@H]6O)[C@H]5O)[C@@H]4O)[C@@H]3O)[C@@H]([C@H](O)CO)O2)[C@H]1OP(=O)(O)O
9832481,440649,Cc1ncc(C[n+]2c(C(O)CCC(=O)O)sc(CCOP(=O)(O)OP(=O)(O)O)c2C)c(=N)[nH]1
9832481,5362376,CCOc1ccccc1OCCN[C@H](C)Cc1ccc(OC)c(S(N)(=O)=O)c1.Cl
9543038,5780,OC[C@@H](O)[C@@H](O)[C@H](O)[C@@H](O)CO
9543038,69212,CC1=CC(=O)C(=O)C=C1O
9543038,5365371,CCCCCCCC/C=C\CCCCCCCCCCCC(=N)O
24856363,5354212,COC(=O)/C=C1/CC[C@H]2[C@@H]3CCC4=CC(=O)CC[C@]4(C)[C@H]3C(=O)C[C@]12C
24856363,254630,COc1ccc(C2=C(C)c3ccc(OC)cc3OC2(C)C)cc1
31264,69212,CC1=CC(=O)C(=O)C=C1O
31264,6992378,C[C@H](N=C(O)CN=C(O)CN)C(=O)O
90657215,13284402,O=CC(=O)c1c[nH]c2ccccc12
90657215,5354212,COC(=O)/C=C1/CC[C@H]2[C@@H]3CCC4=CC(=O)CC[C@]4(C)[C@H]3C(=O)C[C@]12C
90657215,25135703,CC(C)=CCc1c(O)ccc(C(=O)[C@H]2[C@H](c3c(O)cc(-c4cc5ccc(O)cc5o4)cc3O)C=C(C)C[C@H]2c2ccc(O)cc2O)c1O
3081055,53380618,O=P(O)(O)OC1[C@@H](OP(=O)(O)O)[C@H](OP(=O)(O)OP(=O)(O)O)C(O)[C@H](OP(=O)(O)OP(=O)(O)O)[C@H]1OP(=O)(O)O
3081055,52929771,CCCCCCCCCCCCCCCC/C=C\OC[C@@H](O)COP(=O)(O)O
3081055,86289288,C/C=C1/C[C@@H](C)[C@@](C)(O)C(=O)OCC2=CC[NH+]3CC[C@@H](OC1=O)[C@@H]23
121596218,6433272,C[C@@H]1[C@H](O)[C@@H](C)/C=C/C=C/CC/C=C/C=C/C=C/C=C/C(O[C@H]2O[C@H](C)[C@@H](O)[C@H](N)[C@@H]2O)CC2O[C@](O)(CC(O)C(O)CCC(O)CC(O)CC(O)CC(=O)O[C@H]1C)CC(O)C2C(=O)O
121596218,6548,CCC(C)(O)CCCC(C)C
86583435,14212362,Nc1nc(O)nc2c1ncn2[C@@H]1O[C@H](COP(=O)(O)O)[C@@H](O)[C@H]1O
86583435,132282124,C[C@@H]1O[C@@H](OCCCCCC(=O)SCCN=C(O)CCN=C(O)[C@H](O)C(C)(C)COP(=O)(O)OP(=O)(O)OC[C@H]2O[C@@H](n3cnc4c(N)ncnc43)[C@H](O)[C@@H]2OP(=O)(O)O)[C@H](O)C[C@H]1O
86583435,10393333,CC[C@H](C)CC/C=C/C=C(\C)[C@@H](O)C/C=C/C=C/C(=O)O[C@H]1[C@H](O)[C@@H](CO)O[C@]2(OCc3cc(O)cc(O)c32)[C@@H]1O
122196,44237187,NC(Cc1cc(I)c(Oc2cc(I)c(OS(=O)(=O)O)c(I)c2)c(I)c1)C(=O)[O-]
122196,53239731,CC(O)=N[C@@H]1[C@@H](O[C@@H]2O[C@@H](C)[C@@H](O)[C@@H](O)[C@@H]2O)[C@H](O[C@@H]2O[C@H](CO)[C@@H](O)[C@H](O)[C@H]2N=C(C)O)[C@@H](CO[C@@H]2O[C@@H](C)[C@@H](O)[C@@H](O)[C@@H]2O)O[C@H]1O
122196,54584203,CC1(C)CC[C@]2(C(=O)O[C@@H]3O[C@H](CO)[C@@H](O)[C@H](O)[C@H]3O)[C@H](O)C[C@]3(C)C(=CC[C@@H]4[C@@]5(C)CC[C@H](O[C@@H]6O[C@H](C(=O)O)[C@@H](O)[C@H](O[C@@H]7OC[C@H](O)[C@H](O)[C@H]7O[C@@H]7OC[C@@H](O)[C@H](O)[C@H]7O)[C@H]6O[C@@H]6O[C@H](CO)[C@@H](O)[C@H](O)[C@H]6O)C(C)(C)[C@@H]5CC[C@]43C)[C@@H]2C1
70680354,14212362,Nc1nc(O)nc2c1ncn2[C@@H]1O[C@H](COP(=O)(O)O)[C@@H](O)[C@H]1O
70680354,132282124,C[C@@H]1O[C@@H](OCCCCCC(=O)SCCN=C(O)CCN=C(O)[C@H](O)C(C)(C)COP(=O)(O)OP(=O)(O)OC[C@H]2O[C@@H](n3cnc4c(N)ncnc43)[C@H](O)[C@@H]2OP(=O)(O)O)[C@H](O)C[C@H]1O
70680354,12314983,Oc1ccc2c(c1)O[C@H](c1cc(O)c(O)c(O)c1)[C@@H](O)C2
2088,5780,OC[C@@H](O)[C@@H](O)[C@H](O)[C@@H](O)CO
2088,10825777,NC(Cc1cc(O)c2c(c1)SCC(O)=N2)C(=O)O
2088,49801838,COc1ccc(-c2nnc(C(=O)N3CC(Oc4ccc(CN5CC6(COC6)C5)cc4)C3)o2)cc1
70678828,5354212,COC(=O)/C=C1/CC[C@H]2[C@@H]3CCC4=CC(=O)CC[C@]4(C)[C@H]3C(=O)C[C@]12C
70678828,3536342,O=C(O)c1ccccc1C([O-])=Nc1cccc2ccccc12
16058032,5780,OC[C@@H](O)[C@@H](O)[C@H](O)[C@@H](O)CO
16058032,23674745,CC(C(=O)[O-])c1ccc(CC2CCCC2=O)cc1.O.O.[Na+]
16058032,5372065,CC(C)CN=C(O)/C=C/CCCCc1ccc2c(c1)OCO2
16083180,23724670,O=C1CC(c2ccc(O)cc2)Oc2cc(O)c(O)cc21
16083180,52929771,CCCCCCCCCCCCCCCC/C=C\OC[C@@H](O)COP(=O)(O)O
16083180,14396856,C[C@H]1[C@H](C)CC[C@]2(C(=O)O)CC[C@]3(C)C(=CC[C@@H]4[C@@]5(C)CCC(=O)[C@@](C)(CO)[C@@H]5CC[C@]43C)[C@H]12
36400,10210,O=C(O)c1ccccc1-c1ccccc1C(=O)O
36400,23674745,CC(C(=O)[O-])c1ccc(CC2CCCC2=O)cc1.O.O.[Na+]
36400,54699185,COc1ccc(-c2c(O)c3c(OC)c4c(c(CC=C(C)C)c3oc2=O)OC(C)(C)C=C4)cc1
54694262,56955923,O=[As]([O-])(O)c1ccccc1
54694262,5780,OC[C@@H](O)[C@@H](O)[C@H](O)[C@@H](O)CO
54694262,52921892,CC/C=C\C[C@@H](O)/C=C/C=C\C/C=C\C/C=C\CCCC(=O)O
71581123,14212362,Nc1nc(O)nc2c1ncn2[C@@H]1O[C@H](COP(=O)(O)O)[C@@H](O)[C@H]1O
71581123,134160296,CSC[C@H]1O[C@H](O[C@H]2[C@H](O)[C@H](O)[C@@H](OC[C@H]3O[C@@H](O[C@@H]4[C@@H](OC[C@H]5O[C@H](OC[C@H]6OC(O)[C@@H](O)[C@@H]6O)[C@@H](O)[C@@H]5O[C@H]5O[C@H](CO)[C@@H](O)[C@@H]5O[C@@H]5O[C@H](CO)[C@@H](O)[C@@H]5O)O[C@H](CO)[C@H]4O)[C@@H](O)[C@@H]3O)O[C@@H]2CO)[C@H](O)[C@H]1O
71581123,134820072,CCC/C(C)=C/C(O)=N[C@@H](CCC(=N)[O-])C(=O)O
129626615,5780,OC[C@@H](O)[C@@H](O)[C@H](O)[C@@H](O)CO
129626615,14345637,CCCCC/C=C\C/C=C\C/C=C\C/C=C\CCCC(=O)OC(CO)COC(=O)CCCCCCCCCCCCCCCCC
129626615,132282450,C[C@@H]1O[C@@H](OCCCCCCCCCCCCC(=O)[O-])[C@H](O)C[C@H]1O
118770,56955923,O=[As]([O-])(O)c1ccccc1
118770,56955923,O=[As]([O-])(O)c1ccccc1
118770,58177710,CCCCCCCCCCCCCCCC(=O)OC[C@@H](O)COP(=O)(O)OCCN
12315492,56955923,O=[As]([O-])(O)c1ccccc1
12315492,11234718,CC(C)C[C@H](N)C(=O)N1CCC[C@H]1C(O)=N[C@@H](Cc1ccc(O)cc1)C(=O)O
6971305,5780,OC[C@@H](O)[C@@H](O)[C@H](O)[C@@H](O)CO
6971305,5780,OC[C@@H](O)[C@@H](O)[C@H](O)[C@@H](O)CO
6971305,86289946,[NH3+]CCC[NH2+]CCCNCCC[NH2+]CCC[NH3+]
45266519,45266521,O=C(O)[C@H](O)Cc1c[nH]c2ccc(OCc3ccccc3)cc12
45266519,23674745,CC(C(=O)[O-])c1ccc(CC2CCCC2=O)cc1.O.O.[Na+]
45266519,20849232,CCCCC[C@H](O)/C=C/C=C\C=C\C=C\[C@@H](O)[C@@H](O)CCCC(=O)[O-]
11637,5780,OC[C@@H](O)[C@@H](O)[C@H](O)[C@@H](O)CO
11637,1119,O=S=O
11637,135563708,COc1cc(/C(C)=C/CO)oc(=O)c1C
73562,56955923,O=[As]([O-])(O)c1ccccc1
73562,5780,OC[C@@H](O)[C@@H](O)[C@H](O)[C@@H](O)CO
73562,6992044,CSCCC(=O)[O-]
16019969,5780,OC[C@@H](O)[C@@H](O)[C@H](O)[C@@H](O)CO
16019969,1119,O=S=O
16019969,9548817,C=Cc1c(C)c2cc3nc(cc4nc(cc5[nH]c(cc1[n-]2)c(C)c5C=C)C(C)=C4CCC(=O)O)C(CCC(=O)[O-])=C3C.[Fe+3]
70678558,56955923,O=[As]([O-])(O)c1ccccc1
70678558,5280647,O=c1c(O)c(-c2ccc(O)c(O)c2)oc2c(O)c(O)cc(O)c12
91861779,53239731,CC(O)=N[C@@H]1[C@@H](O[C@@H]2O[C@@H](C)[C@@H](O)[C@@H](O)[C@@H]2O)[C@H](O[C@@H]2O[C@H](CO)[C@@H](O)[C@H](O)[C@H]2N=C(C)O)[C@@H](CO[C@@H]2O[C@@H](C)[C@@H](O)[C@@H](O)[C@@H]2O)O[C@H]1O
91861779,97142,COc1cc(OC)c2c(=O)c(O)c(-c3ccc(OC)c(OC)c3)oc2c1
7657,5780,OC[C@@H](O)[C@@H](O)[C@H](O)[C@@H](O)CO
7657,146672896,CC([O-])=N[C@H]1C(O)O[C@H](CO)[C@@H](O)[C@@H]1O[C@H](C)C(O)=N[C@@H](C)C(O)=N[C@H](CCC(=O)O)C(=N)O
49832001,49831950,CC(=O)O[C@@H](CCCCc1ccc(O)cc1)CCc1ccc(O)c(O)c1
49832001,5354212,COC(=O)/C=C1/CC[C@H]2[C@@H]3CCC4=CC(=O)CC[C@]4(C)[C@H]3C(=O)C[C@]12C
49832001,16725794,COC(=O)c1nc(C2CC2)[nH]c(=N)c1Cl
439934,53380618,O=P(O)(O)OC1[C@@H](OP(=O)(O)O)[C@H](OP(=O)(O)OP(=O)(O)O)C(O)[C@H](OP(=O)(O)OP(=O)(O)O)[C@H]1OP(=O)(O)O
439934,10825777,NC(Cc1cc(O)c2c(c1)SCC(O)=N2)C(=O)O
439934,49859737,CCCCCCCCCCCCCCCC(=O)OC[C@H](COP(=O)(O)OC[C@H](N)C(=O)[O-])OC(=O)CCCCCCCCCCCCCCC
71581040,71581128,Cc1nc2n(C)c3c(ncn3[C@@H]3O[C@H](COP(=O)(O)O)[C@@H](O)[C@H]3O)c(=O)n2c1CC[C@H](N)C(=O)O
71581040,440649,Cc1ncc(C[n+]2c(C(O)CCC(=O)O)sc(CCOP(=O)(O)OP(=O)(O)O)c2C)c(=N)[nH]1
71581040,128505,N[C@@H]1[C@@H](O)[C@H](O[C@H]2O[C@H](CO)[C@@H](O)[C@H](N)[C@H]2O)O[C@H](CO)[C@H]1O
452967,23674745,CC(C(=O)[O-])c1ccc(CC2CCCC2=O)cc1.O.O.[Na+]
452967,25245732,O=C([O-])CCCCCCCC1OC1CCCCCCCCO
90657747,121596240,C[C@H](CCC(=O)SCCN=C([O-])CCN=C([O-])[C@H](O)C(C)(C)COP(=O)(O)OP(=O)(O)OC[C@H]1O[C@@H](n2cnc3c(N)ncnc32)[C@H](O)[C@@H]1OP(=O)([O-])[O-])[C@H]1CC[C@H]2[C@@H]3[C@H](O)CC4=CC(=O)CC[C@]4(C)[C@H]3C[C@H](O)[C@]12C
90657747,132282124,C[C@@H]1O[C@@H](OCCCCCC(=O)SCCN=C(O)CCN=C(O)[C@H](O)C(C)(C)COP(=O)(O)OP(=O)(O)OC[C@H]2O[C@@H](n3cnc4c(N)ncnc43)[C@H](O)[C@@H]2OP(=O)(O)O)[C@H](O)C[C@H]1O
90657747,15047965,CCC(C)CCCCCCCCCCCCCCCCCCCCC(=O)O
49859721,10914066,O=C(O)c1cc(O[C@@H]2O[C@H](CO)[C@@H](O)[C@H](O)[C@H]2O)ccc1O
49859721,23674745,CC(C(=O)[O-])c1ccc(CC2CCCC2=O)cc1.O.O.[Na+]
49859721,52951892,CC(=O)O[C@@H]1C[C@H]2C(C)(C)C(=O)C=C[C@]2(C)[C@H]2CC[C@]3(C)C(=CC(=O)[C@@]3(O)c3ccoc3)[C@@]21C
5289353,22806751,CC(O)=N[C@H]1C(O)O[C@H](CO)[C@@H](O[C@@H]2O[C@@H](C)[C@@H](O)[C@@H](O)[C@@H]2O)[C@@H]1O[C@@H]1O[C@H](CO)[C@H](O)[C@H](O)[C@H]1O
5289353,14345637,CCCCC/C=C\C/C=C\C/C=C\C/C=C\CCCC(=O)OC(CO)COC(=O)CCCCCCCCCCCCCCCCC
5289353,10342293,COc1cc(OC)c2oc3cc(O)c(CC=C(C)C)c(O)c3c(=O)c2c1CC=C(C)C
25111664,52929771,CCCCCCCCCCCCCCCC/C=C\OC[C@@H](O)COP(=O)(O)O
25111664,86290129,CC(CO)CCCCCCCCCCCCCC(=O)[O-]
6918248,5354212,COC(=O)/C=C1/CC[C@H]2[C@@H]3CCC4=CC(=O)CC[C@]4(C)[C@H]3C(=O)C[C@]12C
6918248,91972225,CCCCCCCCCCCCCCCCCCCCCCCC[C@@H](C(=O)[O-])[C@H](O)CCCCCCCCCCCCCCCCCC1CC1CCCCCCCCCCC1CC1CCCCCCCCCCCCCCCCCC
86369,5354212,COC(=O)/C=C1/CC[C@H]2[C@@H]3CCC4=CC(=O)CC[C@]4(C)[C@H]3C(=O)C[C@]12C
86369,86290135,CC(=O)O[C@H]1C(O)O[C@H](COP(=O)([O-])OP(=O)([O-])OC[C@H]2O[C@@H](n3cnc4c(N)ncnc43)[C@H](O)[C@@H]2O)[C@H]1O
2083,56955923,O=[As]([O-])(O)c1ccccc1
2083,121596220,CC(C(=O)[O-])C(=O)OC(CC(=O)[O-])C[N+](C)(C)C
2083,70698381,C/C=C(\N=C(O)[C@H](CCCCN)N=C(O)[C@H](C)N=C(O)[C@@H]1CS[C@@H](C)[C@@H](N=C(O)[C@@H]2CSC[C@@H](N=C(O)[C@H](C)N=C(O)[C@@H](N)[C@@H](C)CC)C(O)=N[C@@H](CCCCN)C(O)=N[C@@H](Cc3ccccc3)C(O)=N[C@@H]([C@@H](C)CC)C(O)=N2)C(=O)N2CCC[C@H]2C(O)=NCC(O)=N1)C(O)=NCC(O)=N[C@@H]1CSC[C@@H]2N=C(O)[C@H](Cc3ccc(O)cc3)N=C(O)[C@@H](CS/C=C\N=C2O)N=C(O)[C@H](CC(=N)O)N=C(O)[C@H](Cc2ccccc2)N=C1O
62921,5281006,C/C=C/C1=C(C(=O)O)N2C(=O)[C@@H](N=C(O)[C@H](N)c3ccc(O)cc3)[C@H]2SC1
62921,5354212,COC(=O)/C=C1/CC[C@H]2[C@@H]3CCC4=CC(=O)CC[C@]4(C)[C@H]3C(=O)C[C@]12C
62921,54672239,C/C=C/C1=CC2=CC(=O)[C@@](C)(OC(=O)c3c(C)cc(O)cc3O)C(=O)[C@@]2(O)CO1
80307,5780,OC[C@@H](O)[C@@H](O)[C@H](O)[C@@H](O)CO
80307,3692773,CC(=O)C[NH3+]
80307,80635,Nc1ccc(S(=O)(=O)Nc2ccc(C(=O)O)cc2)cc1
10530497,10816628,COC(/C=C/C(C)(C)O)/C(C)=C/C=C/C(C)=C1\C(=O)C[C@H]2[C@@]3(C)CC[C@@H](OC(C)=O)[C@](C)(C(=O)O)[C@@H]3CC[C@]12C
10530497,440649,Cc1ncc(C[n+]2c(C(O)CCC(=O)O)sc(CCOP(=O)(O)OP(=O)(O)O)c2C)c(=N)[nH]1
10530497,164950,COc1c2ccoc2nc2c(O)cccc12
54730539,53262277,[O]C1=C([O-])[C@@H]([C@@H](O)CO)OC1=O
54730539,69212,CC1=CC(=O)C(=O)C=C1O
54730539,132282134,C[C@@H]1O[C@@H](OCCCCCCC/C=C/C(=O)SCCN=C([O-])CCN=C([O-])[C@H](O)C(C)(C)COP(=O)(O)OP(=O)(O)OC[C@H]2O[C@@H](n3cnc4c(N)ncnc43)[C@H](O)[C@@H]2OP(=O)([O-])[O-])[C@H](O)C[C@H]1O
86289284,76965883,Cc1ccc(S(=O)(=O)O)cc1.N[C@@H]1CCN(c2nc3c(cc2F)c(=O)c(C(=O)O)cn3-c2ccc(F)cc2F)C1
86289284,14345637,CCCCC/C=C\C/C=C\C/C=C\C/C=C\CCCC(=O)OC(CO)COC(=O)CCCCCCCCCCCCCCCCC
86289284,6440615,C/C=C/C=C/C=C\CC/C=C/C=C/C(O)=NCC(C)C
25201556,5780,OC[C@@H](O)[C@@H](O)[C@H](O)[C@@H](O)CO
25201556,13376,CCCCN=CO
25201556,44229184,CC(C)=CCC/C(C)=C/CC/C(C)=C/CC/C(C)=C\CC/C(C)=C\CC/C(C)=C\CC/C(C)=C\CC/C(C)=C\CC/C(C)=C\CC/C(C)=C\CC/C(C)=C\COP(=O)(O)OP(=O)(O)O[C@H]1O[C@H](CO)[C@@H](O[C@@H]2O[C@H](C(=O)[O-])[C@@H](O)[C@H](O)[C@@H]2N=C(C)[O-])[C@H](O)[C@H]1N=C(C)[O-]
121225507,25171912,CCCCCCCCCCCCCCCC[C@H](C)C[C@H](C)C[C@H](C)/C=C(\C)C(=O)O[C@H]1[C@H](O)[C@@H](CO)O[C@H](O[C@H]2O[C@H](CO)[C@@H](O)[C@H](O)[C@H]2OS(=O)(=O)O)[C@@H]1OC(=O)CCCCCCC
121225507,53476539,CSCC[C@H](N=CO)C(O)=N[C@@H](CCCNC(=N)N)C(O)=N[C@H](C(O)=NCC(O)=N[C@@H](CC(=N)O)C(O)=N[C@@H](C)C(O)=N[C@@H](CC(=O)O)C(O)=NP(=O)(OCCCN)OC[C@H]1O[C@@H](n2cnc3c(N)ncnc32)[C@H](O)[C@@H]1O)[C@@H](C)O
121225507,5289353,CC(O)=N[C@@H]1[C@@H](O[C@@H]2O[C@@H](C)[C@@H](O)[C@@H](O)[C@@H]2O)[C@H](O[C@@H]2O[C@H](CO)[C@H](O)[C@H](OS(=O)(=O)O)[C@H]2O)[C@@H](CO)O[C@H]1O
439741,14212362,Nc1nc(O)nc2c1ncn2[C@@H]1O[C@H](COP(=O)(O)O)[C@@H](O)[C@H]1O
439741,49859627,COc1cccc2[nH]cc(C/C(=N/OS(=O)(=O)[O-])S[C@@H]3O[C@H](CO)[C@@H](O)[C@H](O)[C@H]3O)c12
439741,10481513,CCC(C)CC/C=C(\C)C(O)=NC1=C[C@@](O)(/C=C/C=C/C=C/C(O)=NC2=C(O)CCC2=O)[C@H](O)CC1=O
1745,21283465,Cn1cnc(CC(=O)[O-])c1
1745,13376,CCCCN=CO
1745,71312006,CC[C@H](CO)N=c1nc2c(ncn2C(C)C)c(Nc2cccc(-c3ccccn3)c2)[nH]1.Cl.O
639636,23674745,CC(C(=O)[O-])c1ccc(CC2CCCC2=O)cc1.O.O.[Na+]
639636,21125391,COc1c2c(cc3c1-c1c(cc4c(c1OC)OCO4)[C@H](OC(=O)c1ccccc1)[C@@H](C)[C@@H](C)C3)OCO2
11679714,132282124,C[C@@H]1O[C@@H](OCCCCCC(=O)SCCN=C(O)CCN=C(O)[C@H](O)C(C)(C)COP(=O)(O)OP(=O)(O)OC[C@H]2O[C@@H](n3cnc4c(N)ncnc43)[C@H](O)[C@@H]2OP(=O)(O)O)[C@H](O)C[C@H]1O
11679714,70698998,CCCCCCCCCC/C=C/[C@@H](O)[C@H](COP(=O)(O)OCCN)N=C(O)CCCCCCCCCCCCCCCCC
2783,56955923,O=[As]([O-])(O)c1ccccc1
2783,23674745,CC(C(=O)[O-])c1ccc(CC2CCCC2=O)cc1.O.O.[Na+]
2783,71728342,CO[C@@H]1[C@@H](O)[C@H](O[C@@H]2[C@@H](O)[C@H](O[C@H]3[C@H](O)[C@@H](O)[C@H](O[C@H]4[C@H](O[C@H]5CC[C@]6(C)C7=C[C@H](O)C89C(=O)O[C@@](C)(CCC(O)C(C)C)[C@@]8(O)CC[C@@]9(C)[C@@H]7CC[C@H]6C5(C)C)OC[C@@H](OS(=O)(=O)O)[C@@H]4O)O[C@@H]3C)O[C@H](CO)[C@H]2O)O[C@H](CO)[C@H]1O
70678762,5354212,COC(=O)/C=C1/CC[C@H]2[C@@H]3CCC4=CC(=O)CC[C@]4(C)[C@H]3C(=O)C[C@]12C
70678762,122391229,C=CCCCC1CC1=C
122706306,126843487,C[C@H](CCC(=O)SCCN=C(O)CCN=C(O)[C@H](O)C(C)(C)COP(=O)(O)OP(=O)(O)OC[C@H]1O[C@@H](n2cnc3c(N)ncnc32)[C@H](O)[C@@H]1OP(=O)(O)O)[C@H]1CC[C@H]2[C@@H]3[C@H](O)C[C@@H]4CC(=O)CC[C@]4(C)[C@H]3C[C@H](O)[C@]12C
122706306,134160296,CSC[C@H]1O[C@H](O[C@H]2[C@H](O)[C@H](O)[C@@H](OC[C@H]3O[C@@H](O[C@@H]4[C@@H](OC[C@H]5O[C@H](OC[C@H]6OC(O)[C@@H](O)[C@@H]6O)[C@@H](O)[C@@H]5O[C@H]5O[C@H](CO)[C@@H](O)[C@@H]5O[C@@H]5O[C@H](CO)[C@@H](O)[C@@H]5O)O[C@H](CO)[C@H]4O)[C@@H](O)[C@@H]3O)O[C@@H]2CO)[C@H](O)[C@H]1O
122706306,195870,O=C(O)OP(=O)(O)O
652,5780,OC[C@@H](O)[C@@H](O)[C@H](O)[C@@H](O)CO
652,5780,OC[C@@H](O)[C@@H](O)[C@H](O)[C@@H](O)CO
652,185588,Cc1cc(Cl)ccc1O[C@H](C)C(=O)O
9548784,5780,OC[C@@H](O)[C@@H](O)[C@H](O)[C@@H](O)CO
9548784,86289860,O=C(O)C[C@H](O)CCCCCCCO
9548784,133019,CC(C)CCC[C@@H](C)[C@H]1CC[C@H]2[C@@H]3C(N)C=C4C[C@@H](O)CC[C@]4(C)[C@H]3CC[C@]12C
49867229,5354212,COC(=O)/C=C1/CC[C@H]2[C@@H]3CCC4=CC(=O)CC[C@]4(C)[C@H]3C(=O)C[C@]12C
49867229,183138,COc1ccc(O)c([C@@H]2CC(=O)c3c(O)c(C)c(O[C@@H]4O[C@H](CO)[C@@H](O)[C@H](O)[C@H]4O)c(C)c3O2)c1
5460870,5780,OC[C@@H](O)[C@@H](O)[C@H](O)[C@@H](O)CO
5460870,69212,CC1=CC(=O)C(=O)C=C1O
5460870,3168,O=C(CCCN1CC=C(n2c(O)nc3ccccc32)CC1)c1ccc(F)cc1
86289088,25202011,O=C([O-])Nc1cncn1[C@@H]1O[C@H](COP(=O)([O-])[O-])[C@@H](O)[C@H]1O
86289088,49859627,COc1cccc2[nH]cc(C/C(=N/OS(=O)(=O)[O-])S[C@@H]3O[C@H](CO)[C@@H](O)[C@H](O)[C@H]3O)c12
86289088,119219,O=CCc1ccc(O)c(O)c1
6998031,5780,OC[C@@H](O)[C@@H](O)[C@H](O)[C@@H](O)CO
6998031,10825777,NC(Cc1cc(O)c2c(c1)SCC(O)=N2)C(=O)O
6998031,10455148,N[C@@H](CCC(O)=N[C@@H](CSSC[C@H](N)C(=O)O)C(O)=NCC(=O)O)C(=O)O
467296,49859627,COc1cccc2[nH]cc(C/C(=N/OS(=O)(=O)[O-])S[C@@H]3O[C@H](CO)[C@@H](O)[C@H](O)[C@H]3O)c12
467296,6950480,CC[C@H](C)C(=O)[O-]
66093,56955923,O=[As]([O-])(O)c1ccccc1
66093,279,N=C(O)NC(CC(=O)O)C(=O)O
66093,121596220,CC(C(=O)[O-])C(=O)OC(CC(=O)[O-])C[N+](C)(C)C
321,1179,O=C(O)CCc1c2[nH]c(c1CC(=O)O)Cc1[nH]c(c(CC(=O)O)c1CCC(=O)O)Cc1[nH]c(c(CC(=O)O)c1CCC(=O)O)Cc1[nH]c(c(CCC(=O)O)c1CC(=O)O)C2
321,53239731,CC(O)=N[C@@H]1[C@@H](O[C@@H]2O[C@@H](C)[C@@H](O)[C@@H](O)[C@@H]2O)[C@H](O[C@@H]2O[C@H](CO)[C@@H](O)[C@H](O)[C@H]2N=C(C)O)[C@@H](CO[C@@H]2O[C@@H](C)[C@@H](O)[C@@H](O)[C@@H]2O)O[C@H]1O
321,442426,C[C@@H](C=O)[C@H]1CC[C@H](C)[C@H]1C=O
66125,5780,OC[C@@H](O)[C@@H](O)[C@H](O)[C@@H](O)CO
66125,56955923,O=[As]([O-])(O)c1ccccc1
66125,637568,COC(=O)/C=C/C(=O)OC
38362126,49831756,Oc1ccc(/C=C/CC[C@@H](O)CCc2ccc(O)c(O)c2)cc1
38362126,23674745,CC(C(=O)[O-])c1ccc(CC2CCCC2=O)cc1.O.O.[Na+]
38362126,56965901,CC(C)C(O)=Nc1ncc(-c2cc(C(F)F)nn2-c2c(Cl)cccc2Cl)s1
13996693,70678725,COC1=C(Br)[C@H](O)[C@@]2(C=C1Br)CC(C(=O)NCCCCNC(=O)C1=NO[C@@]3(C=C(Br)C(=O)[C@H](Br)[C@H]3O)C1)=NO2
13996693,6726,CN1CCN(C(c2ccccc2)c2ccccc2)CC1
91855786,91849027,O=C(O)C1=C(O)[C@H](O)[C@@H](O)[C@H](O[C@H]2[C@H](O)[C@@H](NS(=O)(=O)O)C(O)O[C@@H]2COS(=O)(=O)O)O1
91855786,49859627,COc1cccc2[nH]cc(C/C(=N/OS(=O)(=O)[O-])S[C@@H]3O[C@H](CO)[C@@H](O)[C@H](O)[C@H]3O)c12
91855786,56965901,CC(C)C(O)=Nc1ncc(-c2cc(C(F)F)nn2-c2c(Cl)cccc2Cl)s1
53477461,5780,OC[C@@H](O)[C@@H](O)[C@H](O)[C@@H](O)CO
53477461,5354212,COC(=O)/C=C1/CC[C@H]2[C@@H]3CCC4=CC(=O)CC[C@]4(C)[C@H]3C(=O)C[C@]12C
53477461,23844017,C=C(Oc1cccc(C(=O)O)c1)C(=O)O
72193751,14212362,Nc1nc(O)nc2c1ncn2[C@@H]1O[C@H](COP(=O)(O)O)[C@@H](O)[C@H]1O
72193751,132282124,C[C@@H]1O[C@@H](OCCCCCC(=O)SCCN=C(O)CCN=C(O)[C@H](O)C(C)(C)COP(=O)(O)OP(=O)(O)OC[C@H]2O[C@@H](n3cnc4c(N)ncnc43)[C@H](O)[C@@H]2OP(=O)(O)O)[C@H](O)C[C@H]1O
72193751,11831045,CC1=C[C@@H]2[C@@H](C(C)C)CC[C@H](C)[C@]2(O)CC1
9905162,23674745,CC(C(=O)[O-])c1ccc(CC2CCCC2=O)cc1.O.O.[Na+]
9905162,92136201,N[C@@H](CCC([O-])=Nc1ccc2ccccc2c1)C(=O)O
11638,5780,OC[C@@H](O)[C@@H](O)[C@H](O)[C@@H](O)CO
11638,6329,CN
11638,91760,CS(=O)(=O)c1ccc(C(=O)C2C(=O)CCCC2=O)c(Cl)c1
38779,56955923,O=[As]([O-])(O)c1ccccc1
38779,5354212,COC(=O)/C=C1/CC[C@H]2[C@@H]3CCC4=CC(=O)CC[C@]4(C)[C@H]3C(=O)C[C@]12C
38779,86289647,CCCCC/C=C\C/C=C\C/C=C\C/C=C\CCCC(=O)O[C@H](COC(=O)CCCCCCC/C=C\CCCCCCCC)COP(=O)(O)OC1[C@H](O)[C@H](O)C(O)[C@H](O)[C@H]1O
71728428,5780,OC[C@@H](O)[C@@H](O)[C@H](O)[C@@H](O)CO
71728428,134160296,CSC[C@H]1O[C@H](O[C@H]2[C@H](O)[C@H](O)[C@@H](OC[C@H]3O[C@@H](O[C@@H]4[C@@H](OC[C@H]5O[C@H](OC[C@H]6OC(O)[C@@H](O)[C@@H]6O)[C@@H](O)[C@@H]5O[C@H]5O[C@H](CO)[C@@H](O)[C@@H]5O[C@@H]5O[C@H](CO)[C@@H](O)[C@@H]5O)O[C@H](CO)[C@H]4O)[C@@H](O)[C@@H]3O)O[C@@H]2CO)[C@H](O)[C@H]1O
71728428,71581024,CC(C)=CCC/C(C)=C/CC/C(C)=C/CC/C(C)=C\CC/C(C)=C\CC/C(C)=C\CC/C(C)=C\CC/C(C)=C\CC/C(C)=C\CC/C(C)=C\CC/C(C)=C\COP(=O)(O)OP(=O)(O)O[C@H]1O[C@H](CO)[C@H](O)[C@H](O[C@H]2O[C@H](CO)[C@H](O)[C@H](O[C@@H]3O[C@H](CO)[C@H](O)[C@H](O)[C@H]3O)[C@H]2N=C(C)O)[C@H]1N=C(C)O
137333890,5354212,COC(=O)/C=C1/CC[C@H]2[C@@H]3CCC4=CC(=O)CC[C@]4(C)[C@H]3C(=O)C[C@]12C
137333890,185639,CCCCCCCCCCCCCCCCCCCCCCCCCCCCCCCCCCO
23391637,5780,OC[C@@H](O)[C@@H](O)[C@H](O)[C@@H](O)CO
23391637,23674745,CC(C(=O)[O-])c1ccc(CC2CCCC2=O)cc1.O.O.[Na+]
23391637,6366484,CCCCCCC(CCCC)COS(=O)(=O)O
6420179,5780,OC[C@@H](O)[C@@H](O)[C@H](O)[C@@H](O)CO
6420179,30951,C=CCOc1ccc(CC(=O)O)cc1Cl
6420179,86289284,Cc1ccc(S(=O)(=O)O)cc1.N[C@@H]1CCN(c2nc3c(cc2F)c(=O)c(C(=O)O)cn3-c2ccc(F)cc2F)C1.O
3672,56955923,O=[As]([O-])(O)c1ccccc1
3672,56955923,O=[As]([O-])(O)c1ccccc1
3672,24857881,C[C@H](/C=C/C1=CC2=C(Cl)C(=O)[C@@]3(C)O[C@]4(O)[C@H](C)[C@@H](C)OC(=O)[C@@H]4[C@H]3C2=CO1)[C@@H](C)O
91826539,86583354,CCCCCCCCCCCCCC(=O)O[C@H](CCCCCCCCCCC)CC(=O)O[C@@H]1[C@@H](N=C(O)C[C@@H](CCCCCCCCCCC)OC(=O)CCCCCCCCCCC)[C@H](OC[C@H]2O[C@H](OP(=O)(O)OP(=O)(O)OCCN)[C@H](N=C(O)C[C@H](O)CCCCCCCCCCC)[C@@H](OC(=O)C[C@H](O)CCCCCCCCCCC)[C@@H]2O)O[C@H](CO[C@]2(C(=O)O)C[C@@H](O)[C@@H](O[C@H]3O[C@H]([C@@H](O)CO)[C@@H](O)[C@H](O[C@H]4O[C@H]([C@@H](O)CO)[C@@H](O)[C@H](OP(=O)(O)OCCN)[C@@H]4O)[C@@H]3O)[C@@H]([C@H](O)CO)O2)[C@H]1OP(=O)(O)OP(=O)(O)O
91826539,86289647,CCCCC/C=C\C/C=C\C/C=C\C/C=C\CCCC(=O)O[C@H](COC(=O)CCCCCCC/C=C\CCCCCCCC)COP(=O)(O)OC1[C@H](O)[C@H](O)C(O)[C@H](O)[C@H]1O
101987000,132282124,C[C@@H]1O[C@@H](OCCCCCC(=O)SCCN=C(O)CCN=C(O)[C@H](O)C(C)(C)COP(=O)(O)OP(=O)(O)OC[C@H]2O[C@@H](n3cnc4c(N)ncnc43)[C@H](O)[C@@H]2OP(=O)(O)O)[C@H](O)C[C@H]1O
101987000,132282140,C[C@@H]1O[C@@H](OCCCCCCCC/C=C/C(=O)SCCN=C([O-])CCN=C([O-])[C@H](O)C(C)(C)COP(=O)(O)OP(=O)(O)OC[C@H]2O[C@@H](n3cnc4c(N)ncnc43)[C@H](O)[C@@H]2OP(=O)([O-])[O-])[C@H](O)C[C@H]1O
86583406,5780,OC[C@@H](O)[C@@H](O)[C@H](O)[C@@H](O)CO
86583406,53239731,CC(O)=N[C@@H]1[C@@H](O[C@@H]2O[C@@H](C)[C@@H](O)[C@@H](O)[C@@H]2O)[C@H](O[C@@H]2O[C@H](CO)[C@@H](O)[C@H](O)[C@H]2N=C(C)O)[C@@H](CO[C@@H]2O[C@@H](C)[C@@H](O)[C@@H](O)[C@@H]2O)O[C@H]1O
86583406,135398696,OC(Cc1ccccc1)=Nc1ncc(-c2ccc(O)cc2)nc1Cc1ccccc1
20603332,52929771,CCCCCCCCCCCCCCCC/C=C\OC[C@@H](O)COP(=O)(O)O
20603332,785072,N#Cc1ccccc1/C=C/C(=O)O
70789028,53380618,O=P(O)(O)OC1[C@@H](OP(=O)(O)O)[C@H](OP(=O)(O)OP(=O)(O)O)C(O)[C@H](OP(=O)(O)OP(=O)(O)O)[C@H]1OP(=O)(O)O
70789028,53239731,CC(O)=N[C@@H]1[C@@H](O[C@@H]2O[C@@H](C)[C@@H](O)[C@@H](O)[C@@H]2O)[C@H](O[C@@H]2O[C@H](CO)[C@@H](O)[C@H](O)[C@H]2N=C(C)O)[C@@H](CO[C@@H]2O[C@@H](C)[C@@H](O)[C@@H](O)[C@@H]2O)O[C@H]1O
70789028,376,CC(=O)CC(O)CC(=O)O
5460212,440649,Cc1ncc(C[n+]2c(C(O)CCC(=O)O)sc(CCOP(=O)(O)OP(=O)(O)O)c2C)c(=N)[nH]1
5460212,126843487,C[C@H](CCC(=O)SCCN=C(O)CCN=C(O)[C@H](O)C(C)(C)COP(=O)(O)OP(=O)(O)OC[C@H]1O[C@@H](n2cnc3c(N)ncnc32)[C@H](O)[C@@H]1OP(=O)(O)O)[C@H]1CC[C@H]2[C@@H]3[C@H](O)C[C@@H]4CC(=O)CC[C@]4(C)[C@H]3C[C@H](O)[C@]12C
5321164,49859627,COc1cccc2[nH]cc(C/C(=N/OS(=O)(=O)[O-])S[C@@H]3O[C@H](CO)[C@@H](O)[C@H](O)[C@H]3O)c12
5321164,25058191,[Ti].[cH-]1[cH-][cH-][cH-][cH-]1.c1cc[cH-]c1
11027987,440649,Cc1ncc(C[n+]2c(C(O)CCC(=O)O)sc(CCOP(=O)(O)OP(=O)(O)O)c2C)c(=N)[nH]1
11027987,16078994,CCCCCCCC/C=C\CCCCCCCC(=O)OC[C@@H](COP(O)(O)=S)OC
134160281,131801242,C[C@@H]1O[C@@H](O[C@@H]2[C@H](O)[C@@H](O)[C@@H](O)O[C@@H]2C(=O)[O-])[C@H](O[C@H]2O[C@H](C(=O)[O-])[C@H](O)[C@H](O)[C@H]2O)[C@H](O)[C@H]1O
134160281,53239731,CC(O)=N[C@@H]1[C@@H](O[C@@H]2O[C@@H](C)[C@@H](O)[C@@H](O)[C@@H]2O)[C@H](O[C@@H]2O[C@H](CO)[C@@H](O)[C@H](O)[C@H]2N=C(C)O)[C@@H](CO[C@@H]2O[C@@H](C)[C@@H](O)[C@@H](O)[C@@H]2O)O[C@H]1O
134160281,52921892,CC/C=C\C[C@@H](O)/C=C/C=C\C/C=C\C/C=C\CCCC(=O)O
139600860,135567475,CCCCCCCCCCCCCCCCCCCCCCCCCC(O)=N[C@@H](CO[C@H]1O[C@H](CO)[C@H](OCc2ccc(C)cc2)[C@H](O)[C@H]1O)[C@H](O)[C@H](O)CCCCCCCCCCCCCC
139600860,132282124,C[C@@H]1O[C@@H](OCCCCCC(=O)SCCN=C(O)CCN=C(O)[C@H](O)C(C)(C)COP(=O)(O)OP(=O)(O)OC[C@H]2O[C@@H](n3cnc4c(N)ncnc43)[C@H](O)[C@@H]2OP(=O)(O)O)[C@H](O)C[C@H]1O
139600860,69413,N#CCNCC#N
21636178,5354212,COC(=O)/C=C1/CC[C@H]2[C@@H]3CCC4=CC(=O)CC[C@]4(C)[C@H]3C(=O)C[C@]12C
21636178,5281604,COc1cc(O)cc2oc(-c3ccc(O)c(O)c3)c(O)c(=O)c12
20843327,16069997,CC/C=C\C[C@@H]1OC1=C/C=C\CCCCCCCC(=O)[O-]
20843327,23674745,CC(C(=O)[O-])c1ccc(CC2CCCC2=O)cc1.O.O.[Na+]
20843327,6426909,CC[C@H]1C[C@H]2CN3CCc4c([nH]c5ccccc45)[C@](C(=O)OC)(C2)[C@H]13
16898,5780,OC[C@@H](O)[C@@H](O)[C@H](O)[C@@H](O)CO
16898,5354212,COC(=O)/C=C1/CC[C@H]2[C@@H]3CCC4=CC(=O)CC[C@]4(C)[C@H]3C(=O)C[C@]12C
16898,11957475,Cl.OC(CN1CCN(c2cccc(Cl)c2)CC1)C(c1ccccc1)c1ccccc1
132282120,86289694,C[C@H](CCCCCCCCC/C=C/C(=O)O)O[C@@H]1O[C@@H](C)[C@H](O)C[C@H]1O
132282120,23674745,CC(C(=O)[O-])c1ccc(CC2CCCC2=O)cc1.O.O.[Na+]
132282120,25201337,CCCCCC(=O)c1c(O)cc2c(c1O)C(=O)c1c([O-])cc([O-])cc1C2=O
53477645,134160296,CSC[C@H]1O[C@H](O[C@H]2[C@H](O)[C@H](O)[C@@H](OC[C@H]3O[C@@H](O[C@@H]4[C@@H](OC[C@H]5O[C@H](OC[C@H]6OC(O)[C@@H](O)[C@@H]6O)[C@@H](O)[C@@H]5O[C@H]5O[C@H](CO)[C@@H](O)[C@@H]5O[C@@H]5O[C@H](CO)[C@@H](O)[C@@H]5O)O[C@H](CO)[C@H]4O)[C@@H](O)[C@@H]3O)O[C@@H]2CO)[C@H](O)[C@H]1O
53477645,546,O=C(O)CP(=O)(O)O
90659878,5780,OC[C@@H](O)[C@@H](O)[C@H](O)[C@@H](O)CO
90659878,440649,Cc1ncc(C[n+]2c(C(O)CCC(=O)O)sc(CCOP(=O)(O)OP(=O)(O)O)c2C)c(=N)[nH]1
90659878,185588,Cc1cc(Cl)ccc1O[C@H](C)C(=O)O
442260,49859627,COc1cccc2[nH]cc(C/C(=N/OS(=O)(=O)[O-])S[C@@H]3O[C@H](CO)[C@@H](O)[C@H](O)[C@H]3O)c12
442260,440064,C[C@H](C(=O)O)[C@H](N)C(=O)O
102067377,5780,OC[C@@H](O)[C@@H](O)[C@H](O)[C@@H](O)CO
102067377,10825777,NC(Cc1cc(O)c2c(c1)SCC(O)=N2)C(=O)O
102067377,442153,CC(C)=CCc1cc([C@@H]2CC(=O)c3c(O)cc(O)cc3O2)cc(CC=C(C)C)c1O
102164179,5780,OC[C@@H](O)[C@@H](O)[C@H](O)[C@@H](O)CO
102164179,23674745,CC(C(=O)[O-])c1ccc(CC2CCCC2=O)cc1.O.O.[Na+]
102164179,135510207,CC(C)N=c1[nH]c(O)nc(=N)[nH]1
69248,443144,CC(=O)C[C@@H]1CCCN1C
69248,69212,CC1=CC(=O)C(=O)C=C1O
69248,91847324,OC[C@H]1OC(O[C@H]2[C@H](O)[C@@H](O)[C@@H](O[C@H]3[C@H](O)[C@@H](O)[C@H](O)O[C@@H]3CO)O[C@@H]2CO)[C@H](O)[C@@H](O)[C@@H]1O
445282,5780,OC[C@@H](O)[C@@H](O)[C@H](O)[C@@H](O)CO
445282,5780,OC[C@@H](O)[C@@H](O)[C@H](O)[C@@H](O)CO
445282,91856437,OC[C@H]1O[C@@H](O[C@H]2C(O)O[C@H](CO)[C@H](O)[C@@H]2O)[C@H](O)[C@@H](O)[C@H]1O
7583,44237187,NC(Cc1cc(I)c(Oc2cc(I)c(OS(=O)(=O)O)c(I)c2)c(I)c1)C(=O)[O-]
7583,5780,OC[C@@H](O)[C@@H](O)[C@H](O)[C@@H](O)CO
7583,46878378,COc1ccc(C2COc3cc([O-])cc(O)c3C2=O)cc1
102030,23674745,CC(C(=O)[O-])c1ccc(CC2CCCC2=O)cc1.O.O.[Na+]
102030,5283833,C[C@H](CCC(=O)O)[C@H]1CC[C@H]2[C@@H]3CC[C@H]4C[C@H](O)CC[C@]4(C)[C@H]3C[C@H](O)[C@]12C
5312868,5780,OC[C@@H](O)[C@@H](O)[C@H](O)[C@@H](O)CO
5312868,5354212,COC(=O)/C=C1/CC[C@H]2[C@@H]3CCC4=CC(=O)CC[C@]4(C)[C@H]3C(=O)C[C@]12C
5312868,86289164,CC/C=C\C/C=C\C/C=C\C/C=C\C/C=C\CCCCCCCCCCCC(=O)[O-]
7418,56955923,O=[As]([O-])(O)c1ccccc1
7418,69212,CC1=CC(=O)C(=O)C=C1O
7418,91857585,CC(O)=N[C@@H]1[C@@H](O[C@H]2O[C@H](CO)[C@H](O)[C@H](O[C@@H]3O[C@H](CO)[C@H](O)[C@H](O)[C@H]3O[C@@H]3O[C@@H](C)[C@@H](O)[C@@H](O)[C@@H]3O)[C@H]2N=C(C)O)[C@@H](O)[C@@H](CO)O[C@@H]1O
6885,69212,CC1=CC(=O)C(=O)C=C1O
6885,124202052,N=C(NCCC[C@H](N)C(=O)[O-])N[C@H]1O[C@H](COP(=O)(O)OP(=O)(O)OC[C@H]2O[C@@H](n3cnc4c(N)ncnc43)[C@H](O)[C@@H]2O)[C@@H](O)[C@H]1O
53239741,53239760,C[C@H](N=C(O)[C@H](CCC(=N)O)N=C(O)CN)C(O)=NCC(O)=N[C@@H](Cc1cscn1)C(O)=N[C@@H](CC[C@H](CN)O[C@@H]1O[C@H](CO)[C@H](O)[C@H](O)[C@H]1O)C(O)=NCC(O)=N[C@@H](CCC(=O)O)C(O)=N[C@@H](CCC(=N)O)C(O)=NCC(=O)N1CCC[C@H]1C(O)=N[C@@H](CCCCN)C(O)=NCC(O)=N[C@@H](CCC(=O)O)C(O)=N[C@H](C(=O)O)[C@@H](C)O
53239741,3339,CC(C)OC(=O)C(C)(C)Oc1ccc(C(=O)c2ccc(Cl)cc2)cc1
83887,5780,OC[C@@H](O)[C@@H](O)[C@H](O)[C@@H](O)CO
83887,69212,CC1=CC(=O)C(=O)C=C1O
83887,72551570,CCCCCC/C=C\CCCCCCCCC[C@@H](O)CC(=O)SCCN=C(O)CCN=C(O)[C@H](O)C(C)(C)COP(=O)(O)OP(=O)(O)OC[C@H]1O[C@@H](n2cnc3c(N)ncnc32)[C@H](O)[C@@H]1OP(=O)(O)O
443629,49859627,COc1cccc2[nH]cc(C/C(=N/OS(=O)(=O)[O-])S[C@@H]3O[C@H](CO)[C@@H](O)[C@H](O)[C@H]3O)c12
443629,104972,COc1ccc(CCNCCCC(C#N)(c2ccc(OC)c(OC)c2)C(C)C)cc1OC
91825578,5780,OC[C@@H](O)[C@@H](O)[C@H](O)[C@@H](O)CO
91825578,49859627,COc1cccc2[nH]cc(C/C(=N/OS(=O)(=O)[O-])S[C@@H]3O[C@H](CO)[C@@H](O)[C@H](O)[C@H]3O)c12
91825578,118796879,CC/C=C\C/C=C\CC(O)/C=C/C=C\C/C=C\C/C=C\CCC(=O)[O-]
9841162,53344596,COc1cc2c(cc1O)[C@H](c1cc(O)c(O)c(OC)c1)[C@@H](C)[C@@H](C)C2
9841162,5354212,COC(=O)/C=C1/CC[C@H]2[C@@H]3CCC4=CC(=O)CC[C@]4(C)[C@H]3C(=O)C[C@]12C
9841162,5280612,CCCCCCCC/C=C\CCCCCCCC(=O)OCC(=O)COP(=O)(O)O
71627238,70678725,COC1=C(Br)[C@H](O)[C@@]2(C=C1Br)CC(C(=O)NCCCCNC(=O)C1=NO[C@@]3(C=C(Br)C(=O)[C@H](Br)[C@H]3O)C1)=NO2
71627238,46173958,Oc1cc(O)c2c(c1)O[C@@]1(c3ccc(O)c(O)c3)Oc3cc(O)c4c(c3[C@@H]2[C@H]1O)O[C@H](c1ccc(O)c(O)c1)[C@H](O)[C@H]4c1c(O)cc(O)c2c1O[C@H](c1ccc(O)c(O)c1)[C@@H](O)C2
25246274,5780,OC[C@@H](O)[C@@H](O)[C@H](O)[C@@H](O)CO
25246274,5780,OC[C@@H](O)[C@@H](O)[C@H](O)[C@@H](O)CO
25246274,131801216,CCCCCCCCCCCCCCCCCCCCCCCC[C@@H](C(=O)O)[C@H](O)CCCCCCCCCCCCCCC[C@@H]1C[C@@H]1CCCCCCCCCCCCCCCC[C@@H](OC)[C@H](C)CCCCCCCCCCCCCCCCCC
91825749,121935,CC(C)CCC[C@](C)(O)[C@H]1CC[C@H]2[C@@H]3CC=C4C[C@@H](O)CC[C@]4(C)[C@H]3CC[C@@]21C
91825749,52929771,CCCCCCCCCCCCCCCC/C=C\OC[C@@H](O)COP(=O)(O)O
91825749,90657283,Cc1cn([C@H]2C[C@H](O)[C@@H](COP(=O)([O-])OP(=O)(O)O[C@@H]3CCC(=O)[C@@H](C)O3)O2)c(=O)nc1[O-]
86341926,134160296,CSC[C@H]1O[C@H](O[C@H]2[C@H](O)[C@H](O)[C@@H](OC[C@H]3O[C@@H](O[C@@H]4[C@@H](OC[C@H]5O[C@H](OC[C@H]6OC(O)[C@@H](O)[C@@H]6O)[C@@H](O)[C@@H]5O[C@H]5O[C@H](CO)[C@@H](O)[C@@H]5O[C@@H]5O[C@H](CO)[C@@H](O)[C@@H]5O)O[C@H](CO)[C@H]4O)[C@@H](O)[C@@H]3O)O[C@@H]2CO)[C@H](O)[C@H]1O
86341926,5464097,C[C@H](N[C@@H](CCc1ccccc1)C(=O)O)C(=O)N1[C@H](C(=O)O)C[C@H]2CCCC[C@@H]21
71581163,14212362,Nc1nc(O)nc2c1ncn2[C@@H]1O[C@H](COP(=O)(O)O)[C@@H](O)[C@H]1O
71581163,134160296,CSC[C@H]1O[C@H](O[C@H]2[C@H](O)[C@H](O)[C@@H](OC[C@H]3O[C@@H](O[C@@H]4[C@@H](OC[C@H]5O[C@H](OC[C@H]6OC(O)[C@@H](O)[C@@H]6O)[C@@H](O)[C@@H]5O[C@H]5O[C@H](CO)[C@@H](O)[C@@H]5O[C@@H]5O[C@H](CO)[C@@H](O)[C@@H]5O)O[C@H](CO)[C@H]4O)[C@@H](O)[C@@H]3O)O[C@@H]2CO)[C@H](O)[C@H]1O
71581163,9832481,N=c1ccc2c(-c3ccc(C(=O)O)cc3C(=O)O)c3ccc(N)c(S(=O)(=O)O)c3oc-2c1S(=O)(=O)O
24459,5780,OC[C@@H](O)[C@@H](O)[C@H](O)[C@@H](O)CO
24459,23674745,CC(C(=O)[O-])c1ccc(CC2CCCC2=O)cc1.O.O.[Na+]
24459,3406,Cc1cn[nH]c1
91772,5354212,COC(=O)/C=C1/CC[C@H]2[C@@H]3CCC4=CC(=O)CC[C@]4(C)[C@H]3C(=O)C[C@]12C
91772,6455816,CC(O)COCC(COCC(C)O)(COCC(C)O)COCC(C)O
71768063,49859627,COc1cccc2[nH]cc(C/C(=N/OS(=O)(=O)[O-])S[C@@H]3O[C@H](CO)[C@@H](O)[C@H](O)[C@H]3O)c12
71768063,5280550,COc1cc(/C=C/C(=O)O)cc(OC)c1O[C@@H]1O[C@H](CO)[C@@H](O)[C@H](O)[C@H]1O
23615388,21283465,Cn1cnc(CC(=O)[O-])c1
23615388,443144,CC(=O)C[C@@H]1CCCN1C
23615388,6603933,C[Se]C[C@@H](N)C(=O)O
766745,56955923,O=[As]([O-])(O)c1ccccc1
766745,56955923,O=[As]([O-])(O)c1ccccc1
766745,115104,Cc1cnc2ccc3c(nc(NO)n3C)c2n1
72715810,5780,OC[C@@H](O)[C@@H](O)[C@H](O)[C@@H](O)CO
72715810,53239731,CC(O)=N[C@@H]1[C@@H](O[C@@H]2O[C@@H](C)[C@@H](O)[C@@H](O)[C@@H]2O)[C@H](O[C@@H]2O[C@H](CO)[C@@H](O)[C@H](O)[C@H]2N=C(C)O)[C@@H](CO[C@@H]2O[C@@H](C)[C@@H](O)[C@@H](O)[C@@H]2O)O[C@H]1O
72715810,5280647,O=c1c(O)c(-c2ccc(O)c(O)c2)oc2c(O)c(O)cc(O)c12
890,53380618,O=P(O)(O)OC1[C@@H](OP(=O)(O)O)[C@H](OP(=O)(O)OP(=O)(O)O)C(O)[C@H](OP(=O)(O)OP(=O)(O)O)[C@H]1OP(=O)(O)O
890,53239731,CC(O)=N[C@@H]1[C@@H](O[C@@H]2O[C@@H](C)[C@@H](O)[C@@H](O)[C@@H]2O)[C@H](O[C@@H]2O[C@H](CO)[C@@H](O)[C@H](O)[C@H]2N=C(C)O)[C@@H](CO[C@@H]2O[C@@H](C)[C@@H](O)[C@@H](O)[C@@H]2O)O[C@H]1O
890,20848909,Nc1ccccc1C(=O)C[C@H](N)C(=O)[O-]
86289706,86289694,C[C@H](CCCCCCCCC/C=C/C(=O)O)O[C@@H]1O[C@@H](C)[C@H](O)C[C@H]1O
86289706,49859627,COc1cccc2[nH]cc(C/C(=N/OS(=O)(=O)[O-])S[C@@H]3O[C@H](CO)[C@@H](O)[C@H](O)[C@H]3O)c12
86289706,6440666,CC[C@@H](CO)[C@@H]1[C@](C)(C(=O)/C=C\O)[C@H]2[C@H](C)C[C@@](C)(O)C[C@@H]2C(=O)[C@@]1(C)O
54676254,129659,O=c1ccc2ccc(OS(=O)(=O)O)cc2o1
54676254,52929771,CCCCCCCCCCCCCCCC/C=C\OC[C@@H](O)COP(=O)(O)O
54676254,53957771,C[C@]12CC[C@H]3[C@@H](CCC4CCCC[C@@]43C)[C@H]1CC[C@@H]2C1=CC(=O)OC1
25245616,1136,Cc1ncsc1CCO
25245616,56955923,O=[As]([O-])(O)c1ccccc1
25245616,91828241,CC(O)=N[C@@H]1[C@@H](O)[C@H](O[C@@H]2O[C@H](CO)[C@@H](O[C@@H]3O[C@H](CO[C@H]4O[C@H](CO)[C@@H](O)[C@H](O)[C@@H]4O[C@@H]4O[C@H](CO)[C@@H](O[C@@H]5O[C@H](CO)[C@H](O)[C@H](O[C@H]6O[C@H](CO)[C@H](O)[C@H](O)[C@H]6O)[C@H]5O[C@@H]5O[C@@H](C)[C@@H](O)[C@@H](O)[C@@H]5O)[C@H](O)[C@H]4N=C(C)O)[C@@H](O)[C@H](O[C@H]4O[C@H](CO)[C@@H](O)[C@H](O)[C@@H]4O[C@@H]4O[C@H](CO)[C@@H](O[C@@H]5O[C@H](CO)[C@H](O)[C@H](O[C@H]6O[C@H](CO)[C@H](O)[C@H](O)[C@H]6O)[C@H]5O[C@@H]5O[C@@H](C)[C@@H](O)[C@@H](O)[C@@H]5O)[C@H](O)[C@H]4N=C(C)O)[C@@H]3O)[C@H](O)[C@H]2N=C(C)O)[C@@H](CO[C@@H]2O[C@@H](C)[C@@H](O)[C@@H](O)[C@@H]2O)O[C@H]1O
42433476,49859627,COc1cccc2[nH]cc(C/C(=N/OS(=O)(=O)[O-])S[C@@H]3O[C@H](CO)[C@@H](O)[C@H](O)[C@H]3O)c12
42433476,5353454,CC(/C=C/c1cccc(Oc2ccc(F)cc2)c1)N(O)C(=N)O
129320393,5780,OC[C@@H](O)[C@@H](O)[C@H](O)[C@@H](O)CO
129320393,5780,OC[C@@H](O)[C@@H](O)[C@H](O)[C@@H](O)CO
129320393,10690,O=C(O)[C@H](O)[C@@H](O)[C@H](O)[C@H](O)CO
51351675,53239760,C[C@H](N=C(O)[C@H](CCC(=N)O)N=C(O)CN)C(O)=NCC(O)=N[C@@H](Cc1cscn1)C(O)=N[C@@H](CC[C@H](CN)O[C@@H]1O[C@H](CO)[C@H](O)[C@H](O)[C@H]1O)C(O)=NCC(O)=N[C@@H](CCC(=O)O)C(O)=N[C@@H](CCC(=N)O)C(O)=NCC(=O)N1CCC[C@H]1C(O)=N[C@@H](CCCCN)C(O)=NCC(O)=N[C@@H](CCC(=O)O)C(O)=N[C@H](C(=O)O)[C@@H](C)O
51351675,92136174,CC(O)=N[C@@H]1[C@@H](O)[C@H](O[C@@H]2O[C@H](CO)[C@@H](O[C@@H]3O[C@H](CO[C@H]4O[C@H](CO)[C@@H](O)[C@H](O)[C@@H]4O[C@@H]4O[C@H](CO)[C@@H](O[C@@H]5O[C@H](CO)[C@H](O)[C@H](O[C@@H]6O[C@H](CO)[C@@H](O[C@@H]7O[C@H](CO)[C@H](O)[C@H](O[C@@H]8O[C@H](CO)[C@@H](O[C@@H]9O[C@H](CO)[C@H](O)[C@H](O[C@@H]%10O[C@H](CO)[C@@H](O[C@@H]%11O[C@H](CO)[C@H](O)[C@H](O[C@@H]%12O[C@H](CO)[C@@H](O[C@@H]%13O[C@H](CO)[C@H](O)[C@H](O)[C@H]%13O)[C@H](O)[C@H]%12N=C(C)O)[C@H]%11O)[C@H](O)[C@H]%10N=C(C)O)[C@H]9O)[C@H](O)[C@H]8N=C(C)O)[C@H]7O)[C@H](O)[C@H]6N=C(C)O)[C@H]5O)[C@H](O)[C@H]4N=C(C)O)[C@@H](O)[C@H](O[C@H]4O[C@H](CO)[C@@H](O)[C@H](O)[C@@H]4O[C@@H]4O[C@H](CO)[C@@H](O[C@@H]5O[C@H](CO)[C@H](O)[C@H](O[C@@H]6O[C@H](CO)[C@@H](O[C@@H]7O[C@H](CO)[C@H](O)[C@H](O[C@@H]8O[C@H](CO)[C@@H](O[C@@H]9O[C@H](CO)[C@H](O)[C@H](O[C@@H]%10O[C@H](CO)[C@@H](O[C@@H]%11O[C@H](CO)[C@H](O)[C@H](O[C@@H]%12O[C@H](CO)[C@@H](O[C@@H]%13O[C@H](CO)[C@H](O)[C@H](O)[C@H]%13O)[C@H](O)[C@H]%12N=C(C)O)[C@H]%11O)[C@H](O)[C@H]%10N=C(C)O)[C@H]9O)[C@H](O)[C@H]8N=C(C)O)[C@H]7O)[C@H](O)[C@H]6N=C(C)O)[C@H]5O)[C@H](O)[C@H]4N=C(C)O)[C@@H]3O)[C@H](O)[C@H]2N=C(C)O)[C@@H](CO)O[C@H]1O
10877230,5780,OC[C@@H](O)[C@@H](O)[C@H](O)[C@@H](O)CO
10877230,69212,CC1=CC(=O)C(=O)C=C1O
10877230,131801208,C[C@@H]1O[C@@H](O[C@@H]2[C@@H](O)[C@H](C)O[C@@H](OCCCCCN)[C@@H]2O)[C@H](O)[C@H](O)[C@H]1O
46878552,132282124,C[C@@H]1O[C@@H](OCCCCCC(=O)SCCN=C(O)CCN=C(O)[C@H](O)C(C)(C)COP(=O)(O)OP(=O)(O)OC[C@H]2O[C@@H](n3cnc4c(N)ncnc43)[C@H](O)[C@@H]2OP(=O)(O)O)[C@H](O)C[C@H]1O
46878552,25320183,Nc1ncnc2c1ncn2[C@H]1C[C@H](O)[C@@H](COP(=O)([O-])OP(=O)([O-])OP(=O)([O-])[O-])O1
46173511,86289694,C[C@H](CCCCCCCCC/C=C/C(=O)O)O[C@@H]1O[C@@H](C)[C@H](O)C[C@H]1O
46173511,5780,OC[C@@H](O)[C@@H](O)[C@H](O)[C@@H](O)CO
46173511,11902903,C[C@H](N)C(=O)N1CCC[C@H]1C(O)=NCC(=O)O
643956,13284402,O=CC(=O)c1c[nH]c2ccccc12
643956,121596220,CC(C(=O)[O-])C(=O)OC(CC(=O)[O-])C[N+](C)(C)C
643956,5312802,C[C@@H](O)CCCCC/C=C/C(=O)O
46906075,5780,OC[C@@H](O)[C@@H](O)[C@H](O)[C@@H](O)CO
46906075,5780,OC[C@@H](O)[C@@H](O)[C@H](O)[C@@H](O)CO
46906075,102026334,COc1cc(/C=C/C(=O)CC(=O)/C=C/c2ccc(O[C@@H]3O[C@H](CO[C@@H]4O[C@H](CO[C@@H]5O[C@H](CO[C@@H]6O[C@H](CO)[C@@H](O)[C@H](O)[C@H]6O)[C@@H](O)[C@H](O)[C@H]5O)[C@@H](O)[C@H](O)[C@H]4O)[C@@H](O)[C@H](O)[C@H]3O)c(OC)c2)ccc1O
24742076,53380618,O=P(O)(O)OC1[C@@H](OP(=O)(O)O)[C@H](OP(=O)(O)OP(=O)(O)O)C(O)[C@H](OP(=O)(O)OP(=O)(O)O)[C@H]1OP(=O)(O)O
24742076,49859627,COc1cccc2[nH]cc(C/C(=N/OS(=O)(=O)[O-])S[C@@H]3O[C@H](CO)[C@@H](O)[C@H](O)[C@H]3O)c12
24742076,10409977,O=C(OCc1ccc(O[C@@H]2O[C@H](CO)[C@@H](O)[C@H](O)[C@H]2O)cc1)c1ccc(O)c(O)c1
15257197,54684684,O=C(O)c1cc(O)c2cccc([O-])c2n1
15257197,121596220,CC(C(=O)[O-])C(=O)OC(CC(=O)[O-])C[N+](C)(C)C
15257197,24597,[Cr].[K+].[K+].[O-].[O-].[O].[O]
129626663,40490621,CC[C@@H]1O[C@@H]1C/C=C\C/C=C\C/C=C\C/C=C\CCCC(=O)[O-]
129626663,5354212,COC(=O)/C=C1/CC[C@H]2[C@@H]3CCC4=CC(=O)CC[C@]4(C)[C@H]3C(=O)C[C@]12C
129626663,5353609,COC(=O)/C=C/c1cc(O)ccc1O
7945,5780,OC[C@@H](O)[C@@H](O)[C@H](O)[C@@H](O)CO
7945,69212,CC1=CC(=O)C(=O)C=C1O
7945,5281635,O=c1c2cc(O)ccc2oc2cc(O)cc(O)c12
15940186,5354212,COC(=O)/C=C1/CC[C@H]2[C@@H]3CCC4=CC(=O)CC[C@]4(C)[C@H]3C(=O)C[C@]12C
15940186,1570,On1ccccc1=S
10358776,119035,COC1=C(O)C(=O)C(C)=CC1=O
10358776,23674745,CC(C(=O)[O-])c1ccc(CC2CCCC2=O)cc1.O.O.[Na+]
10358776,91847929,OC[C@H]1O[C@@H](O)[C@H](O)[C@@H](O)[C@@H]1O[C@@H]1OC[C@@H](O)[C@H](O)[C@H]1O
442813,44602469,O=c1c(-c2ccc(OS(=O)(=O)O)cc2)coc2cc(O[C@@H]3O[C@H](COS(=O)(=O)[O-])[C@@H](O)[C@H](O)[C@H]3O)cc([O-])c12
442813,52929771,CCCCCCCCCCCCCCCC/C=C\OC[C@@H](O)COP(=O)(O)O
442813,2145,CCC1(c2ccc(N)cc2)CCC(O)=NC1=O
167305,52929771,CCCCCCCCCCCCCCCC/C=C\OC[C@@H](O)COP(=O)(O)O
167305,72144,Cc1cc(O)c([C@@H]2C[C@H]3CC[C@]2(C)C3(C)C)cc1C
5282729,5780,OC[C@@H](O)[C@@H](O)[C@H](O)[C@@H](O)CO
5282729,5780,OC[C@@H](O)[C@@H](O)[C@H](O)[C@@H](O)CO
5282729,53239763,CC1=CC(=O)CC(C)(C)[C@@]1(O)/C=C/C(C)=C/C(=O)OC1O[C@H](CO)[C@@H](O)[C@H](O)[C@H]1O
131801230,51041863,CCCCCCCCCCCCC/C=C/[C@@H](O)[C@H](CO[C@@H]1O[C@H](CO)[C@@H](O[C@@H]2O[C@H](CO)[C@H](O[C@@H]3O[C@H](CO)[C@H](O)[C@H](O)[C@H]3N=C(C)O)[C@H](O[C@@H]3O[C@H](CO)[C@@H](O)[C@H](O[C@@H]4O[C@H](CO)[C@H](O[C@@H]5O[C@H](CO)[C@H](O)[C@H](O)[C@H]5N=C(C)O)[C@H](O[C@]5(C(=O)O)C[C@H](O)[C@@H](N=C(C)O)[C@H]([C@H](O)[C@H](O)CO)O5)[C@H]4O)[C@H]3N=C(C)O)[C@H]2O)[C@H](O)[C@H]1O)N=C(O)CCCCCCCCCCCCCCCCC
131801230,91851125,CO[C@H]1[C@@H](O)[C@@H](CO)O[C@@H](O[C@H]2[C@H](O)[C@@H](N=C(C)O)C(O)O[C@@H]2CO)[C@@H]1O[C@@H]1O[C@@H](C)[C@@H](O)[C@@H](O)[C@@H]1O
49792018,70678725,COC1=C(Br)[C@H](O)[C@@]2(C=C1Br)CC(C(=O)NCCCCNC(=O)C1=NO[C@@]3(C=C(Br)C(=O)[C@H](Br)[C@H]3O)C1)=NO2
49792018,91846847,C[C@@H]1O[C@@H](O[C@@H]2[C@@H](O)[C@H](O[C@@H]3O[C@H](CO)[C@H](O)[C@H](O)[C@H]3O)[C@@H](CO)O[C@@H]2O)[C@@H](O)[C@H](O)[C@@H]1O
611,5780,OC[C@@H](O)[C@@H](O)[C@H](O)[C@@H](O)CO
611,69212,CC1=CC(=O)C(=O)C=C1O
611,91851341,OC[C@H]1O[C@@H](O)[C@H](O[C@@H]2OC[C@H](O)[C@H](O)[C@H]2O)[C@@H](O)[C@@H]1O
25171076,25171912,CCCCCCCCCCCCCCCC[C@H](C)C[C@H](C)C[C@H](C)/C=C(\C)C(=O)O[C@H]1[C@H](O)[C@@H](CO)O[C@H](O[C@H]2O[C@H](CO)[C@@H](O)[C@H](O)[C@H]2OS(=O)(=O)O)[C@@H]1OC(=O)CCCCCCC
25171076,6433272,C[C@@H]1[C@H](O)[C@@H](C)/C=C/C=C/CC/C=C/C=C/C=C/C=C/C(O[C@H]2O[C@H](C)[C@@H](O)[C@H](N)[C@@H]2O)CC2O[C@](O)(CC(O)C(O)CCC(O)CC(O)CC(O)CC(=O)O[C@H]1C)CC(O)C2C(=O)O
25171076,70698350,CC1=C(CCC(=O)[O-])C2=N[C@@]1(C)CC1=C(CCC(=O)[O-])[C@](C)(CC(=O)[O-])C(=N1)/C=C1\N[C@@](C)([C@@H]3N=C(C2C)[C@](C)(CCC(=O)[O-])[C@H]3CC(=O)[O-])[C@@](C)(CC(=O)O)[C@@H]1CCC(=O)[O-]
138701,56927828,CC1(C)[C@H]2CC[C@]1(C)[C@H](OP(=O)(O)OP(=O)(O)O)C2
138701,69212,CC1=CC(=O)C(=O)C=C1O
138701,86289881,C[C@H](CCCCCCCCCCCC(=O)O[C@@H]1O[C@H](CO)[C@@H](O)[C@H](O)[C@H]1O)O[C@@H]1O[C@@H](C)[C@H](O)C[C@H]1O
23104037,5780,OC[C@@H](O)[C@@H](O)[C@H](O)[C@@H](O)CO
23104037,69212,CC1=CC(=O)C(=O)C=C1O
23104037,132472333,O=C([O-])CC/C=C\C/C=C\C[C@@H](O)/C=C/C=C/C=C\[C@@H](O)C/C=C\CCO
131801216,53262337,CCCCCCCCCCCCCCCCCCCCCCCC[C@@H](C(=O)O)[C@H](O)CCCCCCCCCCCCCCCCC[C@H]1C[C@H]1CCCCCCCCCCCCCCCC[C@@H](OC)[C@H](C)CCCCCCCCCCCCCCCCCC
131801216,134160296,CSC[C@H]1O[C@H](O[C@H]2[C@H](O)[C@H](O)[C@@H](OC[C@H]3O[C@@H](O[C@@H]4[C@@H](OC[C@H]5O[C@H](OC[C@H]6OC(O)[C@@H](O)[C@@H]6O)[C@@H](O)[C@@H]5O[C@H]5O[C@H](CO)[C@@H](O)[C@@H]5O[C@@H]5O[C@H](CO)[C@@H](O)[C@@H]5O)O[C@H](CO)[C@H]4O)[C@@H](O)[C@@H]3O)O[C@@H]2CO)[C@H](O)[C@H]1O
131801216,12313148,Cc1cc(O)c2c(c1)C(=O)c1ccc(O)c(O)c1C2=O
70679240,132282124,C[C@@H]1O[C@@H](OCCCCCC(=O)SCCN=C(O)CCN=C(O)[C@H](O)C(C)(C)COP(=O)(O)OP(=O)(O)OC[C@H]2O[C@@H](n3cnc4c(N)ncnc43)[C@H](O)[C@@H]2OP(=O)(O)O)[C@H](O)C[C@H]1O
70679240,135413494,Cl.OC1=NC2=Nc3ccc(Cl)c(Cl)c3CN2C1
17209,23674745,CC(C(=O)[O-])c1ccc(CC2CCCC2=O)cc1.O.O.[Na+]
17209,131801208,C[C@@H]1O[C@@H](O[C@@H]2[C@@H](O)[C@H](C)O[C@@H](OCCCCCN)[C@@H]2O)[C@H](O)[C@H](O)[C@H]1O
11158025,71298190,CC(O)=N[C@H]1C(O)O[C@H](CO)[C@H](O)[C@@H]1O[C@@H]1O[C@H](CO)[C@H](O[C@H]2O[C@H](CO)[C@H](O)[C@H](O)[C@H]2O)[C@H](O)[C@H]1O[C@@H]1O[C@@H](C)[C@@H](O)[C@@H](O)[C@@H]1O
11158025,5353,COc1cc(S(C)=O)ccc1-c1nc2cccnc2[nH]1
5460801,5780,OC[C@@H](O)[C@@H](O)[C@H](O)[C@@H](O)CO
5460801,279,N=C(O)NC(CC(=O)O)C(=O)O
5460801,13984470,COc1cc(-c2cc(=O)c3c(O)cc(OC4O[C@H](CO)[C@@H](O)[C@H](O)[C@H]4O)cc3o2)cc(OC)c1O
4479093,5780,OC[C@@H](O)[C@@H](O)[C@H](O)[C@@H](O)CO
4479093,5354212,COC(=O)/C=C1/CC[C@H]2[C@@H]3CCC4=CC(=O)CC[C@]4(C)[C@H]3C(=O)C[C@]12C
4479093,11968038,CCCCCCCCCCCCCCCCCCN1C(=CC=CC2=[N+](CCCCCCCCCCCCCCCCCC)c3ccccc3C2(C)C)C(C)(C)c2ccccc21.[O-][Cl+3]([O-])([O-])[O-]
11961810,5780,OC[C@@H](O)[C@@H](O)[C@H](O)[C@@H](O)CO
11961810,5780,OC[C@@H](O)[C@@H](O)[C@H](O)[C@@H](O)CO
11961810,6857381,O=C([O-])C(=O)[C@@H](O)[C@H](O)[C@H](O)CO
6440666,5354212,COC(=O)/C=C1/CC[C@H]2[C@@H]3CCC4=CC(=O)CC[C@]4(C)[C@H]3C(=O)C[C@]12C
6440666,56669874,COc1cc(OC)c2c(c1)O/C(=C\c1ccc(OC)c(O)c1)C2=O
73296,53239731,CC(O)=N[C@@H]1[C@@H](O[C@@H]2O[C@@H](C)[C@@H](O)[C@@H](O)[C@@H]2O)[C@H](O[C@@H]2O[C@H](CO)[C@@H](O)[C@H](O)[C@H]2N=C(C)O)[C@@H](CO[C@@H]2O[C@@H](C)[C@@H](O)[C@@H](O)[C@@H]2O)O[C@H]1O
73296,135563649,CC[C@H](C)[C@H]1C(=O)OC2c3cc(C)cc(O)c3C3=C(C(=O)c4c(O)cccc4C3=O)N21
65366,14345637,CCCCC/C=C\C/C=C\C/C=C\C/C=C\CCCC(=O)OC(CO)COC(=O)CCCCCCCCCCCCCCCCC
65366,5282729,CCCCCCCCC/C=C/C(=O)O
135531196,5354212,COC(=O)/C=C1/CC[C@H]2[C@@H]3CCC4=CC(=O)CC[C@]4(C)[C@H]3C(=O)C[C@]12C
135531196,13624,N=c1[nH]c2ccccc2[nH]1
70679136,86289694,C[C@H](CCCCCCCCC/C=C/C(=O)O)O[C@@H]1O[C@@H](C)[C@H](O)C[C@H]1O
70679136,53239731,CC(O)=N[C@@H]1[C@@H](O[C@@H]2O[C@@H](C)[C@@H](O)[C@@H](O)[C@@H]2O)[C@H](O[C@@H]2O[C@H](CO)[C@@H](O)[C@H](O)[C@H]2N=C(C)O)[C@@H](CO[C@@H]2O[C@@H](C)[C@@H](O)[C@@H](O)[C@@H]2O)O[C@H]1O
70679136,25244784,CC/C=C\C/C=C\CCC/C=C/C=C/C=C\CCCC(=O)[O-]
21863,91819953,NCc1cc(COP(=O)(O)OP(=O)([O-])[O-])co1
21863,5780,OC[C@@H](O)[C@@H](O)[C@H](O)[C@@H](O)CO
21863,72193664,COc1cc(/C=C/C(=O)OC[C@H]2OC(Oc3cc(O)c4c(=O)cc(-c5cc(OC)c(O[C@@H]6O[C@H](CO)[C@@H](O)[C@H](O)[C@H]6O)c(OC)c5)oc4c3)[C@H](O)[C@@H](O)[C@@H]2O)cc(OC)c1O
443015,440649,Cc1ncc(C[n+]2c(C(O)CCC(=O)O)sc(CCOP(=O)(O)OP(=O)(O)O)c2C)c(=N)[nH]1
443015,129626633,O=C([S-])c1cc(C(=O)[S-])c[n+]([C@@H]2O[C@H](COP(=O)([O-])[O-])[C@@H](O)[C@H]2O)c1
8063,5780,OC[C@@H](O)[C@@H](O)[C@H](O)[C@@H](O)CO
8063,137547,C#CCC(=O)O
8063,49791945,O=C([O-])Cc1cn(C2O[C@H](COP(=O)([O-])[O-])[C@@H](O)[C@H]2O)cn1
132282049,5354212,COC(=O)/C=C1/CC[C@H]2[C@@H]3CCC4=CC(=O)CC[C@]4(C)[C@H]3C(=O)C[C@]12C
132282049,612831,COC(=O)c1cc(O)cc(OC)c1C(=O)c1c(O)c(Cl)c(C)c(Cl)c1O
11815,10236,O=C1c2ccccc2C(=O)C1(O)O
11815,69212,CC1=CC(=O)C(=O)C=C1O
11815,2735122,O=C[O-].[K+]
5246202,5780,OC[C@@H](O)[C@@H](O)[C@H](O)[C@@H](O)CO
5246202,23674745,CC(C(=O)[O-])c1ccc(CC2CCCC2=O)cc1.O.O.[Na+]
5246202,6537198,O=S(=O)(O)O/N=C(\Cc1c[nH]c2ccccc12)S[C@@H]1O[C@H](CO)[C@@H](O)[C@H](O)[C@H]1O
2337,56955923,O=[As]([O-])(O)c1ccccc1
2337,279,N=C(O)NC(CC(=O)O)C(=O)O
2337,9546810,CCCCCCCCCCC/C=C\CCCCC(=O)OC[C@H](COP(=O)(O)OCCN)OC(=O)CCCC/C=C\CCCCCCCCCCC
86583473,440649,Cc1ncc(C[n+]2c(C(O)CCC(=O)O)sc(CCOP(=O)(O)OP(=O)(O)O)c2C)c(=N)[nH]1
86583473,24778759,CCCCCCCC/C=C\CCCCCCCC(=O)O[C@H](COC(=O)/C=C\CCCCCCCCCCCCC)COP(=O)([O-])OCC[N+](C)(C)C
92943,5354212,COC(=O)/C=C1/CC[C@H]2[C@@H]3CCC4=CC(=O)CC[C@]4(C)[C@H]3C(=O)C[C@]12C
92943,5460285,O=C([O-])CCC(C(=O)[O-])C(O)C(=O)[O-]
5283557,5780,OC[C@@H](O)[C@@H](O)[C@H](O)[C@@H](O)CO
5283557,23674745,CC(C(=O)[O-])c1ccc(CC2CCCC2=O)cc1.O.O.[Na+]
5283557,54751688,N=C(O)OP(=O)(O)OC[C@H]1O[C@@H](n2cnc3c(N)ncnc32)[C@H](O)[C@@H]1O
5043349,56955923,O=[As]([O-])(O)c1ccccc1
5043349,56955923,O=[As]([O-])(O)c1ccccc1
5043349,24779559,CCCCC/C=C\C/C=C\CCCCCCCC(=O)O[C@H](COC(=O)CCCCCCCCCCCCCCCCC)COP(=O)(O)O
3315,9409,Cc1cc(-c2ccc(N=Nc3ccc4c(S(=O)(=O)[O-])cc(S(=O)(=O)O)c(N)c4c3[O-])c(C)c2)ccc1N=Nc1ccc2c(S(=O)(=O)[O-])cc(S(=O)(=O)O)c(N)c2c1[O-].[Na+].[Na+].[Na+].[Na+]
3315,70678725,COC1=C(Br)[C@H](O)[C@@]2(C=C1Br)CC(C(=O)NCCCCNC(=O)C1=NO[C@@]3(C=C(Br)C(=O)[C@H](Br)[C@H]3O)C1)=NO2
3315,6603933,C[Se]C[C@@H](N)C(=O)O
6351,53262337,CCCCCCCCCCCCCCCCCCCCCCCC[C@@H](C(=O)O)[C@H](O)CCCCCCCCCCCCCCCCC[C@H]1C[C@H]1CCCCCCCCCCCCCCCC[C@@H](OC)[C@H](C)CCCCCCCCCCCCCCCCCC
6351,540,N#CO
6351,49831950,CC(=O)O[C@@H](CCCCc1ccc(O)cc1)CCc1ccc(O)c(O)c1
92136193,56955923,O=[As]([O-])(O)c1ccccc1
92136193,23674745,CC(C(=O)[O-])c1ccc(CC2CCCC2=O)cc1.O.O.[Na+]
92136193,36400,Clc1cc(Cl)cc(-c2cc(Cl)cc(Cl)c2)c1
72193864,5354212,COC(=O)/C=C1/CC[C@H]2[C@@H]3CCC4=CC(=O)CC[C@]4(C)[C@H]3C(=O)C[C@]12C
72193864,137333888,CC(C)(C)c1cnc(CSc2cnc(N=C(O)C3CCOCC3)s2)o1
8371,119035,COC1=C(O)C(=O)C(C)=CC1=O
8371,10825777,NC(Cc1cc(O)c2c(c1)SCC(O)=N2)C(=O)O
8371,10988200,C[C@@H]1CC[C@H]2C(C(=O)O)=C[C@@H]3CC(C)(C)C[C@@]132
449171,637039,CC1=C(/C=C/C(C)=C/C=C/C(C)=C/C=C/C=C(C)/C=C/C=C(C)/C=C/C=C(\C)C(=O)O)C(C)(C)CCC1
449171,23674745,CC(C(=O)[O-])c1ccc(CC2CCCC2=O)cc1.O.O.[Na+]
449171,135563682,CCCCCCCCCCCCCCCC(O)=N[C@@H](O)C(=O)O
11968038,5706736,CCCCCCCCCCCCCCCCCCN1C(=CC=CC2=[N+](CCCCCCCCCCCCCCCCCC)c3ccccc3C2(C)C)C(C)(C)c2ccccc21
11968038,132282124,C[C@@H]1O[C@@H](OCCCCCC(=O)SCCN=C(O)CCN=C(O)[C@H](O)C(C)(C)COP(=O)(O)OP(=O)(O)OC[C@H]2O[C@@H](n3cnc4c(N)ncnc43)[C@H](O)[C@@H]2OP(=O)(O)O)[C@H](O)C[C@H]1O
11968038,134160277,C[C@@H]1O[C@H](O[C@H]2[C@H](O)[C@@H](O)[C@H](OCCCCCN)O[C@@H]2CO)[C@H](O)[C@H](O[C@H]2O[C@H](CO)[C@H](O)[C@H](O)[C@H]2O[C@@H]2O[C@H](CO)[C@H](O)[C@H](O)[C@H]2O)[C@H]1O
10403490,23674745,CC(C(=O)[O-])c1ccc(CC2CCCC2=O)cc1.O.O.[Na+]
10403490,65105,COC(=O)[C@@H](N)CC(C)C
71728441,5780,OC[C@@H](O)[C@@H](O)[C@H](O)[C@@H](O)CO
71728441,440649,Cc1ncc(C[n+]2c(C(O)CCC(=O)O)sc(CCOP(=O)(O)OP(=O)(O)O)c2C)c(=N)[nH]1
71728441,86290192,N=c1ccn([C@@H]2O[C@H](COP(=O)(O)O)[C@@H](O)[C@H]2O)c(=NCCCC[C@H](N)C(=O)O)[nH]1
52929485,5780,OC[C@@H](O)[C@@H](O)[C@H](O)[C@@H](O)CO
52929485,53239731,CC(O)=N[C@@H]1[C@@H](O[C@@H]2O[C@@H](C)[C@@H](O)[C@@H](O)[C@@H]2O)[C@H](O[C@@H]2O[C@H](CO)[C@@H](O)[C@H](O)[C@H]2N=C(C)O)[C@@H](CO[C@@H]2O[C@@H](C)[C@@H](O)[C@@H](O)[C@@H]2O)O[C@H]1O
52929485,6375,C[N+](=O)[O-]
6537961,23674745,CC(C(=O)[O-])c1ccc(CC2CCCC2=O)cc1.O.O.[Na+]
6537961,45266521,O=C(O)[C@H](O)Cc1c[nH]c2ccc(OCc3ccccc3)cc12
53392495,70678725,COC1=C(Br)[C@H](O)[C@@]2(C=C1Br)CC(C(=O)NCCCCNC(=O)C1=NO[C@@]3(C=C(Br)C(=O)[C@H](Br)[C@H]3O)C1)=NO2
53392495,71627215,COc1cc(/C=C/C(=O)/C=C/c2ccc3c(c2)C(=O)N(C2CCC(O)=NC2=O)C3=O)ccc1O
4623248,52929771,CCCCCCCCCCCCCCCC/C=C\OC[C@@H](O)COP(=O)(O)O
4623248,135476775,CC(C)=CCN=c1ncn(CC[C@H](N)C(=O)O)c2[nH]cnc12
10919182,14345637,CCCCC/C=C\C/C=C\C/C=C\C/C=C\CCCC(=O)OC(CO)COC(=O)CCCCCCCCCCCCCCCCC
10919182,56655569,CCCCCCCCCCCCCCCC(=O)O[C@H]1CC[C@@](C)(OC(C)=O)[C@@H]2O[C@H](C[C@]1(C)O)[C@@H]1[C@H]2[C@@H](C(C)C)[C@H](OC(C)=O)[C@H](OC(C)=O)[C@@]12CO2
70788961,91855269,C[C@@H]1O[C@@H](O[C@@H]2[C@@H](O[C@H]3O[C@H](CO)[C@H](O)[C@H](O)[C@H]3O)[C@@H](O)[C@@H](CO)O[C@@H]2O)[C@@H](O)[C@H](O)[C@@H]1O
70788961,49859627,COc1cccc2[nH]cc(C/C(=N/OS(=O)(=O)[O-])S[C@@H]3O[C@H](CO)[C@@H](O)[C@H](O)[C@H]3O)c12
70788961,72551546,Cc1cn([C@H]2C[C@H](OP(=O)(O)OC[C@H]3O[C@@H](n4ccc(=N)nc4O)C[C@@H]3OP(=O)(O)OC[C@H]3O[C@@H](n4cnc5c(O)nc(=N)[nH]c54)C[C@@H]3OP(=O)(O)OC[C@H]3O[C@@H](n4cnc5c(N)ncnc54)C[C@@H]3OP(=O)(O)OC[C@H]3O[C@@H](n4cnc5c(O)nc(=N)[nH]c54)C[C@@H]3OP(=O)(O)OC[C@H]3O[C@@H](n4ccc(=N)nc4O)C[C@@H]3OP(=O)(O)OC[C@H]3O[C@@H](n4cc(C)c(O)nc4=O)C[C@@H]3OP(=O)(O)OC[C@H]3O[C@@H](n4cnc5c(O)nc(=N)[nH]c54)C[C@@H]3OP(=O)(O)OC[C@H]3O[C@@H](n4ccc(=N)nc4O)C[C@@H]3OP(=O)(O)OC[C@H]3O[C@@H](n4ccc(=N)nc4O)C[C@@H]3OP(=O)(O)OC[C@H]3O[C@@H](n4cc(C)c(O)nc4=O)C[C@@H]3OP(=O)(O)OC[C@H]3O[C@@H](n4cc(C)c(O)nc4=O)C[C@@H]3OP(=O)(O)OC[C@H]3O[C@@H](n4ccc(=N)nc4O)C[C@@H]3OP(=O)(O)OC[C@H]3O[C@@H](n4cnc5c(N)ncnc54)C[C@@H]3OP(=O)(O)OC[C@H]3O[C@@H](n4cnc5c(O)nc(=N)[nH]c54)C[C@@H]3OP(=O)(O)OC[C@H]3O[C@@H](n4cc(C)c(O)nc4=O)C[C@@H]3OP(=O)(O)OC[C@H]3O[C@@H](n4ccc(=N)nc4O)C[C@@H]3OP(=O)(O)OC[C@H]3O[C@@H](n4cnc5c(O)nc(=N)[nH]c54)C[C@@H]3OP(=O)(O)OC[C@H]3O[C@@H](n4cc(C)c(O)nc4=O)C[C@@H]3O)[C@@H](CO)O2)c(=O)nc1O
6020,14212362,Nc1nc(O)nc2c1ncn2[C@@H]1O[C@H](COP(=O)(O)O)[C@@H](O)[C@H]1O
6020,23674745,CC(C(=O)[O-])c1ccc(CC2CCCC2=O)cc1.O.O.[Na+]
6020,5941539,CC(C)c1cc(/C=C(\C#N)C(O)=NCCCc2ccccc2)cc(C(C)C)c1O
118797943,5780,OC[C@@H](O)[C@@H](O)[C@H](O)[C@@H](O)CO
118797943,14345637,CCCCC/C=C\C/C=C\C/C=C\C/C=C\CCCC(=O)OC(CO)COC(=O)CCCCCCCCCCCCCCCCC
118797943,90659817,C[C@@H](O)[C@@H](N=C(O)[C@H](N)CCCN([O-])C=O)C(=O)N([O-])CCC[C@H](N=C(O)[C@H](N)CCCN([O-])C=O)C(=O)O
25190944,18614382,O=C1CCC(C(=O)[O-])C1
25190944,23674745,CC(C(=O)[O-])c1ccc(CC2CCCC2=O)cc1.O.O.[Na+]
25190944,49852370,CC(O)=N[C@H]1[C@H](O[C@H]2[C@@H](O)[C@@H](CO)OC(O)[C@@H]2O)O[C@H](CO)[C@H](O[C@H]2O[C@H](CO)[C@H](O)[C@H](O)[C@H]2O)[C@@H]1O
70697759,70678725,COC1=C(Br)[C@H](O)[C@@]2(C=C1Br)CC(C(=O)NCCCCNC(=O)C1=NO[C@@]3(C=C(Br)C(=O)[C@H](Br)[C@H]3O)C1)=NO2
70697759,1117,O=S(=O)([O-])[O-]
964,5780,OC[C@@H](O)[C@@H](O)[C@H](O)[C@@H](O)CO
964,13376,CCCCN=CO
964,91826582,CCCCCCCCCCCCCCCC(=O)O[C@H](CCCCCCCCCCC)CC(O)=N[C@H]1[C@@H](OP(=O)(O)O[C@H]2OC[C@H](N)[C@H](O)[C@H]2O)O[C@H](CO[C@@H]2O[C@H](CO)[C@@H](OP(=O)(O)O)[C@H](OC(=O)C[C@H](O)CCCCCCCCCCC)[C@H]2N=C(O)C[C@H](O)CCCCCCCCCCC)[C@@H](O)[C@@H]1OC(=O)C[C@H](O)CCCCCCCCCCC
6009,72666,Cc1c(N=CO)c(=O)n(-c2ccccc2)n1C
6009,30951,C=CCOc1ccc(CC(=O)O)cc1Cl
6009,70678946,CC(O)=N[C@@H]1[C@@H](O)[C@H](O[C@@H]2O[C@H](CO)[C@H](O[C@H]3O[C@H](CO)[C@H](O)[C@H](O[C@@H]4O[C@H](CO)[C@H](O)[C@H](O)[C@H]4N=C(C)O)[C@H]3O)[C@H](O)[C@H]2O)[C@@H](CO)O[C@H]1O
6089,13284402,O=CC(=O)c1c[nH]c2ccccc12
6089,5780,OC[C@@H](O)[C@@H](O)[C@H](O)[C@@H](O)CO
6089,18529,BrC1CCC(Br)C(Br)CCC(Br)C(Br)CCC1Br
9475,5780,OC[C@@H](O)[C@@H](O)[C@H](O)[C@@H](O)CO
9475,69212,CC1=CC(=O)C(=O)C=C1O
9475,53262337,CCCCCCCCCCCCCCCCCCCCCCCC[C@@H](C(=O)O)[C@H](O)CCCCCCCCCCCCCCCCC[C@H]1C[C@H]1CCCCCCCCCCCCCCCC[C@@H](OC)[C@H](C)CCCCCCCCCCCCCCCCCC
5280519,5780,OC[C@@H](O)[C@@H](O)[C@H](O)[C@@H](O)CO
5280519,279,N=C(O)NC(CC(=O)O)C(=O)O
5280519,91825631,[C-]#N.[C-]#[O+].[C-]#[O+].[Fe]
440098,440649,Cc1ncc(C[n+]2c(C(O)CCC(=O)O)sc(CCOP(=O)(O)OP(=O)(O)O)c2C)c(=N)[nH]1
440098,25200643,C[NH2+]CCCC(=O)c1cccnc1
50986165,86289860,O=C(O)C[C@H](O)CCCCCCCO
50986165,1117,O=S(=O)([O-])[O-]
59693782,5780,OC[C@@H](O)[C@@H](O)[C@H](O)[C@@H](O)CO
59693782,6570,C=CC(C)=O
5280933,5780,OC[C@@H](O)[C@@H](O)[C@H](O)[C@@H](O)CO
5280933,23674745,CC(C(=O)[O-])c1ccc(CC2CCCC2=O)cc1.O.O.[Na+]
5280933,644077,N=C(O)CC[C@@H]1N=C(O)[C@H](Cc2ccccc2)N=C(O)[C@H](Cc2ccc(O)cc2)N=C(O)[C@@H](N)CSSC[C@@H](C(=O)N2CCC[C@H]2C(O)=N[C@@H](CCCNC(=N)N)C(O)=NCC(=N)O)N=C(O)[C@H](CC(=N)O)N=C1O
9128,10825777,NC(Cc1cc(O)c2c(c1)SCC(O)=N2)C(=O)O
9128,6954,O=[N+]([O-])c1cc([N+](=O)[O-])c(O)c([N+](=O)[O-])c1
135567474,135567475,CCCCCCCCCCCCCCCCCCCCCCCCCC(O)=N[C@@H](CO[C@H]1O[C@H](CO)[C@H](OCc2ccc(C)cc2)[C@H](O)[C@H]1O)[C@H](O)[C@H](O)CCCCCCCCCCCCCC
135567474,132282124,C[C@@H]1O[C@@H](OCCCCCC(=O)SCCN=C(O)CCN=C(O)[C@H](O)C(C)(C)COP(=O)(O)OP(=O)(O)OC[C@H]2O[C@@H](n3cnc4c(N)ncnc43)[C@H](O)[C@@H]2OP(=O)(O)O)[C@H](O)C[C@H]1O
135567474,10050190,COc1ccc(-c2cc3c(c(=O)o2)C[C@]2(O)[C@@]4(C)C(=O)C=CC(C)(C)[C@]4(O)CC[C@@]2(C)O3)cc1
9920426,56955923,O=[As]([O-])(O)c1ccccc1
9920426,69212,CC1=CC(=O)C(=O)C=C1O
9920426,68159338,N/C(=C\c1ccc(O)cc1)C(=O)O
7700,56955923,O=[As]([O-])(O)c1ccccc1
7700,10825777,NC(Cc1cc(O)c2c(c1)SCC(O)=N2)C(=O)O
7700,53861142,C[C@@H](O)[C@H](N=C(O)CC[C@H](N)C(=O)O)C(=O)O
20348793,23674745,CC(C(=O)[O-])c1ccc(CC2CCCC2=O)cc1.O.O.[Na+]
20348793,134692044,OC[C@H]1O[C@H](O[C@@H]2[C@H](O)[C@@H](O[C@H]3O[C@H](CO[C@H]4O[C@H](CO[C@H]5O[C@H](CO)[C@@H](O)[C@H](O)[C@@H]5O[C@H]5O[C@H](CO)[C@@H](O)[C@H](O)[C@@H]5O[C@H]5O[C@H](CO)[C@@H](O)[C@H](O)[C@@H]5O)[C@@H](O)[C@H](O)[C@@H]4O)[C@@H](O)[C@H](O)[C@@H]3O)[C@H](O)[C@@H](O)[C@@H]2O)[C@@H](O)[C@@H](O)[C@@H]1O
10924480,53262337,CCCCCCCCCCCCCCCCCCCCCCCC[C@@H](C(=O)O)[C@H](O)CCCCCCCCCCCCCCCCC[C@H]1C[C@H]1CCCCCCCCCCCCCCCC[C@@H](OC)[C@H](C)CCCCCCCCCCCCCCCCCC
10924480,23674745,CC(C(=O)[O-])c1ccc(CC2CCCC2=O)cc1.O.O.[Na+]
10924480,12590335,CCCCCCCCCCC[C@@H](O)[C@@H](N)CO
72392,57339315,[NH3+][C@H]1[C@@H](O[C@H]2[C@H](O)[C@@H](O)[C@H]([NH3+])C[C@@H]2[NH3+])O[C@H](C=O)[C@@H](O)[C@@H]1O
72392,23674745,CC(C(=O)[O-])c1ccc(CC2CCCC2=O)cc1.O.O.[Na+]
72392,11428,CCC(O)CC
3034034,5354212,COC(=O)/C=C1/CC[C@H]2[C@@H]3CCC4=CC(=O)CC[C@]4(C)[C@H]3C(=O)C[C@]12C
3034034,5289352,CC(O)=N[C@@H]1[C@@H](O[C@@H]2O[C@H](CO)[C@H](O)[C@H](OS(=O)(=O)O)[C@H]2O)[C@H](O[C@@H]2O[C@@H](C)[C@@H](O)[C@@H](O)[C@@H]2O)[C@@H](CO)O[C@H]1O
9818200,10198228,O=C([C@@H]1CCCN1)N1CCC[C@H]1B(O)O
9818200,23674745,CC(C(=O)[O-])c1ccc(CC2CCCC2=O)cc1.O.O.[Na+]
9818200,10393333,CC[C@H](C)CC/C=C/C=C(\C)[C@@H](O)C/C=C/C=C/C(=O)O[C@H]1[C@H](O)[C@@H](CO)O[C@]2(OCc3cc(O)cc(O)c32)[C@@H]1O
68827,23674745,CC(C(=O)[O-])c1ccc(CC2CCCC2=O)cc1.O.O.[Na+]
68827,6419706,O=C([O-])[C@H](O)[C@@H](O)[C@H](O)[C@H](O)CO
13090847,54684684,O=C(O)c1cc(O)c2cccc([O-])c2n1
13090847,23674745,CC(C(=O)[O-])c1ccc(CC2CCCC2=O)cc1.O.O.[Na+]
13090847,32184,CCOP(=S)(OCC)Oc1ncn(-c2ccccc2)n1
51351782,5780,OC[C@@H](O)[C@@H](O)[C@H](O)[C@@H](O)CO
51351782,5780,OC[C@@H](O)[C@@H](O)[C@H](O)[C@@H](O)CO
51351782,5775,Cc1ccc(N(CC2=NCCN2)c2cccc(O)c2)cc1
86290028,49859627,COc1cccc2[nH]cc(C/C(=N/OS(=O)(=O)[O-])S[C@@H]3O[C@H](CO)[C@@H](O)[C@H](O)[C@H]3O)c12
86290028,98192,CC(O)=NC(Cc1ccccc1)C(=O)Oc1ccc2ccccc2c1
5282481,86289485,Cc1cccc2c(C(=O)O)cc([O-])cc12
5282481,5354212,COC(=O)/C=C1/CC[C@H]2[C@@H]3CCC4=CC(=O)CC[C@]4(C)[C@H]3C(=O)C[C@]12C
5282481,52922146,CCCCC/C=C\C/C=C\C/C=C\C/C=C\CCCC(=O)O[C@H](COC(=O)CCCCCCCCCCC)COP(=O)([O-])OCC[N+](C)(C)C
1560402,10825777,NC(Cc1cc(O)c2c(c1)SCC(O)=N2)C(=O)O
1560402,4277439,CC(C)(O)C(=O)[O-]
121871,5780,OC[C@@H](O)[C@@H](O)[C@H](O)[C@@H](O)CO
121871,5354212,COC(=O)/C=C1/CC[C@H]2[C@@H]3CCC4=CC(=O)CC[C@]4(C)[C@H]3C(=O)C[C@]12C
121871,6115,Nc1ccccc1
53239696,86289694,C[C@H](CCCCCCCCC/C=C/C(=O)O)O[C@@H]1O[C@@H](C)[C@H](O)C[C@H]1O
53239696,10825777,NC(Cc1cc(O)c2c(c1)SCC(O)=N2)C(=O)O
53239696,5281757,O=c1c(-c2ccc(O)cc2)coc2c([C@@H]3O[C@H](CO)[C@@H](O)[C@H](O)[C@H]3O)c(O)cc(O)c12
5281987,14211805,C=C1C[C@]23C[C@H]1CC[C@H]2[C@@]12C[C@H](C)[C@H](O)[C@@](C)(C(=O)O1)[C@H]2[C@@H]3C(=O)O
5281987,5354212,COC(=O)/C=C1/CC[C@H]2[C@@H]3CCC4=CC(=O)CC[C@]4(C)[C@H]3C(=O)C[C@]12C
5281987,138701,CC12CCC(C1)C(C)(C)C2
6954,56955923,O=[As]([O-])(O)c1ccccc1
6954,30951,C=CCOc1ccc(CC(=O)O)cc1Cl
6954,3692773,CC(=O)C[NH3+]
123132030,5780,OC[C@@H](O)[C@@H](O)[C@H](O)[C@@H](O)CO
123132030,132282124,C[C@@H]1O[C@@H](OCCCCCC(=O)SCCN=C(O)CCN=C(O)[C@H](O)C(C)(C)COP(=O)(O)OP(=O)(O)OC[C@H]2O[C@@H](n3cnc4c(N)ncnc43)[C@H](O)[C@@H]2OP(=O)(O)O)[C@H](O)C[C@H]1O
123132030,11619632,CC(C)=CCC/C(C)=C/Cc1c(O)c(O)cc2c(=O)c3c(O)c(CC=C(C)C)c(O)cc3oc12
83952,53239731,CC(O)=N[C@@H]1[C@@H](O[C@@H]2O[C@@H](C)[C@@H](O)[C@@H](O)[C@@H]2O)[C@H](O[C@@H]2O[C@H](CO)[C@@H](O)[C@H](O)[C@H]2N=C(C)O)[C@@H](CO[C@@H]2O[C@@H](C)[C@@H](O)[C@@H](O)[C@@H]2O)O[C@H]1O
83952,138911140,CC(=O)OC[C@H]1O[C@@H](O[C@H]2[C@H](Oc3c(-c4cc(O)c(O)c(O)c4)oc4cc(O)cc(O)c4c3=O)O[C@@H](C)[C@H](O)[C@H]2O)[C@H](O)[C@@H](O)[C@@H]1O
131953105,637039,CC1=C(/C=C/C(C)=C/C=C/C(C)=C/C=C/C=C(C)/C=C/C=C(C)/C=C/C=C(\C)C(=O)O)C(C)(C)CCC1
131953105,23674745,CC(C(=O)[O-])c1ccc(CC2CCCC2=O)cc1.O.O.[Na+]
131953105,546,O=C(O)CP(=O)(O)O
38222,56955923,O=[As]([O-])(O)c1ccccc1
38222,23674745,CC(C(=O)[O-])c1ccc(CC2CCCC2=O)cc1.O.O.[Na+]
38222,53239760,C[C@H](N=C(O)[C@H](CCC(=N)O)N=C(O)CN)C(O)=NCC(O)=N[C@@H](Cc1cscn1)C(O)=N[C@@H](CC[C@H](CN)O[C@@H]1O[C@H](CO)[C@H](O)[C@H](O)[C@H]1O)C(O)=NCC(O)=N[C@@H](CCC(=O)O)C(O)=N[C@@H](CCC(=N)O)C(O)=NCC(=O)N1CCC[C@H]1C(O)=N[C@@H](CCCCN)C(O)=NCC(O)=N[C@@H](CCC(=O)O)C(O)=N[C@H](C(=O)O)[C@@H](C)O
70697895,53322523,COc1cc2oc(C)cc(=O)c2c(O)c1OC
70697895,5780,OC[C@@H](O)[C@@H](O)[C@H](O)[C@@H](O)CO
70697895,5461136,C[As]([O-])[O-]
25229595,46931152,CCCCCCCC/C=C\CCCCCCCC(=O)OC[C@H](COP(=O)(O)OCC(O)COP(=O)(O)OC[C@@H](COC(=O)CCCCCCC/C=C\CCCCCCCC)OC(=O)CCCCCCC/C=C\CCCCCCCC)OC(=O)CCCCCCC/C=C\CCCCCCCC
25229595,439392,CC(C)(C(=O)O)[C@@H](O)C(=O)O
86289258,5780,OC[C@@H](O)[C@@H](O)[C@H](O)[C@@H](O)CO
86289258,52929771,CCCCCCCCCCCCCCCC/C=C\OC[C@@H](O)COP(=O)(O)O
86289258,3485262,CN(C)C(=S)[S-].CN(C)C(=S)[S-].[Zn+2]
131953107,637039,CC1=C(/C=C/C(C)=C/C=C/C(C)=C/C=C/C=C(C)/C=C/C=C(C)/C=C/C=C(\C)C(=O)O)C(C)(C)CCC1
131953107,5354212,COC(=O)/C=C1/CC[C@H]2[C@@H]3CCC4=CC(=O)CC[C@]4(C)[C@H]3C(=O)C[C@]12C
131953107,440233,C[C@H](CN)OP(=O)(O)O
53355458,53355455,CCCC(=O)O[C@H]1c2cc3c(c(OC)c2-c2c(cc(OC)c(OC)c2OC)[C@H](OC(C)=O)[C@@H](C)[C@H]1C)OCO3
53355458,440649,Cc1ncc(C[n+]2c(C(O)CCC(=O)O)sc(CCOP(=O)(O)OP(=O)(O)O)c2C)c(=N)[nH]1
53355458,72193705,CC/C=C\C/C=C\C/C=C\C/C=C\C/C=C\C/C=C\CC/C=C/C(=O)SCCN=C([O-])CCN=C([O-])[C@H](O)C(C)(C)COP(=O)(O)OP(=O)(O)OC[C@H]1O[C@@H](n2cnc3c(N)ncnc32)[C@H](O)[C@@H]1OP(=O)([O-])[O-]
54691413,56955923,O=[As]([O-])(O)c1ccccc1
54691413,5780,OC[C@@H](O)[C@@H](O)[C@H](O)[C@@H](O)CO
54691413,86289347,C/C=C1\N=C(O)[C@H](Cc2ccccc2)N=C(O)[C@H](CCCNC(=N)N)N=C(O)[C@@H](CCN)N=C(O)[C@H](CCN)N=C(O)[C@@H](CO)N=C(O)[C@@H](N=C(O)C[C@H](O)CCCCCCCCC)COC(=O)[C@H]([C@H](O)CCl)N=C(O)[C@H]([C@H](O)C(=O)O)N=C1O
25245693,5780,OC[C@@H](O)[C@@H](O)[C@H](O)[C@@H](O)CO
25245693,56955923,O=[As]([O-])(O)c1ccccc1
25245693,13891595,C[C@H](N)C(O)=N[C@@H](CC(=O)O)C(O)=NCC(=O)O
91859771,49859627,COc1cccc2[nH]cc(C/C(=N/OS(=O)(=O)[O-])S[C@@H]3O[C@H](CO)[C@@H](O)[C@H](O)[C@H]3O)c12
91859771,10455148,N[C@@H](CCC(O)=N[C@@H](CSSC[C@H](N)C(=O)O)C(O)=NCC(=O)O)C(=O)O
16124714,132282124,C[C@@H]1O[C@@H](OCCCCCC(=O)SCCN=C(O)CCN=C(O)[C@H](O)C(C)(C)COP(=O)(O)OP(=O)(O)OC[C@H]2O[C@@H](n3cnc4c(N)ncnc43)[C@H](O)[C@@H]2OP(=O)(O)O)[C@H](O)C[C@H]1O
16124714,71581128,Cc1nc2n(C)c3c(ncn3[C@@H]3O[C@H](COP(=O)(O)O)[C@@H](O)[C@H]3O)c(=O)n2c1CC[C@H](N)C(=O)O
122391286,86289694,C[C@H](CCCCCCCCC/C=C/C(=O)O)O[C@@H]1O[C@@H](C)[C@H](O)C[C@H]1O
122391286,23674745,CC(C(=O)[O-])c1ccc(CC2CCCC2=O)cc1.O.O.[Na+]
122391286,467296,COc1cc(C(=O)O[C@@H]2Cc3c(O)cc(O)cc3O[C@@H]2c2ccc(O)c(O)c2)cc(O)c1O
15938961,53239731,CC(O)=N[C@@H]1[C@@H](O[C@@H]2O[C@@H](C)[C@@H](O)[C@@H](O)[C@@H]2O)[C@H](O[C@@H]2O[C@H](CO)[C@@H](O)[C@H](O)[C@H]2N=C(C)O)[C@@H](CO[C@@H]2O[C@@H](C)[C@@H](O)[C@@H](O)[C@@H]2O)O[C@H]1O
15938961,86289841,C[C@@H](O)CCCCCCCCCCCCCCCC[C@@H](O)CC(=O)O
5283345,5780,OC[C@@H](O)[C@@H](O)[C@H](O)[C@@H](O)CO
5283345,443144,CC(=O)C[C@@H]1CCCN1C
5283345,91847929,OC[C@H]1O[C@@H](O)[C@H](O)[C@@H](O)[C@@H]1O[C@@H]1OC[C@@H](O)[C@H](O)[C@H]1O
8288,14345637,CCCCC/C=C\C/C=C\C/C=C\C/C=C\CCCC(=O)OC(CO)COC(=O)CCCCCCCCCCCCCCCCC
8288,20843347,CSCCC/C(=N/OS(=O)(=O)[O-])S[C@@H]1O[C@H](CO)[C@@H](O)[C@H](O)[C@H]1O
61975,5780,OC[C@@H](O)[C@@H](O)[C@H](O)[C@@H](O)CO
61975,5780,OC[C@@H](O)[C@@H](O)[C@H](O)[C@@H](O)CO
61975,10366522,Cc1c(O)c(O)cc2c1C=C[C@]1(C)C2=CC[C@@]2(C)[C@@H]3C[C@](C)(C(=O)O)CC[C@]3(C)CC[C@@]21C
5365194,5780,OC[C@@H](O)[C@@H](O)[C@H](O)[C@@H](O)CO
5365194,440649,Cc1ncc(C[n+]2c(C(O)CCC(=O)O)sc(CCOP(=O)(O)OP(=O)(O)O)c2C)c(=N)[nH]1
5365194,29036,CCCC(C)CCCC(C)CCCC(C)CCCC(C)C
6971138,5354212,COC(=O)/C=C1/CC[C@H]2[C@@H]3CCC4=CC(=O)CC[C@]4(C)[C@H]3C(=O)C[C@]12C
6971138,73416455,CCCCCCCCCCCCCCC[C@H](C)C(=O)O
9793926,56955923,O=[As]([O-])(O)c1ccccc1
9793926,5780,OC[C@@H](O)[C@@H](O)[C@H](O)[C@@H](O)CO
9793926,443078,C[C@]12CC[C@@H](O[C@@H]3O[C@H](C(=O)O)[C@@H](O)[C@H](O)[C@H]3O)C[C@H]1CC[C@@H]1[C@@H]2CC[C@]2(C)C(=O)CC[C@@H]12
4037,4044,Cc1cccc(Nc2ccccc2C(=O)O)c1C
4037,23674745,CC(C(=O)[O-])c1ccc(CC2CCCC2=O)cc1.O.O.[Na+]
4037,12407,CCCCCCCCCCCCCCCCCCCCCCCCCC
70697844,440649,Cc1ncc(C[n+]2c(C(O)CCC(=O)O)sc(CCOP(=O)(O)OP(=O)(O)O)c2C)c(=N)[nH]1
70697844,92946,C[C@H](N)C(O)=N[C@@H](Cc1ccc(O)cc1)C(=O)O
7022352,5354212,COC(=O)/C=C1/CC[C@H]2[C@@H]3CCC4=CC(=O)CC[C@]4(C)[C@H]3C(=O)C[C@]12C
7022352,80635,Nc1ccc(S(=O)(=O)Nc2ccc(C(=O)O)cc2)cc1
23379797,65070,O=c1nc(O)ccn1[C@H]1C[C@H](O)[C@@H](COP(=O)(O)OP(=O)(O)OP(=O)(O)O)O1
23379797,52929771,CCCCCCCCCCCCCCCC/C=C\OC[C@@H](O)COP(=O)(O)O
23379797,131801249,C=CC1=CC[C@@H]2[C@H](CC[C@@H]3C(C)(C)C[C@H](O)C[C@@]23C)[C@@H]1C
60822,134160296,CSC[C@H]1O[C@H](O[C@H]2[C@H](O)[C@H](O)[C@@H](OC[C@H]3O[C@@H](O[C@@H]4[C@@H](OC[C@H]5O[C@H](OC[C@H]6OC(O)[C@@H](O)[C@@H]6O)[C@@H](O)[C@@H]5O[C@H]5O[C@H](CO)[C@@H](O)[C@@H]5O[C@@H]5O[C@H](CO)[C@@H](O)[C@@H]5O)O[C@H](CO)[C@H]4O)[C@@H](O)[C@@H]3O)O[C@@H]2CO)[C@H](O)[C@H]1O
60822,196831,COc1cc2c(c(OC)c1CC=C(C)C)C[C@H](c1ccc(O)c(CC=C(C)C)c1O)CO2
71768108,49859627,COc1cccc2[nH]cc(C/C(=N/OS(=O)(=O)[O-])S[C@@H]3O[C@H](CO)[C@@H](O)[C@H](O)[C@H]3O)c12
71768108,2735122,O=C[O-].[K+]
5362833,5780,OC[C@@H](O)[C@@H](O)[C@H](O)[C@@H](O)CO
5362833,69212,CC1=CC(=O)C(=O)C=C1O
5362833,57483975,N.O=C(O)Cc1c(Cl)ccc(Cl)c1Cl
7479,56955923,O=[As]([O-])(O)c1ccccc1
7479,69212,CC1=CC(=O)C(=O)C=C1O
7479,5287939,CCCCC/C=C\C/C=C\CCCCCCCC(=O)O[C@H]1CC[C@@]2(C)C(=CC[C@H]3[C@@H]4CC[C@H]([C@H](C)CCCC(C)C)[C@@]4(C)CC[C@@H]32)C1
128812,53380618,O=P(O)(O)OC1[C@@H](OP(=O)(O)O)[C@H](OP(=O)(O)OP(=O)(O)O)C(O)[C@H](OP(=O)(O)OP(=O)(O)O)[C@H]1OP(=O)(O)O
128812,14345637,CCCCC/C=C\C/C=C\C/C=C\C/C=C\CCCC(=O)OC(CO)COC(=O)CCCCCCCCCCCCCCCCC
128812,71581037,CCCCC/C=C\C/C=C\CCCCCCCC(=O)CC(=O)SCCN=C(O)CCN=C(O)[C@H](O)C(C)(C)COP(=O)(O)OP(=O)(O)OC[C@H]1O[C@@H](n2cnc3c(N)ncnc32)[C@H](O)[C@@H]1OP(=O)(O)O
221071,10825777,NC(Cc1cc(O)c2c(c1)SCC(O)=N2)C(=O)O
221071,11170991,CC(=O)C(=O)[C@@H](O)CO
53356751,70678694,CCCCCCCCCCCCCCCCCCCCCCCCCC([O-])=N[C@@H](COP(=O)(O)O[C@@H]1[C@H](O)[C@H](O)[C@@H](O)[C@H](O)[C@H]1OC1O[C@H](CO)[C@@H](O)[C@H](O)[C@@H]1O)[C@H](O)CCCCCCCCCCCCCCCCC
53356751,132282124,C[C@@H]1O[C@@H](OCCCCCC(=O)SCCN=C(O)CCN=C(O)[C@H](O)C(C)(C)COP(=O)(O)OP(=O)(O)OC[C@H]2O[C@@H](n3cnc4c(N)ncnc43)[C@H](O)[C@@H]2OP(=O)(O)O)[C@H](O)C[C@H]1O
53356751,126456451,CC(=O)OC[C@H]1O[C@H](O[C@@H]2[C@H](O)[C@@H](O[C@H]3O[C@H]([C@H](O)CO)[C@@H](O)[C@H](O)[C@@H]3O[C@H]3O[C@H]([C@@H](O)CO)[C@@H](O)[C@H](O)[C@@H]3O)[C@@H](O[C@@H]3[C@H](O)[C@@H](O[C@@H]4[C@H](O)[C@@H](O[C@H]5[C@@H]([C@H](O)CO[C@H]6OC[C@H](N)[C@H](O)[C@H]6O)O[C@@](O)(C(=O)O)C[C@H]5O[C@]5(C(=O)O)C[C@@H](O)[C@@H](O)[C@@H]([C@H](O)CO)O5)O[C@H]([C@@H](O)CO)[C@H]4O[C@@H]4O[C@H](CO)[C@@H](O)[C@H](O)[C@H]4O)O[C@H]([C@H](CO[C@H]4O[C@H]([C@@H](O)CO)[C@@H](O)[C@H](O)[C@@H]4O)OP(=O)(O)OCCN)[C@H]3O)O[C@@H]2C(=O)O)[C@H](N)[C@@H](O)[C@H]1O[C@H]1O[C@H](CO)[C@@H](O[C@@H]2O[C@H](CO)[C@@H](O)[C@H](O)[C@H]2O)[C@H](O)[C@H]1N=C(C)O
22419,135956784,CC(O)=N[C@@H](Cc1ccc(O)c(N=Nc2ccc(C(=O)O)cc2)c1)C(O)=NCC(O)=NCC(=O)O
22419,23674745,CC(C(=O)[O-])c1ccc(CC2CCCC2=O)cc1.O.O.[Na+]
22419,9543236,CC(=O)CC(O)CC(=O)SCCN=C(O)CCN=C(O)[C@H](O)C(C)(C)COP(=O)(O)OP(=O)(O)OC[C@H]1O[C@@H](n2cnc3c(N)ncnc32)[C@H](O)[C@@H]1OP(=O)(O)O
6437827,5780,OC[C@@H](O)[C@@H](O)[C@H](O)[C@@H](O)CO
6437827,5354212,COC(=O)/C=C1/CC[C@H]2[C@@H]3CCC4=CC(=O)CC[C@]4(C)[C@H]3C(=O)C[C@]12C
6437827,86289831,C[C@@H](O)CCCCCC[C@@H](O)CC(=O)O
82473,10914066,O=C(O)c1cc(O[C@@H]2O[C@H](CO)[C@@H](O)[C@H](O)[C@H]2O)ccc1O
82473,23674745,CC(C(=O)[O-])c1ccc(CC2CCCC2=O)cc1.O.O.[Na+]
82473,9548817,C=Cc1c(C)c2cc3nc(cc4nc(cc5[nH]c(cc1[n-]2)c(C)c5C=C)C(C)=C4CCC(=O)O)C(CCC(=O)[O-])=C3C.[Fe+3]
7010529,5780,OC[C@@H](O)[C@@H](O)[C@H](O)[C@@H](O)CO
7010529,10825777,NC(Cc1cc(O)c2c(c1)SCC(O)=N2)C(=O)O
7010529,24832659,COC[C@]12CN(C)C3[C@@H]4[C@H](OC)[C@H]1[C@@]3([C@@H](OC)C[C@H]2O)[C@@H]1C[C@@]2(O)[C@H](OC(=O)c3ccccc3)[C@@H]1[C@]4(O)[C@@H](O)[C@@H]2OC
54691342,129659,O=c1ccc2ccc(OS(=O)(=O)O)cc2o1
54691342,56955923,O=[As]([O-])(O)c1ccccc1
54691342,16898,CCCCCCCCCCCCCCCCCCCCC(=O)O
122162,23674745,CC(C(=O)[O-])c1ccc(CC2CCCC2=O)cc1.O.O.[Na+]
122162,446987,C[C@@H]1O[C@@H]1P(=O)(O)O
57339197,5780,OC[C@@H](O)[C@@H](O)[C@H](O)[C@@H](O)CO
57339197,10825777,NC(Cc1cc(O)c2c(c1)SCC(O)=N2)C(=O)O
57339197,6420179,O=P(O)(O)OC[C@@H](O)[C@H](O)[C@@H](O)CO
71329,60146,CCOc1ccccc1OCCN[C@@H](C)Cc1ccc(OC)c(S(N)(=O)=O)c1.Cl
71329,49859627,COc1cccc2[nH]cc(C/C(=N/OS(=O)(=O)[O-])S[C@@H]3O[C@H](CO)[C@@H](O)[C@H](O)[C@H]3O)c12
71329,71728381,CCCCC/C=C\C/C=C\C/C=C\C/C=C\CCCC(=O)O[C@H](COC(=O)CCCCCCC/C=C\CCCCCCCC)COP(=O)(O)OCCN
6421933,56955923,O=[As]([O-])(O)c1ccccc1
6421933,10825777,NC(Cc1cc(O)c2c(c1)SCC(O)=N2)C(=O)O
6421933,3316,CCCCCCOc1ccccc1C(=N)O
1117,5780,OC[C@@H](O)[C@@H](O)[C@H](O)[C@@H](O)CO
1117,13376,CCCCN=CO
1117,151483,O=C(O)[C@H](CO)N=C(O)c1cccc(O)c1O
86583430,14212362,Nc1nc(O)nc2c1ncn2[C@@H]1O[C@H](COP(=O)(O)O)[C@@H](O)[C@H]1O
86583430,132282124,C[C@@H]1O[C@@H](OCCCCCC(=O)SCCN=C(O)CCN=C(O)[C@H](O)C(C)(C)COP(=O)(O)OP(=O)(O)OC[C@H]2O[C@@H](n3cnc4c(N)ncnc43)[C@H](O)[C@@H]2OP(=O)(O)O)[C@H](O)C[C@H]1O
86583430,440216,C=C(Cl)C[C@H](N)C(=O)O
440235,86289694,C[C@H](CCCCCCCCC/C=C/C(=O)O)O[C@@H]1O[C@@H](C)[C@H](O)C[C@H]1O
440235,23674745,CC(C(=O)[O-])c1ccc(CC2CCCC2=O)cc1.O.O.[Na+]
440235,86289131,CCCCCCCC/C=C\CCCCCCCC(=O)O[C@H](COC(=O)CCCCCCCCCCCCCCCCC)COP(=O)(O)O[C@@H]1[C@H](O)[C@H](O)[C@@H](OP(=O)(O)O)[C@H](OP(=O)(O)O)[C@H]1O
9543872,5780,OC[C@@H](O)[C@@H](O)[C@H](O)[C@@H](O)CO
9543872,53239731,CC(O)=N[C@@H]1[C@@H](O[C@@H]2O[C@@H](C)[C@@H](O)[C@@H](O)[C@@H]2O)[C@H](O[C@@H]2O[C@H](CO)[C@@H](O)[C@H](O)[C@H]2N=C(C)O)[C@@H](CO[C@@H]2O[C@@H](C)[C@@H](O)[C@@H](O)[C@@H]2O)O[C@H]1O
9543872,11723631,Cc1c(O)c2c(c3c1OC(C)(C)C=C3)C=Cc1c(O)cccc1O2
6991995,56955923,O=[As]([O-])(O)c1ccccc1
6991995,5354212,COC(=O)/C=C1/CC[C@H]2[C@@H]3CCC4=CC(=O)CC[C@]4(C)[C@H]3C(=O)C[C@]12C
6991995,54675783,CN(C)c1ccc(O)c2c1C[C@H]1C[C@H]3[C@H](N(C)C)C(=O)C(C(=N)O)=C(O)[C@@]3(O)C(=O)C1=C2O
725,5780,OC[C@@H](O)[C@@H](O)[C@H](O)[C@@H](O)CO
725,69212,CC1=CC(=O)C(=O)C=C1O
725,70698075,CC1=CC(=O)O[C@@H]1[C@@]1(C)C[C@H]2OC(=O)[C@H](O)[C@H]3[C@@H](CO)[C@@H](O)[C@H](O)[C@H]1[C@]32C
9543195,70678725,COC1=C(Br)[C@H](O)[C@@]2(C=C1Br)CC(C(=O)NCCCCNC(=O)C1=NO[C@@]3(C=C(Br)C(=O)[C@H](Br)[C@H]3O)C1)=NO2
9543195,123132030,CCCCCCCCCCCCCCCC(=O)OC[C@H](COP(=O)(O)OCCN=C([O-])CCCCCCCCCCCCCCC)OC(=O)CCCCCCCCCCCCCCC
71581033,440649,Cc1ncc(C[n+]2c(C(O)CCC(=O)O)sc(CCOP(=O)(O)OP(=O)(O)O)c2C)c(=N)[nH]1
71581033,5775,Cc1ccc(N(CC2=NCCN2)c2cccc(O)c2)cc1
51351690,70678725,COC1=C(Br)[C@H](O)[C@@]2(C=C1Br)CC(C(=O)NCCCCNC(=O)C1=NO[C@@]3(C=C(Br)C(=O)[C@H](Br)[C@H]3O)C1)=NO2
51351690,119219,O=CCc1ccc(O)c(O)c1
16850,173745,O=C1OC2(c3ccc(N=C=S)cc31)c1cc(Br)c(O)c(Br)c1Oc1c2cc(Br)c(O)c1Br
16850,5354212,COC(=O)/C=C1/CC[C@H]2[C@@H]3CCC4=CC(=O)CC[C@]4(C)[C@H]3C(=O)C[C@]12C
16850,54694265,O=C(O)c1cc(Cl)c([O-])c(Cl)c1
90659845,5780,OC[C@@H](O)[C@@H](O)[C@H](O)[C@@H](O)CO
90659845,49859627,COc1cccc2[nH]cc(C/C(=N/OS(=O)(=O)[O-])S[C@@H]3O[C@H](CO)[C@@H](O)[C@H](O)[C@H]3O)c12
90659845,119219,O=CCc1ccc(O)c(O)c1
77743,5780,OC[C@@H](O)[C@@H](O)[C@H](O)[C@@H](O)CO
77743,13376,CCCCN=CO
77743,66883654,CCn1[nH]cc(C(=O)c2ccc(S(C)(=O)=O)c(OCCOC)c2C)c1=O
91828273,5780,OC[C@@H](O)[C@@H](O)[C@H](O)[C@@H](O)CO
91828273,5780,OC[C@@H](O)[C@@H](O)[C@H](O)[C@@H](O)CO
91828273,91850734,OC[C@H]1O[C@@H](O[C@@H]2[C@@H](O)[C@H](O[C@H]3[C@H](O)[C@@H](O)[C@H](O)O[C@@H]3CO)O[C@H](CO)[C@H]2O)[C@H](O)[C@@H](O)[C@@H]1O
10327583,86289694,C[C@H](CCCCCCCCC/C=C/C(=O)O)O[C@@H]1O[C@@H](C)[C@H](O)C[C@H]1O
10327583,53239731,CC(O)=N[C@@H]1[C@@H](O[C@@H]2O[C@@H](C)[C@@H](O)[C@@H](O)[C@@H]2O)[C@H](O[C@@H]2O[C@H](CO)[C@@H](O)[C@H](O)[C@H]2N=C(C)O)[C@@H](CO[C@@H]2O[C@@H](C)[C@@H](O)[C@@H](O)[C@@H]2O)O[C@H]1O
10327583,348137,O=Cc1c[nH]c2ccccc2c1=O
45266870,56955923,O=[As]([O-])(O)c1ccccc1
45266870,10825777,NC(Cc1cc(O)c2c(c1)SCC(O)=N2)C(=O)O
45266870,50909836,CC(C)(COP(=O)(O)OP(=O)(O)OC[C@H]1O[C@@H](n2cnc3c(N)ncnc32)[C@H](O)[C@@H]1OP(=O)(O)O)[C@@H](O)C(O)=NCCC(O)=NCCSC(=O)CCC[N+](C)(C)C
91666447,5780,OC[C@@H](O)[C@@H](O)[C@H](O)[C@@H](O)CO
91666447,5354212,COC(=O)/C=C1/CC[C@H]2[C@@H]3CCC4=CC(=O)CC[C@]4(C)[C@H]3C(=O)C[C@]12C
91666447,5358363,CCCC/C=C/C(=O)OCC
12586,552086,CC(C)(CC(Br)CC(Cl)(Cl)Cl)C1OCCO1
12586,3692773,CC(=O)C[NH3+]
12586,132524,CC1=C(C(=O)O)CC[C@]2(C)C3=C(CC[C@@H]12)C(=O)C(C(C)C)=CC3=O
5281316,440649,Cc1ncc(C[n+]2c(C(O)CCC(=O)O)sc(CCOP(=O)(O)OP(=O)(O)O)c2C)c(=N)[nH]1
5281316,72287,COc1ccc2c(c1)N(C[C@H](C)CN(C)C)c1ccccc1S2
15735861,442153,CC(C)=CCc1cc([C@@H]2CC(=O)c3c(O)cc(O)cc3O2)cc(CC=C(C)C)c1O
15735861,52929771,CCCCCCCCCCCCCCCC/C=C\OC[C@@H](O)COP(=O)(O)O
15735861,49799795,C=C1C(=O)O[C@@H]2C[C@@H](C)/C=C\C(=O)[C@@](C)(O)[C@H](OC(C)=O)[C@@H](OC(=O)CC(C)C)[C@@H]12
6205,5780,OC[C@@H](O)[C@@H](O)[C@H](O)[C@@H](O)CO
6205,279,N=C(O)NC(CC(=O)O)C(=O)O
6205,136165269,C[C@@H](Nc1ccc(C[C@H](O)[C@H](O)[C@H](O)CO[C@H]2O[C@H](COP(=O)(O)O[C@@H](CCC(=O)[O-])C([O-])=N[C@@H](CCC(=O)[O-])C([O-])=N[C@@H](CC(=O)[O-])C(=O)O)[C@@H](O)[C@H]2O)cc1)c1cnc2[nH]c(=N)nc(O)c2n1
25271756,10825777,NC(Cc1cc(O)c2c(c1)SCC(O)=N2)C(=O)O
25271756,91859771,OC[C@H]1O[C@@H](OC[C@H]2O[C@@H](O)[C@H](O)[C@@H](O)[C@@H]2O[C@H]2O[C@H](CO)[C@@H](O)[C@H](O)[C@H]2O)[C@H](O)[C@@H](O)[C@@H]1O
5353609,56955923,O=[As]([O-])(O)c1ccccc1
5353609,5780,OC[C@@H](O)[C@@H](O)[C@H](O)[C@@H](O)CO
5353609,134160277,C[C@@H]1O[C@H](O[C@H]2[C@H](O)[C@@H](O)[C@H](OCCCCCN)O[C@@H]2CO)[C@H](O)[C@H](O[C@H]2O[C@H](CO)[C@H](O)[C@H](O)[C@H]2O[C@@H]2O[C@H](CO)[C@H](O)[C@H](O)[C@H]2O)[C@H]1O
3826,10825777,NC(Cc1cc(O)c2c(c1)SCC(O)=N2)C(=O)O
3826,440834,Oc1cc(O)c2c(c1)O[C@H](c1ccc(O)c(O)c1)CC2O
12522,5780,OC[C@@H](O)[C@@H](O)[C@H](O)[C@@H](O)CO
12522,243,O=C(O)c1ccccc1
12522,5460908,CC[C@@H](C)[C@@H](N)C(=O)[O-]
2786976,129659,O=c1ccc2ccc(OS(=O)(=O)O)cc2o1
2786976,23674745,CC(C(=O)[O-])c1ccc(CC2CCCC2=O)cc1.O.O.[Na+]
2786976,3080627,O=C(CO)C[C@H](O)[C@H](O)CO
99309,73271,O=C(O)Cc1cc(O)nc(O)n1
99309,69212,CC1=CC(=O)C(=O)C=C1O
99309,195870,O=C(O)OP(=O)(O)O
53477603,53477563,CC(C)=CCC/C(C)=C/CC/C(C)=C/CC/C(C)=C\CC/C(C)=C\CC/C(C)=C\CC/C(C)=C\CC/C(C)=C\CC/C(C)=C\CC/C(C)=C\CC/C(C)=C\COP(=O)(O)OP(=O)(O)O[C@H]1O[C@H](CO)[C@@H](O[C@@H]2O[C@H](CO)[C@@H](O)[C@H](O[C@H]3O[C@H](CO)[C@@H](O)[C@H](O)[C@@H]3O)[C@H]2O)[C@H](O)[C@H]1O
53477603,49859627,COc1cccc2[nH]cc(C/C(=N/OS(=O)(=O)[O-])S[C@@H]3O[C@H](CO)[C@@H](O)[C@H](O)[C@H]3O)c12
53477603,568153,CCCCCCCCCCCCCCCC1OC(C)C(C)O1
5464343,5464344,C[C@H](N[C@@H](CCc1ccccc1)C(=O)O)C(=O)N1C(=O)N(C)C[C@H]1C(=O)O
5464343,52929771,CCCCCCCCCCCCCCCC/C=C\OC[C@@H](O)COP(=O)(O)O
5464343,24502,[Cr].[Cr].[K+].[K+].[O-].[O-].[O].[O].[O].[O].[O]
129011050,57339202,CC(O)=N[C@@H]1[C@@H](O[C@H]2O[C@H](CO)[C@H](O)[C@H](O)[C@H]2O)[C@@H](O)[C@@H](CO)O[C@H]1O
129011050,49859627,COc1cccc2[nH]cc(C/C(=N/OS(=O)(=O)[O-])S[C@@H]3O[C@H](CO)[C@@H](O)[C@H](O)[C@H]3O)c12
129011050,118797913,Nc1ncnc2c1ncn2[C@@H]1O[C@H](COP(=O)(O)NCCCC[C@H](N)C(=O)O)[C@@H](O)[C@H]1O
71581024,46931152,CCCCCCCC/C=C\CCCCCCCC(=O)OC[C@H](COP(=O)(O)OCC(O)COP(=O)(O)OC[C@@H](COC(=O)CCCCCCC/C=C\CCCCCCCC)OC(=O)CCCCCCC/C=C\CCCCCCCC)OC(=O)CCCCCCC/C=C\CCCCCCCC
71581024,5372065,CC(C)CN=C(O)/C=C/CCCCc1ccc2c(c1)OCO2
6992567,5780,OC[C@@H](O)[C@@H](O)[C@H](O)[C@@H](O)CO
6992567,10825777,NC(Cc1cc(O)c2c(c1)SCC(O)=N2)C(=O)O
6992567,44260119,CC(C)=CCC/C(C)=C/CC/C(C)=C/CC/C(C)=C\CCC(C)CCOP(=O)(O)OC1OC[C@@H](O)[C@H](O)[C@H]1O
16204067,44237187,NC(Cc1cc(I)c(Oc2cc(I)c(OS(=O)(=O)O)c(I)c2)c(I)c1)C(=O)[O-]
16204067,10825777,NC(Cc1cc(O)c2c(c1)SCC(O)=N2)C(=O)O
16204067,92136163,CCCCCCCCCCCCC/C=C/[C@@H](O)[C@H](CO[C@@H]1O[C@H](CO)[C@@H](O[C@@H]2O[C@H](CO)[C@H](O[C@@H]3O[C@H](CO)[C@H](O)[C@H](O[C@@H]4O[C@H](CO)[C@H](O)[C@H](O[C@]5(C(=O)O)C[C@H](O)[C@@H](N=C(C)O)[C@H]([C@H](O)[C@H](O)CO)O5)[C@H]4O)[C@H]3N=C(C)O)[C@H](O[C@]3(C(=O)O)C[C@H](O)[C@@H](N=C(C)O)[C@H]([C@H](O)[C@H](O)CO)O3)[C@H]2O)[C@H](O)[C@H]1O)N=C(O)CCCCCCCCCCCCCCCCC
10367180,10065952,C=CC(C)(C)c1cc(O)c(OC)c2c(=O)c3c(O)ccc(O)c3oc12
10367180,49859627,COc1cccc2[nH]cc(C/C(=N/OS(=O)(=O)[O-])S[C@@H]3O[C@H](CO)[C@@H](O)[C@H](O)[C@H]3O)c12
10367180,199656,CCN(CCO)CCCl
5460360,439774,O=C(O)C1=CC(=O)[C@@H](O)[C@H](O)C1
5460360,5780,OC[C@@H](O)[C@@H](O)[C@H](O)[C@@H](O)CO
5460360,132472338,CC/C=C\C/C=C\C/C=C\C/C=C\C=C\C(O)CCCCCC(=O)[O-]
66883654,11693711,Cc1[nH]n(C)c(=O)c1C(=O)c1ccc(C(F)(F)F)cc1S(C)(=O)=O
66883654,5354212,COC(=O)/C=C1/CC[C@H]2[C@@H]3CCC4=CC(=O)CC[C@]4(C)[C@H]3C(=O)C[C@]12C
66883654,50897,CCCCOC(=O)C(C)Oc1ccc(Oc2ccc(C(F)(F)F)cn2)cc1
101611880,5780,OC[C@@H](O)[C@@H](O)[C@H](O)[C@@H](O)CO
101611880,53239731,CC(O)=N[C@@H]1[C@@H](O[C@@H]2O[C@@H](C)[C@@H](O)[C@@H](O)[C@@H]2O)[C@H](O[C@@H]2O[C@H](CO)[C@@H](O)[C@H](O)[C@H]2N=C(C)O)[C@@H](CO[C@@H]2O[C@@H](C)[C@@H](O)[C@@H](O)[C@@H]2O)O[C@H]1O
101611880,121232669,CCCCC/C=C\C[C@@H](/C=C/C=C\C/C=C\CCCC([O-])=NCC(=O)O)OO
439276,5780,OC[C@@H](O)[C@@H](O)[C@H](O)[C@@H](O)CO
439276,5780,OC[C@@H](O)[C@@H](O)[C@H](O)[C@@H](O)CO
439276,91850278,C[C@@H]1O[C@@H](O[C@H]2[C@H](O[C@H]3[C@H](O)[C@@H](O[C@@H]4O[C@@H](C)[C@@H](O)[C@@H](O)[C@@H]4O)C(O)O[C@@H]3CO)O[C@H](CO)[C@H](O)[C@@H]2O)[C@@H](O)[C@H](O)[C@@H]1O
89101936,5780,OC[C@@H](O)[C@@H](O)[C@H](O)[C@@H](O)CO
89101936,5354212,COC(=O)/C=C1/CC[C@H]2[C@@H]3CCC4=CC(=O)CC[C@]4(C)[C@H]3C(=O)C[C@]12C
89101936,47472,Clc1ccc(CCC(Cn2ccnc2)Sc2c(Cl)cccc2Cl)cc1
17913,243,O=C(O)c1ccccc1
17913,73416432,CCCCN1CCCC[C@@H]1C(O)=Nc1c(C)cccc1C.Cl.O
443198,5780,OC[C@@H](O)[C@@H](O)[C@H](O)[C@@H](O)CO
443198,56955923,O=[As]([O-])(O)c1ccccc1
443198,654,CCOP(=O)(O)OCC
57431238,440649,Cc1ncc(C[n+]2c(C(O)CCC(=O)O)sc(CCOP(=O)(O)OP(=O)(O)O)c2C)c(=N)[nH]1
57431238,195103,CC(O)=N[C@H]1[C@@H](OC[C@H](N)C(=O)O)O[C@H](CO[C@]2(C(=O)O)C[C@H](O)[C@@H](N=C(C)O)[C@H]([C@H](O)[C@H](O)CO)O2)[C@H](O)[C@@H]1O
14019219,5780,OC[C@@H](O)[C@@H](O)[C@H](O)[C@@H](O)CO
14019219,52929771,CCCCCCCCCCCCCCCC/C=C\OC[C@@H](O)COP(=O)(O)O
14019219,91825600,N[C@@H](CCC(O)=NO)C(=O)O
86289995,5780,OC[C@@H](O)[C@@H](O)[C@H](O)[C@@H](O)CO
86289995,5354212,COC(=O)/C=C1/CC[C@H]2[C@@H]3CCC4=CC(=O)CC[C@]4(C)[C@H]3C(=O)C[C@]12C
86289995,126456448,CSCCCC=[N+]([O-])O
297,5780,OC[C@@H](O)[C@@H](O)[C@H](O)[C@@H](O)CO
297,695679,c1ccc(-c2noc(-c3cccs3)n2)cc1
11256664,5354212,COC(=O)/C=C1/CC[C@H]2[C@@H]3CCC4=CC(=O)CC[C@]4(C)[C@H]3C(=O)C[C@]12C
11256664,86289844,C[C@@H]1O[C@@H](OCCCCCC[C@@H](O)CC(=O)O)[C@H](O)C[C@H]1O
91828203,5354212,COC(=O)/C=C1/CC[C@H]2[C@@H]3CCC4=CC(=O)CC[C@]4(C)[C@H]3C(=O)C[C@]12C
91828203,5242254,N=C=[Se]
71312006,49859627,COc1cccc2[nH]cc(C/C(=N/OS(=O)(=O)[O-])S[C@@H]3O[C@H](CO)[C@@H](O)[C@H](O)[C@H]3O)c12
71312006,135418940,O=c1nc(-c2ccc(C(F)(F)F)cc2)[nH]c2c1CSCC2
49831756,38362126,Oc1ccc(/C=C/CC[C@H](O)CCc2ccc(O)cc2)cc1
49831756,23674745,CC(C(=O)[O-])c1ccc(CC2CCCC2=O)cc1.O.O.[Na+]
49831756,5312802,C[C@@H](O)CCCCC/C=C/C(=O)O
363863,23674745,CC(C(=O)[O-])c1ccc(CC2CCCC2=O)cc1.O.O.[Na+]
363863,25244523,CC(C)=CCC/C(C)=C/CC/C(C)=C/CC/C(C)=C/CC/C(C)=C/CC/C(C)=C/CC/C(C)=C/CC/C(C)=C/Cc1cc(C(=O)O)cc(O)c1O
12976,5780,OC[C@@H](O)[C@@H](O)[C@H](O)[C@@H](O)CO
12976,243,O=C(O)c1ccccc1
12976,9810996,COC(=O)[C@H](Cc1ccccc1)N=C(O)[C@H](CC(=O)O)NCCC(C)(C)C
6115,56955923,O=[As]([O-])(O)c1ccccc1
6115,13376,CCCCN=CO
6115,134160281,CC(O)=N[C@H]1[C@H](OCCCCCN)O[C@H](CO)[C@H](O[C@@H]2O[C@@H](C)[C@H](O)[C@@H](O)[C@H]2O[C@H]2O[C@H](CO)[C@@H](O)[C@H](O)[C@H]2N=C(C)O)[C@@H]1O
131801203,132282124,C[C@@H]1O[C@@H](OCCCCCC(=O)SCCN=C(O)CCN=C(O)[C@H](O)C(C)(C)COP(=O)(O)OP(=O)(O)OC[C@H]2O[C@@H](n3cnc4c(N)ncnc43)[C@H](O)[C@@H]2OP(=O)(O)O)[C@H](O)C[C@H]1O
131801203,25164050,CCC(C)(C)n1cc(C2=C(O)C(=O)C(c3cn(C(C)(C)CC)c4ccccc34)=C(O)C2=O)c2ccccc21
28523,132282124,C[C@@H]1O[C@@H](OCCCCCC(=O)SCCN=C(O)CCN=C(O)[C@H](O)C(C)(C)COP(=O)(O)OP(=O)(O)OC[C@H]2O[C@@H](n3cnc4c(N)ncnc43)[C@H](O)[C@@H]2OP(=O)(O)O)[C@H](O)C[C@H]1O
28523,12310812,C[C@H](c1c[nH]c2ccccc12)[C@H](O)C(=O)O
18625119,5780,OC[C@@H](O)[C@@H](O)[C@H](O)[C@@H](O)CO
18625119,5780,OC[C@@H](O)[C@@H](O)[C@H](O)[C@@H](O)CO
18625119,10342293,COc1cc(OC)c2oc3cc(O)c(CC=C(C)C)c(O)c3c(=O)c2c1CC=C(C)C
86289674,53380618,O=P(O)(O)OC1[C@@H](OP(=O)(O)O)[C@H](OP(=O)(O)OP(=O)(O)O)C(O)[C@H](OP(=O)(O)OP(=O)(O)O)[C@H]1OP(=O)(O)O
86289674,53239731,CC(O)=N[C@@H]1[C@@H](O[C@@H]2O[C@@H](C)[C@@H](O)[C@@H](O)[C@@H]2O)[C@H](O[C@@H]2O[C@H](CO)[C@@H](O)[C@H](O)[C@H]2N=C(C)O)[C@@H](CO[C@@H]2O[C@@H](C)[C@@H](O)[C@@H](O)[C@@H]2O)O[C@H]1O
86289674,135567474,CCCCCCCCCCCCCCCCCCCCCCCCCC(O)=N[C@@H](CO[C@H]1O[C@H](CO)[C@H](OCc2ccc(Cl)cc2)[C@H](O)[C@H]1O)[C@H](O)[C@H](O)CCCCCCCCCCCCCC
91972280,91855080,OC[C@H]1OC(O)[C@H](O)[C@@H](O[C@@H]2OC[C@@H](O)[C@H](O)[C@H]2O)[C@@H]1O
91972280,6433272,C[C@@H]1[C@H](O)[C@@H](C)/C=C/C=C/CC/C=C/C=C/C=C/C=C/C(O[C@H]2O[C@H](C)[C@@H](O)[C@H](N)[C@@H]2O)CC2O[C@](O)(CC(O)C(O)CCC(O)CC(O)CC(O)CC(=O)O[C@H]1C)CC(O)C2C(=O)O
91972280,9543177,CC(O)=Nc1cc(N)c(C)c([N+](=O)[O-])c1
11966221,90657728,CC(C)(COP(=O)(O)OP(=O)(O)OC[C@H]1O[C@@H](n2cnc3c(N)ncnc32)[C@H](O)[C@@H]1OP(=O)([O-])[O-])[C@@H](O)C([O-])=NCCC([O-])=NCCSC(=O)CCc1ccccc1
11966221,6433272,C[C@@H]1[C@H](O)[C@@H](C)/C=C/C=C/CC/C=C/C=C/C=C/C=C/C(O[C@H]2O[C@H](C)[C@@H](O)[C@H](N)[C@@H]2O)CC2O[C@](O)(CC(O)C(O)CCC(O)CC(O)CC(O)CC(=O)O[C@H]1C)CC(O)C2C(=O)O
11966221,24793927,COc1cccc(OCc2cc(C(=O)N3CCC(c4ccncc4)CC3)no2)c1
440121,5780,OC[C@@H](O)[C@@H](O)[C@H](O)[C@@H](O)CO
440121,5780,OC[C@@H](O)[C@@H](O)[C@H](O)[C@@H](O)CO
440121,23400779,CC(NCCCC[C@H](N)C(=O)O)C(=O)O
70788983,132282124,C[C@@H]1O[C@@H](OCCCCCC(=O)SCCN=C(O)CCN=C(O)[C@H](O)C(C)(C)COP(=O)(O)OP(=O)(O)OC[C@H]2O[C@@H](n3cnc4c(N)ncnc43)[C@H](O)[C@@H]2OP(=O)(O)O)[C@H](O)C[C@H]1O
70788983,12574,O=[N+]([O-])c1cccc(I)c1
86289268,14212362,Nc1nc(O)nc2c1ncn2[C@@H]1O[C@H](COP(=O)(O)O)[C@@H](O)[C@H]1O
86289268,132282124,C[C@@H]1O[C@@H](OCCCCCC(=O)SCCN=C(O)CCN=C(O)[C@H](O)C(C)(C)COP(=O)(O)OP(=O)(O)OC[C@H]2O[C@@H](n3cnc4c(N)ncnc43)[C@H](O)[C@@H]2OP(=O)(O)O)[C@H](O)C[C@H]1O
86289268,91861847,C[C@@H]1O[C@@H](O[C@@H]2[C@@H](O[C@@H]3O[C@H](CO)[C@H](O)[C@H](O)[C@H]3O)[C@@H](O)[C@@H](CO)O[C@H]2O)[C@@H](O)[C@H](O)[C@@H]1O
91846148,53239731,CC(O)=N[C@@H]1[C@@H](O[C@@H]2O[C@@H](C)[C@@H](O)[C@@H](O)[C@@H]2O)[C@H](O[C@@H]2O[C@H](CO)[C@@H](O)[C@H](O)[C@H]2N=C(C)O)[C@@H](CO[C@@H]2O[C@@H](C)[C@@H](O)[C@@H](O)[C@@H]2O)O[C@H]1O
91846148,52923754,CCCCC/C=C\C/C=C\CCCCCCCCCC(=O)O[C@H](COCCCCCCCCCCCCCCCC)COP(=O)([O-])OCC[N+](C)(C)C
5281396,5354212,COC(=O)/C=C1/CC[C@H]2[C@@H]3CCC4=CC(=O)CC[C@]4(C)[C@H]3C(=O)C[C@]12C
5281396,71297364,CC(O)=N[C@H]1[C@H](O[C@H]2[C@H](O)[C@@H](N=C(C)O)C(O)O[C@@H]2CO)O[C@H](CO)[C@@H](O[C@@H]2O[C@H](CO)[C@@H](O)[C@H](O[C@H]3O[C@H](CO)[C@@H](O)[C@H](O)[C@@H]3O)[C@@H]2O)[C@@H]1O
98192,5354212,COC(=O)/C=C1/CC[C@H]2[C@@H]3CCC4=CC(=O)CC[C@]4(C)[C@H]3C(=O)C[C@]12C
98192,147394,COc1ccc([C@@H]2CC(=O)c3c(O)cc(O[C@@H]4O[C@H](CO)[C@@H](O)[C@H](O)[C@H]4O)cc3O2)cc1O
46878578,14212362,Nc1nc(O)nc2c1ncn2[C@@H]1O[C@H](COP(=O)(O)O)[C@@H](O)[C@H]1O
46878578,49859627,COc1cccc2[nH]cc(C/C(=N/OS(=O)(=O)[O-])S[C@@H]3O[C@H](CO)[C@@H](O)[C@H](O)[C@H]3O)c12
46878578,86289484,Cc1cccc2c(C(=O)[O-])cccc12
71581112,14212362,Nc1nc(O)nc2c1ncn2[C@@H]1O[C@H](COP(=O)(O)O)[C@@H](O)[C@H]1O
71581112,132282124,C[C@@H]1O[C@@H](OCCCCCC(=O)SCCN=C(O)CCN=C(O)[C@H](O)C(C)(C)COP(=O)(O)OP(=O)(O)OC[C@H]2O[C@@H](n3cnc4c(N)ncnc43)[C@H](O)[C@@H]2OP(=O)(O)O)[C@H](O)C[C@H]1O
71581112,70678762,C[C@H]1C=C[C@@]2(C)CCCC[C@]2(C)[C@H]1C(=O)[C@@H]1C(=O)N2CC[C@H]3C(=O)O[C@@H]1[C@]32O
5280625,5780,OC[C@@H](O)[C@@H](O)[C@H](O)[C@@H](O)CO
5280625,69212,CC1=CC(=O)C(=O)C=C1O
5280625,439713,N=C(O)N[C@@H]1N=C(O)N=C1O
146014737,23674745,CC(C(=O)[O-])c1ccc(CC2CCCC2=O)cc1.O.O.[Na+]
146014737,11256664,Cc1nc(C(=O)NCC(=O)O)c(O)c2ccc(Oc3ccccc3)cc12
65105,5780,OC[C@@H](O)[C@@H](O)[C@H](O)[C@@H](O)CO
65105,69212,CC1=CC(=O)C(=O)C=C1O
65105,56927826,N=C([O-])C1=CN([C@@H]2O[C@H](COP(=O)([O-])OP(=O)(O)OC[C@H]3O[C@@H](n4cnc5c(N)ncnc54)[C@H](OP(=O)([O-])[O-])[C@@H]3O)[C@@H](O)[C@H]2O)[C@H](O)CC1
71807,52929771,CCCCCCCCCCCCCCCC/C=C\OC[C@@H](O)COP(=O)(O)O
71807,460602,CCCCCCCCCCCCCCCC(=O)OC[C@@H](O)COP(=O)([O-])OCC[N+](C)(C)C
5610,56955923,O=[As]([O-])(O)c1ccccc1
5610,69212,CC1=CC(=O)C(=O)C=C1O
5610,50993750,O=C1OCC(Cc2ccc(O)c(O)c2)=C1c1ccc(O)cc1
165491,123953,Nc1ncnc2c1ncn2[C@@H]1O[C@H](COP(=O)(O)OP(=O)(O)OC[C@H]2O[C@@H]([n+]3cccc(C(=O)O)c3)[C@H](O)[C@@H]2O)[C@@H](O)[C@H]1OP(=O)(O)O
165491,53239731,CC(O)=N[C@@H]1[C@@H](O[C@@H]2O[C@@H](C)[C@@H](O)[C@@H](O)[C@@H]2O)[C@H](O[C@@H]2O[C@H](CO)[C@@H](O)[C@H](O)[C@H]2N=C(C)O)[C@@H](CO[C@@H]2O[C@@H](C)[C@@H](O)[C@@H](O)[C@@H]2O)O[C@H]1O
165491,25195431,CCN1C(=CC=CC=CC=CC2=[N+](CCCCS(=O)(=O)[O-])c3ccc(C(=O)[O-])cc3C2(C)C)C(C)(C)c2c1ccc1c(S(=O)(=O)[O-])cc(S(=O)(=O)O)cc21.[K+].[K+]
5283850,44263378,C[C@H](CCC(O)=NCCS(=O)(=O)O)[C@H]1CC[C@H]2[C@@H]3[C@@H](O)C[C@@H]4C[C@H](O)CC[C@]4(C)[C@H]3C[C@H](O)[C@]12C
5283850,52929771,CCCCCCCCCCCCCCCC/C=C\OC[C@@H](O)COP(=O)(O)O
5283850,25245693,NC(C(=O)[O-])C(=O)COP(=O)([O-])[O-]
71581159,14212362,Nc1nc(O)nc2c1ncn2[C@@H]1O[C@H](COP(=O)(O)O)[C@@H](O)[C@H]1O
71581159,134160296,CSC[C@H]1O[C@H](O[C@H]2[C@H](O)[C@H](O)[C@@H](OC[C@H]3O[C@@H](O[C@@H]4[C@@H](OC[C@H]5O[C@H](OC[C@H]6OC(O)[C@@H](O)[C@@H]6O)[C@@H](O)[C@@H]5O[C@H]5O[C@H](CO)[C@@H](O)[C@@H]5O[C@@H]5O[C@H](CO)[C@@H](O)[C@@H]5O)O[C@H](CO)[C@H]4O)[C@@H](O)[C@@H]3O)O[C@@H]2CO)[C@H](O)[C@H]1O
71581159,121225507,CCCCCCCCCCCCCCCCCC(=O)O[C@H]1[C@@H](O[C@H]2O[C@H](CO)[C@@H](O)[C@H](O)[C@H]2OS(=O)(=O)O)O[C@H](CO)[C@@H](O)[C@@H]1OC(=O)[C@@H](C)C[C@@H](C)C[C@@H](C)C[C@@H](C)C[C@@H](C)C[C@@H](C)C[C@@H](C)C[C@@H](C)C(O)CCCCCCCCCCCCCCC
193349,10825777,NC(Cc1cc(O)c2c(c1)SCC(O)=N2)C(=O)O
193349,442439,COc1ccc([C@@H]2CC(=O)c3c(O)cc(O[C@@H]4O[C@H](CO)[C@@H](O)[C@H](O)[C@H]4O[C@@H]4O[C@@H](C)[C@H](O)[C@@H](O)[C@H]4O)cc3O2)cc1O
71464639,5780,OC[C@@H](O)[C@@H](O)[C@H](O)[C@@H](O)CO
71464639,5354212,COC(=O)/C=C1/CC[C@H]2[C@@H]3CCC4=CC(=O)CC[C@]4(C)[C@H]3C(=O)C[C@]12C
71464639,49800068,C=C1/C(=C\C=C2/CCC[C@]3(C)[C@@H]([C@H](C)/C=C/[C@@H](O)C4CC4)CC[C@@H]23)C[C@@H](O)C[C@@H]1O.O
443356,443326,CC[C@]12C=CCN3CC[C@]4(C(=C(C(=O)OC)C1)Nc1cc(O)ccc14)[C@@H]32
443356,5354212,COC(=O)/C=C1/CC[C@H]2[C@@H]3CCC4=CC(=O)CC[C@]4(C)[C@H]3C(=O)C[C@]12C
443356,46843906,COc1cc(C(=O)N2CCC(N3CCN(C)CC3)CC2)ccc1Nc1ncc2c(n1)N(C)c1ccccc1C(=O)N2C
13190,5780,OC[C@@H](O)[C@@H](O)[C@H](O)[C@@H](O)CO
13190,443144,CC(=O)C[C@@H]1CCCN1C
13190,135926581,C[C@@H]1Nc2[nH]c(=N)nc([O-])c2N2C=[N+](c3ccc(C[C@H](O)[C@H](O)[C@H](O)CO[C@H]4O[C@H](COP(=O)([O-])O[C@@H](CCC(=O)[O-])C(=O)O)[C@@H](O)[C@H]4O)cc3)[C@H](C)[C@@H]12
126843486,126843487,C[C@H](CCC(=O)SCCN=C(O)CCN=C(O)[C@H](O)C(C)(C)COP(=O)(O)OP(=O)(O)OC[C@H]1O[C@@H](n2cnc3c(N)ncnc32)[C@H](O)[C@@H]1OP(=O)(O)O)[C@H]1CC[C@H]2[C@@H]3[C@H](O)C[C@@H]4CC(=O)CC[C@]4(C)[C@H]3C[C@H](O)[C@]12C
126843486,134160296,CSC[C@H]1O[C@H](O[C@H]2[C@H](O)[C@H](O)[C@@H](OC[C@H]3O[C@@H](O[C@@H]4[C@@H](OC[C@H]5O[C@H](OC[C@H]6OC(O)[C@@H](O)[C@@H]6O)[C@@H](O)[C@@H]5O[C@H]5O[C@H](CO)[C@@H](O)[C@@H]5O[C@@H]5O[C@H](CO)[C@@H](O)[C@@H]5O)O[C@H](CO)[C@H]4O)[C@@H](O)[C@@H]3O)O[C@@H]2CO)[C@H](O)[C@H]1O
126843486,23724670,O=C1CC(c2ccc(O)cc2)Oc2cc(O)c(O)cc21
45479628,135398664,Oc1ccc(-c2cn3c(O)c(Cc4ccccc4)nc3c(Cc3ccccc3)n2)cc1
45479628,49859627,COc1cccc2[nH]cc(C/C(=N/OS(=O)(=O)[O-])S[C@@H]3O[C@H](CO)[C@@H](O)[C@H](O)[C@H]3O)c12
45479628,173576,O=C(O)CCCCNC1(c2ccccc2)CCCCC1
86289774,86289694,C[C@H](CCCCCCCCC/C=C/C(=O)O)O[C@@H]1O[C@@H](C)[C@H](O)C[C@H]1O
86289774,23674745,CC(C(=O)[O-])c1ccc(CC2CCCC2=O)cc1.O.O.[Na+]
86289774,86289575,CCCCCCCC/C=C\CCCCCCCCOC[C@@H](O)COP(=O)([O-])[O-]
131801234,5780,OC[C@@H](O)[C@@H](O)[C@H](O)[C@@H](O)CO
131801234,53239731,CC(O)=N[C@@H]1[C@@H](O[C@@H]2O[C@@H](C)[C@@H](O)[C@@H](O)[C@@H]2O)[C@H](O[C@@H]2O[C@H](CO)[C@@H](O)[C@H](O)[C@H]2N=C(C)O)[C@@H](CO[C@@H]2O[C@@H](C)[C@@H](O)[C@@H](O)[C@@H]2O)O[C@H]1O
131801234,5283387,CCCCCCCC/C=C\CCCCCCCC(=N)O
132282140,132282124,C[C@@H]1O[C@@H](OCCCCCC(=O)SCCN=C(O)CCN=C(O)[C@H](O)C(C)(C)COP(=O)(O)OP(=O)(O)OC[C@H]2O[C@@H](n3cnc4c(N)ncnc43)[C@H](O)[C@@H]2OP(=O)(O)O)[C@H](O)C[C@H]1O
132282140,71728420,CCCCC/C=C\C/C=C\CCCCCCCC(=O)OC[C@@H](CO)OC(=O)CCCCCCC/C=C\CCCCCCCC
86289229,5780,OC[C@@H](O)[C@@H](O)[C@H](O)[C@@H](O)CO
86289229,23674745,CC(C(=O)[O-])c1ccc(CC2CCCC2=O)cc1.O.O.[Na+]
86289229,10604975,O=C(O[C@@H]1Cc2c(O)cc(O)c([C@@H]3c4c(O)cc(O)cc4O[C@H](c4ccc(O)c(O)c4)[C@@H]3O)c2O[C@@H]1c1ccc(O)c(O)c1)c1cc(O)c(O)c(O)c1
14982,70678725,COC1=C(Br)[C@H](O)[C@@]2(C=C1Br)CC(C(=O)NCCCCNC(=O)C1=NO[C@@]3(C=C(Br)C(=O)[C@H](Br)[C@H]3O)C1)=NO2
14982,101788,CC(=O)[C@H]1CC[C@H]2[C@@H]3CCC4=CC(=O)CC[C@]4(C)[C@H]3[C@@H](O)C[C@]12C
25112180,52929771,CCCCCCCCCCCCCCCC/C=C\OC[C@@H](O)COP(=O)(O)O
25112180,38521,N=C(N)NCC1COC2(CCCCC2)O1
68352,13376,CCCCN=CO
68352,25203316,C[C@H](CCC([O-])=NCC(=O)O)[C@H]1CC[C@H]2[C@@H]3CC[C@@H]4C[C@H](O)CC[C@]4(C)[C@H]3C[C@H](O)[C@]12C
231285,5780,OC[C@@H](O)[C@@H](O)[C@H](O)[C@@H](O)CO
231285,5780,OC[C@@H](O)[C@@H](O)[C@H](O)[C@@H](O)CO
231285,6941547,Cc1cc(Cl)ccc1O[C@@H](C)C(=O)[O-]
70678867,53239731,CC(O)=N[C@@H]1[C@@H](O[C@@H]2O[C@@H](C)[C@@H](O)[C@@H](O)[C@@H]2O)[C@H](O[C@@H]2O[C@H](CO)[C@@H](O)[C@H](O)[C@H]2N=C(C)O)[C@@H](CO[C@@H]2O[C@@H](C)[C@@H](O)[C@@H](O)[C@@H]2O)O[C@H]1O
70678867,445091,CC1(C)CC=C(c2cnc3ccccc3c2)c2cc(C(=O)Nc3ccc(C(=O)O)cc3)ccc21
4543,10825777,NC(Cc1cc(O)c2c(c1)SCC(O)=N2)C(=O)O
4543,40469168,O=C(O)[C@H]1O[C@@H](Oc2cc3oc(-c4ccccc4)cc(=O)c3c(O)c2[O-])[C@H](O)[C@@H](O)[C@@H]1O
145343771,49859627,COc1cccc2[nH]cc(C/C(=N/OS(=O)(=O)[O-])S[C@@H]3O[C@H](CO)[C@@H](O)[C@H](O)[C@H]3O)c12
145343771,9554,O=C(O)C(F)(F)C(F)(F)C(F)(F)C(F)(F)C(F)(F)C(F)(F)C(F)(F)F
10635,16061345,CC(C)[C@H](C)[C@@H](O)[C@H](O)[C@@H](C)[C@H]1CC[C@H]2[C@@H]3CC[C@H]4CC(=O)CC[C@]4(C)[C@H]3CC[C@]12C
10635,23674745,CC(C(=O)[O-])c1ccc(CC2CCCC2=O)cc1.O.O.[Na+]
10635,9543223,NC(/C=C\C(=O)[O-])=C/C(=O)C(=O)[O-]
56927840,56927836,CC(O)=N[C@H]1[C@@H](O[C@@H]2O[C@H](C[C@@H](O)[C@H]3O[C@@H](n4ccc(O)nc4=O)[C@H](O)[C@@H]3O)[C@H](O)[C@H](O)[C@H]2N=C(O)/C=C/CCCCCCCCCCC(C)C)O[C@H](CO)[C@@H](O)[C@@H]1O
56927840,70678725,COC1=C(Br)[C@H](O)[C@@]2(C=C1Br)CC(C(=O)NCCCCNC(=O)C1=NO[C@@]3(C=C(Br)C(=O)[C@H](Br)[C@H]3O)C1)=NO2
56927840,11035822,CC1=CC(=O)[C@@H](O)[C@@]2(C)[C@H]1CC(=O)[C@@]13CO[C@]4(C)[C@@H](OC(=O)[C@@H]41)[C@H](O)[C@@H]32
164739,56955923,O=[As]([O-])(O)c1ccccc1
164739,5780,OC[C@@H](O)[C@@H](O)[C@H](O)[C@@H](O)CO
164739,15011611,COc1c(C(C)C)cc(O)c2c1CC[C@H]1C(C)(C)C(=O)CC[C@]21C
118797957,14212362,Nc1nc(O)nc2c1ncn2[C@@H]1O[C@H](COP(=O)(O)O)[C@@H](O)[C@H]1O
118797957,49859627,COc1cccc2[nH]cc(C/C(=N/OS(=O)(=O)[O-])S[C@@H]3O[C@H](CO)[C@@H](O)[C@H](O)[C@H]3O)c12
118797957,70813,C=CC#Cc1ccc(-c2cccs2)s1
4183249,5780,OC[C@@H](O)[C@@H](O)[C@H](O)[C@@H](O)CO
4183249,69212,CC1=CC(=O)C(=O)C=C1O
4183249,76965883,Cc1ccc(S(=O)(=O)O)cc1.N[C@@H]1CCN(c2nc3c(cc2F)c(=O)c(C(=O)O)cn3-c2ccc(F)cc2F)C1
3350112,49859627,COc1cccc2[nH]cc(C/C(=N/OS(=O)(=O)[O-])S[C@@H]3O[C@H](CO)[C@@H](O)[C@H](O)[C@H]3O)c12
3350112,2801,CN(C)CCCN1c2ccccc2CCc2ccc(Cl)cc21
70678595,70678600,CCCCCCCCCCCCCCCCCCCCCCC(O)C(O)=N[C@@H](COP(=O)(O)O[C@@H]1[C@H](O)[C@H](O)[C@@H](O)[C@H](O)[C@H]1O[C@@H]1O[C@H](COP(=O)(O)OC2[C@H](O)[C@H](O)C(O)[C@H](O)[C@H]2O)[C@@H](O)[C@H](O)[C@@H]1O)[C@H](O)CCCCCCCCCCCCCCC
70678595,46931152,CCCCCCCC/C=C\CCCCCCCC(=O)OC[C@H](COP(=O)(O)OCC(O)COP(=O)(O)OC[C@@H](COC(=O)CCCCCCC/C=C\CCCCCCCC)OC(=O)CCCCCCC/C=C\CCCCCCCC)OC(=O)CCCCCCC/C=C\CCCCCCCC
70678595,126843503,O=C(O)[C@H](O)[C@@H](O)[C@@H](O)COP(=O)(O)O
119058181,5780,OC[C@@H](O)[C@@H](O)[C@H](O)[C@@H](O)CO
119058181,23674745,CC(C(=O)[O-])c1ccc(CC2CCCC2=O)cc1.O.O.[Na+]
119058181,115255,C[C@]12CC[C@@H]3c4ccc(O[C@@H]5O[C@H](C(=O)O)[C@@H](O)[C@H](O)[C@H]5O)cc4CC[C@H]3[C@@H]1CCC2=O
75606,5780,OC[C@@H](O)[C@@H](O)[C@H](O)[C@@H](O)CO
75606,13376,CCCCN=CO
75606,91854390,OC[C@H]1O[C@H](OC[C@H]2O[C@@H](OC[C@H]3OC(O)[C@H](O)[C@@H](O)[C@@H]3O)[C@H](O)[C@@H](O)[C@@H]2O)[C@H](O)[C@@H](O)[C@@H]1O
86289232,5780,OC[C@@H](O)[C@@H](O)[C@H](O)[C@@H](O)CO
86289232,279,N=C(O)NC(CC(=O)O)C(=O)O
86289232,5443,O=C(O)c1ccccc1S
3748644,5780,OC[C@@H](O)[C@@H](O)[C@H](O)[C@@H](O)CO
3748644,13376,CCCCN=CO
3748644,56936304,CCCCCCCC/C=C\CCCCCCCC(=O)O[C@@H](CO)COC(=O)CCCCCCCCCCC
135398593,14212362,Nc1nc(O)nc2c1ncn2[C@@H]1O[C@H](COP(=O)(O)O)[C@@H](O)[C@H]1O
135398593,10825777,NC(Cc1cc(O)c2c(c1)SCC(O)=N2)C(=O)O
135398593,24778624,CCCCC/C=C\C/C=C\CCCCCCCC(=O)O[C@H](COC(=O)CCCCCCCCCCCCC)COP(=O)([O-])OCC[N+](C)(C)C
71627198,5780,OC[C@@H](O)[C@@H](O)[C@H](O)[C@@H](O)CO
71627198,53239731,CC(O)=N[C@@H]1[C@@H](O[C@@H]2O[C@@H](C)[C@@H](O)[C@@H](O)[C@@H]2O)[C@H](O[C@@H]2O[C@H](CO)[C@@H](O)[C@H](O)[C@H]2N=C(C)O)[C@@H](CO[C@@H]2O[C@@H](C)[C@@H](O)[C@@H](O)[C@@H]2O)O[C@H]1O
71627198,637090,C/C=C/C(=O)O
132282453,86289694,C[C@H](CCCCCCCCC/C=C/C(=O)O)O[C@@H]1O[C@@H](C)[C@H](O)C[C@H]1O
132282453,5354212,COC(=O)/C=C1/CC[C@H]2[C@@H]3CCC4=CC(=O)CC[C@]4(C)[C@H]3C(=O)C[C@]12C
132282453,86341926,CC[C@H](C)[C@@H]1N=C(O)[C@H](C[C@H]2CNC(=N)N2)N=C(O)[C@H](C)N=C(O)[C@H](N=C(O)[C@H](CO)N=C(O)[C@@H](N=C(O)[C@H](N=C(O)[C@@H](CCC(=N)O)N=C(O)[C@H](CO)N=C(O)[C@@H](N=C(O)[C@@H](Cc2ccccc2)NC)[C@@H](C)CC)[C@@H](C)CC)[C@@H](C)CC)[C@H](C)OC1=O
46906086,91855269,C[C@@H]1O[C@@H](O[C@@H]2[C@@H](O[C@H]3O[C@H](CO)[C@H](O)[C@H](O)[C@H]3O)[C@@H](O)[C@@H](CO)O[C@@H]2O)[C@@H](O)[C@H](O)[C@@H]1O
46906086,49859627,COc1cccc2[nH]cc(C/C(=N/OS(=O)(=O)[O-])S[C@@H]3O[C@H](CO)[C@@H](O)[C@H](O)[C@H]3O)c12
46906086,66125,CC[N+](C)(C)C.[I-]
71581223,14212362,Nc1nc(O)nc2c1ncn2[C@@H]1O[C@H](COP(=O)(O)O)[C@@H](O)[C@H]1O
71581223,134160296,CSC[C@H]1O[C@H](O[C@H]2[C@H](O)[C@H](O)[C@@H](OC[C@H]3O[C@@H](O[C@@H]4[C@@H](OC[C@H]5O[C@H](OC[C@H]6OC(O)[C@@H](O)[C@@H]6O)[C@@H](O)[C@@H]5O[C@H]5O[C@H](CO)[C@@H](O)[C@@H]5O[C@@H]5O[C@H](CO)[C@@H](O)[C@@H]5O)O[C@H](CO)[C@H]4O)[C@@H](O)[C@@H]3O)O[C@@H]2CO)[C@H](O)[C@H]1O
71581223,14464358,C=C1C[C@]23C[C@H]1CC[C@H]2[C@]1(C(=O)O)CCC[C@@](C)(C(=O)O)[C@H]1[C@@H]3C(=O)O
165007,5780,OC[C@@H](O)[C@@H](O)[C@H](O)[C@@H](O)CO
165007,23674745,CC(C(=O)[O-])c1ccc(CC2CCCC2=O)cc1.O.O.[Na+]
165007,16755646,NC(CCC[NH3+])C(=O)O
54586126,134160296,CSC[C@H]1O[C@H](O[C@H]2[C@H](O)[C@H](O)[C@@H](OC[C@H]3O[C@@H](O[C@@H]4[C@@H](OC[C@H]5O[C@H](OC[C@H]6OC(O)[C@@H](O)[C@@H]6O)[C@@H](O)[C@@H]5O[C@H]5O[C@H](CO)[C@@H](O)[C@@H]5O[C@@H]5O[C@H](CO)[C@@H](O)[C@@H]5O)O[C@H](CO)[C@H]4O)[C@@H](O)[C@@H]3O)O[C@@H]2CO)[C@H](O)[C@H]1O
54586126,53792010,O=C[C@H]1O[C@@H](n2ccc(O)nc2=O)[C@H](O)[C@@H]1O
49852289,86289694,C[C@H](CCCCCCCCC/C=C/C(=O)O)O[C@@H]1O[C@@H](C)[C@H](O)C[C@H]1O
49852289,5354212,COC(=O)/C=C1/CC[C@H]2[C@@H]3CCC4=CC(=O)CC[C@]4(C)[C@H]3C(=O)C[C@]12C
49852289,74839,CC(O)=N[C@@H](Cc1ccccc1)C(=O)O
132472323,5780,OC[C@@H](O)[C@@H](O)[C@H](O)[C@@H](O)CO
132472323,5354212,COC(=O)/C=C1/CC[C@H]2[C@@H]3CCC4=CC(=O)CC[C@]4(C)[C@H]3C(=O)C[C@]12C
132472323,10198228,O=C([C@@H]1CCCN1)N1CCC[C@H]1B(O)O
123953,165491,Nc1ncnc2c1ncn2[C@@H]1O[C@H](COP(=O)(O)OP(=O)(O)OC[C@H]2O[C@@H]([n+]3cccc(C(=O)O)c3)[C@H](O)[C@@H]2O)[C@@H](O)[C@H]1O
123953,53239731,CC(O)=N[C@@H]1[C@@H](O[C@@H]2O[C@@H](C)[C@@H](O)[C@@H](O)[C@@H]2O)[C@H](O[C@@H]2O[C@H](CO)[C@@H](O)[C@H](O)[C@H]2N=C(C)O)[C@@H](CO[C@@H]2O[C@@H](C)[C@@H](O)[C@@H](O)[C@@H]2O)O[C@H]1O
123953,3536595,Cc1cc(C(C)(C)C)c(O)c(C)c1CC1=[NH+]CCN1
139600843,53239760,C[C@H](N=C(O)[C@H](CCC(=N)O)N=C(O)CN)C(O)=NCC(O)=N[C@@H](Cc1cscn1)C(O)=N[C@@H](CC[C@H](CN)O[C@@H]1O[C@H](CO)[C@H](O)[C@H](O)[C@H]1O)C(O)=NCC(O)=N[C@@H](CCC(=O)O)C(O)=N[C@@H](CCC(=N)O)C(O)=NCC(=O)N1CCC[C@H]1C(O)=N[C@@H](CCCCN)C(O)=NCC(O)=N[C@@H](CCC(=O)O)C(O)=N[C@H](C(=O)O)[C@@H](C)O
139600843,91849027,O=C(O)C1=C(O)[C@H](O)[C@@H](O)[C@H](O[C@H]2[C@H](O)[C@@H](NS(=O)(=O)O)C(O)O[C@@H]2COS(=O)(=O)O)O1
91850668,70678883,CC(O)=N[C@H]1[C@H](O[C@H]2[C@H](O)[C@@H](N=C(C)O)C(O)O[C@@H]2CO)O[C@H](CO)[C@H](O)[C@@H]1O[C@@H]1O[C@@H](C)[C@@H](O)[C@@H](O)[C@@H]1O
91850668,440649,Cc1ncc(C[n+]2c(C(O)CCC(=O)O)sc(CCOP(=O)(O)OP(=O)(O)O)c2C)c(=N)[nH]1
91850668,82473,C[C@@H]1O[C@@H](Oc2ccc([N+](=O)[O-])cc2)[C@@H](O)[C@H](O)[C@@H]1O
51040899,442153,CC(C)=CCc1cc([C@@H]2CC(=O)c3c(O)cc(O)cc3O2)cc(CC=C(C)C)c1O
51040899,52929771,CCCCCCCCCCCCCCCC/C=C\OC[C@@H](O)COP(=O)(O)O
51040899,40490689,CCCCC[C@H](O)[C@@H](O)C/C=C\C/C=C\C/C=C\CCCC(=O)[O-]
44260124,5780,OC[C@@H](O)[C@@H](O)[C@H](O)[C@@H](O)CO
44260124,53239731,CC(O)=N[C@@H]1[C@@H](O[C@@H]2O[C@@H](C)[C@@H](O)[C@@H](O)[C@@H]2O)[C@H](O[C@@H]2O[C@H](CO)[C@@H](O)[C@H](O)[C@H]2N=C(C)O)[C@@H](CO[C@@H]2O[C@@H](C)[C@@H](O)[C@@H](O)[C@@H]2O)O[C@H]1O
44260124,53481665,CCCCCCCCCCCCCCCCCCCCCCCC(O)=NCC(=O)O
50909879,50909878,C[C@@H]1O[C@@H](O[C@H](COP(=O)(O)O)[C@@H](O)[C@@H](O)CO)[C@H](O)[C@H](O[C@H]2O[C@H](CO)[C@@H](O)[C@H](O[C@H]3O[C@H](CO)[C@H](O)[C@H](O)[C@H]3O)[C@H]2O)[C@H]1O
50909879,53239731,CC(O)=N[C@@H]1[C@@H](O[C@@H]2O[C@@H](C)[C@@H](O)[C@@H](O)[C@@H]2O)[C@H](O[C@@H]2O[C@H](CO)[C@@H](O)[C@H](O)[C@H]2N=C(C)O)[C@@H](CO[C@@H]2O[C@@H](C)[C@@H](O)[C@@H](O)[C@@H]2O)O[C@H]1O
50909879,86289382,N[C@H](C(=O)[O-])C(=O)COP(=O)([O-])O
10393333,440649,Cc1ncc(C[n+]2c(C(O)CCC(=O)O)sc(CCOP(=O)(O)OP(=O)(O)O)c2C)c(=N)[nH]1
10393333,16737097,C/C=C/c1cc2c(c(=O)o1)-c1c(O)c(O)c(OC)c(C=O)c1C(O)O2
592814,5780,OC[C@@H](O)[C@@H](O)[C@H](O)[C@@H](O)CO
592814,6993342,O=[N+]([O-])c1ccc(OS(=O)(=O)[O-])cc1
6437,15558376,C[C@]12CC[C@H]3[C@@H](CC[C@@H]4C[C@@H](O)CC[C@@]43C=O)[C@@]1(O)C[C@H](O)[C@@H]2C1=CC(=O)OC1
6437,5354212,COC(=O)/C=C1/CC[C@H]2[C@@H]3CCC4=CC(=O)CC[C@]4(C)[C@H]3C(=O)C[C@]12C
6437,124693,O=C1C(NCCO)=C(N2CC2)C(=O)C(NCCO)=C1N1CC1
121596240,90657747,C[C@H](CCC(=O)SCCN=C(O)CCN=C(O)[C@H](O)C(C)(C)COP(=O)(O)OP(=O)(O)OC[C@H]1O[C@@H](n2cnc3c(N)ncnc32)[C@H](O)[C@@H]1OP(=O)(O)O)[C@H]1CC[C@H]2[C@@H]3CCC4=CC(=O)CC[C@]4(C)[C@H]3CC[C@]12C
121596240,134160296,CSC[C@H]1O[C@H](O[C@H]2[C@H](O)[C@H](O)[C@@H](OC[C@H]3O[C@@H](O[C@@H]4[C@@H](OC[C@H]5O[C@H](OC[C@H]6OC(O)[C@@H](O)[C@@H]6O)[C@@H](O)[C@@H]5O[C@H]5O[C@H](CO)[C@@H](O)[C@@H]5O[C@@H]5O[C@H](CO)[C@@H](O)[C@@H]5O)O[C@H](CO)[C@H]4O)[C@@H](O)[C@@H]3O)O[C@@H]2CO)[C@H](O)[C@H]1O
121596240,151927,C[N+](C)(C)CCP(=O)(O)O
10944473,121596220,CC(C(=O)[O-])C(=O)OC(CC(=O)[O-])C[N+](C)(C)C
10944473,51351663,Cc1ccc(S(=O)(=O)OCCC2CC(C)(C)OC2=O)cc1
6439889,5780,OC[C@@H](O)[C@@H](O)[C@H](O)[C@@H](O)CO
6439889,23674745,CC(C(=O)[O-])c1ccc(CC2CCCC2=O)cc1.O.O.[Na+]
6439889,1119,O=S=O
72193767,14212362,Nc1nc(O)nc2c1ncn2[C@@H]1O[C@H](COP(=O)(O)O)[C@@H](O)[C@H]1O
72193767,132282124,C[C@@H]1O[C@@H](OCCCCCC(=O)SCCN=C(O)CCN=C(O)[C@H](O)C(C)(C)COP(=O)(O)OP(=O)(O)OC[C@H]2O[C@@H](n3cnc4c(N)ncnc43)[C@H](O)[C@@H]2OP(=O)(O)O)[C@H](O)C[C@H]1O
72193767,57431238,CN(C)CCC[N+](CCCN(C)C)=c1cc(C=C2Sc3ccccc3N2C)c2ccccc2n1-c1ccccc1
70680267,49859627,COc1cccc2[nH]cc(C/C(=N/OS(=O)(=O)[O-])S[C@@H]3O[C@H](CO)[C@@H](O)[C@H](O)[C@H]3O)c12
70680267,25320183,Nc1ncnc2c1ncn2[C@H]1C[C@H](O)[C@@H](COP(=O)([O-])OP(=O)([O-])OP(=O)([O-])[O-])O1
10205431,10185281,CCC(C)C(=O)c1c(O)c(Cc2c(O)c(C)c(O)c(C(=O)C(C)C)c2O)c(O)c2c1OC(C)(C)C=C2
10205431,49859627,COc1cccc2[nH]cc(C/C(=N/OS(=O)(=O)[O-])S[C@@H]3O[C@H](CO)[C@@H](O)[C@H](O)[C@H]3O)c12
10205431,3036388,O/C=C\O
124202377,56955923,O=[As]([O-])(O)c1ccccc1
124202377,52929771,CCCCCCCCCCCCCCCC/C=C\OC[C@@H](O)COP(=O)(O)O
124202377,5460337,O=C([O-])C(=O)Cc1c[nH]c2ccccc12
134692071,46931152,CCCCCCCC/C=C\CCCCCCCC(=O)OC[C@H](COP(=O)(O)OCC(O)COP(=O)(O)OC[C@@H](COC(=O)CCCCCCC/C=C\CCCCCCCC)OC(=O)CCCCCCC/C=C\CCCCCCCC)OC(=O)CCCCCCC/C=C\CCCCCCCC
134692071,9830520,CO/N=C(\C(O)=N[C@@H]1C(=O)N2C(C(=O)O)=C(Cn3ccc(=N)n3CCO)CS[C@H]12)c1csc(=N)[nH]1
91972225,91972223,CCCCCCCCCCCCCCCCCCCCCC[C@@H](C(=O)[O-])[C@H](O)CCCCCCCCCCCCCCCCCC1CC1CCCCCCCCCCC1CC1CCCCCCCCCCCCCCCCCC
91972225,134160296,CSC[C@H]1O[C@H](O[C@H]2[C@H](O)[C@H](O)[C@@H](OC[C@H]3O[C@@H](O[C@@H]4[C@@H](OC[C@H]5O[C@H](OC[C@H]6OC(O)[C@@H](O)[C@@H]6O)[C@@H](O)[C@@H]5O[C@H]5O[C@H](CO)[C@@H](O)[C@@H]5O[C@@H]5O[C@H](CO)[C@@H](O)[C@@H]5O)O[C@H](CO)[C@H]4O)[C@@H](O)[C@@H]3O)O[C@@H]2CO)[C@H](O)[C@H]1O
91972225,131953105,CC(/C=C/C1=C(CO)CCCC1(C)C)=C\C=C\C(C)=C\C(=O)[O-]
77797,5780,OC[C@@H](O)[C@@H](O)[C@H](O)[C@@H](O)CO
77797,49859627,COc1cccc2[nH]cc(C/C(=N/OS(=O)(=O)[O-])S[C@@H]3O[C@H](CO)[C@@H](O)[C@H](O)[C@H]3O)c12
77797,6089,CN(C)CCc1c[nH]c2ccccc12
49852370,70680316,CC(O)=N[C@@H]1[C@@H](O[C@@H]2O[C@H](CO)[C@H](O[C@H]3O[C@H](CO)[C@@H](O)[C@H](O)[C@H]3N=C(C)O)[C@H](O)[C@H]2O)[C@H](O)[C@@H](CO)O[C@H]1O
49852370,440649,Cc1ncc(C[n+]2c(C(O)CCC(=O)O)sc(CCOP(=O)(O)OP(=O)(O)O)c2C)c(=N)[nH]1
49852370,70761166,CC(C)(O)CCc1cccc(C(=O)N2Cc3ccccc3C(O)C2)c1
6604385,52929771,CCCCCCCCCCCCCCCC/C=C\OC[C@@H](O)COP(=O)(O)O
6604385,53477563,CC(C)=CCC/C(C)=C/CC/C(C)=C/CC/C(C)=C\CC/C(C)=C\CC/C(C)=C\CC/C(C)=C\CC/C(C)=C\CC/C(C)=C\CC/C(C)=C\CC/C(C)=C\COP(=O)(O)OP(=O)(O)O[C@H]1O[C@H](CO)[C@@H](O[C@@H]2O[C@H](CO)[C@@H](O)[C@H](O[C@H]3O[C@H](CO)[C@@H](O)[C@H](O)[C@@H]3O)[C@H]2O)[C@H](O)[C@H]1O
11058078,91972219,CC(O)=N[C@H]1[C@H](O[C@H]2[C@H](O)[C@@H](N=C(C)O)C(O)O[C@@H]2CO)O[C@H](COS(=O)(=O)O)[C@H](O)[C@@H]1O
11058078,5354212,COC(=O)/C=C1/CC[C@H]2[C@@H]3CCC4=CC(=O)CC[C@]4(C)[C@H]3C(=O)C[C@]12C
11058078,70788983,[NH3+]CCCC[C@@H]1N=C(O)[C@@H](Cc2c[nH]c3ccccc23)N=C(O)[C@H](c2ccccc2)N=C(O)[C@@H]2C[C@@H](OC(O)=NCC[NH3+])CN2C(=O)[C@H](Cc2ccccc2)N=C(O)[C@H](Cc2ccc(OCc3ccccc3)cc2)N=C1O
20849025,5780,OC[C@@H](O)[C@@H](O)[C@H](O)[C@@H](O)CO
20849025,73271,O=C(O)Cc1cc(O)nc(O)n1
20849025,5281604,COc1cc(O)cc2oc(-c3ccc(O)c(O)c3)c(O)c(=O)c12
10455148,5780,OC[C@@H](O)[C@@H](O)[C@H](O)[C@@H](O)CO
10455148,52929771,CCCCCCCCCCCCCCCC/C=C\OC[C@@H](O)COP(=O)(O)O
10455148,135563725,C/C=C1/CN2CCC3=C([NH2+]c4ccccc43)[C@H](C(=O)OC)[C@H]1CC2
124693,95715,O=C1C=C(N2CC2)C(=O)C=C1N1CC1
124693,23674745,CC(C(=O)[O-])c1ccc(CC2CCCC2=O)cc1.O.O.[Na+]
124693,86289382,N[C@H](C(=O)[O-])C(=O)COP(=O)([O-])O
6603933,5780,OC[C@@H](O)[C@@H](O)[C@H](O)[C@@H](O)CO
6603933,5780,OC[C@@H](O)[C@@H](O)[C@H](O)[C@@H](O)CO
6603933,782,O=C(O)CCC1N=C(O)N=C1O
5362457,440649,Cc1ncc(C[n+]2c(C(O)CCC(=O)O)sc(CCOP(=O)(O)OP(=O)(O)O)c2C)c(=N)[nH]1
5362457,25128979,CCN(CC)c1ccc2c(-c3ccc(S(=O)(=O)NCCCCCC(=O)O)cc3S(=O)(=O)[O-])c3ccc(N(CC)CC)cc3[o+]c2c1
135398735,70678725,COC1=C(Br)[C@H](O)[C@@]2(C=C1Br)CC(C(=O)NCCCCNC(=O)C1=NO[C@@]3(C=C(Br)C(=O)[C@H](Br)[C@H]3O)C1)=NO2
135398735,5365194,CCCCCCCC/C=C\CCCCCCCC(=O)OCCCCCCCCCCCCCCCCCC
70678659,70678600,CCCCCCCCCCCCCCCCCCCCCCC(O)C(O)=N[C@@H](COP(=O)(O)O[C@@H]1[C@H](O)[C@H](O)[C@@H](O)[C@H](O)[C@H]1O[C@@H]1O[C@H](COP(=O)(O)OC2[C@H](O)[C@H](O)C(O)[C@H](O)[C@H]2O)[C@@H](O)[C@H](O)[C@@H]1O)[C@H](O)CCCCCCCCCCCCCCC
70678659,53262337,CCCCCCCCCCCCCCCCCCCCCCCC[C@@H](C(=O)O)[C@H](O)CCCCCCCCCCCCCCCCC[C@H]1C[C@H]1CCCCCCCCCCCCCCCC[C@@H](OC)[C@H](C)CCCCCCCCCCCCCCCCCC
70678659,21676217,O=c1c(-c2ccc(O)cc2)coc2c([C@@H]3O[C@H](CO[C@@H]4OC[C@](O)(CO)[C@H]4O)[C@@H](O)[C@H](O)[C@H]3O)c(O)ccc12
176155,5169,Oc1ccc(-c2nc(-c3ccncc3)c(-c3ccc(F)cc3)[nH]2)cc1
176155,5354212,COC(=O)/C=C1/CC[C@H]2[C@@H]3CCC4=CC(=O)CC[C@]4(C)[C@H]3C(=O)C[C@]12C
176155,103996,CC(O)=Nc1ccc(Cl)c(N)c1
129626675,91666374,CCCCC/C=C\C/C=C\C/C=C\C/C=C\CCCC(=O)O[C@H](COC(=O)CCCCCCCCCCCCCCCCC)COP(=O)(O)OP(=O)(O)OC[C@H]1O[C@@H](n2ccc(=N)nc2O)[C@H](O)[C@@H]1O
129626675,440649,Cc1ncc(C[n+]2c(C(O)CCC(=O)O)sc(CCOP(=O)(O)OP(=O)(O)O)c2C)c(=N)[nH]1
129626675,71464681,N=C(O)CC[C@H](N)C(O)=N[C@@H](Cc1ccccc1)C(O)=N[C@@H](Cc1c[nH]c2ccccc12)C(O)=N[C@@H](Cc1ccc(O)cc1)C(=O)O
49852452,6433272,C[C@@H]1[C@H](O)[C@@H](C)/C=C/C=C/CC/C=C/C=C/C=C/C=C/C(O[C@H]2O[C@H](C)[C@@H](O)[C@H](N)[C@@H]2O)CC2O[C@](O)(CC(O)C(O)CCC(O)CC(O)CC(O)CC(=O)O[C@H]1C)CC(O)C2C(=O)O
49852452,70678703,C=C(C)C1Cc2c(oc3cc(OC)c(/C=C/C(C)C)c(O)c3c2=O)-c2ccc(O)cc2O1
92136151,70678725,COC1=C(Br)[C@H](O)[C@@]2(C=C1Br)CC(C(=O)NCCCCNC(=O)C1=NO[C@@]3(C=C(Br)C(=O)[C@H](Br)[C@H]3O)C1)=NO2
92136151,22873440,C=C(C)CCOP(=O)(O)OP(=O)(O)OP(=O)(O)OC[C@H]1O[C@@H](n2ccc(O)nc2=O)[C@H](O)[C@@H]1O
91861847,91858192,CC(O)=N[C@H]1[C@H](O[C@H]2[C@@H](O)[C@@H](CO)OC(O)[C@@H]2O[C@@H]2O[C@H](CO)[C@@H](O)[C@H](O)[C@H]2N=C(C)O)O[C@H](CO)[C@@H](O)[C@@H]1O
91861847,49859627,COc1cccc2[nH]cc(C/C(=N/OS(=O)(=O)[O-])S[C@@H]3O[C@H](CO)[C@@H](O)[C@H](O)[C@H]3O)c12
91861847,56965901,CC(C)C(O)=Nc1ncc(-c2cc(C(F)F)nn2-c2c(Cl)cccc2Cl)s1
95715,124693,O=C1C(NCCO)=C(N2CC2)C(=O)C(NCCO)=C1N1CC1
95715,5780,OC[C@@H](O)[C@@H](O)[C@H](O)[C@@H](O)CO
95715,6917698,COc1cc(N)c(Cl)cc1C(O)=N[C@@H]1CCN(CCCOc2ccc(F)cc2)C[C@@H]1OC
439886,5780,OC[C@@H](O)[C@@H](O)[C@H](O)[C@@H](O)CO
439886,22174003,CCCCCCCCCCCCCCCCCCCCCCCCCCC(=O)[O-]
6917864,68911,CO[C@H]1O[C@@H]2O[C@@]3(C)CC[C@H]4[C@H](C)CC[C@@H]([C@H]1C)[C@@]24OO3
6917864,5354212,COC(=O)/C=C1/CC[C@H]2[C@@H]3CCC4=CC(=O)CC[C@]4(C)[C@H]3C(=O)C[C@]12C
6917864,71581024,CC(C)=CCC/C(C)=C/CC/C(C)=C/CC/C(C)=C\CC/C(C)=C\CC/C(C)=C\CC/C(C)=C\CC/C(C)=C\CC/C(C)=C\CC/C(C)=C\CC/C(C)=C\COP(=O)(O)OP(=O)(O)O[C@H]1O[C@H](CO)[C@H](O)[C@H](O[C@H]2O[C@H](CO)[C@H](O)[C@H](O[C@@H]3O[C@H](CO)[C@H](O)[C@H](O)[C@H]3O)[C@H]2N=C(C)O)[C@H]1N=C(C)O
24798742,10825777,NC(Cc1cc(O)c2c(c1)SCC(O)=N2)C(=O)O
24798742,70678947,CC(O)=N[C@@H]1[C@@H](O)[C@H](O[C@@H]2O[C@H](CO)[C@H](O[C@H]3O[C@H](CO)[C@H](O)[C@H](O)[C@H]3O)[C@H](O[C@H]3O[C@H](CO)[C@H](O)[C@H](O)[C@H]3O)[C@H]2O)[C@@H](CO)O[C@H]1O
56601654,132282124,C[C@@H]1O[C@@H](OCCCCCC(=O)SCCN=C(O)CCN=C(O)[C@H](O)C(C)(C)COP(=O)(O)OP(=O)(O)OC[C@H]2O[C@@H](n3cnc4c(N)ncnc43)[C@H](O)[C@@H]2OP(=O)(O)O)[C@H](O)C[C@H]1O
56601654,467296,COc1cc(C(=O)O[C@@H]2Cc3c(O)cc(O)cc3O[C@@H]2c2ccc(O)c(O)c2)cc(O)c1O
5284466,5780,OC[C@@H](O)[C@@H](O)[C@H](O)[C@@H](O)CO
5284466,5780,OC[C@@H](O)[C@@H](O)[C@H](O)[C@@H](O)CO
5284466,135453893,Cc1cc(O)c2c(O)c3c(O)cc(=O)cc3cc2o1
6426909,5354212,COC(=O)/C=C1/CC[C@H]2[C@@H]3CCC4=CC(=O)CC[C@]4(C)[C@H]3C(=O)C[C@]12C
6426909,5043349,O=C([O-])CC(Cc1ccccc1)C(=O)[O-]
22035237,23674745,CC(C(=O)[O-])c1ccc(CC2CCCC2=O)cc1.O.O.[Na+]
22035237,49791945,O=C([O-])Cc1cn(C2O[C@H](COP(=O)([O-])[O-])[C@@H](O)[C@H]2O)cn1
25201390,5780,OC[C@@H](O)[C@@H](O)[C@H](O)[C@@H](O)CO
25201390,71298190,CC(O)=N[C@H]1C(O)O[C@H](CO)[C@H](O)[C@@H]1O[C@@H]1O[C@H](CO)[C@H](O[C@H]2O[C@H](CO)[C@H](O)[C@H](O)[C@H]2O)[C@H](O)[C@H]1O[C@@H]1O[C@@H](C)[C@@H](O)[C@@H](O)[C@@H]1O
25201390,138756165,CC(CCCCCC/C=C\CCCCCCCC(=O)[O-])O[C@@H]1O[C@H](CO)[C@@H](O)[C@H](O)[C@H]1O
8501,56955923,O=[As]([O-])(O)c1ccccc1
8501,5780,OC[C@@H](O)[C@@H](O)[C@H](O)[C@@H](O)CO
8501,11999968,O=C(Oc1cc(O)c2c(c1)OC(c1cc(O)c(OC(=O)c3cc(O)c(O)c(O)c3)c(O)c1)CC2)c1cc(O)c(O)c(O)c1
126843490,126843487,C[C@H](CCC(=O)SCCN=C(O)CCN=C(O)[C@H](O)C(C)(C)COP(=O)(O)OP(=O)(O)OC[C@H]1O[C@@H](n2cnc3c(N)ncnc32)[C@H](O)[C@@H]1OP(=O)(O)O)[C@H]1CC[C@H]2[C@@H]3[C@H](O)C[C@@H]4CC(=O)CC[C@]4(C)[C@H]3C[C@H](O)[C@]12C
126843490,132282124,C[C@@H]1O[C@@H](OCCCCCC(=O)SCCN=C(O)CCN=C(O)[C@H](O)C(C)(C)COP(=O)(O)OP(=O)(O)OC[C@H]2O[C@@H](n3cnc4c(N)ncnc43)[C@H](O)[C@@H]2OP(=O)(O)O)[C@H](O)C[C@H]1O
126843490,122391240,COc1cc(-c2cc(=O)c3c(O)cc(O[C@@H]4O[C@H](COC(=O)CC(=O)O)[C@@H](O)[C@H](O)[C@H]4O)cc3o2)cc(OC)c1O
91859343,9963963,CCCCCCCCCCCCC/C=C/[C@@H](O)[C@H](CO[C@@H]1O[C@H](CO)[C@@H](O[C@@H]2O[C@H](CO)[C@H](O[C@@H]3O[C@H](CO)[C@H](O)[C@H](O[C@@H]4O[C@H](CO)[C@H](O)[C@H](O)[C@H]4O)[C@H]3N=C(C)O)[C@H](O[C@]3(C(=O)O)C[C@H](O)[C@@H](N=C(C)O)[C@H]([C@H](O)[C@H](O)CO)O3)[C@H]2O)[C@H](O)[C@H]1O)N=C(O)CCCCCCCCCCCCCCCCC
91859343,132282124,C[C@@H]1O[C@@H](OCCCCCC(=O)SCCN=C(O)CCN=C(O)[C@H](O)C(C)(C)COP(=O)(O)OP(=O)(O)OC[C@H]2O[C@@H](n3cnc4c(N)ncnc43)[C@H](O)[C@@H]2OP(=O)(O)O)[C@H](O)C[C@H]1O
91859343,14213975,C=CC(C)(C)C1=Cc2c(c(C(C)(C)C=C)c3oc(=O)ccc3c2O)OC1(C)C
5283159,5780,OC[C@@H](O)[C@@H](O)[C@H](O)[C@@H](O)CO
5283159,23674745,CC(C(=O)[O-])c1ccc(CC2CCCC2=O)cc1.O.O.[Na+]
5283159,5353,COc1cc(S(C)=O)ccc1-c1nc2cccnc2[nH]1
14213975,5354212,COC(=O)/C=C1/CC[C@H]2[C@@H]3CCC4=CC(=O)CC[C@]4(C)[C@H]3C(=O)C[C@]12C
14213975,52951052,CC1(C)CC[C@]2(C(=O)O[C@@H]3O[C@H](CO)[C@@H](O)[C@H](O)[C@H]3O)CC[C@]3(C)C(=CC[C@@H]4[C@@]5(C)C[C@@H](O)[C@H](O)[C@@](C)(CO)[C@@H]5CC[C@]43C)[C@@H]2C1
17754024,176983,C=C(C)C1=CC=C(C)CC1
17754024,443144,CC(=O)C[C@@H]1CCCN1C
17754024,131801225,CCCCCCC[C@H](C)CCC[C@H](C)CCC[C@H](C)CCC[C@H](C)CCC[C@H](C)CCCOP(=O)([O-])O[C@@H]1O[C@H](CO)[C@@H](O)[C@H](O)[C@@H]1O
44602409,14345637,CCCCC/C=C\C/C=C\C/C=C\C/C=C\CCCC(=O)OC(CO)COC(=O)CCCCCCCCCCCCCCCCC
44602409,71296164,NC[C@H]1O[C@H](O[C@H]2[C@H](O)[C@@H](O[C@H]3O[C@H](CO)[C@@H](O)[C@H](N)[C@H]3O)[C@H](N)C[C@@H]2N)C(=O)[C@@H](O)[C@@H]1O
10176229,443144,CC(=O)C[C@@H]1CCCN1C
10176229,3692773,CC(=O)C[NH3+]
196730,5354212,COC(=O)/C=C1/CC[C@H]2[C@@H]3CCC4=CC(=O)CC[C@]4(C)[C@H]3C(=O)C[C@]12C
196730,72551578,O=C([O-])CCC/C=C\C/C=C\C/C=C\C/C=C\C/C=C\CCO
40469168,122391240,COc1cc(-c2cc(=O)c3c(O)cc(O[C@@H]4O[C@H](COC(=O)CC(=O)O)[C@@H](O)[C@H](O)[C@H]4O)cc3o2)cc(OC)c1O
40469168,49859627,COc1cccc2[nH]cc(C/C(=N/OS(=O)(=O)[O-])S[C@@H]3O[C@H](CO)[C@@H](O)[C@H](O)[C@H]3O)c12
40469168,46173162,CCCCCCC(O)C/C=C\CCCCCCCC(=O)[O-]
447213,56955923,O=[As]([O-])(O)c1ccccc1
447213,69212,CC1=CC(=O)C(=O)C=C1O
447213,121232639,CCCCCCCC/C=C\CCCCCCCCCCCCCC(O)=N[C@@H](CO[C@@H]1O[C@H](CO)[C@H](O)[C@H](O)[C@H]1O)[C@H](O)CCCCCCCCCCCCCCC
654,5780,OC[C@@H](O)[C@@H](O)[C@H](O)[C@@H](O)CO
654,443144,CC(=O)C[C@@H]1CCCN1C
654,74873,C[Si](C)(C)CCCS(=O)(=O)O
78319901,5354212,COC(=O)/C=C1/CC[C@H]2[C@@H]3CCC4=CC(=O)CC[C@]4(C)[C@H]3C(=O)C[C@]12C
78319901,196402,Oc1ccc([C@H]2Oc3cc(O)cc4c3[C@@H]2c2cc(O)cc3c2[C@@H](c2cc(O)cc5c2[C@@H]4[C@H](c2ccc(O)cc2)O5)[C@H](c2ccc(O)cc2)O3)cc1
70679179,5780,OC[C@@H](O)[C@@H](O)[C@H](O)[C@@H](O)CO
70679179,53239731,CC(O)=N[C@@H]1[C@@H](O[C@@H]2O[C@@H](C)[C@@H](O)[C@@H](O)[C@@H]2O)[C@H](O[C@@H]2O[C@H](CO)[C@@H](O)[C@H](O)[C@H]2N=C(C)O)[C@@H](CO[C@@H]2O[C@@H](C)[C@@H](O)[C@@H](O)[C@@H]2O)O[C@H]1O
70679179,5319013,COc1cc(O)c(-c2coc3cc(O)ccc3c2=O)c(OC)c1CC=C(C)C
71581143,14212362,Nc1nc(O)nc2c1ncn2[C@@H]1O[C@H](COP(=O)(O)O)[C@@H](O)[C@H]1O
71581143,134160296,CSC[C@H]1O[C@H](O[C@H]2[C@H](O)[C@H](O)[C@@H](OC[C@H]3O[C@@H](O[C@@H]4[C@@H](OC[C@H]5O[C@H](OC[C@H]6OC(O)[C@@H](O)[C@@H]6O)[C@@H](O)[C@@H]5O[C@H]5O[C@H](CO)[C@@H](O)[C@@H]5O[C@@H]5O[C@H](CO)[C@@H](O)[C@@H]5O)O[C@H](CO)[C@H]4O)[C@@H](O)[C@@H]3O)O[C@@H]2CO)[C@H](O)[C@H]1O
71581143,637090,C/C=C/C(=O)O
21635054,23674745,CC(C(=O)[O-])c1ccc(CC2CCCC2=O)cc1.O.O.[Na+]
21635054,91826539,CCC(C)[C@H](N=C(O)[C@H](CC(=N)O)N=C(O)[C@H](Cc1ccc(O)cc1)N=C(O)[C@H](Cc1ccccc1)N=C(O)[C@H](Cc1ccccc1)N=C(O)[C@H](Cc1cnc[nH]1)N=C(O)[C@@H](N=C(O)[C@@H](N=C(O)[C@@H]1CCCN1C(=O)[C@H](CC(=N)O)N=C(O)[C@H](CCC(=N)O)N=C(O)CN=C(O)[C@H](CCCCN)N=C(O)CN=C(O)[C@H](CCCCN)N=C(O)CN=C(O)[C@H](CCCCN)N=C(O)CN=C(O)[C@H](CCCCN)N=C(O)CN=C(O)[C@@H](N)CCCCN)C(C)C)C(C)C)C(O)=N[C@H](C(O)=N[C@H](C(=O)N1CCC[C@H]1C(O)=N[C@@H](CCCNC(=N)N)C(O)=N[C@H](C(=O)N1CCC[C@H]1C(=O)O)C(C)O)C(C)O)C(C)C
516951,5780,OC[C@@H](O)[C@@H](O)[C@H](O)[C@@H](O)CO
516951,69212,CC1=CC(=O)C(=O)C=C1O
516951,52921817,CC/C=C\C/C=C\C/C=C\C/C=C\C/C=C\C/C=C\CCCCCCCCCCCCCCC(=O)O
118797923,53380618,O=P(O)(O)OC1[C@@H](OP(=O)(O)O)[C@H](OP(=O)(O)OP(=O)(O)O)C(O)[C@H](OP(=O)(O)OP(=O)(O)O)[C@H]1OP(=O)(O)O
118797923,70678725,COC1=C(Br)[C@H](O)[C@@]2(C=C1Br)CC(C(=O)NCCCCNC(=O)C1=NO[C@@]3(C=C(Br)C(=O)[C@H](Br)[C@H]3O)C1)=NO2
118797923,10648,Cl.c1ccc2c(c1)CCCC2C1=NCCN1
44244678,5780,OC[C@@H](O)[C@@H](O)[C@H](O)[C@@H](O)CO
44244678,53262337,CCCCCCCCCCCCCCCCCCCCCCCC[C@@H](C(=O)O)[C@H](O)CCCCCCCCCCCCCCCCC[C@H]1C[C@H]1CCCCCCCCCCCCCCCC[C@@H](OC)[C@H](C)CCCCCCCCCCCCCCCCCC
44244678,6432211,CC(C)c1ccc2c(c1)CC[C@H]1C(C)(C)CCC[C@]21C
52951892,49859627,COc1cccc2[nH]cc(C/C(=N/OS(=O)(=O)[O-])S[C@@H]3O[C@H](CO)[C@@H](O)[C@H](O)[C@H]3O)c12
52951892,10050190,COc1ccc(-c2cc3c(c(=O)o2)C[C@]2(O)[C@@]4(C)C(=O)C=CC(C)(C)[C@]4(O)CC[C@@]2(C)O3)cc1
131708343,18614382,O=C1CCC(C(=O)[O-])C1
131708343,23674745,CC(C(=O)[O-])c1ccc(CC2CCCC2=O)cc1.O.O.[Na+]
131708343,11268094,O=C(NC1CCNCC1)c1n[nH]cc1N=C(O)c1c(F)cccc1F
9832292,70678725,COC1=C(Br)[C@H](O)[C@@]2(C=C1Br)CC(C(=O)NCCCCNC(=O)C1=NO[C@@]3(C=C(Br)C(=O)[C@H](Br)[C@H]3O)C1)=NO2
9832292,953,NC(CCOP(=O)(O)O)C(=O)O
637568,5780,OC[C@@H](O)[C@@H](O)[C@H](O)[C@@H](O)CO
637568,69212,CC1=CC(=O)C(=O)C=C1O
637568,444881,[NH3+][C@@H](Cc1c[nH]c2ccccc12)C(=O)O
91825739,14212362,Nc1nc(O)nc2c1ncn2[C@@H]1O[C@H](COP(=O)(O)O)[C@@H](O)[C@H]1O
91825739,132282124,C[C@@H]1O[C@@H](OCCCCCC(=O)SCCN=C(O)CCN=C(O)[C@H](O)C(C)(C)COP(=O)(O)OP(=O)(O)OC[C@H]2O[C@@H](n3cnc4c(N)ncnc43)[C@H](O)[C@@H]2OP(=O)(O)O)[C@H](O)C[C@H]1O
91825739,25202957,COP(=O)(O)OCCNC(=N)N
6928499,56955923,O=[As]([O-])(O)c1ccccc1
6928499,56955923,O=[As]([O-])(O)c1ccccc1
6928499,131708325,O=C(O)C1=C[C@H](O)[C@@H](O)[C@H](O[C@H]2[C@H](O)[C@@H](NS(=O)(=O)O)[C@@H](O[C@@H]3C(C(=O)O)OC(O[C@H]4[C@H](O)[C@@H](NS(=O)(=O)O)[C@@H](O[C@@H]5C(C(=O)O)OC(O[C@H]6[C@H](O)[C@@H](NS(=O)(=O)O)[C@@H](O[C@@H]7C(C(=O)O)OC(O[C@H]8[C@H](O)[C@@H](NS(=O)(=O)O)[C@@H](O)O[C@@H]8CO)[C@H](O)[C@H]7O)O[C@@H]6CO)[C@H](OS(=O)(=O)O)[C@H]5O)O[C@@H]4CO)[C@H](OS(=O)(=O)O)[C@H]3O)O[C@@H]2CO)O1
52931145,5780,OC[C@@H](O)[C@@H](O)[C@H](O)[C@@H](O)CO
52931145,53239731,CC(O)=N[C@@H]1[C@@H](O[C@@H]2O[C@@H](C)[C@@H](O)[C@@H](O)[C@@H]2O)[C@H](O[C@@H]2O[C@H](CO)[C@@H](O)[C@H](O)[C@H]2N=C(C)O)[C@@H](CO[C@@H]2O[C@@H](C)[C@@H](O)[C@@H](O)[C@@H]2O)O[C@H]1O
52931145,5282609,CCC(C)CCCCCCCCCCCCCCCCCCCCCCC(=O)O
86278053,5354212,COC(=O)/C=C1/CC[C@H]2[C@@H]3CCC4=CC(=O)CC[C@]4(C)[C@H]3C(=O)C[C@]12C
86278053,138911104,CC(C)C[C@H](N=C(O)[C@@H](N)CO)C(O)=N[C@@H](CO)C(=O)O
129320431,56955923,O=[As]([O-])(O)c1ccccc1
129320431,5289352,CC(O)=N[C@@H]1[C@@H](O[C@@H]2O[C@H](CO)[C@H](O)[C@H](OS(=O)(=O)O)[C@H]2O)[C@H](O[C@@H]2O[C@@H](C)[C@@H](O)[C@@H](O)[C@@H]2O)[C@@H](CO)O[C@H]1O
3378093,49859627,COc1cccc2[nH]cc(C/C(=N/OS(=O)(=O)[O-])S[C@@H]3O[C@H](CO)[C@@H](O)[C@H](O)[C@H]3O)c12
3378093,24779048,CCCCC/C=C\C/C=C\C/C=C\C/C=C\CCCC(=O)O[C@H](COC(=O)CCCCCCCCCCCCCCCCCCC)COP(=O)([O-])OCC[N+](C)(C)C
5282161,53239731,CC(O)=N[C@@H]1[C@@H](O[C@@H]2O[C@@H](C)[C@@H](O)[C@@H](O)[C@@H]2O)[C@H](O[C@@H]2O[C@H](CO)[C@@H](O)[C@H](O)[C@H]2N=C(C)O)[C@@H](CO[C@@H]2O[C@@H](C)[C@@H](O)[C@@H](O)[C@@H]2O)O[C@H]1O
5282161,11564465,[Li]
70678630,5780,OC[C@@H](O)[C@@H](O)[C@H](O)[C@@H](O)CO
70678630,5780,OC[C@@H](O)[C@@H](O)[C@H](O)[C@@H](O)CO
70678630,16850,O=C1OC2(c3ccc(O)cc3Oc3cc(O)ccc32)c2ccccc21
91828267,5780,OC[C@@H](O)[C@@H](O)[C@H](O)[C@@H](O)CO
91828267,49859627,COc1cccc2[nH]cc(C/C(=N/OS(=O)(=O)[O-])S[C@@H]3O[C@H](CO)[C@@H](O)[C@H](O)[C@H]3O)c12
91828267,25246140,CCCCCC/C=C\CCCCCCCC(=O)O[C@H](CCCCCCCCCCC)CC(O)=N[C@H]1[C@H](OC[C@H]2O[C@H](OP(=O)(O)O)[C@H](N=C(O)C[C@H](O)CCCCCCCCCCC)[C@@H](OC(=O)C[C@H](O)CCCCCCCCCCC)[C@@H]2O)O[C@H](CO[C@]2(C(=O)O)C[C@@H](O[C@]3(C(=O)O)C[C@@H](O)[C@@H](O)[C@@H]([C@H](O)CO)O3)[C@@H](O)[C@@H]([C@H](O)CO)O2)[C@@H](OP(=O)(O)O)[C@@H]1OC(=O)C[C@@H](CCCCCCCCCCC)OC(=O)CCCCCCCCCCCCC
3406,3692773,CC(=O)C[NH3+]
3406,135420630,N=c1nc(O)c2nc(O)[nH]c2[nH]1
5362065,45266517,CO/N=C(\C([O-])=N[C@@H]1C(=O)N2C(C(=O)O)=CCS[C@H]12)c1csc(=N)[nH]1
5362065,49859627,COc1cccc2[nH]cc(C/C(=N/OS(=O)(=O)[O-])S[C@@H]3O[C@H](CO)[C@@H](O)[C@H](O)[C@H]3O)c12
5362065,72193672,COc1cc(/C=C/C(=O)OC[C@H]2OC(Oc3cc4oc(-c5ccc(O)c(O)c5)cc(=O)c4c(O)c3[C@@H]3O[C@H](CO)[C@@H](O)[C@H](O)[C@H]3O)[C@H](O)[C@@H](O)[C@@H]2O)ccc1O
132282507,86289694,C[C@H](CCCCCCCCC/C=C/C(=O)O)O[C@@H]1O[C@@H](C)[C@H](O)C[C@H]1O
132282507,10825777,NC(Cc1cc(O)c2c(c1)SCC(O)=N2)C(=O)O
132282507,6323266,N=C1CCCN1Cc1nc(O)nc(O)c1Cl
24778485,5283118,CCCCCC(=O)/C=C/[C@@H]1[C@@H](CCCCCCC(=O)O)[C@@H](O)C[C@H]1O
24778485,52929771,CCCCCCCCCCCCCCCC/C=C\OC[C@@H](O)COP(=O)(O)O
24778485,46878496,CC(C)=CCC/C(C)=C/CC/C(C)=C/CC/C(C)=C\CC/C(C)=C\CC/C(C)=C\CC/C(C)=C\CC/C(C)=C\CC/C(C)=C\CC/C(C)=C\CC/C(C)=C\COP(=O)(O)OP(=O)(O)O[C@H]1O[C@H](CO)[C@@H](O)[C@H](O[C@H](C)C(O)=N[C@@H](C)C(O)=N[C@H](CCC([O-])=N[C@@H](CCCCN)C(O)=N[C@H](C)C([O-])=N[C@H](C)C(=O)O)C(=O)O)[C@H]1N=C(C)[O-]
132282499,86289694,C[C@H](CCCCCCCCC/C=C/C(=O)O)O[C@@H]1O[C@@H](C)[C@H](O)C[C@H]1O
132282499,49859627,COc1cccc2[nH]cc(C/C(=N/OS(=O)(=O)[O-])S[C@@H]3O[C@H](CO)[C@@H](O)[C@H](O)[C@H]3O)c12
132282499,52937174,CC(C)c1ccc(O)c2c1CC[C@H]1[C@@](C)(C(=O)O)CCC[C@]21C
6992022,86289694,C[C@H](CCCCCCCCC/C=C/C(=O)O)O[C@@H]1O[C@@H](C)[C@H](O)C[C@H]1O
6992022,5780,OC[C@@H](O)[C@@H](O)[C@H](O)[C@@H](O)CO
6992022,25017464,C/C1=C\CC[C@H](C)OC(=O)C[C@H](c2ccc(O)cc2)N=C(O)[C@@H](Cc2c(Br)[nH]c3ccccc23)N(C)C(=O)[C@H](C)N=C(O)[C@@H](C)C1
146026592,46931152,CCCCCCCC/C=C\CCCCCCCC(=O)OC[C@H](COP(=O)(O)OCC(O)COP(=O)(O)OC[C@@H](COC(=O)CCCCCCC/C=C\CCCCCCCC)OC(=O)CCCCCCC/C=C\CCCCCCCC)OC(=O)CCCCCCC/C=C\CCCCCCCC
146026592,115245,C[C@H](CCC(O)=NCC(=O)O)[C@H]1CC[C@H]2[C@@H]3CC[C@@H]4C[C@H](O)CC[C@]4(C)[C@H]3CC[C@]12C
9839519,56955923,O=[As]([O-])(O)c1ccccc1
9839519,23674745,CC(C(=O)[O-])c1ccc(CC2CCCC2=O)cc1.O.O.[Na+]
9839519,90659804,CCCCCCCC/C=C\CCCCCCCCCCCCCC(O)=N[C@@H](CO[C@@H]1O[C@H](CO)[C@@H](O[C@@H]2O[C@H](CO)[C@H](O[C@H]3O[C@H](CO)[C@H](O)[C@H](O)[C@H]3O)[C@H](O)[C@H]2O)[C@H](O)[C@H]1O)[C@H](O)/C=C/CCCCCCCCCCCCC
5497105,5780,OC[C@@H](O)[C@@H](O)[C@H](O)[C@@H](O)CO
5497105,49859627,COc1cccc2[nH]cc(C/C(=N/OS(=O)(=O)[O-])S[C@@H]3O[C@H](CO)[C@@H](O)[C@H](O)[C@H]3O)c12
5497105,440216,C=C(Cl)C[C@H](N)C(=O)O
23656876,14475218,CC(C)N=C(O)NS(=O)(=O)c1c[nH]ccc1=Nc1cccc(C(=O)O)c1
23656876,5354212,COC(=O)/C=C1/CC[C@H]2[C@@H]3CCC4=CC(=O)CC[C@]4(C)[C@H]3C(=O)C[C@]12C
23656876,5443,O=C(O)c1ccccc1S
70678703,49859627,COc1cccc2[nH]cc(C/C(=N/OS(=O)(=O)[O-])S[C@@H]3O[C@H](CO)[C@@H](O)[C@H](O)[C@H]3O)c12
70678703,92136120,CCCCCCCCCCCCC/C=C/[C@@H](O)[C@H](CO[C@@H]1O[C@H](CO)[C@@H](O[C@@H]2O[C@H](CO)[C@H](O[C@@H]3O[C@H](CO)[C@H](O)[C@H](O[C@@H]4O[C@H](CO)[C@H](O)[C@H](O[C@]5(C(=O)O)C[C@H](O)[C@@H](N=C(C)[O-])[C@H]([C@H](O)[C@@H](CO)O[C@]6(C(=O)O)C[C@H](O)[C@@H](N=C(C)[O-])[C@H]([C@H](O)[C@H](O)CO)O6)O5)[C@H]4O)[C@H]3N=C(C)O)[C@H](O[C@]3(C(=O)O)C[C@H](O)[C@@H](N=C(C)[O-])[C@H]([C@H](O)[C@@H](CO)O[C@]4(C(=O)O)C[C@H](O)[C@@H](N=C(C)[O-])[C@H]([C@H](O)[C@H](O)CO)O4)O3)[C@H]2O)[C@H](O)[C@H]1O)N=C(O)CCCCCCCCCCCCCCCCC
123131535,5780,OC[C@@H](O)[C@@H](O)[C@H](O)[C@@H](O)CO
123131535,30951,C=CCOc1ccc(CC(=O)O)cc1Cl
123131535,440064,C[C@H](C(=O)O)[C@H](N)C(=O)O
23462646,5780,OC[C@@H](O)[C@@H](O)[C@H](O)[C@@H](O)CO
23462646,137547,C#CCC(=O)O
23462646,90659091,N=c1ccn([C@@H]2O[C@H](COP(=O)(O)OP(=O)(O)OC[C@H](O)CO)[C@@H](O)[C@H]2O)c(O)n1
24778949,5780,OC[C@@H](O)[C@@H](O)[C@H](O)[C@@H](O)CO
24778949,70678725,COC1=C(Br)[C@H](O)[C@@]2(C=C1Br)CC(C(=O)NCCCCNC(=O)C1=NO[C@@]3(C=C(Br)C(=O)[C@H](Br)[C@H]3O)C1)=NO2
24778949,20843347,CSCCC/C(=N/OS(=O)(=O)[O-])S[C@@H]1O[C@H](CO)[C@@H](O)[C@H](O)[C@H]1O
54692919,56955923,O=[As]([O-])(O)c1ccccc1
54692919,440649,Cc1ncc(C[n+]2c(C(O)CCC(=O)O)sc(CCOP(=O)(O)OP(=O)(O)O)c2C)c(=N)[nH]1
54692919,90002174,Cc1cccc2[nH]c(C(=O)O)c(C)c12
25886395,5280891,CCCCC[C@H](O)/C=C/[C@H]1OC(=O)C[C@H](O)[C@@H]1C/C=C\CCCC(=O)O
25886395,5354212,COC(=O)/C=C1/CC[C@H]2[C@@H]3CCC4=CC(=O)CC[C@]4(C)[C@H]3C(=O)C[C@]12C
25886395,70698350,CC1=C(CCC(=O)[O-])C2=N[C@@]1(C)CC1=C(CCC(=O)[O-])[C@](C)(CC(=O)[O-])C(=N1)/C=C1\N[C@@](C)([C@@H]3N=C(C2C)[C@](C)(CCC(=O)[O-])[C@H]3CC(=O)[O-])[C@@](C)(CC(=O)O)[C@@H]1CCC(=O)[O-]
91825600,5780,OC[C@@H](O)[C@@H](O)[C@H](O)[C@@H](O)CO
91825600,279,N=C(O)NC(CC(=O)O)C(=O)O
91825600,25113191,CCCCCCCCCCCC(=O)OP(=O)([O-])OC[C@H]1O[C@@H](n2cnc3c(N)ncnc32)[C@H](O)[C@@H]1O
122198259,5780,OC[C@@H](O)[C@@H](O)[C@H](O)[C@@H](O)CO
122198259,5354212,COC(=O)/C=C1/CC[C@H]2[C@@H]3CCC4=CC(=O)CC[C@]4(C)[C@H]3C(=O)C[C@]12C
122198259,145946113,CC(=O)C=Nc1c(O)nc(O)nc1NCCO
118796935,53380618,O=P(O)(O)OC1[C@@H](OP(=O)(O)O)[C@H](OP(=O)(O)OP(=O)(O)O)C(O)[C@H](OP(=O)(O)OP(=O)(O)O)[C@H]1OP(=O)(O)O
118796935,10825777,NC(Cc1cc(O)c2c(c1)SCC(O)=N2)C(=O)O
118796935,145864724,COc1cc([O-])c2c(O)c3c(=O)cc(C)oc3cc2c1
785072,56955923,O=[As]([O-])(O)c1ccccc1
785072,5780,OC[C@@H](O)[C@@H](O)[C@H](O)[C@@H](O)CO
785072,24889972,NCCCC[C@H](N)C(O)=N[C@@H](CC(=O)O)C(O)=N[C@@H](Cc1ccc(O)cc1)C(=O)O
86289624,14212362,Nc1nc(O)nc2c1ncn2[C@@H]1O[C@H](COP(=O)(O)O)[C@@H](O)[C@H]1O
86289624,132282124,C[C@@H]1O[C@@H](OCCCCCC(=O)SCCN=C(O)CCN=C(O)[C@H](O)C(C)(C)COP(=O)(O)OP(=O)(O)OC[C@H]2O[C@@H](n3cnc4c(N)ncnc43)[C@H](O)[C@@H]2OP(=O)(O)O)[C@H](O)C[C@H]1O
86289624,145712527,C=CC(C)(C)c1[nH]c2ccccc2c1CC1=CN2CCC[C@H]2C(O)=N1
45480652,440649,Cc1ncc(C[n+]2c(C(O)CCC(=O)O)sc(CCOP(=O)(O)OP(=O)(O)O)c2C)c(=N)[nH]1
45480652,1745,OCc1cnc[nH]1
118796879,5780,OC[C@@H](O)[C@@H](O)[C@H](O)[C@@H](O)CO
118796879,5354212,COC(=O)/C=C1/CC[C@H]2[C@@H]3CCC4=CC(=O)CC[C@]4(C)[C@H]3C(=O)C[C@]12C
118796879,447213,N[C@H](CO)Cc1ccccc1
442621,5280695,COc1c(O)cc(O)c2c(=O)c(O)c(-c3ccc(O)c(O)c3)oc12
442621,5354212,COC(=O)/C=C1/CC[C@H]2[C@@H]3CCC4=CC(=O)CC[C@]4(C)[C@H]3C(=O)C[C@]12C
442621,57339315,[NH3+][C@H]1[C@@H](O[C@H]2[C@H](O)[C@@H](O)[C@H]([NH3+])C[C@@H]2[NH3+])O[C@H](C=O)[C@@H](O)[C@@H]1O
10236,11815,O=C1CC(=O)c2ccccc21
10236,5780,OC[C@@H](O)[C@@H](O)[C@H](O)[C@@H](O)CO
10236,7269401,O=C([O-])/C=C/C=C/C(=O)[O-]
16062700,91855781,CC(O)=N[C@H]1[C@H](O[C@@H]2[C@@H](O)[C@@H](O)O[C@H](CO)[C@@H]2O)O[C@H](CO)[C@H](O)[C@@H]1O[C@@H]1O[C@H](CO)[C@H](O)[C@H](O)[C@H]1O
16062700,440649,Cc1ncc(C[n+]2c(C(O)CCC(=O)O)sc(CCOP(=O)(O)OP(=O)(O)O)c2C)c(=N)[nH]1
16062700,25128979,CCN(CC)c1ccc2c(-c3ccc(S(=O)(=O)NCCCCCC(=O)O)cc3S(=O)(=O)[O-])c3ccc(N(CC)CC)cc3[o+]c2c1
91972223,91972225,CCCCCCCCCCCCCCCCCCCCCCCC[C@@H](C(=O)[O-])[C@H](O)CCCCCCCCCCCCCCCCCC1CC1CCCCCCCCCCC1CC1CCCCCCCCCCCCCCCCCC
91972223,132282124,C[C@@H]1O[C@@H](OCCCCCC(=O)SCCN=C(O)CCN=C(O)[C@H](O)C(C)(C)COP(=O)(O)OP(=O)(O)OC[C@H]2O[C@@H](n3cnc4c(N)ncnc43)[C@H](O)[C@@H]2OP(=O)(O)O)[C@H](O)C[C@H]1O
91972223,71298228,CC(O)=N[C@H]1[C@H](OC[C@H]2OC(O)[C@H](N=C(C)O)[C@@H](O[C@@H]3O[C@H](CO)[C@H](O)[C@H](O)[C@H]3O[C@@H]3O[C@@H](C)[C@@H](O)[C@@H](O)[C@@H]3O)[C@H]2O)O[C@H](CO)[C@@H](O[C@@H]2O[C@H](CO)[C@H](O)[C@H](O)[C@H]2O)[C@@H]1O
152657,21283465,Cn1cnc(CC(=O)[O-])c1
152657,69212,CC1=CC(=O)C(=O)C=C1O
152657,9929643,COc1cc(O)c2c(c1)[C@H]1O[C@@H]1C[C@H](O)[C@H](O)C(=O)/C=C\C[C@H](C)OC2=O
3033895,5354212,COC(=O)/C=C1/CC[C@H]2[C@@H]3CCC4=CC(=O)CC[C@]4(C)[C@H]3C(=O)C[C@]12C
3033895,91826524,C/C(=C/CC(=O)SCCN=C(O)CCN=C(O)[C@H](O)C(C)(C)COP(=O)(O)OP(=O)(O)OC[C@H]1O[C@@H](n2cnc3c(N)ncnc32)[C@H](O)[C@@H]1OP(=O)(O)O)[C@H]1CC[C@H]2[C@@H]3CC=C4C[C@@H](O)CC[C@]4(C)[C@H]3CC[C@]12C
56597213,23674745,CC(C(=O)[O-])c1ccc(CC2CCCC2=O)cc1.O.O.[Na+]
56597213,135531196,N=c1nc(O)c2ncn([C@@H]3O[C@@H]4COP(O)(=S)O[C@H]4[C@H]3O)c2[nH]1
102571770,5780,OC[C@@H](O)[C@@H](O)[C@H](O)[C@@H](O)CO
102571770,5354212,COC(=O)/C=C1/CC[C@H]2[C@@H]3CCC4=CC(=O)CC[C@]4(C)[C@H]3C(=O)C[C@]12C
102571770,146026592,CSCC[C@H](N=C(O)[C@@H]1CCCN1C(=O)CN=C(O)[C@H](CCCCN)N=C(O)[C@H](Cc1cnc[nH]1)N=C(O)[C@H](CO)N=C(O)[C@H](CC(C)C)N=C(O)[C@H](CCCNC(=N)N)N=C(O)[C@@H]1CCCN1C(=O)[C@H](CCCNC(=N)N)N=C(O)[C@@H](N)CCC(=N)O)C(=O)N1CCC[C@H]1C(=O)O
7084,10825777,NC(Cc1cc(O)c2c(c1)SCC(O)=N2)C(=O)O
7084,56927884,N=c1[nH]c2ccc(N=C(O)CCCC(=O)O)cc2[nH]1
122724,49859627,COc1cccc2[nH]cc(C/C(=N/OS(=O)(=O)[O-])S[C@@H]3O[C@H](CO)[C@@H](O)[C@H](O)[C@H]3O)c12
122724,71627215,COc1cc(/C=C/C(=O)/C=C/c2ccc3c(c2)C(=O)N(C2CCC(O)=NC2=O)C3=O)ccc1O
1136,25245616,Cc1ncsc1CCOP(=O)([O-])[O-]
1136,69212,CC1=CC(=O)C(=O)C=C1O
1136,71668320,CCCCCCCCCCC/C=C\CCCCC(=O)SCCN=C(O)CCN=C(O)[C@H](O)C(C)(C)COP(=O)(O)OP(=O)(O)OC[C@H]1O[C@@H](n2cnc3c(N)ncnc32)[C@H](O)[C@@H]1OP(=O)(O)O
53356709,70678725,COC1=C(Br)[C@H](O)[C@@]2(C=C1Br)CC(C(=O)NCCCCNC(=O)C1=NO[C@@]3(C=C(Br)C(=O)[C@H](Br)[C@H]3O)C1)=NO2
53356709,122198276,C/C(=C\C(=O)N([O-])CCC[C@@H]1N=C(O)[C@H](CCCN([O-])C(=O)/C=C(\C)CCOC(=O)[C@@H](N)CCCN([O-])C(=O)/C=C(\C)CCO)N=C1O)CCO
129626681,23674745,CC(C(=O)[O-])c1ccc(CC2CCCC2=O)cc1.O.O.[Na+]
129626681,444881,[NH3+][C@@H](Cc1c[nH]c2ccccc12)C(=O)O
424,5780,OC[C@@H](O)[C@@H](O)[C@H](O)[C@@H](O)CO
424,69212,CC1=CC(=O)C(=O)C=C1O
424,5280933,CCCCC/C=C\C/C=C\C/C=C\CCCCC(=O)O
70698213,49859627,COc1cccc2[nH]cc(C/C(=N/OS(=O)(=O)[O-])S[C@@H]3O[C@H](CO)[C@@H](O)[C@H](O)[C@H]3O)c12
70698213,60834,CNCC[C@H](Oc1cccc2ccccc12)c1cccs1.Cl
91972198,91972197,CCCCCCCCCCCCCC(=O)O[C@H](CCCCCCCCCCC)CC(=O)O[C@@H]1[C@@H](N=C([O-])C[C@@H](CCCCCCCCCCC)OC(=O)CCCCCCCCCCC)[C@H](OC[C@H]2O[C@H](OP(=O)(O)OP(=O)([O-])O)[C@H](N=C([O-])C[C@H](O)CCCCCCCCCCC)[C@@H](OC(=O)C[C@H](O)CCCCCCCCCCC)[C@@H]2O)O[C@H](CO[C@]2(C(=O)[O-])C[C@@H](O[C@]3(C(=O)[O-])C[C@@H](O)[C@@H](O)[C@@H]([C@H](O)CO)O3)[C@@H](O[C@H]3O[C@H]([C@@H](O)CO)[C@@H](OP(=O)([O-])[O-])[C@H](O[C@H]4O[C@H]([C@@H](O)CO[C@H]5O[C@H]([C@@H](O)CO)[C@@H](O)[C@H](O)[C@@H]5O)[C@@H](OP(=O)([O-])[O-])[C@H](O[C@H]5O[C@H](CO[C@H]6O[C@H](CO)[C@H](O)[C@H](O)[C@H]6O)[C@@H](O)[C@H](O[C@H]6O[C@H](CO)[C@@H](O)[C@H](O)[C@H]6O[C@H]6O[C@H](CO[C@H]7O[C@H]([C@@H](O)CO)[C@@H](O)[C@H](O)[C@@H]7O)[C@@H](O)[C@H](O)[C@H]6O)[C@H]5O)[C@@H]4O)[C@@H]3O)[C@@H]([C@H](O)CO)O2)[C@H]1OP(=O)([O-])[O-]
91972198,91972197,CCCCCCCCCCCCCC(=O)O[C@H](CCCCCCCCCCC)CC(=O)O[C@@H]1[C@@H](N=C([O-])C[C@@H](CCCCCCCCCCC)OC(=O)CCCCCCCCCCC)[C@H](OC[C@H]2O[C@H](OP(=O)(O)OP(=O)([O-])O)[C@H](N=C([O-])C[C@H](O)CCCCCCCCCCC)[C@@H](OC(=O)C[C@H](O)CCCCCCCCCCC)[C@@H]2O)O[C@H](CO[C@]2(C(=O)[O-])C[C@@H](O[C@]3(C(=O)[O-])C[C@@H](O)[C@@H](O)[C@@H]([C@H](O)CO)O3)[C@@H](O[C@H]3O[C@H]([C@@H](O)CO)[C@@H](OP(=O)([O-])[O-])[C@H](O[C@H]4O[C@H]([C@@H](O)CO[C@H]5O[C@H]([C@@H](O)CO)[C@@H](O)[C@H](O)[C@@H]5O)[C@@H](OP(=O)([O-])[O-])[C@H](O[C@H]5O[C@H](CO[C@H]6O[C@H](CO)[C@H](O)[C@H](O)[C@H]6O)[C@@H](O)[C@H](O[C@H]6O[C@H](CO)[C@@H](O)[C@H](O)[C@H]6O[C@H]6O[C@H](CO[C@H]7O[C@H]([C@@H](O)CO)[C@@H](O)[C@H](O)[C@@H]7O)[C@@H](O)[C@H](O)[C@H]6O)[C@H]5O)[C@@H]4O)[C@@H]3O)[C@@H]([C@H](O)CO)O2)[C@H]1OP(=O)([O-])[O-]
91972198,2723628,OC1=NC(=S)N=C(O)C1
39800,91688,CCCCCCCCn1sc(Cl)c(Cl)c1=O
39800,243,O=C(O)c1ccccc1
39800,91851125,CO[C@H]1[C@@H](O)[C@@H](CO)O[C@@H](O[C@H]2[C@H](O)[C@@H](N=C(C)O)C(O)O[C@@H]2CO)[C@@H]1O[C@@H]1O[C@@H](C)[C@@H](O)[C@@H](O)[C@@H]1O
5487785,25243884,O=c1c(-c2ccc([O-])cc2O)coc2cc(O)cc(O)c12
5487785,23674745,CC(C(=O)[O-])c1ccc(CC2CCCC2=O)cc1.O.O.[Na+]
5487785,21597700,C=CCCC/C=C\C/C=C\C/C=C\C/C=C\CCCCC
448825,176983,C=C(C)C1=CC=C(C)CC1
448825,443144,CC(=O)C[C@@H]1CCCN1C
448825,11966221,CC(C)(COP(=O)(O)OP(=O)(O)OC[C@H]1O[C@@H](n2cnc3c(N)ncnc32)[C@H](O)[C@@H]1OP(=O)(O)O)[C@@H](O)C(O)=NCCC(O)=NCCSC(=O)[C@H](O)Cc1ccccc1
7058168,65070,O=c1nc(O)ccn1[C@H]1C[C@H](O)[C@@H](COP(=O)(O)OP(=O)(O)OP(=O)(O)O)O1
7058168,49859627,COc1cccc2[nH]cc(C/C(=N/OS(=O)(=O)[O-])S[C@@H]3O[C@H](CO)[C@@H](O)[C@H](O)[C@H]3O)c12
7058168,46906075,CNC(=N)NCCC[C@H](N)C(=O)O
90658768,14212362,Nc1nc(O)nc2c1ncn2[C@@H]1O[C@H](COP(=O)(O)O)[C@@H](O)[C@H]1O
90658768,132282124,C[C@@H]1O[C@@H](OCCCCCC(=O)SCCN=C(O)CCN=C(O)[C@H](O)C(C)(C)COP(=O)(O)OP(=O)(O)OC[C@H]2O[C@@H](n3cnc4c(N)ncnc43)[C@H](O)[C@@H]2OP(=O)(O)O)[C@H](O)C[C@H]1O
90658768,25203591,O=C([O-])C1=CC(O)OC(C(=O)[O-])=C1
16722131,49859627,COc1cccc2[nH]cc(C/C(=N/OS(=O)(=O)[O-])S[C@@H]3O[C@H](CO)[C@@H](O)[C@H](O)[C@H]3O)c12
16722131,40473161,CCCCC[C@H](O)/C=C/[C@H]1C(=O)C[C@H](O)[C@@H]1CCCCCCC(=O)[O-]
70698140,440649,Cc1ncc(C[n+]2c(C(O)CCC(=O)O)sc(CCOP(=O)(O)OP(=O)(O)O)c2C)c(=N)[nH]1
70698140,25164050,CCC(C)(C)n1cc(C2=C(O)C(=O)C(c3cn(C(C)(C)CC)c4ccccc34)=C(O)C2=O)c2ccccc21
181976,5780,OC[C@@H](O)[C@@H](O)[C@H](O)[C@@H](O)CO
181976,69212,CC1=CC(=O)C(=O)C=C1O
181976,6998031,C[C@@H](O)[C@H](N=C(O)[C@@H](N)CCC(=O)O)C(=O)O
5460269,56955923,O=[As]([O-])(O)c1ccccc1
5460269,69212,CC1=CC(=O)C(=O)C=C1O
5460269,14452912,CC(C)CCCCCCCCCCCCCCCCCCCCCCCCCCCO
56927955,4488496,C=C(C)C1CCC(C)OC(=O)C1
56927955,5780,OC[C@@H](O)[C@@H](O)[C@H](O)[C@@H](O)CO
56927955,2140,CC(O)=Nc1c(I)c(N=C(C)O)c(I)c(C(=O)O)c1I
439943,5780,OC[C@@H](O)[C@@H](O)[C@H](O)[C@@H](O)CO
439943,279,N=C(O)NC(CC(=O)O)C(=O)O
439943,440349,O=C(O)CCC(O)=N[C@@H](CCCC(=O)C(=O)O)C(=O)O
91861950,91850119,C[C@@H]1O[C@H](OC[C@H]2O[C@H](O)[C@H](O)[C@@H](O)[C@@H]2O)[C@@H](O)[C@H](O)[C@@H]1O
91861950,5354212,COC(=O)/C=C1/CC[C@H]2[C@@H]3CCC4=CC(=O)CC[C@]4(C)[C@H]3C(=O)C[C@]12C
91861950,56927880,CCN.O=C(O)C(F)(F)F
9543333,14212362,Nc1nc(O)nc2c1ncn2[C@@H]1O[C@H](COP(=O)(O)O)[C@@H](O)[C@H]1O
9543333,6433272,C[C@@H]1[C@H](O)[C@@H](C)/C=C/C=C/CC/C=C/C=C/C=C/C=C/C(O[C@H]2O[C@H](C)[C@@H](O)[C@H](N)[C@@H]2O)CC2O[C@](O)(CC(O)C(O)CCC(O)CC(O)CC(O)CC(=O)O[C@H]1C)CC(O)C2C(=O)O
9543333,86583511,Cc1cn([C@H]2C[C@H](O)[C@@H](COP(=O)([O-])OP(=O)(O)O[C@@H]3CC(=O)C(=O)[C@@H](C)O3)O2)c(=O)nc1[O-]
25002956,49859627,COc1cccc2[nH]cc(C/C(=N/OS(=O)(=O)[O-])S[C@@H]3O[C@H](CO)[C@@H](O)[C@H](O)[C@H]3O)c12
25002956,9870745,Nc1ncnc2c1ncn2[C@@H]1O[C@H](COP(=O)([O-])OP(=O)(O)OP(=O)([O-])[O-])[C@@H](O)[C@H]1O
125,56955923,O=[As]([O-])(O)c1ccccc1
125,243,O=C(O)c1ccccc1
125,10241,O=C1c2ccccc2-c2ccccc21
6440615,5780,OC[C@@H](O)[C@@H](O)[C@H](O)[C@@H](O)CO
6440615,10825777,NC(Cc1cc(O)c2c(c1)SCC(O)=N2)C(=O)O
6440615,21158466,CCCCC/C=C\C/C=C\C/C=C\C=C\[C@H](CCCC(=O)[O-])OO
21676217,440649,Cc1ncc(C[n+]2c(C(O)CCC(=O)O)sc(CCOP(=O)(O)OP(=O)(O)O)c2C)c(=N)[nH]1
21676217,30082,CC([O-])=Nc1ccc2cc(S(=O)(=O)O)c(N=Nc3ccc(S(=O)(=O)CCOS(=O)(=O)O)cc3)c([O-])c2c1.[Na+].[Na+]
49852321,5780,OC[C@@H](O)[C@@H](O)[C@H](O)[C@@H](O)CO
49852321,279,N=C(O)NC(CC(=O)O)C(=O)O
49852321,25244549,CC(C)=CCc1c(O)cc(O)c(C(=O)/C=C/c2ccc([O-])cc2)c1O
14452912,5780,OC[C@@H](O)[C@@H](O)[C@H](O)[C@@H](O)CO
14452912,49859627,COc1cccc2[nH]cc(C/C(=N/OS(=O)(=O)[O-])S[C@@H]3O[C@H](CO)[C@@H](O)[C@H](O)[C@H]3O)c12
14452912,11127621,Cc1ccnc(-c2cc(C(=O)O)ccn2)c1
91851695,53477563,CC(C)=CCC/C(C)=C/CC/C(C)=C/CC/C(C)=C\CC/C(C)=C\CC/C(C)=C\CC/C(C)=C\CC/C(C)=C\CC/C(C)=C\CC/C(C)=C\CC/C(C)=C\COP(=O)(O)OP(=O)(O)O[C@H]1O[C@H](CO)[C@@H](O[C@@H]2O[C@H](CO)[C@@H](O)[C@H](O[C@H]3O[C@H](CO)[C@@H](O)[C@H](O)[C@@H]3O)[C@H]2O)[C@H](O)[C@H]1O
91851695,49859627,COc1cccc2[nH]cc(C/C(=N/OS(=O)(=O)[O-])S[C@@H]3O[C@H](CO)[C@@H](O)[C@H](O)[C@H]3O)c12
91851695,24778485,CCCCC[C@H](O)/C=C/[C@@H]1[C@@H](C/C=C\CCCC(=O)OCC(O)CO)[C@@H](O)C[C@H]1O
754,5780,OC[C@@H](O)[C@@H](O)[C@H](O)[C@@H](O)CO
754,5780,OC[C@@H](O)[C@@H](O)[C@H](O)[C@@H](O)CO
754,135738580,C[C@H](O)[C@@H](O)c1cnc2[nH]c(=N)nc(O)c2n1
446156,49859627,COc1cccc2[nH]cc(C/C(=N/OS(=O)(=O)[O-])S[C@@H]3O[C@H](CO)[C@@H](O)[C@H](O)[C@H]3O)c12
446156,132274131,N.N.O.O.[CH2-]C(=[OH+])C([CH2-])C.[CH2-]C(=[OH+])C([CH2-])C.[Ti+2]
11542064,53239731,CC(O)=N[C@@H]1[C@@H](O[C@@H]2O[C@@H](C)[C@@H](O)[C@@H](O)[C@@H]2O)[C@H](O[C@@H]2O[C@H](CO)[C@@H](O)[C@H](O)[C@H]2N=C(C)O)[C@@H](CO[C@@H]2O[C@@H](C)[C@@H](O)[C@@H](O)[C@@H]2O)O[C@H]1O
11542064,15385440,CC(=O)OC[C@H]1O[C@@H](Oc2cc3c(O)cc(O)cc3[o+]c2-c2cc(O)c(O)c(O)c2)[C@H](O)[C@@H](O)[C@@H]1O
1254,53380618,O=P(O)(O)OC1[C@@H](OP(=O)(O)O)[C@H](OP(=O)(O)OP(=O)(O)O)C(O)[C@H](OP(=O)(O)OP(=O)(O)O)[C@H]1OP(=O)(O)O
1254,443144,CC(=O)C[C@@H]1CCCN1C
1254,16070027,OBBO
52922418,5780,OC[C@@H](O)[C@@H](O)[C@H](O)[C@@H](O)CO
52922418,53239731,CC(O)=N[C@@H]1[C@@H](O[C@@H]2O[C@@H](C)[C@@H](O)[C@@H](O)[C@@H]2O)[C@H](O[C@@H]2O[C@H](CO)[C@@H](O)[C@H](O)[C@H]2N=C(C)O)[C@@H](CO[C@@H]2O[C@@H](C)[C@@H](O)[C@@H](O)[C@@H]2O)O[C@H]1O
52922418,11213569,Br.Br.N=C(NCc1ccc(Cl)cc1)SCCCc1cnc[nH]1
52928634,5780,OC[C@@H](O)[C@@H](O)[C@H](O)[C@@H](O)CO
52928634,53239731,CC(O)=N[C@@H]1[C@@H](O[C@@H]2O[C@@H](C)[C@@H](O)[C@@H](O)[C@@H]2O)[C@H](O[C@@H]2O[C@H](CO)[C@@H](O)[C@H](O)[C@H]2N=C(C)O)[C@@H](CO[C@@H]2O[C@@H](C)[C@@H](O)[C@@H](O)[C@@H]2O)O[C@H]1O
52928634,62712,O.O=S(=O)([O-])[O-].[Fe+2]
7098621,5780,OC[C@@H](O)[C@@H](O)[C@H](O)[C@@H](O)CO
7098621,5780,OC[C@@H](O)[C@@H](O)[C@H](O)[C@@H](O)CO
7098621,70678705,CC/C=C\C/C=C\C/C=C\C/C=C\C/C=C\C/C=C\CCC(=O)SCCN=C(O)CCN=C(O)[C@H](O)C(C)(C)COP(=O)(O)OP(=O)(O)OC[C@H]1O[C@@H](n2cnc3c(N)ncnc32)[C@H](O)[C@@H]1OP(=O)(O)O
114629,782,O=C(O)CCC1N=C(O)N=C1O
114629,5780,OC[C@@H](O)[C@@H](O)[C@H](O)[C@@H](O)CO
114629,10197842,C[S+](C)CC[C@H](N)C(=O)[O-]
71581128,71581040,Cc1nc2n(C)c3c(ncn3[C@@H]3O[C@H](COP(=O)(O)O)[C@@H](O)[C@H]3O)c(=O)n2c1CC(O)[C@H](N)C(=O)O
71581128,49859627,COc1cccc2[nH]cc(C/C(=N/OS(=O)(=O)[O-])S[C@@H]3O[C@H](CO)[C@@H](O)[C@H](O)[C@H]3O)c12
71581128,90657747,C[C@H](CCC(=O)SCCN=C(O)CCN=C(O)[C@H](O)C(C)(C)COP(=O)(O)OP(=O)(O)OC[C@H]1O[C@@H](n2cnc3c(N)ncnc32)[C@H](O)[C@@H]1OP(=O)(O)O)[C@H]1CC[C@H]2[C@@H]3CCC4=CC(=O)CC[C@]4(C)[C@H]3CC[C@]12C
118987353,5780,OC[C@@H](O)[C@@H](O)[C@H](O)[C@@H](O)CO
118987353,5354212,COC(=O)/C=C1/CC[C@H]2[C@@H]3CCC4=CC(=O)CC[C@]4(C)[C@H]3C(=O)C[C@]12C
118987353,11001318,O=C(O)c1ccc2nc(-c3cc(Cl)cc(Cl)c3)oc2c1
25200461,442771,COc1ccc(C2COc3cc(O)cc(O)c3C2=O)c(O)c1
25200461,5354212,COC(=O)/C=C1/CC[C@H]2[C@@H]3CCC4=CC(=O)CC[C@]4(C)[C@H]3C(=O)C[C@]12C
25200461,20835389,CCCCC/C=C\C/C=C\C/C=C\C/C=C\CCCC(=O)OC(COC(=O)CCCCCCCCCCCCCCCCC)COP(=O)(O)O
71728374,5780,OC[C@@H](O)[C@@H](O)[C@H](O)[C@@H](O)CO
71728374,53239731,CC(O)=N[C@@H]1[C@@H](O[C@@H]2O[C@@H](C)[C@@H](O)[C@@H](O)[C@@H]2O)[C@H](O[C@@H]2O[C@H](CO)[C@@H](O)[C@H](O)[C@H]2N=C(C)O)[C@@H](CO[C@@H]2O[C@@H](C)[C@@H](O)[C@@H](O)[C@@H]2O)O[C@H]1O
71728374,52925127,CCCCC/C=C\C/C=C\CCCCCCCC(=O)O[C@H](CO/C=C\CCCCCCCCCCCCCC)COP(=O)(O)OCCN
85519,5780,OC[C@@H](O)[C@@H](O)[C@H](O)[C@@H](O)CO
85519,69212,CC1=CC(=O)C(=O)C=C1O
85519,440098,O=c1nc(O)ccn1[C@@H]1O[C@H](COP(=O)(O)OP(=O)(O)O[C@H]2O[C@@H]([C@H](O)CO)[C@H](O)[C@H]2O)[C@@H](O)[C@H]1O
51520636,69212,CC1=CC(=O)C(=O)C=C1O
51520636,50909836,CC(C)(COP(=O)(O)OP(=O)(O)OC[C@H]1O[C@@H](n2cnc3c(N)ncnc32)[C@H](O)[C@@H]1OP(=O)(O)O)[C@@H](O)C(O)=NCCC(O)=NCCSC(=O)CCC[N+](C)(C)C
86289575,5780,OC[C@@H](O)[C@@H](O)[C@H](O)[C@@H](O)CO
86289575,52929771,CCCCCCCCCCCCCCCC/C=C\OC[C@@H](O)COP(=O)(O)O
86289575,7855,C=CC#N
86583463,5780,OC[C@@H](O)[C@@H](O)[C@H](O)[C@@H](O)CO
86583463,5354212,COC(=O)/C=C1/CC[C@H]2[C@@H]3CCC4=CC(=O)CC[C@]4(C)[C@H]3C(=O)C[C@]12C
86583463,583776,Nc1ccccc1CC(=O)O
14355116,56955923,O=[As]([O-])(O)c1ccccc1
14355116,23674745,CC(C(=O)[O-])c1ccc(CC2CCCC2=O)cc1.O.O.[Na+]
14355116,70788998,N=C(O)CC[C@H](Nc1c([N+](=O)[O-])cc([N+](=O)[O-])cc1[N+](=O)[O-])C(=O)O
10053416,440649,Cc1ncc(C[n+]2c(C(O)CCC(=O)O)sc(CCOP(=O)(O)OP(=O)(O)O)c2C)c(=N)[nH]1
10053416,54679752,O=c1oc2cc(O)ccc2c(O)c1-c1ccc(O)cc1O
132282459,86289694,C[C@H](CCCCCCCCC/C=C/C(=O)O)O[C@@H]1O[C@@H](C)[C@H](O)C[C@H]1O
132282459,5354212,COC(=O)/C=C1/CC[C@H]2[C@@H]3CCC4=CC(=O)CC[C@]4(C)[C@H]3C(=O)C[C@]12C
132282459,10313378,CSC[C@H]1OC(O)[C@H](O)[C@@H]1O
56844015,49859627,COc1cccc2[nH]cc(C/C(=N/OS(=O)(=O)[O-])S[C@@H]3O[C@H](CO)[C@@H](O)[C@H](O)[C@H]3O)c12
56844015,16854,N=C(O)Nc1ccc(Cl)c(Cl)c1
1752,56955923,O=[As]([O-])(O)c1ccccc1
1752,56955923,O=[As]([O-])(O)c1ccccc1
1752,5317750,COc1cc2c(=O)c(-c3ccc(O)cc3)coc2cc1O
62887,132282124,C[C@@H]1O[C@@H](OCCCCCC(=O)SCCN=C(O)CCN=C(O)[C@H](O)C(C)(C)COP(=O)(O)OP(=O)(O)OC[C@H]2O[C@@H](n3cnc4c(N)ncnc43)[C@H](O)[C@@H]2OP(=O)(O)O)[C@H](O)C[C@H]1O
62887,7361,OCc1ccco1
14079,12473,O=C(O)c1ccc[nH]1
14079,13376,CCCCN=CO
14079,20846129,CC[C@](C)(O)C(=O)C(=O)O
9548624,86289694,C[C@H](CCCCCCCCC/C=C/C(=O)O)O[C@@H]1O[C@@H](C)[C@H](O)C[C@H]1O
9548624,5354212,COC(=O)/C=C1/CC[C@H]2[C@@H]3CCC4=CC(=O)CC[C@]4(C)[C@H]3C(=O)C[C@]12C
9548624,6570,C=CC(C)=O
24793927,24792125,O=C(c1cc(COc2cccc(C(F)(F)F)c2)on1)N1CCC(c2ccncc2)CC1
24793927,5354212,COC(=O)/C=C1/CC[C@H]2[C@@H]3CCC4=CC(=O)CC[C@]4(C)[C@H]3C(=O)C[C@]12C
24793927,52926014,CCCCCCCCCCCCCCCCCC(=O)O[C@H](COC(=O)CCCCCCCCCCCCCCC)COP(=O)(O)OC[C@H](N)C(=O)O
9409,3315,Cc1cc(-c2ccc(N=Nc3ccc4c(S(=O)(=O)O)cc(S(=O)(=O)O)c(N)c4c3O)c(C)c2)ccc1N=Nc1ccc2c(S(=O)(=O)O)cc(S(=O)(=O)O)c(N)c2c1O
9409,132282124,C[C@@H]1O[C@@H](OCCCCCC(=O)SCCN=C(O)CCN=C(O)[C@H](O)C(C)(C)COP(=O)(O)OP(=O)(O)OC[C@H]2O[C@@H](n3cnc4c(N)ncnc43)[C@H](O)[C@@H]2OP(=O)(O)O)[C@H](O)C[C@H]1O
9409,443356,CC[C@]12C=CCN3CC[C@]4(C(=C(C(=O)OC)C1)Nc1cc(OC)ccc14)[C@@H]32
7518,56955923,O=[As]([O-])(O)c1ccccc1
7518,13376,CCCCN=CO
7518,49866400,CSc1nc(NC(O)=N[C@H](C(=O)O)[C@@H](C)O)c2ncn([C@@H]3O[C@H](COP(=O)(O)O)[C@@H](O)[C@H]3O)c2n1
86289672,86289694,C[C@H](CCCCCCCCC/C=C/C(=O)O)O[C@@H]1O[C@@H](C)[C@H](O)C[C@H]1O
86289672,23674745,CC(C(=O)[O-])c1ccc(CC2CCCC2=O)cc1.O.O.[Na+]
86289672,177338,Oc1cnc2c(O)cccc2c1
53297389,52929771,CCCCCCCCCCCCCCCC/C=C\OC[C@@H](O)COP(=O)(O)O
53297389,65366,CC(=O)O[C@H]1C(=O)[C@@]2(C)[C@H]([C@H](OC(=O)c3ccccc3)[C@]3(O)C[C@H](O)C(C)=C1C3(C)C)[C@]1(OC(C)=O)CO[C@@H]1C[C@@H]2O
91850119,91861950,CC(O)=N[C@H]1[C@@H](OC[C@H]2OC(O)[C@H](O)[C@@H](O)[C@H]2O)O[C@H](CO)[C@H](O)[C@@H]1O
91850119,5354212,COC(=O)/C=C1/CC[C@H]2[C@@H]3CCC4=CC(=O)CC[C@]4(C)[C@H]3C(=O)C[C@]12C
91850119,6223,CN1C(=O)[C@]23CC4=CC=C[C@H](O)[C@H]4N2C(=O)[C@@]1(CO)SS3
129011071,11560992,CC[C@H](C[C@@H](O)[C@@H](C)[C@H]1CC[C@H]2[C@@H]3CCC4=CC(=O)CC[C@]4(C)[C@H]3CC[C@]12C)C(C)C
129011071,5354212,COC(=O)/C=C1/CC[C@H]2[C@@H]3CCC4=CC(=O)CC[C@]4(C)[C@H]3C(=O)C[C@]12C
129011071,115245,C[C@H](CCC(O)=NCC(=O)O)[C@H]1CC[C@H]2[C@@H]3CC[C@@H]4C[C@H](O)CC[C@]4(C)[C@H]3CC[C@]12C
86290118,53239731,CC(O)=N[C@@H]1[C@@H](O[C@@H]2O[C@@H](C)[C@@H](O)[C@@H](O)[C@@H]2O)[C@H](O[C@@H]2O[C@H](CO)[C@@H](O)[C@H](O)[C@H]2N=C(C)O)[C@@H](CO[C@@H]2O[C@@H](C)[C@@H](O)[C@@H](O)[C@@H]2O)O[C@H]1O
86290118,16212222,CC(C)N(C(=O)C(=O)O)c1ccc(F)cc1
166589,23674745,CC(C(=O)[O-])c1ccc(CC2CCCC2=O)cc1.O.O.[Na+]
166589,439586,OC[C@H]1O[C@H](O[C@H]2[C@H](O)[C@@H](O)[C@@H](O[C@H]3[C@H](O)[C@@H](O)C(O)O[C@@H]3CO)O[C@@H]2CO)[C@H](O)[C@@H](O)[C@@H]1O
44575331,5780,OC[C@@H](O)[C@@H](O)[C@H](O)[C@@H](O)CO
44575331,56955923,O=[As]([O-])(O)c1ccccc1
44575331,193962,Cc1cc(C#N)cc(C)c1Oc1nc(Nc2ccc(C#N)cc2)nc(N)c1Br
10477690,52929771,CCCCCCCCCCCCCCCC/C=C\OC[C@@H](O)COP(=O)(O)O
10477690,15385440,CC(=O)OC[C@H]1O[C@@H](Oc2cc3c(O)cc(O)cc3[o+]c2-c2cc(O)c(O)c(O)c2)[C@H](O)[C@@H](O)[C@@H]1O
49866400,14212362,Nc1nc(O)nc2c1ncn2[C@@H]1O[C@H](COP(=O)(O)O)[C@@H](O)[C@H]1O
49866400,440649,Cc1ncc(C[n+]2c(C(O)CCC(=O)O)sc(CCOP(=O)(O)OP(=O)(O)O)c2C)c(=N)[nH]1
49866400,86290138,C[C@H](CCC[C@H](C)C(=O)SCCN=C(O)CCN=C(O)[C@H](O)C(C)(C)COP(=O)(O)OP(=O)(O)OC[C@H]1O[C@@H](n2cnc3c(N)ncnc32)[C@H](O)[C@@H]1OP(=O)(O)O)[C@H]1CC[C@H]2[C@@H]3CC=C4C[C@@H](O)CC[C@]4(C)[C@H]3CC[C@]12C
53355455,53355458,C/C=C(/C)C(=O)O[C@H]1c2cc(OC)c(OC)c(OC)c2-c2c(cc3c(c2OC)OCO3)[C@H](OC(=O)C(C)C)[C@H](C)[C@@H]1C
53355455,440649,Cc1ncc(C[n+]2c(C(O)CCC(=O)O)sc(CCOP(=O)(O)OP(=O)(O)O)c2C)c(=N)[nH]1
53355455,86416,Cc1cccc(C(=O)O)c1S(=O)(=O)NC(O)=Nc1nc(OCC(F)(F)F)nc(N(C)C)n1
9802841,52929771,CCCCCCCCCCCCCCCC/C=C\OC[C@@H](O)COP(=O)(O)O
9802841,53477673,N.N.N.N.N.N.[Cl-].[Cl-].[Cl-].[Co+3]
5291,49859627,COc1cccc2[nH]cc(C/C(=N/OS(=O)(=O)[O-])S[C@@H]3O[C@H](CO)[C@@H](O)[C@H](O)[C@H]3O)c12
5291,6971029,Nc1ccccc1C(=O)C[C@H](N)C(=O)O
11065764,23674745,CC(C(=O)[O-])c1ccc(CC2CCCC2=O)cc1.O.O.[Na+]
11065764,10477690,COC(=O)[C@@]12C(=O)C(C)=C(O)[C@]1(C)C(C)=C[C@H]1[C@]3(C)CCC(=O)C(C)(C)[C@H]3CC[C@@]12C
440405,91855080,OC[C@H]1OC(O)[C@H](O)[C@@H](O[C@@H]2OC[C@@H](O)[C@H](O)[C@H]2O)[C@@H]1O
440405,5354212,COC(=O)/C=C1/CC[C@H]2[C@@H]3CCC4=CC(=O)CC[C@]4(C)[C@H]3C(=O)C[C@]12C
440405,52923860,CCCCC/C=C\C/C=C\CCCCCCCCCCCC(=O)O[C@H](COCCCCCCCCCCCCCCCCCCCC)COP(=O)([O-])OCC[N+](C)(C)C
122198227,51041863,CCCCCCCCCCCCC/C=C/[C@@H](O)[C@H](CO[C@@H]1O[C@H](CO)[C@@H](O[C@@H]2O[C@H](CO)[C@H](O[C@@H]3O[C@H](CO)[C@H](O)[C@H](O)[C@H]3N=C(C)O)[C@H](O[C@@H]3O[C@H](CO)[C@@H](O)[C@H](O[C@@H]4O[C@H](CO)[C@H](O[C@@H]5O[C@H](CO)[C@H](O)[C@H](O)[C@H]5N=C(C)O)[C@H](O[C@]5(C(=O)O)C[C@H](O)[C@@H](N=C(C)O)[C@H]([C@H](O)[C@H](O)CO)O5)[C@H]4O)[C@H]3N=C(C)O)[C@H]2O)[C@H](O)[C@H]1O)N=C(O)CCCCCCCCCCCCCCCCC
122198227,86289508,COC(=O)c1c(O[C@@H]2O[C@@H](C)[C@H](OC)[C@@H](OC)[C@H]2OC)cc2cc3c(c(O)c2c1C)C(=O)[C@]1(O)C(=O)C=C(OC)[C@@H](O)[C@]1(O)C3=O
9679,21283465,Cn1cnc(CC(=O)[O-])c1
9679,69212,CC1=CC(=O)C(=O)C=C1O
9679,119444,C[C@@H]1C(=O)O[C@H](C)[C@H]1C[C@@H](O)[C@](C)(O)[C@H]1CC[C@@]2(O)C3=CC(=O)[C@@H]4C[C@@H](O)[C@@H](O)C[C@]4(C)[C@H]3CC[C@]12C
169569,5780,OC[C@@H](O)[C@@H](O)[C@H](O)[C@@H](O)CO
169569,23674745,CC(C(=O)[O-])c1ccc(CC2CCCC2=O)cc1.O.O.[Na+]
169569,16070023,O=C(O)[C@H](CCO)NCC[C@H](NCC[C@H](O)C(=O)O)C(=O)O
129011042,91855080,OC[C@H]1OC(O)[C@H](O)[C@@H](O[C@@H]2OC[C@@H](O)[C@H](O)[C@H]2O)[C@@H]1O
129011042,49859627,COc1cccc2[nH]cc(C/C(=N/OS(=O)(=O)[O-])S[C@@H]3O[C@H](CO)[C@@H](O)[C@H](O)[C@H]3O)c12
129011042,51351782,N[C@@H](CC(C(=O)O)C(=O)O)C(=O)O
14490,5780,OC[C@@H](O)[C@@H](O)[C@H](O)[C@@H](O)CO
14490,69212,CC1=CC(=O)C(=O)C=C1O
14490,49800068,C=C1/C(=C\C=C2/CCC[C@]3(C)[C@@H]([C@H](C)/C=C/[C@@H](O)C4CC4)CC[C@@H]23)C[C@@H](O)C[C@@H]1O.O
24892749,86289694,C[C@H](CCCCCCCCC/C=C/C(=O)O)O[C@@H]1O[C@@H](C)[C@H](O)C[C@H]1O
24892749,49859627,COc1cccc2[nH]cc(C/C(=N/OS(=O)(=O)[O-])S[C@@H]3O[C@H](CO)[C@@H](O)[C@H](O)[C@H]3O)c12
24892749,2083,CC(C)(C)NCC(O)c1ccc(O)c(CO)c1
44593590,70697724,COC(=O)[C@@]12OC[C@]34[C@H]([C@@H](O)[C@@H]1O)[C@@]1(C)[C@H](O)C(=O)C=C(C)[C@@H]1C[C@H]3OC(=O)[C@H](OC(=O)/C=C(\C)C(C)C)[C@@H]24
44593590,5354212,COC(=O)/C=C1/CC[C@H]2[C@@H]3CCC4=CC(=O)CC[C@]4(C)[C@H]3C(=O)C[C@]12C
44593590,51651466,CC[C@@H]1O[C@@H]1C/C=C\C/C=C\C/C=C\C/C=C\C/C=C\CCC(=O)[O-]
44237331,56955923,O=[As]([O-])(O)c1ccccc1
44237331,49859627,COc1cccc2[nH]cc(C/C(=N/OS(=O)(=O)[O-])S[C@@H]3O[C@H](CO)[C@@H](O)[C@H](O)[C@H]3O)c12
44237331,90659845,CCC(C)CCCCCCCCCCCCCCCCCCCCCCCCCCCCCO
86289735,23674745,CC(C(=O)[O-])c1ccc(CC2CCCC2=O)cc1.O.O.[Na+]
86289735,51399572,C/C(=C\C(=O)OCCCCCCCCC(=O)[O-])C[C@@H]1OC[C@H](C[C@@H]2O[C@H]2[C@@H](C)[C@H](C)O)[C@@H](O)[C@H]1O
3316,56955923,O=[As]([O-])(O)c1ccccc1
3316,56955923,O=[As]([O-])(O)c1ccccc1
3316,11705034,Cl.Cl.N=C(O)C1(N2CCCCC2)CCN(CCCC(=O)c2ccc(F)cc2)CC1
7009580,5780,OC[C@@H](O)[C@@H](O)[C@H](O)[C@@H](O)CO
7009580,56955923,O=[As]([O-])(O)c1ccccc1
7009580,71627173,CC(C)C[C@H](N=C(O)[C@H](Cc1ccccc1)C[C@@H](O)[C@H](Cc1ccccc1)N=C(O)OC(C)(C)C)C(O)=N[C@@H](Cc1ccccc1)C(O)=NCCCOCCOCCOCCCN=C(O)COCCOCCOCC(O)=NCCCOCCOCCOCCCN=C(O)CCSSCCN=C(O)CCCC[C@@H]1SC[C@@H]2N=C(O)N[C@@H]21
92751,65070,O=c1nc(O)ccn1[C@H]1C[C@H](O)[C@@H](COP(=O)(O)OP(=O)(O)OP(=O)(O)O)O1
92751,23674745,CC(C(=O)[O-])c1ccc(CC2CCCC2=O)cc1.O.O.[Na+]
92751,71581143,CCCCC/C=C\C/C=C\C/C=C\C/C=C\CCCCCCCCCCCCCC(=O)SCCN=C(O)CCN=C(O)[C@H](O)C(C)(C)COP(=O)(O)OP(=O)(O)OC[C@H]1O[C@@H](n2cnc3c(N)ncnc32)[C@H](O)[C@@H]1OP(=O)(O)O
28241,237,CCN(CC)CCCC(C)N=c1c2ccc(Cl)cc2[nH]c2ccc(OC)cc12
28241,5354212,COC(=O)/C=C1/CC[C@H]2[C@@H]3CCC4=CC(=O)CC[C@]4(C)[C@H]3C(=O)C[C@]12C
28241,53355458,C/C=C(/C)C(=O)O[C@H]1c2cc(OC)c(OC)c(OC)c2-c2c(cc3c(c2OC)OCO3)[C@H](OC(=O)C(C)C)[C@H](C)[C@@H]1C
3085232,53239731,CC(O)=N[C@@H]1[C@@H](O[C@@H]2O[C@@H](C)[C@@H](O)[C@@H](O)[C@@H]2O)[C@H](O[C@@H]2O[C@H](CO)[C@@H](O)[C@H](O)[C@H]2N=C(C)O)[C@@H](CO[C@@H]2O[C@@H](C)[C@@H](O)[C@@H](O)[C@@H]2O)O[C@H]1O
3085232,71296168,CC(O)=N[C@@H]1[C@@H](O[C@@H]2O[C@H](CO)[C@H](O)[C@H](O[C@@H]3O[C@H](CO)[C@@H](O[C@@H]4O[C@H](CO[C@]5(C(=O)O)C[C@H](O)[C@@H](N=C(C)O)[C@H]([C@H](O)[C@H](O)CO)O5)[C@H](O)[C@H](O)[C@H]4O)[C@H](O)[C@H]3N=C(C)O)[C@H]2O)[C@H](O)[C@@H](CO)O[C@H]1O
443588,5354212,COC(=O)/C=C1/CC[C@H]2[C@@H]3CCC4=CC(=O)CC[C@]4(C)[C@H]3C(=O)C[C@]12C
443588,70698140,C[C@@H]1O[C@@H](Oc2cc(O)c3c(=O)c(O[C@@H]4OC[C@](O)(CO)[C@H]4O)c(-c4ccc(O)cc4)oc3c2)[C@H](O)[C@H](O)[C@H]1O
5320844,49859627,COc1cccc2[nH]cc(C/C(=N/OS(=O)(=O)[O-])S[C@@H]3O[C@H](CO)[C@@H](O)[C@H](O)[C@H]3O)c12
5320844,56927861,N=C(O)C1=CN([C@@H]2O[C@H](COP(=O)(O)OP(=O)(O)OC[C@H]3O[C@@H](n4cnc5c(N)ncnc54)[C@H](O)[C@@H]3O)[C@@H](O)[C@H]2O)[C@H](O)CC1
439701,13284402,O=CC(=O)c1c[nH]c2ccccc12
439701,5780,OC[C@@H](O)[C@@H](O)[C@H](O)[C@@H](O)CO
439701,5365371,CCCCCCCC/C=C\CCCCCCCCCCCC(=N)O
10343070,5280695,COc1c(O)cc(O)c2c(=O)c(O)c(-c3ccc(O)c(O)c3)oc12
10343070,49859627,COc1cccc2[nH]cc(C/C(=N/OS(=O)(=O)[O-])S[C@@H]3O[C@H](CO)[C@@H](O)[C@H](O)[C@H]3O)c12
10343070,135510207,CC(C)N=c1[nH]c(O)nc(=N)[nH]1
3081355,49859627,COc1cccc2[nH]cc(C/C(=N/OS(=O)(=O)[O-])S[C@@H]3O[C@H](CO)[C@@H](O)[C@H](O)[C@H]3O)c12
3081355,11652906,CC1=COC(O)[C@H]2[C@@H]1CC[C@@H]2C
25203730,56955923,O=[As]([O-])(O)c1ccccc1
25203730,5354212,COC(=O)/C=C1/CC[C@H]2[C@@H]3CCC4=CC(=O)CC[C@]4(C)[C@H]3C(=O)C[C@]12C
25203730,9860333,CC1=CC(=O)c2c(O)c(O)c(O)c3c(O)cc(O)c1c23
256420,5280695,COc1c(O)cc(O)c2c(=O)c(O)c(-c3ccc(O)c(O)c3)oc12
256420,52929771,CCCCCCCCCCCCCCCC/C=C\OC[C@@H](O)COP(=O)(O)O
256420,20722666,NCc1cn([C@@H]2O[C@H](CO)[C@@H](O)[C@H]2O)c(=S)nc1O
193962,49859627,COc1cccc2[nH]cc(C/C(=N/OS(=O)(=O)[O-])S[C@@H]3O[C@H](CO)[C@@H](O)[C@H](O)[C@H]3O)c12
193962,133052557,CCCCCCCCCCCCCCCc1ccc(C(=O)O)c(OC(C)=O)c1
131801258,53380618,O=P(O)(O)OC1[C@@H](OP(=O)(O)O)[C@H](OP(=O)(O)OP(=O)(O)O)C(O)[C@H](OP(=O)(O)OP(=O)(O)O)[C@H]1OP(=O)(O)O
131801258,132282124,C[C@@H]1O[C@@H](OCCCCCC(=O)SCCN=C(O)CCN=C(O)[C@H](O)C(C)(C)COP(=O)(O)OP(=O)(O)OC[C@H]2O[C@@H](n3cnc4c(N)ncnc43)[C@H](O)[C@@H]2OP(=O)(O)O)[C@H](O)C[C@H]1O
131801258,135563767,N=c1nc([O-])c2ncn([C@@H]3O[C@H](COP(=O)(O)O[C@H]4[C@@H](O)[C@H](n5cnc6c(N)ncnc65)O[C@@H]4CO)[C@@H](O)[C@H]3O)c2[nH]1
86289131,53380618,O=P(O)(O)OC1[C@@H](OP(=O)(O)O)[C@H](OP(=O)(O)OP(=O)(O)O)C(O)[C@H](OP(=O)(O)OP(=O)(O)O)[C@H]1OP(=O)(O)O
86289131,132282124,C[C@@H]1O[C@@H](OCCCCCC(=O)SCCN=C(O)CCN=C(O)[C@H](O)C(C)(C)COP(=O)(O)OP(=O)(O)OC[C@H]2O[C@@H](n3cnc4c(N)ncnc43)[C@H](O)[C@@H]2OP(=O)(O)O)[C@H](O)C[C@H]1O
86289131,122162,CC(O)=NCCc1c(Cc2ccccc2)[nH]c2ccccc12
16724520,121596220,CC(C(=O)[O-])C(=O)OC(CC(=O)[O-])C[N+](C)(C)C
16724520,86289202,CCCCCCCC/C=C\CCCCCCCC(=O)OC[C@@H](O)COP(=O)([O-])OCC(O)COP(=O)([O-])OC[C@@H](COC(=O)CCCCCCC/C=C\CCCCCCCC)OC(=O)CCCCCCC/C=C\CCCCCCCC
70679036,5780,OC[C@@H](O)[C@@H](O)[C@H](O)[C@@H](O)CO
70679036,10825777,NC(Cc1cc(O)c2c(c1)SCC(O)=N2)C(=O)O
70679036,70678903,CC(C)=CCC/C(C)=C/CC/C(C)=C/CC/C(C)=C/CC/C(C)=C\CC/C(C)=C\CC/C(C)=C\CC/C(C)=C\CC/C(C)=C\CC/C(C)=C\CC/C(C)=C\COP(=O)(O)OP(=O)(O)O[C@H]1O[C@H](C)[C@@H](N=C(C)[O-])[C@H](O[C@H]2O[C@H](CO)[C@H](O[C@H]3O[C@H](CO)[C@H](O)[C@H](O)[C@H]3N=C(C)[O-])[C@H](O)[C@H]2N=C(C)O)[C@H]1N=C(C)O
52947716,53239731,CC(O)=N[C@@H]1[C@@H](O[C@@H]2O[C@@H](C)[C@@H](O)[C@@H](O)[C@@H]2O)[C@H](O[C@@H]2O[C@H](CO)[C@@H](O)[C@H](O)[C@H]2N=C(C)O)[C@@H](CO[C@@H]2O[C@@H](C)[C@@H](O)[C@@H](O)[C@@H]2O)O[C@H]1O
52947716,45266553,C[C@H](O)CC(=O)SCCN=C([O-])CCN=C([O-])[C@H](O)C(C)(C)COP(=O)(O)OP(=O)(O)OC[C@H]1O[C@@H](n2cnc3c(N)ncnc32)[C@H](O)[C@@H]1OP(=O)([O-])[O-]
51548329,58067884,CC(C)=C[C@@H]1CC[C@@H](C)[C@H]2CCC(C)=C12
51548329,30951,C=CCOc1ccc(CC(=O)O)cc1Cl
51548329,78294,CCCCCCCCCCCCCCCC(=O)OCCCCCCCCCCCCCC
121225546,86289694,C[C@H](CCCCCCCCC/C=C/C(=O)O)O[C@@H]1O[C@@H](C)[C@H](O)C[C@H]1O
121225546,70678725,COC1=C(Br)[C@H](O)[C@@]2(C=C1Br)CC(C(=O)NCCCCNC(=O)C1=NO[C@@]3(C=C(Br)C(=O)[C@H](Br)[C@H]3O)C1)=NO2
121225546,17969016,Cc1c([N+](=O)[O-])ccc(O)c1O
21125391,49859627,COc1cccc2[nH]cc(C/C(=N/OS(=O)(=O)[O-])S[C@@H]3O[C@H](CO)[C@@H](O)[C@H](O)[C@H]3O)c12
21125391,101602538,C[C@H](CCC(O)=NCC(=O)O)[C@H]1CC[C@H]2[C@@H]3CC[C@@H]4C[C@H](OS(=O)(=O)O)CC[C@]4(C)[C@H]3C[C@H](O)[C@]12C
441765,53239731,CC(O)=N[C@@H]1[C@@H](O[C@@H]2O[C@@H](C)[C@@H](O)[C@@H](O)[C@@H]2O)[C@H](O[C@@H]2O[C@H](CO)[C@@H](O)[C@H](O)[C@H]2N=C(C)O)[C@@H](CO[C@@H]2O[C@@H](C)[C@@H](O)[C@@H](O)[C@@H]2O)O[C@H]1O
441765,11527,CCCCCC(O)CC
124202403,132282124,C[C@@H]1O[C@@H](OCCCCCC(=O)SCCN=C(O)CCN=C(O)[C@H](O)C(C)(C)COP(=O)(O)OP(=O)(O)OC[C@H]2O[C@@H](n3cnc4c(N)ncnc43)[C@H](O)[C@@H]2OP(=O)(O)O)[C@H](O)C[C@H]1O
124202403,299577,O=S1(=O)N2CN3CCN(C2)CN1C3
136165269,132282124,C[C@@H]1O[C@@H](OCCCCCC(=O)SCCN=C(O)CCN=C(O)[C@H](O)C(C)(C)COP(=O)(O)OP(=O)(O)OC[C@H]2O[C@@H](n3cnc4c(N)ncnc43)[C@H](O)[C@@H]2OP(=O)(O)O)[C@H](O)C[C@H]1O
136165269,135903081,CC1(CCCC(=O)[O-])C(=CC=Cc2cc(-c3ccccc3)[o+]c3cc4c(cc23)C(CS(=O)(=O)O)=CC(C)(C)N4CCCS(=O)(=O)[O-])N(CCCS(=O)(=O)[O-])c2ccc(S(=O)(=O)[O-])cc21.[Na+].[Na+].[Na+]
102304306,30951,C=CCOc1ccc(CC(=O)O)cc1Cl
102304306,440717,O=C(O)C(=O)CS(=O)(=O)O
357,56955923,O=[As]([O-])(O)c1ccccc1
357,71764877,CCCCCCCCCCCCCCC[C@@H](C[C@@H](O)C[C@@H](O)C[C@@H](O)C[C@@H](O)C[C@H]1CC=CC(=O)O1)OC(C)=O
13520,5780,OC[C@@H](O)[C@@H](O)[C@H](O)[C@@H](O)CO
13520,56955923,O=[As]([O-])(O)c1ccccc1
13520,151927,C[N+](C)(C)CCP(=O)(O)O
10385447,5354212,COC(=O)/C=C1/CC[C@H]2[C@@H]3CCC4=CC(=O)CC[C@]4(C)[C@H]3C(=O)C[C@]12C
10385447,86583463,CCCCCCCC/C=C\CCCCCCCCCCCCC(O)C(=O)[O-]
52921817,5780,OC[C@@H](O)[C@@H](O)[C@H](O)[C@@H](O)CO
52921817,49859627,COc1cccc2[nH]cc(C/C(=N/OS(=O)(=O)[O-])S[C@@H]3O[C@H](CO)[C@@H](O)[C@H](O)[C@H]3O)c12
52921817,12118082,C/C=C/C1=CC2=C(CO1)C(=O)[C@]1(C)OC(=O)[C@H](C(=O)CCCCC)[C@H]1C2
71464612,443144,CC(=O)C[C@@H]1CCCN1C
71464612,52929771,CCCCCCCCCCCCCCCC/C=C\OC[C@@H](O)COP(=O)(O)O
71464612,20722666,NCc1cn([C@@H]2O[C@H](CO)[C@@H](O)[C@H]2O)c(=S)nc1O
10368709,49859627,COc1cccc2[nH]cc(C/C(=N/OS(=O)(=O)[O-])S[C@@H]3O[C@H](CO)[C@@H](O)[C@H](O)[C@H]3O)c12
10368709,10657292,COC(=O)[C@@H](c1ccccc1)[C@@H]1CCCCN1
101602538,44263378,C[C@H](CCC(O)=NCCS(=O)(=O)O)[C@H]1CC[C@H]2[C@@H]3[C@@H](O)C[C@@H]4C[C@H](O)CC[C@]4(C)[C@H]3C[C@H](O)[C@]12C
101602538,49859627,COc1cccc2[nH]cc(C/C(=N/OS(=O)(=O)[O-])S[C@@H]3O[C@H](CO)[C@@H](O)[C@H](O)[C@H]3O)c12
101602538,21635054,COC(=O)[C@H]1[C@@H](OC(=O)c2ccccc2)C[C@@H]2CC[C@H]1[NH+]2C
158899,10825777,NC(Cc1cc(O)c2c(c1)SCC(O)=N2)C(=O)O
158899,40490662,CCCCC/C=C\C/C=C\C[C@@H]1O[C@@H]1C/C=C\CCCC(=O)O
44191464,49859627,COc1cccc2[nH]cc(C/C(=N/OS(=O)(=O)[O-])S[C@@H]3O[C@H](CO)[C@@H](O)[C@H](O)[C@H]3O)c12
44191464,5281671,CC(C)=CCc1c(-c2ccc(O)cc2O)oc2c3c(cc(O)c2c1=O)OC(C)(C)C=C3
2723628,69212,CC1=CC(=O)C(=O)C=C1O
2723628,10465927,C[C@H](N=C(O)[C@H](C)N=C(O)CN)C(=O)O
7257940,5780,OC[C@@H](O)[C@@H](O)[C@H](O)[C@@H](O)CO
7257940,69212,CC1=CC(=O)C(=O)C=C1O
7257940,594,NC(CS)C(=O)O
441586,23674745,CC(C(=O)[O-])c1ccc(CC2CCCC2=O)cc1.O.O.[Na+]
441586,70678695,C[C@@H]1O[C@@H](O[C@H]2[C@H](O[C@H]3[C@H](O)[C@@H](O)C(O)O[C@@H]3CO)O[C@H](COS(=O)(=O)O)[C@H](O)[C@@H]2O)[C@@H](O)[C@H](O)[C@@H]1O
18411366,5780,OC[C@@H](O)[C@@H](O)[C@H](O)[C@@H](O)CO
18411366,3692773,CC(=O)C[NH3+]
18411366,23392,Cl.ClCc1ccccn1
70804,68057,Cc1ccc2c(c1)CCCC2(C)C
70804,5780,OC[C@@H](O)[C@@H](O)[C@H](O)[C@@H](O)CO
70804,3748644,O=C([O-])CC(=O)O
71581051,14212362,Nc1nc(O)nc2c1ncn2[C@@H]1O[C@H](COP(=O)(O)O)[C@@H](O)[C@H]1O
71581051,132282124,C[C@@H]1O[C@@H](OCCCCCC(=O)SCCN=C(O)CCN=C(O)[C@H](O)C(C)(C)COP(=O)(O)OP(=O)(O)OC[C@H]2O[C@@H](n3cnc4c(N)ncnc43)[C@H](O)[C@@H]2OP(=O)(O)O)[C@H](O)C[C@H]1O
71581051,522689,[F-].[K+]
74822,5780,OC[C@@H](O)[C@@H](O)[C@H](O)[C@@H](O)CO
74822,52929771,CCCCCCCCCCCCCCCC/C=C\OC[C@@H](O)COP(=O)(O)O
74822,5460870,N=C(O)CC[C@H]([NH3+])C(=O)O
24850702,14345637,CCCCC/C=C\C/C=C\C/C=C\C/C=C\CCCC(=O)OC(CO)COC(=O)CCCCCCCCCCCCCCCCC
24850702,9828112,OC[C@H]1OC(O)C[C@@H]1O
9543153,14212362,Nc1nc(O)nc2c1ncn2[C@@H]1O[C@H](COP(=O)(O)O)[C@@H](O)[C@H]1O
9543153,6433272,C[C@@H]1[C@H](O)[C@@H](C)/C=C/C=C/CC/C=C/C=C/C=C/C=C/C(O[C@H]2O[C@H](C)[C@@H](O)[C@H](N)[C@@H]2O)CC2O[C@](O)(CC(O)C(O)CCC(O)CC(O)CC(O)CC(=O)O[C@H]1C)CC(O)C2C(=O)O
9543153,545690,CCCCCCCCCCCCCCCCCC(=O)OC[C@@H](COC(=O)CCCCCCCCCCCCCCC)OC(=O)CCCCCCCCCCCCCCCCC
156228,23674745,CC(C(=O)[O-])c1ccc(CC2CCCC2=O)cc1.O.O.[Na+]
156228,439854,ON=CCc1c[nH]c2ccccc12
46173753,91972219,CC(O)=N[C@H]1[C@H](O[C@H]2[C@H](O)[C@@H](N=C(C)O)C(O)O[C@@H]2CO)O[C@H](COS(=O)(=O)O)[C@H](O)[C@@H]1O
46173753,51041863,CCCCCCCCCCCCC/C=C/[C@@H](O)[C@H](CO[C@@H]1O[C@H](CO)[C@@H](O[C@@H]2O[C@H](CO)[C@H](O[C@@H]3O[C@H](CO)[C@H](O)[C@H](O)[C@H]3N=C(C)O)[C@H](O[C@@H]3O[C@H](CO)[C@@H](O)[C@H](O[C@@H]4O[C@H](CO)[C@H](O[C@@H]5O[C@H](CO)[C@H](O)[C@H](O)[C@H]5N=C(C)O)[C@H](O[C@]5(C(=O)O)C[C@H](O)[C@@H](N=C(C)O)[C@H]([C@H](O)[C@H](O)CO)O5)[C@H]4O)[C@H]3N=C(C)O)[C@H]2O)[C@H](O)[C@H]1O)N=C(O)CCCCCCCCCCCCCCCCC
46173753,42647297,Cc1ccc(C(O)=NC2CC2)cc1Nc1cc(=O)n(C)c2c1cnn2-c1ccc(F)cc1F
138911135,53239731,CC(O)=N[C@@H]1[C@@H](O[C@@H]2O[C@@H](C)[C@@H](O)[C@@H](O)[C@@H]2O)[C@H](O[C@@H]2O[C@H](CO)[C@@H](O)[C@H](O)[C@H]2N=C(C)O)[C@@H](CO[C@@H]2O[C@@H](C)[C@@H](O)[C@@H](O)[C@@H]2O)O[C@H]1O
138911135,49852315,O=C1/C(=C/c2ccc(O)c(O)c2)Oc2cc([O-])cc(O)c21
71366338,5780,OC[C@@H](O)[C@@H](O)[C@H](O)[C@@H](O)CO
71366338,56955923,O=[As]([O-])(O)c1ccccc1
71366338,101062652,CC(C)C1=CC(=O)C2=C(CC[C@H]3C(C)(C)C(=O)CC[C@]23C)C1=O
11160025,56955923,O=[As]([O-])(O)c1ccccc1
11160025,5707,Cc1cccc(C)c1NC1=NCCCS1
86289357,5780,OC[C@@H](O)[C@@H](O)[C@H](O)[C@@H](O)CO
86289357,23674745,CC(C(=O)[O-])c1ccc(CC2CCCC2=O)cc1.O.O.[Na+]
86289357,518964,O=C([O-])CCl
50909834,5780,OC[C@@H](O)[C@@H](O)[C@H](O)[C@@H](O)CO
50909834,5354212,COC(=O)/C=C1/CC[C@H]2[C@@H]3CCC4=CC(=O)CC[C@]4(C)[C@H]3C(=O)C[C@]12C
50909834,91819843,CC(C)/C=C/C(=O)SCCN=C(O)CCN=C(O)[C@H](O)C(C)(C)COP(=O)(O)OP(=O)(O)OC[C@H]1O[C@@H](n2cnc3c(N)ncnc32)[C@H](O)[C@@H]1OP(=O)(O)O
86289946,5780,OC[C@@H](O)[C@@H](O)[C@H](O)[C@@H](O)CO
86289946,10825777,NC(Cc1cc(O)c2c(c1)SCC(O)=N2)C(=O)O
86289946,6917852,O=C([O-])Cc1cn(-c2ccccc2)nc1-c1ccc(Cl)cc1.O=C([O-])Cc1cn(-c2ccccc2)nc1-c1ccc(Cl)cc1.[Ca+2]
126456528,5780,OC[C@@H](O)[C@@H](O)[C@H](O)[C@@H](O)CO
126456528,440649,Cc1ncc(C[n+]2c(C(O)CCC(=O)O)sc(CCOP(=O)(O)OP(=O)(O)O)c2C)c(=N)[nH]1
126456528,92136105,CC(C)CCCCCCCCCC/C=C\C(=O)O
45480577,129011055,CO[C@H]1O[C@H](C)[C@@H](N=CO)[C@H](O[C@H]2O[C@H](C)[C@@H](N=CO)[C@H](O)[C@@H]2O[C@H]2O[C@H](C)[C@@H](OCCCCCN)[C@H](O)[C@@H]2O)[C@@H]1O
45480577,14345637,CCCCC/C=C\C/C=C\C/C=C\C/C=C\CCCC(=O)OC(CO)COC(=O)CCCCCCCCCCCCCCCCC
45480577,70679053,CCCCCCCCCCC[C@@H](O)[C@@H]([NH3+])CO
92746,90659076,CC(C)=CCC[C@@H](C)[C@H]1CC[C@H]2C3=C(CC[C@]12C)[C@@]1(C)CC[C@H](O)[C@@H](C(=O)[O-])[C@@H]1CC3
92746,5354212,COC(=O)/C=C1/CC[C@H]2[C@@H]3CCC4=CC(=O)CC[C@]4(C)[C@H]3C(=O)C[C@]12C
92746,987,CC(C)(COP(=O)(O)O)C(O)C(O)=NCCC(O)=NCCS
11693711,66883654,CCn1[nH]cc(C(=O)c2ccc(S(C)(=O)=O)c(OCCOC)c2C)c1=O
11693711,5354212,COC(=O)/C=C1/CC[C@H]2[C@@H]3CCC4=CC(=O)CC[C@]4(C)[C@H]3C(=O)C[C@]12C
11693711,44232492,CC(C)C[C@H](N=C(O)[C@@H](N)CCC(=N)O)C(=O)O
25202130,25245067,CCCCCCCCCCCCCC(=O)O[C@H](CCCCCCCCCCC)CC(=O)O[C@@H]1[C@@H](N=C(O)C[C@@H](CCCCCCCCCCC)OC(=O)CCCCCCCCCCC)[C@H](OC[C@H]2O[C@H](OP(=O)(O)O[C@H]3OC[C@H](N)[C@H](O)[C@H]3O)[C@H](N=C(O)C[C@H](O)CCCCCCCCCCC)[C@@H](OC(=O)C[C@H](O)CCCCCCCCCCC)[C@@H]2O)O[C@H](CO[C@]2(C(=O)O)C[C@@H](O[C@]3(C(=O)O)C[C@@H](O)[C@@H](O)[C@@H]([C@H](O)CO)O3)[C@@H](O)[C@@H]([C@H](O)CO)O2)[C@H]1OP(=O)(O)O[C@H]1OC[C@H](N)[C@H](O)[C@H]1O
25202130,91828250,CC(O)=N[C@@H]1[C@@H](O)[C@H](O[C@@H]2O[C@H](CO)[C@@H](O[C@@H]3O[C@H](CO[C@H]4O[C@H](CO)[C@@H](O)[C@H](O)[C@@H]4O[C@@H]4O[C@H](CO)[C@@H](O[C@@H]5O[C@H](CO)[C@H](O)[C@H](O[C@]6(C(=O)O)C[C@H](O)[C@@H](N=C(C)O)[C@H]([C@H](O)[C@H](O)CO)O6)[C@H]5O)[C@H](O)[C@H]4N=C(C)O)[C@@H](O[C@@H]4O[C@H](CO)[C@@H](O)[C@H](O)[C@H]4N=C(C)O)[C@H](O[C@H]4O[C@H](CO)[C@@H](O)[C@H](O)[C@@H]4O[C@@H]4O[C@H](CO)[C@@H](O[C@@H]5O[C@H](CO)[C@H](O)[C@H](O[C@]6(C(=O)O)C[C@H](O)[C@@H](N=C(C)O)[C@H]([C@H](O)[C@H](O)CO)O6)[C@H]5O)[C@H](O)[C@H]4N=C(C)O)[C@@H]3O)[C@H](O)[C@H]2N=C(C)O)[C@@H](CO)O[C@H]1O
25202130,14490,O=C(O)CCCCCO
45266521,45266519,O=C([O-])C(=O)Cc1c[nH]c2ccc(OCc3ccccc3)cc12
45266521,23674745,CC(C(=O)[O-])c1ccc(CC2CCCC2=O)cc1.O.O.[Na+]
45266521,16212222,CC(C)N(C(=O)C(=O)O)c1ccc(F)cc1
59768,56955923,O=[As]([O-])(O)c1ccccc1
59768,23674745,CC(C(=O)[O-])c1ccc(CC2CCCC2=O)cc1.O.O.[Na+]
59768,151483,O=C(O)[C@H](CO)N=C(O)c1cccc(O)c1O
2097,56955923,O=[As]([O-])(O)c1ccccc1
2097,56955923,O=[As]([O-])(O)c1ccccc1
2097,2801,CN(C)CCCN1c2ccccc2CCc2ccc(Cl)cc21
86290135,42626433,Nc1ncnc2c1ncn2[C@@H]1O[C@H](COP(=O)(O)OP(=O)(O)OC[C@H]2O[C@H](OP(=O)(O)O)[C@H](O)[C@@H]2O)[C@@H](O)[C@H]1O
86290135,14345637,CCCCC/C=C\C/C=C\C/C=C\C/C=C\CCCC(=O)OC(CO)COC(=O)CCCCCCCCCCCCCCCCC
86290135,131801230,CC(C)=CCC/C(C)=C/CC/C(C)=C/CC/C(C)=C\CC/C(C)=C\CC/C(C)=C\CC/C(C)=C\CC/C(C)=C\CC/C(C)=C\CC/C(C)=C\CC/C(C)=C\COP(=O)(O)OP(=O)(O)O[C@H]1O[C@H](CO)[C@@H](O[C@@H]2O[C@H](CO)[C@@H](OP(=O)(O)OC[C@H](O)COP(=O)([O-])OC[C@H](O)COP(=O)([O-])OC[C@H](O[C@@H]3O[C@H](CO)[C@@H](O)[C@H](O)[C@H]3N=C(C)[O-])[C@H](O)[C@H](O)CO)[C@H](O)[C@H]2N=C(C)[O-])[C@H](O)[C@H]1N=C(C)[O-]
6475988,70678771,CCC[C@H](CCCCCCCc1cc(O)cc(O)c1C(=O)O[C@H](CCC)CCCCCCCc1cc(O)cc(O)c1)OC(C)=O
6475988,440649,Cc1ncc(C[n+]2c(C(O)CCC(=O)O)sc(CCOP(=O)(O)OP(=O)(O)O)c2C)c(=N)[nH]1
6475988,7058116,O=C1OC2(c3ccccc31)c1cc([N+](=O)[O-])c([O-])c(Br)c1Oc1c2cc([N+](=O)[O-])c([O-])c1Br
25244549,5281294,O=C(/C=C/c1ccc(O)c(O)c1)c1ccc(O)c(O)c1O
25244549,5354212,COC(=O)/C=C1/CC[C@H]2[C@@H]3CCC4=CC(=O)CC[C@]4(C)[C@H]3C(=O)C[C@]12C
25244549,10176229,C[C@@H]1CC(=O)CC(C)(C)C1=O
23725625,49859627,COc1cccc2[nH]cc(C/C(=N/OS(=O)(=O)[O-])S[C@@H]3O[C@H](CO)[C@@H](O)[C@H](O)[C@H]3O)c12
23725625,97165,O=C1O[C@@H]([C@H](O)CO)[C@H](O)[C@H]1O
65478,9782,C[C@H]1C[C@H]2[C@@H]3CCC4=CC(=O)C=C[C@]4(C)[C@@]3(F)[C@@H](O)C[C@]2(C)[C@@]1(O)C(=O)CO
65478,49859627,COc1cccc2[nH]cc(C/C(=N/OS(=O)(=O)[O-])S[C@@H]3O[C@H](CO)[C@@H](O)[C@H](O)[C@H]3O)c12
65478,118796909,C[C@H](c1c[nH]c2ccccc12)[C@@H]1OC(=[NH2+])N=C1O
11234718,5354212,COC(=O)/C=C1/CC[C@H]2[C@@H]3CCC4=CC(=O)CC[C@]4(C)[C@H]3C(=O)C[C@]12C
11234718,86289831,C[C@@H](O)CCCCCC[C@@H](O)CC(=O)O
5282869,5780,OC[C@@H](O)[C@@H](O)[C@H](O)[C@@H](O)CO
5282869,5354212,COC(=O)/C=C1/CC[C@H]2[C@@H]3CCC4=CC(=O)CC[C@]4(C)[C@H]3C(=O)C[C@]12C
5282869,6917852,O=C([O-])Cc1cn(-c2ccccc2)nc1-c1ccc(Cl)cc1.O=C([O-])Cc1cn(-c2ccccc2)nc1-c1ccc(Cl)cc1.[Ca+2]
5281635,10065952,C=CC(C)(C)c1cc(O)c(OC)c2c(=O)c3c(O)ccc(O)c3oc12
5281635,10825777,NC(Cc1cc(O)c2c(c1)SCC(O)=N2)C(=O)O
5281635,139600860,CCCCCCCCCCCCCCCCCCCCCCCCCC(O)=N[C@@H](CO[C@H]1O[C@H](CO)[C@H](OCc2ccc(F)cc2)[C@H](O)[C@H]1O)[C@H](O)[C@H](O)CCCCCCCCCCCCCC
5281604,5280695,COc1c(O)cc(O)c2c(=O)c(O)c(-c3ccc(O)c(O)c3)oc12
5281604,23674745,CC(C(=O)[O-])c1ccc(CC2CCCC2=O)cc1.O.O.[Na+]
5281604,132282533,CC/C=C\C/C=C\CC1OC1/C=C/C=C/C=C\CCCCCC(=O)[O-]
440216,5780,OC[C@@H](O)[C@@H](O)[C@H](O)[C@@H](O)CO
440216,69212,CC1=CC(=O)C(=O)C=C1O
440216,24850702,CC1(C)[C@@H](OC(=O)/C=C/c2ccc(O)cc2)CC[C@]2(C)C3=CC[C@@]4(C)[C@@H]5C[C@](C)(C(=O)O)CC[C@]5(C)CC[C@]4(C)C3=CC[C@@H]12
91828252,440649,Cc1ncc(C[n+]2c(C(O)CCC(=O)O)sc(CCOP(=O)(O)OP(=O)(O)O)c2C)c(=N)[nH]1
91828252,11831045,CC1=C[C@@H]2[C@@H](C(C)C)CC[C@H](C)[C@]2(O)CC1
14228,5780,OC[C@@H](O)[C@@H](O)[C@H](O)[C@@H](O)CO
14228,30951,C=CCOc1ccc(CC(=O)O)cc1Cl
14228,71296218,CCCCCCCCCCCCC/C=C/[C@@H](O)[C@H](COP(=O)([O-])O)N=C([O-])CCCCCCCCCCCCCCCCCCC
441284,68848,CN1C[C@@H](NS(=O)(=O)N(C)C)C[C@@H]2c3cccc4c3c(cn4C)C[C@H]21
441284,86289860,O=C(O)C[C@H](O)CCCCCCCO
441284,86289995,CCCCC/C=C\C/C=C\C/C=C\CCCCCCCCC(=O)O
10410732,49859627,COc1cccc2[nH]cc(C/C(=N/OS(=O)(=O)[O-])S[C@@H]3O[C@H](CO)[C@@H](O)[C@H](O)[C@H]3O)c12
10410732,51351812,C=CC1=C(C)C([O-])=NC1Cc1[nH]c(Cc2[nH]c3c(c2C)C(=O)C/C3=C2/N[C@H](C(=O)O)[C@@H](C)[C@@H]2CCC(=O)[O-])c(CC)c1C
91850697,14345637,CCCCC/C=C\C/C=C\C/C=C\C/C=C\CCCC(=O)OC(CO)COC(=O)CCCCCCCCCCCCCCCCC
91850697,6441048,C/C=C/c1cc(OC)c2c(c1)[C@@H](C)[C@H](c1ccc(OC)c(OC)c1)O2
231352,11560992,CC[C@H](C[C@@H](O)[C@@H](C)[C@H]1CC[C@H]2[C@@H]3CCC4=CC(=O)CC[C@]4(C)[C@H]3CC[C@]12C)C(C)C
231352,52929771,CCCCCCCCCCCCCCCC/C=C\OC[C@@H](O)COP(=O)(O)O
231352,86289844,C[C@@H]1O[C@@H](OCCCCCC[C@@H](O)CC(=O)O)[C@H](O)C[C@H]1O
5775,23674745,CC(C(=O)[O-])c1ccc(CC2CCCC2=O)cc1.O.O.[Na+]
5775,5283143,CCCCCCCC/C=C\C/C=C\C=C\[C@@H](O)CCCC(=O)O
16667369,15375588,Cc1cn([C@H]2C[C@H](O)[C@@H](COP(=O)(O)OP(=O)(O)O[C@H]3O[C@@H](C)[C@@H](O)[C@@H](O)[C@H]3O)O2)c(=O)nc1O
16667369,440649,Cc1ncc(C[n+]2c(C(O)CCC(=O)O)sc(CCOP(=O)(O)OP(=O)(O)O)c2C)c(=N)[nH]1
16667369,33637,COc1ccccc1C
70679218,5780,OC[C@@H](O)[C@@H](O)[C@H](O)[C@@H](O)CO
70679218,52929771,CCCCCCCCCCCCCCCC/C=C\OC[C@@H](O)COP(=O)(O)O
70679218,4623248,CN1C(=O)N(c2cccc(Cl)c2)C(N=C(O)Nc2ccc(Cl)cc2)C1(C)C
129011067,5780,OC[C@@H](O)[C@@H](O)[C@H](O)[C@@H](O)CO
129011067,53239731,CC(O)=N[C@@H]1[C@@H](O[C@@H]2O[C@@H](C)[C@@H](O)[C@@H](O)[C@@H]2O)[C@H](O[C@@H]2O[C@H](CO)[C@@H](O)[C@H](O)[C@H]2N=C(C)O)[C@@H](CO[C@@H]2O[C@@H](C)[C@@H](O)[C@@H](O)[C@@H]2O)O[C@H]1O
129011067,76972186,C=C(C)[C@]12C[C@@H](C)[C@@]34O[C@](Cc5ccccc5)(O[C@@H]1[C@@H]3C=C(COC(=O)Cc1ccc(O)cc1)C[C@]1(O)C(=O)C(C)=C[C@@H]41)O2
71298138,53239731,CC(O)=N[C@@H]1[C@@H](O[C@@H]2O[C@@H](C)[C@@H](O)[C@@H](O)[C@@H]2O)[C@H](O[C@@H]2O[C@H](CO)[C@@H](O)[C@H](O)[C@H]2N=C(C)O)[C@@H](CO[C@@H]2O[C@@H](C)[C@@H](O)[C@@H](O)[C@@H]2O)O[C@H]1O
71298138,160453,O=C(O)CC[C@@H](C(=O)O)N1C(=O)c2ccccc2C1=O
23314576,5780,OC[C@@H](O)[C@@H](O)[C@H](O)[C@@H](O)CO
23314576,5354212,COC(=O)/C=C1/CC[C@H]2[C@@H]3CCC4=CC(=O)CC[C@]4(C)[C@H]3C(=O)C[C@]12C
23314576,442630,C[C@@H]1N[C@@H]2CCCCCCCC(=O)O[C@H]3CC[C@@H](CCCCCCCC(=O)O[C@H]1CC2)N[C@H]3C
3246373,23674745,CC(C(=O)[O-])c1ccc(CC2CCCC2=O)cc1.O.O.[Na+]
3246373,16070014,C[C@]12CC[C@H]3C(CC[C@]4(O)C[C@@H](O)CC[C@]34C=O)[C@@]1(O)CC[C@@H]2c1ccc(=O)oc1
1355,5780,OC[C@@H](O)[C@@H](O)[C@H](O)[C@@H](O)CO
1355,440113,O=CCc1ccc(O)cc1
135883865,135956784,CC(O)=N[C@@H](Cc1ccc(O)c(N=Nc2ccc(C(=O)O)cc2)c1)C(O)=NCC(O)=NCC(=O)O
135883865,53239731,CC(O)=N[C@@H]1[C@@H](O[C@@H]2O[C@@H](C)[C@@H](O)[C@@H](O)[C@@H]2O)[C@H](O[C@@H]2O[C@H](CO)[C@@H](O)[C@H](O)[C@H]2N=C(C)O)[C@@H](CO[C@@H]2O[C@@H](C)[C@@H](O)[C@@H](O)[C@@H]2O)O[C@H]1O
135883865,45266920,N[C@@H](C([O-])=N[C@@H]1C(=O)N2C(C(=O)O)=C(Cl)CC[C@H]12)c1ccccc1
119058194,40490621,CC[C@@H]1O[C@@H]1C/C=C\C/C=C\C/C=C\C/C=C\CCCC(=O)[O-]
119058194,5354212,COC(=O)/C=C1/CC[C@H]2[C@@H]3CCC4=CC(=O)CC[C@]4(C)[C@H]3C(=O)C[C@]12C
119058194,2266,O=C(O)CCCCCCCC(=O)O
91826582,53239760,C[C@H](N=C(O)[C@H](CCC(=N)O)N=C(O)CN)C(O)=NCC(O)=N[C@@H](Cc1cscn1)C(O)=N[C@@H](CC[C@H](CN)O[C@@H]1O[C@H](CO)[C@H](O)[C@H](O)[C@H]1O)C(O)=NCC(O)=N[C@@H](CCC(=O)O)C(O)=N[C@@H](CCC(=N)O)C(O)=NCC(=O)N1CCC[C@H]1C(O)=N[C@@H](CCCCN)C(O)=NCC(O)=N[C@@H](CCC(=O)O)C(O)=N[C@H](C(=O)O)[C@@H](C)O
91826582,135103,C[C@H](N)C(O)=NCC(O)=N[C@@H](CO)C(=O)O
108185,49859627,COc1cccc2[nH]cc(C/C(=N/OS(=O)(=O)[O-])S[C@@H]3O[C@H](CO)[C@@H](O)[C@H](O)[C@H]3O)c12
108185,6440666,CC[C@@H](CO)[C@@H]1[C@](C)(C(=O)/C=C\O)[C@H]2[C@H](C)C[C@@](C)(O)C[C@@H]2C(=O)[C@@]1(C)O
9546817,5780,OC[C@@H](O)[C@@H](O)[C@H](O)[C@@H](O)CO
9546817,53239731,CC(O)=N[C@@H]1[C@@H](O[C@@H]2O[C@@H](C)[C@@H](O)[C@@H](O)[C@@H]2O)[C@H](O[C@@H]2O[C@H](CO)[C@@H](O)[C@H](O)[C@H]2N=C(C)O)[C@@H](CO[C@@H]2O[C@@H](C)[C@@H](O)[C@@H](O)[C@@H]2O)O[C@H]1O
9546817,9782,C[C@H]1C[C@H]2[C@@H]3CCC4=CC(=O)C=C[C@]4(C)[C@@]3(F)[C@@H](O)C[C@]2(C)[C@@]1(O)C(=O)CO
447123,5780,OC[C@@H](O)[C@@H](O)[C@H](O)[C@@H](O)CO
447123,5354212,COC(=O)/C=C1/CC[C@H]2[C@@H]3CCC4=CC(=O)CC[C@]4(C)[C@H]3C(=O)C[C@]12C
447123,12416228,O=Cc1ccc(CO)[nH]1
10355545,14213209,COc1cc(O)ccc1-c1cc2cc(CCCO)ccc2o1
10355545,10825777,NC(Cc1cc(O)c2c(c1)SCC(O)=N2)C(=O)O
10355545,25201322,CC(O)=N[C@@H]1[C@@H](O)[C@H](O)[C@@H](CO)O[C@H]1N=C(O)C[C@H](N)C(=O)O
69867,13284402,O=CC(=O)c1c[nH]c2ccccc12
69867,279,N=C(O)NC(CC(=O)O)C(=O)O
69867,131801203,CC/C=C\C[C@@H]1C(=O)C=C[C@@H]1CCCCCCCC(=O)SCCN=C([O-])CCN=C([O-])[C@H](O)C(C)(C)COP(=O)(O)OP(=O)(O)OC[C@H]1O[C@@H](n2cnc3c(N)ncnc32)[C@H](O)[C@@H]1OP(=O)([O-])[O-]
641012,5780,OC[C@@H](O)[C@@H](O)[C@H](O)[C@@H](O)CO
641012,137547,C#CCC(=O)O
641012,90659852,CCCCCCCC/C=C\CCCCCCCCCCCC(O)=N[C@@H](CO[C@@H]1O[C@H](CO)[C@@H](O[C@@H]2O[C@H](CO)[C@H](O)[C@H](O[C@]3(C(=O)O)C[C@H](O)[C@@H](N=C(C)O)[C@H]([C@H](O)[C@H](O)CO)O3)[C@H]2O)[C@H](O)[C@H]1O)[C@H](O)/C=C/CCCCCCCCCCCCC
487,5780,OC[C@@H](O)[C@@H](O)[C@H](O)[C@@H](O)CO
487,243,O=C(O)c1ccccc1
487,91825629,CCCCCCC(C)CCCCCCCCCCC(=O)Cc1cc(O)cc(=O)o1
91851496,91856437,OC[C@H]1O[C@@H](O[C@H]2C(O)O[C@H](CO)[C@H](O)[C@@H]2O)[C@H](O)[C@@H](O)[C@H]1O
91851496,23674745,CC(C(=O)[O-])c1ccc(CC2CCCC2=O)cc1.O.O.[Na+]
91851496,7700,CCCCCCCCCc1ccc(OCCO)cc1
10290858,5780,OC[C@@H](O)[C@@H](O)[C@H](O)[C@@H](O)CO
10290858,69212,CC1=CC(=O)C(=O)C=C1O
10290858,11999968,O=C(Oc1cc(O)c2c(c1)OC(c1cc(O)c(OC(=O)c3cc(O)c(O)c(O)c3)c(O)c1)CC2)c1cc(O)c(O)c(O)c1
10604975,53239731,CC(O)=N[C@@H]1[C@@H](O[C@@H]2O[C@@H](C)[C@@H](O)[C@@H](O)[C@@H]2O)[C@H](O[C@@H]2O[C@H](CO)[C@@H](O)[C@H](O)[C@H]2N=C(C)O)[C@@H](CO[C@@H]2O[C@@H](C)[C@@H](O)[C@@H](O)[C@@H]2O)O[C@H]1O
10604975,86289672,C[C@H](CCCCCC(=O)O)O[C@@H]1O[C@@H](C)[C@H](O)C[C@H]1O
14152391,91666374,CCCCC/C=C\C/C=C\C/C=C\C/C=C\CCCC(=O)O[C@H](COC(=O)CCCCCCCCCCCCCCCCC)COP(=O)(O)OP(=O)(O)OC[C@H]1O[C@@H](n2ccc(=N)nc2O)[C@H](O)[C@@H]1O
14152391,49859627,COc1cccc2[nH]cc(C/C(=N/OS(=O)(=O)[O-])S[C@@H]3O[C@H](CO)[C@@H](O)[C@H](O)[C@H]3O)c12
14152391,45266584,CC(C)(COP(=O)(O)OP(=O)(O)OC[C@H]1O[C@@H](n2cnc3c(N)ncnc32)[C@H](O)[C@@H]1OP(=O)([O-])O)[C@@H](O)C([O-])=NCCC([O-])=NCCSC(=O)/C=C/c1ccc([O-])cc1
53477673,5780,OC[C@@H](O)[C@@H](O)[C@H](O)[C@@H](O)CO
53477673,10825777,NC(Cc1cc(O)c2c(c1)SCC(O)=N2)C(=O)O
53477673,44567151,C=C1CC[C@H]2C(C)(C)[C@@H](O)CC[C@]2(C)[C@H]1CC[C@H]1C(C)=CC[C@H]2C(C)(C)[C@@H](O)CC[C@]12C
122164838,56955923,O=[As]([O-])(O)c1ccccc1
122164838,30951,C=CCOc1ccc(CC(=O)O)cc1Cl
122164838,5364778,CCC/C=C/C(=O)OCC
23392,2723698,Sc1ccccn1
23392,279,N=C(O)NC(CC(=O)O)C(=O)O
23392,9547164,CCCCCCCC/C=C\CCCCCCCC(=O)O[C@H](COC(=O)CCCCCCCCCCCCC)COP(=O)(O)O
11148,5780,OC[C@@H](O)[C@@H](O)[C@H](O)[C@@H](O)CO
11148,53239731,CC(O)=N[C@@H]1[C@@H](O[C@@H]2O[C@@H](C)[C@@H](O)[C@@H](O)[C@@H]2O)[C@H](O[C@@H]2O[C@H](CO)[C@@H](O)[C@H](O)[C@H]2N=C(C)O)[C@@H](CO[C@@H]2O[C@@H](C)[C@@H](O)[C@@H](O)[C@@H]2O)O[C@H]1O
11148,440322,O=P(O)(OC[C@H]1O[C@@H](n2cnc3c(O)nc(O)nc32)[C@H](O)[C@@H]1O)OP(=O)(O)OP(=O)(O)OP(=O)(O)OC[C@H]1O[C@@H](n2cnc3c(O)nc(O)nc32)[C@H](O)[C@@H]1O
76958645,70678725,COC1=C(Br)[C@H](O)[C@@]2(C=C1Br)CC(C(=O)NCCCCNC(=O)C1=NO[C@@]3(C=C(Br)C(=O)[C@H](Br)[C@H]3O)C1)=NO2
76958645,121596230,C[C@]12CC[C@H]3[C@@H](CCC4=C[C@@H](OS(=O)(=O)[O-])CC[C@@]43C)[C@@H]1CC[C@@H]2OS(=O)(=O)[O-]
25244126,56955923,O=[As]([O-])(O)c1ccccc1
25244126,71298190,CC(O)=N[C@H]1C(O)O[C@H](CO)[C@H](O)[C@@H]1O[C@@H]1O[C@H](CO)[C@H](O[C@H]2O[C@H](CO)[C@H](O)[C@H](O)[C@H]2O)[C@H](O)[C@H]1O[C@@H]1O[C@@H](C)[C@@H](O)[C@@H](O)[C@@H]1O
25244126,85692,CCCCCCCCCCCCCCCCCCCCCCCCC(O)C(=O)O
129626798,14345637,CCCCC/C=C\C/C=C\C/C=C\C/C=C\CCCC(=O)OC(CO)COC(=O)CCCCCCCCCCCCCCCCC
129626798,11954140,CC(=O)[C@H]1CC[C@H]2[C@@H]3CCC4=CC(=O)C[C@]4(C)[C@H]3CC[C@]12C
71420,3955,CN(C)C(=O)C(CCN1CCC(O)(c2ccc(Cl)cc2)CC1)(c1ccccc1)c1ccccc1
71420,49859627,COc1cccc2[nH]cc(C/C(=N/OS(=O)(=O)[O-])S[C@@H]3O[C@H](CO)[C@@H](O)[C@H](O)[C@H]3O)c12
71420,14274761,COc1cc([C@@H](O)[C@@H](CO)Oc2ccc(/C=C/CO)cc2OC)ccc1O
49852330,56955923,O=[As]([O-])(O)c1ccccc1
49852330,53239731,CC(O)=N[C@@H]1[C@@H](O[C@@H]2O[C@@H](C)[C@@H](O)[C@@H](O)[C@@H]2O)[C@H](O[C@@H]2O[C@H](CO)[C@@H](O)[C@H](O)[C@H]2N=C(C)O)[C@@H](CO[C@@H]2O[C@@H](C)[C@@H](O)[C@@H](O)[C@@H]2O)O[C@H]1O
49852330,126843490,C[C@H](CCC(=O)SCCN=C([O-])CCN=C([O-])[C@H](O)C(C)(C)COP(=O)(O)OP(=O)(O)OC[C@H]1O[C@@H](n2cnc3c(N)ncnc32)[C@H](O)[C@@H]1OP(=O)([O-])[O-])[C@H]1CC[C@H]2[C@@H]3CC[C@@H]4CC(=O)CC[C@]4(C)[C@H]3CC[C@]12C
6921809,13284402,O=CC(=O)c1c[nH]c2ccccc12
6921809,56955923,O=[As]([O-])(O)c1ccccc1
6921809,91856437,OC[C@H]1O[C@@H](O[C@H]2C(O)O[C@H](CO)[C@H](O)[C@@H]2O)[C@H](O)[C@@H](O)[C@H]1O
91857703,132282124,C[C@@H]1O[C@@H](OCCCCCC(=O)SCCN=C(O)CCN=C(O)[C@H](O)C(C)(C)COP(=O)(O)OP(=O)(O)OC[C@H]2O[C@@H](n3cnc4c(N)ncnc43)[C@H](O)[C@@H]2OP(=O)(O)O)[C@H](O)C[C@H]1O
91857703,447877,CCCCCCC[C@@H](O)CC(=O)SCCN=C(O)CCN=C(O)[C@H](O)C(C)(C)COP(=O)(O)OP(=O)(O)OC[C@H]1O[C@@H](n2cnc3c(N)ncnc32)[C@H](O)[C@@H]1OP(=O)(O)O
11053,5354212,COC(=O)/C=C1/CC[C@H]2[C@@H]3CCC4=CC(=O)CC[C@]4(C)[C@H]3C(=O)C[C@]12C
11053,119058181,CC(O)CCCCCC/C=C\C/C=C\C/C=C\CCCC(=O)O
45266885,443879,Cc1ccc(O)c([C@H](CCN(C(C)C)C(C)C)c2ccccc2)c1
45266885,5354212,COC(=O)/C=C1/CC[C@H]2[C@@H]3CCC4=CC(=O)CC[C@]4(C)[C@H]3C(=O)C[C@]12C
45266885,75551,CSCC(=O)O
53239770,70678957,C[C@@H]1O[C@@H](O[C@H]2[C@H](O[C@H]3[C@H](O)[C@@H](O)[C@H](O)O[C@@H]3CO)O[C@H](CO)[C@H](O)[C@@H]2O[C@H]2O[C@H](CO)[C@H](O)[C@H](O)[C@H]2O)[C@@H](O)[C@H](O)[C@@H]1O
53239770,53239731,CC(O)=N[C@@H]1[C@@H](O[C@@H]2O[C@@H](C)[C@@H](O)[C@@H](O)[C@@H]2O)[C@H](O[C@@H]2O[C@H](CO)[C@@H](O)[C@H](O)[C@H]2N=C(C)O)[C@@H](CO[C@@H]2O[C@@H](C)[C@@H](O)[C@@H](O)[C@@H]2O)O[C@H]1O
53239770,53262846,C=C(C)[C@@H]1CC=C(C)[C@H](CC[C@H]2C(=C)CC[C@@H](C(C)(C)O)[C@]2(C)CCC(=O)OC)[C@@]1(C)CCC(=O)O
11988287,5780,OC[C@@H](O)[C@@H](O)[C@H](O)[C@@H](O)CO
11988287,56955923,O=[As]([O-])(O)c1ccccc1
11988287,7084,Cc1cc2nc3ccc(N(C)C)cc3sc-2cc1=[NH2+]
135563767,14345637,CCCCC/C=C\C/C=C\C/C=C\C/C=C\CCCC(=O)OC(CO)COC(=O)CCCCCCCCCCCCCCCCC
135563767,45266637,O=C(O)[C@@H]1CC(O)CN1
4108,440649,Cc1ncc(C[n+]2c(C(O)CCC(=O)O)sc(CCOP(=O)(O)OP(=O)(O)O)c2C)c(=N)[nH]1
4108,12309449,C=C[C@@]1(C)CCC(C(C)C)=C[C@@H]1C(=C)C
13801083,5780,OC[C@@H](O)[C@@H](O)[C@H](O)[C@@H](O)CO
13801083,23674745,CC(C(=O)[O-])c1ccc(CC2CCCC2=O)cc1.O.O.[Na+]
13801083,70678555,CC1=C2[N-][C@@](C)([C@@H]3N=C(C(C)C4=N[C@@](C)(CC5=C(CCC(=O)O)[C@](C)(CC(=O)O)C1=N5)C(C)=C4CCC(=O)O)[C@](C)(CCC(=O)O)[C@H]3CC(=O)O)[C@@](C)(CC(=O)O)[C@@H]2CCC(=O)O.[Co]
5095,10825777,NC(Cc1cc(O)c2c(c1)SCC(O)=N2)C(=O)O
5095,86583413,CCCCCCCCCCCCCCCCCC(=O)OC[C@@H](O)COP(=O)(O)OC[C@H](N)C(=O)[O-]
71306329,49799795,C=C1C(=O)O[C@@H]2C[C@@H](C)/C=C\C(=O)[C@@](C)(O)[C@H](OC(C)=O)[C@@H](OC(=O)CC(C)C)[C@@H]12
71306329,5354212,COC(=O)/C=C1/CC[C@H]2[C@@H]3CCC4=CC(=O)CC[C@]4(C)[C@H]3C(=O)C[C@]12C
71306329,17204,CCN(CC)c1ccc(N=Nc2ccccc2)cc1
9727,56955923,O=[As]([O-])(O)c1ccccc1
9727,69212,CC1=CC(=O)C(=O)C=C1O
9727,91825621,CN[C@H](CC(C)C)C(O)=N[C@H]1C(O)=N[C@@H](CC(=[NH2+])O)C(O)=N[C@H]2C(O)=N[C@H]3C(O)=N[C@H](C(O)=N[C@H](C(=O)O)c4cc(O)cc(O)c4-c4cc3ccc4O)[C@H](O[C@H]3C[C@](C)([NH3+])[C@@H](O)[C@H](C)O3)c3ccc(c(Cl)c3)Oc3cc2cc(c3O[C@@H]2O[C@H](CO)[C@@H](O)[C@H](O)[C@H]2O[C@H]2C[C@](C)(N)[C@@H](O)[C@H](C)O2)Oc2ccc(cc2Cl)[C@H]1O
25128979,53239731,CC(O)=N[C@@H]1[C@@H](O[C@@H]2O[C@@H](C)[C@@H](O)[C@@H](O)[C@@H]2O)[C@H](O[C@@H]2O[C@H](CO)[C@@H](O)[C@H](O)[C@H]2N=C(C)O)[C@@H](CO[C@@H]2O[C@@H](C)[C@@H](O)[C@@H](O)[C@@H]2O)O[C@H]1O
25128979,6558437,O=C(O)[C@H]1CNCCN1
6419961,5780,OC[C@@H](O)[C@@H](O)[C@H](O)[C@@H](O)CO
6419961,4474580,NCCCC(NC(CCC(=O)O)C(=O)O)C(=O)O
7249,56955923,O=[As]([O-])(O)c1ccccc1
7249,243,O=C(O)c1ccccc1
7249,785072,N#Cc1ccccc1/C=C/C(=O)O
134692038,49859627,COc1cccc2[nH]cc(C/C(=N/OS(=O)(=O)[O-])S[C@@H]3O[C@H](CO)[C@@H](O)[C@H](O)[C@H]3O)c12
134692038,5320946,COc1cc(O)c2c(=O)c(O)c(-c3ccc(O)cc3)oc2c1
30082,14345637,CCCCC/C=C\C/C=C\C/C=C\C/C=C\CCCC(=O)OC(CO)COC(=O)CCCCCCCCCCCCCCCCC
30082,5320946,COc1cc(O)c2c(=O)c(O)c(-c3ccc(O)cc3)oc2c1
25203316,44263378,C[C@H](CCC(O)=NCCS(=O)(=O)O)[C@H]1CC[C@H]2[C@@H]3[C@@H](O)C[C@@H]4C[C@H](O)CC[C@]4(C)[C@H]3C[C@H](O)[C@]12C
25203316,49859627,COc1cccc2[nH]cc(C/C(=N/OS(=O)(=O)[O-])S[C@@H]3O[C@H](CO)[C@@H](O)[C@H](O)[C@H]3O)c12
25203316,72193751,CCCCC/C=C\C/C=C\C/C=C\C/C=C\C/C=C\CC/C=C/C(=O)SCCN=C([O-])CCN=C([O-])[C@H](O)C(C)(C)COP(=O)(O)OP(=O)(O)OC[C@H]1O[C@@H](n2cnc3c(N)ncnc32)[C@H](O)[C@@H]1OP(=O)([O-])[O-]
57328746,5780,OC[C@@H](O)[C@@H](O)[C@H](O)[C@@H](O)CO
57328746,279,N=C(O)NC(CC(=O)O)C(=O)O
57328746,11671902,C#CCCCC[C@H](C)C(=O)N(C)[C@H](C(=O)N(C)[C@H](C(=O)N(C)[C@H](C(=O)N(C)[C@@H](Cc1ccccc1)C(=N)O)C(C)C)C(C)C)C(C)C
86290186,5780,OC[C@@H](O)[C@@H](O)[C@H](O)[C@@H](O)CO
86290186,46931152,CCCCCCCC/C=C\CCCCCCCC(=O)OC[C@H](COP(=O)(O)OCC(O)COP(=O)(O)OC[C@@H](COC(=O)CCCCCCC/C=C\CCCCCCCC)OC(=O)CCCCCCC/C=C\CCCCCCCC)OC(=O)CCCCCCC/C=C\CCCCCCCC
86290186,7420,O=C(O)c1cccc(O)c1
33005,5780,OC[C@@H](O)[C@@H](O)[C@H](O)[C@@H](O)CO
33005,69212,CC1=CC(=O)C(=O)C=C1O
33005,71296220,CCCCCCCCCCCCCC(=O)OC[C@@H](O)COP(=O)([O-])OC[C@@H](O)CO
6568,5780,OC[C@@H](O)[C@@H](O)[C@H](O)[C@@H](O)CO
6568,3692773,CC(=O)C[NH3+]
6568,168718,CC(C)(COP(=O)(O)OP(=O)(O)OC[C@H]1O[C@@H](n2cnc3c(N)ncnc32)[C@H](O)[C@@H]1OP(=O)(O)O)[C@@H](O)C(O)=NCCC(O)=NCCSC(=O)c1ccc(O)cc1
1570,69212,CC1=CC(=O)C(=O)C=C1O
1570,124202377,N[C@@H](CCC(O)=N[C@@H](CSc1cc([O-])ccc1O)C(O)=NCC(=O)O)C(=O)O
11966110,14212362,Nc1nc(O)nc2c1ncn2[C@@H]1O[C@H](COP(=O)(O)O)[C@@H](O)[C@H]1O
11966110,132282124,C[C@@H]1O[C@@H](OCCCCCC(=O)SCCN=C(O)CCN=C(O)[C@H](O)C(C)(C)COP(=O)(O)OP(=O)(O)OC[C@H]2O[C@@H](n3cnc4c(N)ncnc43)[C@H](O)[C@@H]2OP(=O)(O)O)[C@H](O)C[C@H]1O
11966110,70761166,CC(C)(O)CCc1cccc(C(=O)N2Cc3ccccc3C(O)C2)c1
45480555,636405,Cc1cc(=O)c(C(O)=N[C@@H](C(O)=N[C@@H]2C(=O)N3C(C(=O)O)=C(CSc4nnnn4C)CS[C@H]23)c2ccc(O)cc2)c[nH]1
45480555,14345637,CCCCC/C=C\C/C=C\C/C=C\C/C=C\CCCC(=O)OC(CO)COC(=O)CCCCCCCCCCCCCCCCC
45480555,5283265,CC(C)CCCCCCCCCCCCCO
10494,21594148,CC1(C)CC[C@]2(C(=O)O)CC[C@]3(C)C(=CC[C@@H]4[C@@]5(C)CC[C@H](O)[C@](C)(CO)[C@@H]5CC[C@]43C)[C@@H]2[C@@H]1O
10494,49859627,COc1cccc2[nH]cc(C/C(=N/OS(=O)(=O)[O-])S[C@@H]3O[C@H](CO)[C@@H](O)[C@H](O)[C@H]3O)c12
10494,7541,Clc1nc(Cl)[nH]c(=Nc2ccccc2Cl)n1
72715771,72715759,N[C@H]1C(O)=N[C@H]2Cc3ccc(c(Cl)c3)Oc3cc4cc(c3O)Oc3ccc(cc3Cl)[C@@H](O)[C@@H]3N=C(O)[C@H](N=C(O)[C@@H]4N=C(O)[C@@H](N=C2O)c2cc(O)cc(c2)Oc2cc1ccc2OS(=O)(=O)O)c1cc(Cl)c(O)c(c1)-c1c(O)cc(O)cc1[C@H](C(=O)O)N=C3O
72715771,53262337,CCCCCCCCCCCCCCCCCCCCCCCC[C@@H](C(=O)O)[C@H](O)CCCCCCCCCCCCCCCCC[C@H]1C[C@H]1CCCCCCCCCCCCCCCC[C@@H](OC)[C@H](C)CCCCCCCCCCCCCCCCCC
72715771,288,C[N+](C)(C)CC(O)CC(=O)[O-]
40565475,18614382,O=C1CCC(C(=O)[O-])C1
40565475,5354212,COC(=O)/C=C1/CC[C@H]2[C@@H]3CCC4=CC(=O)CC[C@]4(C)[C@H]3C(=O)C[C@]12C
40565475,86289841,C[C@@H](O)CCCCCCCCCCCCCCCC[C@@H](O)CC(=O)O
252379,23674745,CC(C(=O)[O-])c1ccc(CC2CCCC2=O)cc1.O.O.[Na+]
252379,237,CCN(CC)CCCC(C)N=c1c2ccc(Cl)cc2[nH]c2ccc(OC)cc12
7058055,14212362,Nc1nc(O)nc2c1ncn2[C@@H]1O[C@H](COP(=O)(O)O)[C@@H](O)[C@H]1O
7058055,52929771,CCCCCCCCCCCCCCCC/C=C\OC[C@@H](O)COP(=O)(O)O
7058055,71581184,CCCCCCCCCCCCCCCCCC(O)=N[C@@H](CO)[C@H](O)[C@H](O)CCCCCCCCCCC(C)C
52923860,5780,OC[C@@H](O)[C@@H](O)[C@H](O)[C@@H](O)CO
52923860,70678725,COC1=C(Br)[C@H](O)[C@@]2(C=C1Br)CC(C(=O)NCCCCNC(=O)C1=NO[C@@]3(C=C(Br)C(=O)[C@H](Br)[C@H]3O)C1)=NO2
52923860,91858192,CC(O)=N[C@H]1[C@H](O[C@H]2[C@@H](O)[C@@H](CO)OC(O)[C@@H]2O[C@@H]2O[C@H](CO)[C@@H](O)[C@H](O)[C@H]2N=C(C)O)O[C@H](CO)[C@@H](O)[C@@H]1O
94204,101729,C=C(C)[C@@H](C)CC[C@@H](C)[C@H]1CC[C@@]2(C)[C@@H]3CC[C@H]4C(C)(C)[C@@H](O)CC[C@@]45C[C@@]35CC[C@]12C
94204,49859627,COc1cccc2[nH]cc(C/C(=N/OS(=O)(=O)[O-])S[C@@H]3O[C@H](CO)[C@@H](O)[C@H](O)[C@H]3O)c12
94204,21604869,N=C([O-])C1=CN([C@@H]2O[C@H](COP(=O)([O-])OP(=O)(O)OC[C@H]3O[C@@H](n4cnc5c(N)ncnc54)[C@H](O)[C@@H]3O)[C@@H](O)[C@H]2O)C=CC1
71296178,46931152,CCCCCCCC/C=C\CCCCCCCC(=O)OC[C@H](COP(=O)(O)OCC(O)COP(=O)(O)OC[C@@H](COC(=O)CCCCCCC/C=C\CCCCCCCC)OC(=O)CCCCCCC/C=C\CCCCCCCC)OC(=O)CCCCCCC/C=C\CCCCCCCC
71296178,13917464,CCCCCC(=O)OC[C@@H](O)COP(=O)([O-])OCC[N+](C)(C)C
71668261,49859627,COc1cccc2[nH]cc(C/C(=N/OS(=O)(=O)[O-])S[C@@H]3O[C@H](CO)[C@@H](O)[C@H](O)[C@H]3O)c12
71668261,22298950,CCCCCCCCCCCC[C@H](O)C(=O)[O-]
118797956,14212362,Nc1nc(O)nc2c1ncn2[C@@H]1O[C@H](COP(=O)(O)O)[C@@H](O)[C@H]1O
118797956,49859627,COc1cccc2[nH]cc(C/C(=N/OS(=O)(=O)[O-])S[C@@H]3O[C@H](CO)[C@@H](O)[C@H](O)[C@H]3O)c12
118797956,20839677,C/C=C(/C)C(=O)O[C@H]1c2cc3c(c(OC)c2-c2c(cc4c(c2OC)OCO4)C[C@H](C)[C@]1(C)O)OCO3
6324616,53239731,CC(O)=N[C@@H]1[C@@H](O[C@@H]2O[C@@H](C)[C@@H](O)[C@@H](O)[C@@H]2O)[C@H](O[C@@H]2O[C@H](CO)[C@@H](O)[C@H](O)[C@H]2N=C(C)O)[C@@H](CO[C@@H]2O[C@@H](C)[C@@H](O)[C@@H](O)[C@@H]2O)O[C@H]1O
6324616,23674745,CC(C(=O)[O-])c1ccc(CC2CCCC2=O)cc1.O.O.[Na+]
67550006,49859627,COc1cccc2[nH]cc(C/C(=N/OS(=O)(=O)[O-])S[C@@H]3O[C@H](CO)[C@@H](O)[C@H](O)[C@H]3O)c12
67550006,49852315,O=C1/C(=C/c2ccc(O)c(O)c2)Oc2cc([O-])cc(O)c21
6971029,56955923,O=[As]([O-])(O)c1ccccc1
6971029,56955923,O=[As]([O-])(O)c1ccccc1
6971029,903,CC(O)=NCCc1c[nH]c2ccc(O)cc12
45266513,5354212,COC(=O)/C=C1/CC[C@H]2[C@@H]3CCC4=CC(=O)CC[C@]4(C)[C@H]3C(=O)C[C@]12C
45266513,91862576,OC[C@H]1O[C@H](O[C@@H]2[C@H](O)[C@H](O[C@H]3[C@H](O)[C@H](O)[C@H](O)O[C@@H]3CO)O[C@H](CO)[C@H]2O)[C@@H](O)[C@@H](O)[C@@H]1O
1058,5780,OC[C@@H](O)[C@@H](O)[C@H](O)[C@@H](O)CO
1058,5780,OC[C@@H](O)[C@@H](O)[C@H](O)[C@@H](O)CO
1058,135563653,COc1cc2oc(=O)c3c(O)cc(O)cc3c2c(C)c1Cl
24778759,5780,OC[C@@H](O)[C@@H](O)[C@H](O)[C@@H](O)CO
24778759,53239731,CC(O)=N[C@@H]1[C@@H](O[C@@H]2O[C@@H](C)[C@@H](O)[C@@H](O)[C@@H]2O)[C@H](O[C@@H]2O[C@H](CO)[C@@H](O)[C@H](O)[C@H]2N=C(C)O)[C@@H](CO[C@@H]2O[C@@H](C)[C@@H](O)[C@@H](O)[C@@H]2O)O[C@H]1O
24778759,5282481,CN(C/C=C/C#CC(C)(C)C)Cc1cccc2ccccc12.Cl
72551546,73670,Clc1ccccc1-c1nnc(-c2ccccc2Cl)nn1
23668197,5780,OC[C@@H](O)[C@@H](O)[C@H](O)[C@@H](O)CO
23668197,137547,C#CCC(=O)O
23668197,71768108,O=C(O)[C@@H]1C[C@H](O[C@H]2O[C@@H](CO)[C@H](O)[C@H]2O[C@H]2O[C@@H](CO)[C@H](O)[C@H]2O[C@H]2O[C@@H](CO)[C@H](O)[C@H]2O)CN1
213031,23674745,CC(C(=O)[O-])c1ccc(CC2CCCC2=O)cc1.O.O.[Na+]
213031,42603598,[25Mg]
120282,11106,Cc1cc2nc3ccc(N(C)C)cc3nc2cc1N
120282,56955923,O=[As]([O-])(O)c1ccccc1
120282,10176675,NCCC(=O)Nc1ccc([N+](=O)[O-])cc1
70678657,5354212,COC(=O)/C=C1/CC[C@H]2[C@@H]3CCC4=CC(=O)CC[C@]4(C)[C@H]3C(=O)C[C@]12C
70678657,8813,N=C(N)c1ccc(OCCCCCOc2ccc(C(=N)N)cc2)cc1.O=S(=O)(O)CCO.O=S(=O)(O)CCO
91828275,5780,OC[C@@H](O)[C@@H](O)[C@H](O)[C@@H](O)CO
91828275,5780,OC[C@@H](O)[C@@H](O)[C@H](O)[C@@H](O)CO
91828275,82050,[Br-].[Li+]
9294,56955923,O=[As]([O-])(O)c1ccccc1
9294,279,N=C(O)NC(CC(=O)O)C(=O)O
9294,5460350,O=C(O)Cc1ccc([O-])c(O)c1
5282075,25243884,O=c1c(-c2ccc([O-])cc2O)coc2cc(O)cc(O)c12
5282075,23674745,CC(C(=O)[O-])c1ccc(CC2CCCC2=O)cc1.O.O.[Na+]
5282075,193962,Cc1cc(C#N)cc(C)c1Oc1nc(Nc2ccc(C#N)cc2)nc(N)c1Br
440233,5780,OC[C@@H](O)[C@@H](O)[C@H](O)[C@@H](O)CO
440233,443144,CC(=O)C[C@@H]1CCCN1C
440233,98285,O=C(O)C1Cc2c([nH]c3ccccc23)CN1
11657899,49859627,COc1cccc2[nH]cc(C/C(=N/OS(=O)(=O)[O-])S[C@@H]3O[C@H](CO)[C@@H](O)[C@H](O)[C@H]3O)c12
11657899,5365371,CCCCCCCC/C=C\CCCCCCCCCCCC(=N)O
51351777,5780,OC[C@@H](O)[C@@H](O)[C@H](O)[C@@H](O)CO
51351777,56955923,O=[As]([O-])(O)c1ccccc1
51351777,25201443,CC(N)CC(=O)O
10624721,49859627,COc1cccc2[nH]cc(C/C(=N/OS(=O)(=O)[O-])S[C@@H]3O[C@H](CO)[C@@H](O)[C@H](O)[C@H]3O)c12
10624721,9543319,N/C(C(=O)[O-])=C(/C=C\C=O)C(=O)[O-]
133019,121935,CC(C)CCC[C@](C)(O)[C@H]1CC[C@H]2[C@@H]3CC=C4C[C@@H](O)CC[C@]4(C)[C@H]3CC[C@@]21C
133019,52929771,CCCCCCCCCCCCCCCC/C=C\OC[C@@H](O)COP(=O)(O)O
133019,25240373,CCCCC/C=C\C/C=C\CCCCCCCC(=O)OC[C@@H](COC(=O)CCCCCCC/C=C\CCCCCCCC)OC(=O)CCCCCCC/C=C\C/C=C\CCCCC
90657282,69212,CC1=CC(=O)C(=O)C=C1O
90657282,321,Cc1c2[nH]c(c1CCC(=O)O)Cc1[nH]c(c(CCC(=O)O)c1C)Cc1[nH]c(c(CCC(=O)O)c1C)Cc1[nH]c(c(C)c1CCC(=O)O)C2
20056425,50897,CCCCOC(=O)C(C)Oc1ccc(Oc2ccc(C(F)(F)F)cn2)cc1
20056425,3955,CN(C)C(=O)C(CCN1CCC(O)(c2ccc(Cl)cc2)CC1)(c1ccccc1)c1ccccc1
20056425,9543872,CCCCC/C=C\C/C=C\C/C=C\C/C=C\CCCC(=O)OC[C@H](CO)OC(=O)CCC/C=C\C/C=C\C/C=C\C/C=C\CCCCC
10073180,49859627,COc1cccc2[nH]cc(C/C(=N/OS(=O)(=O)[O-])S[C@@H]3O[C@H](CO)[C@@H](O)[C@H](O)[C@H]3O)c12
10073180,71627238,C[C@@H]1O[C@@H](O[C@@H]2[C@@H](O)[C@H](O[C@H]3[C@H](O[C@@H]4O[C@@H](C)[C@H](O)[C@@H](O)[C@H]4O)[C@@H](O)[C@@H](O[C@@H]4[C@@H](O)[C@H](O)[C@@H](CO)O[C@@H]4O)O[C@@H]3CO)O[C@H](CO)[C@H]2O)[C@H](O)[C@H](O)[C@H]1O
54711003,23674745,CC(C(=O)[O-])c1ccc(CC2CCCC2=O)cc1.O.O.[Na+]
54711003,129626746,CC(O)CCC[C@H](O)/C=C/[C@H]1OC2CC(C2)[C@@H]1C/C=C\CCCC(=O)[O-]
5702609,439774,O=C(O)C1=CC(=O)[C@@H](O)[C@H](O)C1
5702609,10825777,NC(Cc1cc(O)c2c(c1)SCC(O)=N2)C(=O)O
5702609,5287939,CCCCC/C=C\C/C=C\CCCCCCCC(=O)O[C@H]1CC[C@@]2(C)C(=CC[C@H]3[C@@H]4CC[C@H]([C@H](C)CCCC(C)C)[C@@]4(C)CC[C@@H]32)C1
91825629,54686804,CCCCCc1cc(O)cc(=O)o1
91825629,52929771,CCCCCCCCCCCCCCCC/C=C\OC[C@@H](O)COP(=O)(O)O
91825629,53355455,CCCC(=O)O[C@H]1c2cc3c(c(OC)c2-c2c(cc(OC)c(OC)c2OC)[C@H](OC(C)=O)[C@@H](C)[C@H]1C)OCO3
71297545,46931152,CCCCCCCC/C=C\CCCCCCCC(=O)OC[C@H](COP(=O)(O)OCC(O)COP(=O)(O)OC[C@@H](COC(=O)CCCCCCC/C=C\CCCCCCCC)OC(=O)CCCCCCC/C=C\CCCCCCCC)OC(=O)CCCCCCC/C=C\CCCCCCCC
71297545,167161,[57Fe]
5312351,5780,OC[C@@H](O)[C@@H](O)[C@H](O)[C@@H](O)CO
5312351,5780,OC[C@@H](O)[C@@H](O)[C@H](O)[C@@H](O)CO
5312351,10343437,CC(=O)O[C@@H]1C[C@@H]2[C@@]3(C)CCCC(C)(C)[C@@H]3CC[C@@]2(C)[C@@H]2CC=C3C(=O)O[C@@H](O)[C@@H]3[C@@]12C
5365371,5780,OC[C@@H](O)[C@@H](O)[C@H](O)[C@@H](O)CO
5365371,5354212,COC(=O)/C=C1/CC[C@H]2[C@@H]3CCC4=CC(=O)CC[C@]4(C)[C@H]3C(=O)C[C@]12C
5365371,11988287,O=C([O-])[C@H](O)[C@H](O)[C@H](O)[C@@H](O)C(=O)[O-]
126456511,5780,OC[C@@H](O)[C@@H](O)[C@H](O)[C@@H](O)CO
126456511,440649,Cc1ncc(C[n+]2c(C(O)CCC(=O)O)sc(CCOP(=O)(O)OP(=O)(O)O)c2C)c(=N)[nH]1
126456511,22298950,CCCCCCCCCCCC[C@H](O)C(=O)[O-]
24779116,5780,OC[C@@H](O)[C@@H](O)[C@H](O)[C@@H](O)CO
24779116,70678725,COC1=C(Br)[C@H](O)[C@@]2(C=C1Br)CC(C(=O)NCCCCNC(=O)C1=NO[C@@]3(C=C(Br)C(=O)[C@H](Br)[C@H]3O)C1)=NO2
24779116,196402,Oc1ccc([C@H]2Oc3cc(O)cc4c3[C@@H]2c2cc(O)cc3c2[C@@H](c2cc(O)cc5c2[C@@H]4[C@H](c2ccc(O)cc2)O5)[C@H](c2ccc(O)cc2)O3)cc1
15385440,49859627,COc1cccc2[nH]cc(C/C(=N/OS(=O)(=O)[O-])S[C@@H]3O[C@H](CO)[C@@H](O)[C@H](O)[C@H]3O)c12
15385440,73271,O=C(O)Cc1cc(O)nc(O)n1
25200933,15375588,Cc1cn([C@H]2C[C@H](O)[C@@H](COP(=O)(O)OP(=O)(O)O[C@H]3O[C@@H](C)[C@@H](O)[C@@H](O)[C@H]3O)O2)c(=O)nc1O
25200933,14345637,CCCCC/C=C\C/C=C\C/C=C\C/C=C\CCCC(=O)OC(CO)COC(=O)CCCCCCCCCCCCCCCCC
25200933,70697875,CC(C)=CCc1c2c(c(O)c3c1O[C@]14C(=C[C@@H]5C[C@@]1(C/C=C(/C)C(=O)O)C(C)(C)O[C@H]4C5=O)C3=O)C=CC(C)(C)O2
12228,5780,OC[C@@H](O)[C@@H](O)[C@H](O)[C@@H](O)CO
12228,23976,[Cr]
12228,21520,O=S(=O)(O)c1cc(S(=O)(=O)O)c2c(N=Nc3ccc(N=Nc4ccccc4)cc3)c(O)ccc2c1
56927956,53239731,CC(O)=N[C@@H]1[C@@H](O[C@@H]2O[C@@H](C)[C@@H](O)[C@@H](O)[C@@H]2O)[C@H](O[C@@H]2O[C@H](CO)[C@@H](O)[C@H](O)[C@H]2N=C(C)O)[C@@H](CO[C@@H]2O[C@@H](C)[C@@H](O)[C@@H](O)[C@@H]2O)O[C@H]1O
56927956,4075158,CCCCCCCCCCCCCC(=O)[O-]
74989,5354212,COC(=O)/C=C1/CC[C@H]2[C@@H]3CCC4=CC(=O)CC[C@]4(C)[C@H]3C(=O)C[C@]12C
74989,439268,OC[C@H]1OC(O)C[C@@H](O)[C@@H]1O
160453,12901,COP(=S)(OC)SCN1C(=O)c2ccccc2C1=O
160453,23674745,CC(C(=O)[O-])c1ccc(CC2CCCC2=O)cc1.O.O.[Na+]
160453,6741,C[C@H]1C[C@@H]2[C@H]([C@@H](O)C[C@@]3(C)[C@H]2CC[C@]3(O)C(=O)CO)[C@@]2(C)C=CC(=O)C=C12
50900596,5354212,COC(=O)/C=C1/CC[C@H]2[C@@H]3CCC4=CC(=O)CC[C@]4(C)[C@H]3C(=O)C[C@]12C
50900596,90657477,CC1=CC(=O)CC(C)(C)[C@@]1(O)/C=C/C(C)=C/C=O
115254,5780,OC[C@@H](O)[C@@H](O)[C@H](O)[C@@H](O)CO
115254,5354212,COC(=O)/C=C1/CC[C@H]2[C@@H]3CCC4=CC(=O)CC[C@]4(C)[C@H]3C(=O)C[C@]12C
115254,71728401,CCCCC/C=C\C[C@H]1O[C@@H]1/C=C/[C@H](O)C/C=C\CCCC(=O)O
16069997,20843327,CC/C=C\C[C@@H]1O/C1=C\C=C/CCCCCCCC(=O)[O-]
16069997,23674745,CC(C(=O)[O-])c1ccc(CC2CCCC2=O)cc1.O.O.[Na+]
16069997,439934,N[C@@H]1C(O)[C@H](N)[C@@H](O)C(OP(=O)(O)O)[C@H]1O
56927836,56927840,CCCCCCCCCCCCCC/C=C/C(O)=N[C@H]1[C@H](O[C@H]2O[C@H](CO)[C@@H](O)[C@H](O)[C@H]2N=C(C)O)O[C@H](C[C@@H](O)[C@H]2O[C@@H](n3ccc(O)nc3=O)[C@H](O)[C@@H]2O)[C@H](O)[C@@H]1O
56927836,70678725,COC1=C(Br)[C@H](O)[C@@]2(C=C1Br)CC(C(=O)NCCCCNC(=O)C1=NO[C@@]3(C=C(Br)C(=O)[C@H](Br)[C@H]3O)C1)=NO2
56927836,3080627,O=C(CO)C[C@H](O)[C@H](O)CO
16498,56955923,O=[As]([O-])(O)c1ccccc1
16498,69212,CC1=CC(=O)C(=O)C=C1O
16498,21668242,C[NH2+]CCCC[NH3+]
53477667,53239760,C[C@H](N=C(O)[C@H](CCC(=N)O)N=C(O)CN)C(O)=NCC(O)=N[C@@H](Cc1cscn1)C(O)=N[C@@H](CC[C@H](CN)O[C@@H]1O[C@H](CO)[C@H](O)[C@H](O)[C@H]1O)C(O)=NCC(O)=N[C@@H](CCC(=O)O)C(O)=N[C@@H](CCC(=N)O)C(O)=NCC(=O)N1CCC[C@H]1C(O)=N[C@@H](CCCCN)C(O)=NCC(O)=N[C@@H](CCC(=O)O)C(O)=N[C@H](C(=O)O)[C@@H](C)O
53477667,53477673,N.N.N.N.N.N.[Cl-].[Cl-].[Cl-].[Co+3]
5352001,5280695,COc1c(O)cc(O)c2c(=O)c(O)c(-c3ccc(O)c(O)c3)oc12
5352001,23674745,CC(C(=O)[O-])c1ccc(CC2CCCC2=O)cc1.O.O.[Na+]
5352001,72193770,CCCCC/C=C\C/C=C\C/C=C\C/C=C\CCC[C@@H](O)CC(=O)SCCN=C(O)CCN=C(O)[C@H](O)C(C)(C)COP(=O)(O)OP(=O)(O)OC[C@H]1O[C@@H](n2cnc3c(N)ncnc32)[C@H](O)[C@@H]1OP(=O)(O)O
90659817,5780,OC[C@@H](O)[C@@H](O)[C@H](O)[C@@H](O)CO
90659817,440649,Cc1ncc(C[n+]2c(C(O)CCC(=O)O)sc(CCOP(=O)(O)OP(=O)(O)O)c2C)c(=N)[nH]1
90659817,179394,N[C@@H](CCP(=O)(O)O)C(=O)O
25201322,86289694,C[C@H](CCCCCCCCC/C=C/C(=O)O)O[C@@H]1O[C@@H](C)[C@H](O)C[C@H]1O
25201322,5354212,COC(=O)/C=C1/CC[C@H]2[C@@H]3CCC4=CC(=O)CC[C@]4(C)[C@H]3C(=O)C[C@]12C
25201322,71296164,NC[C@H]1O[C@H](O[C@H]2[C@H](O)[C@@H](O[C@H]3O[C@H](CO)[C@@H](O)[C@H](N)[C@H]3O)[C@H](N)C[C@@H]2N)C(=O)[C@@H](O)[C@@H]1O
25200643,2723698,Sc1ccccn1
25200643,5780,OC[C@@H](O)[C@@H](O)[C@H](O)[C@@H](O)CO
25200643,23400779,CC(NCCCC[C@H](N)C(=O)O)C(=O)O
9547072,5780,OC[C@@H](O)[C@@H](O)[C@H](O)[C@@H](O)CO
9547072,49859627,COc1cccc2[nH]cc(C/C(=N/OS(=O)(=O)[O-])S[C@@H]3O[C@H](CO)[C@@H](O)[C@H](O)[C@H]3O)c12
9547072,122164864,CSCC/C(=C/C(=O)O)C(=O)O
7420,56955923,O=[As]([O-])(O)c1ccccc1
7420,69212,CC1=CC(=O)C(=O)C=C1O
7420,86289831,C[C@@H](O)CCCCCC[C@@H](O)CC(=O)O
15341631,11560992,CC[C@H](C[C@@H](O)[C@@H](C)[C@H]1CC[C@H]2[C@@H]3CCC4=CC(=O)CC[C@]4(C)[C@H]3CC[C@]12C)C(C)C
15341631,52929771,CCCCCCCCCCCCCCCC/C=C\OC[C@@H](O)COP(=O)(O)O
15341631,44123467,CC(O)=NCCCCC[NH3+]
129011055,45480577,CC(O)=N[C@H]1[C@@H](O[C@@H]2[C@@H](O[C@H]3[C@H](O)[C@@H]([C@@H](O)CO)O[C@H](O)[C@H]3O)O[C@H]([C@@H](O)CO)[C@@H](O)[C@@H]2O)O[C@H](CO)[C@@H](O)[C@@H]1O
129011055,14345637,CCCCC/C=C\C/C=C\C/C=C\C/C=C\CCCC(=O)OC(CO)COC(=O)CCCCCCCCCCCCCCCCC
129011055,86289357,CCCCCCCCCCCCCCCCOC[C@@H]([NH3+])CO
71581194,14212362,Nc1nc(O)nc2c1ncn2[C@@H]1O[C@H](COP(=O)(O)O)[C@@H](O)[C@H]1O
71581194,132282124,C[C@@H]1O[C@@H](OCCCCCC(=O)SCCN=C(O)CCN=C(O)[C@H](O)C(C)(C)COP(=O)(O)OP(=O)(O)OC[C@H]2O[C@@H](n3cnc4c(N)ncnc43)[C@H](O)[C@@H]2OP(=O)(O)O)[C@H](O)C[C@H]1O
71581194,165491,Nc1ncnc2c1ncn2[C@@H]1O[C@H](COP(=O)(O)OP(=O)(O)OC[C@H]2O[C@@H]([n+]3cccc(C(=O)O)c3)[C@H](O)[C@@H]2O)[C@@H](O)[C@H]1O
3476,49859627,COc1cccc2[nH]cc(C/C(=N/OS(=O)(=O)[O-])S[C@@H]3O[C@H](CO)[C@@H](O)[C@H](O)[C@H]3O)c12
3476,9543003,CC(C)(COP(=O)(O)OP(=O)(O)OC[C@H]1O[C@@H](n2cnc3c(N)ncnc32)[C@H](O)[C@@H]1OP(=O)(O)O)[C@@H](O)C(O)=NCCC(O)=NCCSC(=O)/C(=C/c1ccccc1)CC(=O)O
24778624,5780,OC[C@@H](O)[C@@H](O)[C@H](O)[C@@H](O)CO
24778624,53239731,CC(O)=N[C@@H]1[C@@H](O[C@@H]2O[C@@H](C)[C@@H](O)[C@@H](O)[C@@H]2O)[C@H](O[C@@H]2O[C@H](CO)[C@@H](O)[C@H](O)[C@H]2N=C(C)O)[C@@H](CO[C@@H]2O[C@@H](C)[C@@H](O)[C@@H](O)[C@@H]2O)O[C@H]1O
24778624,134814692,CC(C)=CCC/C(C)=C/CC/C(C)=C/CC/C(C)=C\CC/C(C)=C\CC/C(C)=C\CC/C(C)=C\CC/C(C)=C\CC/C(C)=C\CC/C(C)=C\CC/C(C)=C\CC/C(C)=C\COP(=O)(O)O
44602469,442813,COc1ccc(-c2coc3cc(O[C@@H]4O[C@H](CO)[C@@H](O)[C@H](O)[C@H]4O)ccc3c2=O)cc1
44602469,14345637,CCCCC/C=C\C/C=C\C/C=C\C/C=C\CCCC(=O)OC(CO)COC(=O)CCCCCCCCCCCCCCCCC
44602469,86289282,CCCCCCCC/C=C\CCCCCCCC(=O)O[C@H](CO)COP(=O)([O-])[O-]
5242254,5780,OC[C@@H](O)[C@@H](O)[C@H](O)[C@@H](O)CO
5242254,13376,CCCCN=CO
5242254,101597,Cl.OC(CCN1CCCCC1)(c1ccccc1)C1CCCC1
56955919,5780,OC[C@@H](O)[C@@H](O)[C@H](O)[C@@H](O)CO
56955919,23674745,CC(C(=O)[O-])c1ccc(CC2CCCC2=O)cc1.O.O.[Na+]
56955919,91851125,CO[C@H]1[C@@H](O)[C@@H](CO)O[C@@H](O[C@H]2[C@H](O)[C@@H](N=C(C)O)C(O)O[C@@H]2CO)[C@@H]1O[C@@H]1O[C@@H](C)[C@@H](O)[C@@H](O)[C@@H]1O
57339249,444234,c1c[nH+]c[nH]1
57339249,5780,OC[C@@H](O)[C@@H](O)[C@H](O)[C@@H](O)CO
57339249,11256664,Cc1nc(C(=O)NCC(=O)O)c(O)c2ccc(Oc3ccccc3)cc12
195870,5780,OC[C@@H](O)[C@@H](O)[C@H](O)[C@@H](O)CO
195870,69212,CC1=CC(=O)C(=O)C=C1O
195870,91861950,CC(O)=N[C@H]1[C@@H](OC[C@H]2OC(O)[C@H](O)[C@@H](O)[C@H]2O)O[C@H](CO)[C@H](O)[C@@H]1O
2090,5780,OC[C@@H](O)[C@@H](O)[C@H](O)[C@@H](O)CO
2090,49859627,COc1cccc2[nH]cc(C/C(=N/OS(=O)(=O)[O-])S[C@@H]3O[C@H](CO)[C@@H](O)[C@H](O)[C@H]3O)c12
2090,126456528,CCCCCCCC/C=C\CCCCCCCC(=O)OC(CCCCCCCCCCCCC)CCCC(=O)O
54503904,56955923,O=[As]([O-])(O)c1ccccc1
54503904,23674745,CC(C(=O)[O-])c1ccc(CC2CCCC2=O)cc1.O.O.[Na+]
54503904,90659878,CCCCC/C=C\C/C=C\C/C=C\C/C=C\CCCC(=O)OC[C@@H](O)COP(=O)(O)OC[C@H](N)C(=O)[O-]
5327035,56955923,O=[As]([O-])(O)c1ccccc1
5327035,52929771,CCCCCCCCCCCCCCCC/C=C\OC[C@@H](O)COP(=O)(O)O
5327035,11825433,CCCCCCCCCCCCCCCCOC[C@@H](O)COP(=O)(O)O
53957446,23674745,CC(C(=O)[O-])c1ccc(CC2CCCC2=O)cc1.O.O.[Na+]
53957446,92145,CC(=O)O[C@H]1CC[C@H]2[C@@H]3CCC4=CC(=O)CC[C@]4(C)[C@H]3CC[C@]12C
40490662,40490621,CC[C@@H]1O[C@@H]1C/C=C\C/C=C\C/C=C\C/C=C\CCCC(=O)[O-]
40490662,23674745,CC(C(=O)[O-])c1ccc(CC2CCCC2=O)cc1.O.O.[Na+]
40490662,45266553,C[C@H](O)CC(=O)SCCN=C([O-])CCN=C([O-])[C@H](O)C(C)(C)COP(=O)(O)OP(=O)(O)OC[C@H]1O[C@@H](n2cnc3c(N)ncnc32)[C@H](O)[C@@H]1OP(=O)([O-])[O-]
70698075,5354212,COC(=O)/C=C1/CC[C@H]2[C@@H]3CCC4=CC(=O)CC[C@]4(C)[C@H]3C(=O)C[C@]12C
70698075,154234,CCC(CC)[C@H](N=C(C)O)[C@@H]1[C@H](O)[C@@H](C(=O)O)C[C@H]1NC(=N)N
70164,56955923,O=[As]([O-])(O)c1ccccc1
70164,56955923,O=[As]([O-])(O)c1ccccc1
70164,6994839,N[C@@H](CC[C@@H](O)C[NH3+])C(=O)O
51651466,40490621,CC[C@@H]1O[C@@H]1C/C=C\C/C=C\C/C=C\C/C=C\CCCC(=O)[O-]
51651466,5354212,COC(=O)/C=C1/CC[C@H]2[C@@H]3CCC4=CC(=O)CC[C@]4(C)[C@H]3C(=O)C[C@]12C
51651466,53359350,C[C@@H]1O[C@@H](O[C@@H]2[C@@H](O)[C@H](Oc3ccc([C@@H]4Cc5cccc(O)c5C(=O)O4)cc3)O[C@H](CO)[C@H]2O)[C@H](O)[C@H](O)[C@H]1O
53297328,57971952,CC[C@H](C)C[C@H](C)CCCCCCCCC(O)=NC1C[C@@H](O)[C@@H](O)N=C(O)[C@@H]2[C@@H](O)CCN2C(=O)[C@H]([C@H](O)CC(=N)O)N=C(O)[C@H]([C@H](O)[C@@H](O)c2ccc(O)cc2)N=C(O)[C@@H]2C[C@@H](O)CN2C(=O)[C@H]([C@@H](C)O)N=C1O
53297328,132282124,C[C@@H]1O[C@@H](OCCCCCC(=O)SCCN=C(O)CCN=C(O)[C@H](O)C(C)(C)COP(=O)(O)OP(=O)(O)OC[C@H]2O[C@@H](n3cnc4c(N)ncnc43)[C@H](O)[C@@H]2OP(=O)(O)O)[C@H](O)C[C@H]1O
53297328,86289422,O=c1cc2oc(-c3ccc([O-])c(O)c3)c(O[C@@H]3O[C@H](CO)[C@H](O)[C@H](O)[C@H]3O)cc-2c(O)c1
306131,5780,OC[C@@H](O)[C@@H](O)[C@H](O)[C@@H](O)CO
306131,69212,CC1=CC(=O)C(=O)C=C1O
306131,72193701,CCCCC/C=C\C/C=C\C/C=C\C/C=C\C/C=C\CCC(=O)SCCN=C([O-])CCN=C([O-])[C@H](O)C(C)(C)COP(=O)(O)OP(=O)(O)OC[C@H]1O[C@@H](n2cnc3c(N)ncnc32)[C@H](O)[C@@H]1OP(=O)([O-])[O-]
24798705,439774,O=C(O)C1=CC(=O)[C@@H](O)[C@H](O)C1
24798705,10825777,NC(Cc1cc(O)c2c(c1)SCC(O)=N2)C(=O)O
24798705,71728381,CCCCC/C=C\C/C=C\C/C=C\C/C=C\CCCC(=O)O[C@H](COC(=O)CCCCCCC/C=C\CCCCCCCC)COP(=O)(O)OCCN
70697965,49859627,COc1cccc2[nH]cc(C/C(=N/OS(=O)(=O)[O-])S[C@@H]3O[C@H](CO)[C@@H](O)[C@H](O)[C@H]3O)c12
70697965,1826,O=C(O)Cc1c[nH]c2ccc(O)cc12
135398696,5354212,COC(=O)/C=C1/CC[C@H]2[C@@H]3CCC4=CC(=O)CC[C@]4(C)[C@H]3C(=O)C[C@]12C
135398696,16954,Cc1ccc2c(c1)SC(=C1C=CC(=[N+](C)C)C=C1)N2C
56936054,5780,OC[C@@H](O)[C@@H](O)[C@H](O)[C@@H](O)CO
56936054,10825777,NC(Cc1cc(O)c2c(c1)SCC(O)=N2)C(=O)O
56936054,1865,Cc1c(O)nc(O)nc1CCCO
54580211,71298190,CC(O)=N[C@H]1C(O)O[C@H](CO)[C@H](O)[C@@H]1O[C@@H]1O[C@H](CO)[C@H](O[C@H]2O[C@H](CO)[C@H](O)[C@H](O)[C@H]2O)[C@H](O)[C@H]1O[C@@H]1O[C@@H](C)[C@@H](O)[C@@H](O)[C@@H]1O
54580211,16441,C=C(C)C1CC=C(C=O)CC1
6610292,16122585,CCCCCCCCCC(=O)CC(O)=N[C@H]1CCN=C1O
6610292,5354212,COC(=O)/C=C1/CC[C@H]2[C@@H]3CCC4=CC(=O)CC[C@]4(C)[C@H]3C(=O)C[C@]12C
6610292,66679550,C=CCCCCCCO[C@@H]1O[C@H](CO)[C@@H](O[C@@H]2O[C@H](CO)[C@H](O)[C@H](O[C@H]3O[C@H](CO)[C@H](O)[C@H](O)[C@H]3O)[C@H]2O[C@@H]2O[C@@H](C)[C@@H](O)[C@@H](O)[C@@H]2O)[C@H](O)[C@H]1O
45266570,14212362,Nc1nc(O)nc2c1ncn2[C@@H]1O[C@H](COP(=O)(O)O)[C@@H](O)[C@H]1O
45266570,70678725,COC1=C(Br)[C@H](O)[C@@]2(C=C1Br)CC(C(=O)NCCCCNC(=O)C1=NO[C@@]3(C=C(Br)C(=O)[C@H](Br)[C@H]3O)C1)=NO2
45266570,442668,COc1c2c(cc3occ(-c4ccccc4O)c(=O)c13)OCO2
72190300,5780,OC[C@@H](O)[C@@H](O)[C@H](O)[C@@H](O)CO
72190300,440649,Cc1ncc(C[n+]2c(C(O)CCC(=O)O)sc(CCOP(=O)(O)OP(=O)(O)O)c2C)c(=N)[nH]1
72190300,7583,c1ccc(Oc2ccccc2)cc1
119058179,44263378,C[C@H](CCC(O)=NCCS(=O)(=O)O)[C@H]1CC[C@H]2[C@@H]3[C@@H](O)C[C@@H]4C[C@H](O)CC[C@]4(C)[C@H]3C[C@H](O)[C@]12C
119058179,53239731,CC(O)=N[C@@H]1[C@@H](O[C@@H]2O[C@@H](C)[C@@H](O)[C@@H](O)[C@@H]2O)[C@H](O[C@@H]2O[C@H](CO)[C@@H](O)[C@H](O)[C@H]2N=C(C)O)[C@@H](CO[C@@H]2O[C@@H](C)[C@@H](O)[C@@H](O)[C@@H]2O)O[C@H]1O
119058179,24798695,CC(C)(COP(=O)(O)OP(=O)(O)OC[C@H]1O[C@@H](n2cnc3c(N)ncnc32)[C@H](O)[C@@H]1OP(=O)(O)O)[C@@H](O)C(O)=NCCC(O)=NCCSC(=O)C(O)CCCC(=O)O
57339313,49859627,COc1cccc2[nH]cc(C/C(=N/OS(=O)(=O)[O-])S[C@@H]3O[C@H](CO)[C@@H](O)[C@H](O)[C@H]3O)c12
57339313,1794427,O=C(/C=C/c1ccc(O)c(O)c1)O[C@@H]1C[C@](O)(C(=O)O)C[C@@H](O)[C@H]1O
135926623,135398596,N=c1nc([O-])c2ncn([C@H]3C[C@H](O)[C@@H](COP(=O)([O-])O)O3)c2[nH]1
135926623,49859627,COc1cccc2[nH]cc(C/C(=N/OS(=O)(=O)[O-])S[C@@H]3O[C@H](CO)[C@@H](O)[C@H](O)[C@H]3O)c12
135926623,24820759,Nc1ncnc2c1ncn2[C@@H]1O[C@H](COP(=O)(O)OP(=O)(O)OP(=O)(O)O)[C@H]2OC3(O[C@H]21)C([N+](=O)[O-])=CC([N+](=O)[O-])=CC3[N+](=O)[O-]
3080627,5780,OC[C@@H](O)[C@@H](O)[C@H](O)[C@@H](O)CO
3080627,279,N=C(O)NC(CC(=O)O)C(=O)O
3080627,2140,CC(O)=Nc1c(I)c(N=C(C)O)c(I)c(C(=O)O)c1I
6862,86289485,Cc1cccc2c(C(=O)O)cc([O-])cc12
6862,5780,OC[C@@H](O)[C@@H](O)[C@H](O)[C@@H](O)CO
6862,71581024,CC(C)=CCC/C(C)=C/CC/C(C)=C/CC/C(C)=C\CC/C(C)=C\CC/C(C)=C\CC/C(C)=C\CC/C(C)=C\CC/C(C)=C\CC/C(C)=C\CC/C(C)=C\COP(=O)(O)OP(=O)(O)O[C@H]1O[C@H](CO)[C@H](O)[C@H](O[C@H]2O[C@H](CO)[C@H](O)[C@H](O[C@@H]3O[C@H](CO)[C@H](O)[C@H](O)[C@H]3O)[C@H]2N=C(C)O)[C@H]1N=C(C)O
90659076,92746,CC(C)=CCC[C@@H](C)[C@H]1CC[C@H]2C3=C(CC[C@]12C)[C@@]1(C)CC[C@H](O)C[C@@H]1CC3
90659076,52929771,CCCCCCCCCCCCCCCC/C=C\OC[C@@H](O)COP(=O)(O)O
90659076,135567331,N=c1nc(O)c2ncn([C@@H]3O[C@H](CO)[C@@H](O)[C@H]3OP(=O)(O)OC[C@H]3O[C@@H](n4cnc5c(N)ncnc54)[C@H](O)[C@@H]3OP(=O)(O)O)c2[nH]1
126843503,5780,OC[C@@H](O)[C@@H](O)[C@H](O)[C@@H](O)CO
126843503,10825777,NC(Cc1cc(O)c2c(c1)SCC(O)=N2)C(=O)O
126843503,440407,CC(O)=N[C@H]1[C@H](OP(=O)(O)OP(=O)(O)OC[C@H]2O[C@@H](n3ccc(O)nc3=O)[C@H](O)[C@@H]2O)O[C@H](C)C(=O)[C@@H]1O
443992,5780,OC[C@@H](O)[C@@H](O)[C@H](O)[C@@H](O)CO
443992,56955923,O=[As]([O-])(O)c1ccccc1
443992,25245693,NC(C(=O)[O-])C(=O)COP(=O)([O-])[O-]
135398664,45479628,O=S(=O)(O)Oc1c(Cc2ccccc2)nc2c(Cc3ccccc3)nc(-c3ccc([O-])cc3)cn12
135398664,52929771,CCCCCCCCCCCCCCCC/C=C\OC[C@@H](O)COP(=O)(O)O
135398664,10857031,CC1=C[C@H]2[C@@H](CC1)[C@H](C)CC[C@H]2[C@@H](C)C=O
92136105,5780,OC[C@@H](O)[C@@H](O)[C@H](O)[C@@H](O)CO
92136105,10825777,NC(Cc1cc(O)c2c(c1)SCC(O)=N2)C(=O)O
92136105,71728338,CCCCCCCC/C=C\CCCCCCCC(=O)OC[C@H](COP(=O)([O-])OC[C@@H](O)CO)OC(=O)CCCCCCC/C=C\CCCCCCCC
44263840,46931152,CCCCCCCC/C=C\CCCCCCCC(=O)OC[C@H](COP(=O)(O)OCC(O)COP(=O)(O)OC[C@@H](COC(=O)CCCCCCC/C=C\CCCCCCCC)OC(=O)CCCCCCC/C=C\CCCCCCCC)OC(=O)CCCCCCC/C=C\CCCCCCCC
44263840,25245693,NC(C(=O)[O-])C(=O)COP(=O)([O-])[O-]
23519621,23674745,CC(C(=O)[O-])c1ccc(CC2CCCC2=O)cc1.O.O.[Na+]
23519621,3002216,CC(=O)OC[C@]12[C@H](OC(C)=O)[C@H](OC(C)=O)[C@@H]3[C@@H](O)[C@@]14O[C@@]3(C)COC(=O)c1cccnc1[C@@H](C)[C@H](C)C(=O)O[C@@H]([C@H](OC(C)=O)[C@@H]2OC(C)=O)[C@]4(C)O
71581225,5780,OC[C@@H](O)[C@@H](O)[C@H](O)[C@@H](O)CO
71581225,53239731,CC(O)=N[C@@H]1[C@@H](O[C@@H]2O[C@@H](C)[C@@H](O)[C@@H](O)[C@@H]2O)[C@H](O[C@@H]2O[C@H](CO)[C@@H](O)[C@H](O)[C@H]2N=C(C)O)[C@@H](CO[C@@H]2O[C@@H](C)[C@@H](O)[C@@H](O)[C@@H]2O)O[C@H]1O
71581225,8028,C1CCOC1
24779323,5780,OC[C@@H](O)[C@@H](O)[C@H](O)[C@@H](O)CO
24779323,53239731,CC(O)=N[C@@H]1[C@@H](O[C@@H]2O[C@@H](C)[C@@H](O)[C@@H](O)[C@@H]2O)[C@H](O[C@@H]2O[C@H](CO)[C@@H](O)[C@H](O)[C@H]2N=C(C)O)[C@@H](CO[C@@H]2O[C@@H](C)[C@@H](O)[C@@H](O)[C@@H]2O)O[C@H]1O
24779323,70680268,O=CCc1ccc([O-])c([N+](=O)[O-])c1
10047486,52929771,CCCCCCCCCCCCCCCC/C=C\OC[C@@H](O)COP(=O)(O)O
10047486,121871,CC(C)(CCCCCCCCCCC(C)(C)CC(=O)O)CC(=O)O
6992031,23674745,CC(C(=O)[O-])c1ccc(CC2CCCC2=O)cc1.O.O.[Na+]
6992031,25010744,CSCCCCCCCCC(C(=O)O)N(O)O
11106,120282,N=C(O)c1cccc2nc3ccccc3nc12
11106,10825777,NC(Cc1cc(O)c2c(c1)SCC(O)=N2)C(=O)O
11106,5281006,C/C=C/C1=C(C(=O)O)N2C(=O)[C@@H](N=C(O)[C@H](N)c3ccc(O)cc3)[C@H]2SC1
49791961,91819953,NCc1cc(COP(=O)(O)OP(=O)([O-])[O-])co1
49791961,5780,OC[C@@H](O)[C@@H](O)[C@H](O)[C@@H](O)CO
49791961,4623248,CN1C(=O)N(c2cccc(Cl)c2)C(N=C(O)Nc2ccc(Cl)cc2)C1(C)C
91850734,70678883,CC(O)=N[C@H]1[C@H](O[C@H]2[C@H](O)[C@@H](N=C(C)O)C(O)O[C@@H]2CO)O[C@H](CO)[C@H](O)[C@@H]1O[C@@H]1O[C@@H](C)[C@@H](O)[C@@H](O)[C@@H]1O
91850734,49859627,COc1cccc2[nH]cc(C/C(=N/OS(=O)(=O)[O-])S[C@@H]3O[C@H](CO)[C@@H](O)[C@H](O)[C@H]3O)c12
91850734,71581024,CC(C)=CCC/C(C)=C/CC/C(C)=C/CC/C(C)=C\CC/C(C)=C\CC/C(C)=C\CC/C(C)=C\CC/C(C)=C\CC/C(C)=C\CC/C(C)=C\CC/C(C)=C\COP(=O)(O)OP(=O)(O)O[C@H]1O[C@H](CO)[C@H](O)[C@H](O[C@H]2O[C@H](CO)[C@H](O)[C@H](O[C@@H]3O[C@H](CO)[C@H](O)[C@H](O)[C@H]3O)[C@H]2N=C(C)O)[C@H]1N=C(C)O
71581011,14212362,Nc1nc(O)nc2c1ncn2[C@@H]1O[C@H](COP(=O)(O)O)[C@@H](O)[C@H]1O
71581011,132282124,C[C@@H]1O[C@@H](OCCCCCC(=O)SCCN=C(O)CCN=C(O)[C@H](O)C(C)(C)COP(=O)(O)OP(=O)(O)OC[C@H]2O[C@@H](n3cnc4c(N)ncnc43)[C@H](O)[C@@H]2OP(=O)(O)O)[C@H](O)C[C@H]1O
71581011,439774,O=C(O)C1=CC(=O)[C@@H](O)[C@H](O)C1
17969016,56955923,O=[As]([O-])(O)c1ccccc1
17969016,5780,OC[C@@H](O)[C@@H](O)[C@H](O)[C@@H](O)CO
17969016,49852310,CCCCCCCCCCCCCCCC(=O)[C@@H]([NH3+])CO
3955344,8328,O=C1c2cccc(O)c2C(=O)c2cccc(O)c21
3955344,5354212,COC(=O)/C=C1/CC[C@H]2[C@@H]3CCC4=CC(=O)CC[C@]4(C)[C@H]3C(=O)C[C@]12C
3955344,57339205,C=CCCCCCCCCCCCCCCC(C)CC
135567331,53239731,CC(O)=N[C@@H]1[C@@H](O[C@@H]2O[C@@H](C)[C@@H](O)[C@@H](O)[C@@H]2O)[C@H](O[C@@H]2O[C@H](CO)[C@@H](O)[C@H](O)[C@H]2N=C(C)O)[C@@H](CO[C@@H]2O[C@@H](C)[C@@H](O)[C@@H](O)[C@@H]2O)O[C@H]1O
135567331,6405,CCC(C)(C)O
69310,5780,OC[C@@H](O)[C@@H](O)[C@H](O)[C@@H](O)CO
69310,440649,Cc1ncc(C[n+]2c(C(O)CCC(=O)O)sc(CCOP(=O)(O)OP(=O)(O)O)c2C)c(=N)[nH]1
69310,5280882,CCCCC[C@H](O)/C=C/C1=CCC(=O)[C@@H]1C/C=C\CCCC(=O)O
25273632,52929771,CCCCCCCCCCCCCCCC/C=C\OC[C@@H](O)COP(=O)(O)O
25273632,124202403,CCCCC/C=C\C/C=C\CC1OC1C/C=C\CCCC(=O)SCCN=C(O)CCN=C(O)[C@H](O)C(C)(C)COP(=O)(O)OP(=O)(O)OC[C@H]1O[C@@H](n2cnc3c(N)ncnc32)[C@H](O)[C@@H]1OP(=O)(O)O
71768071,49859627,COc1cccc2[nH]cc(C/C(=N/OS(=O)(=O)[O-])S[C@@H]3O[C@H](CO)[C@@H](O)[C@H](O)[C@H]3O)c12
71768071,6466,C=C1C[C@]23C[C@@]1(O)CC[C@H]2[C@@]12C=C[C@H](O)[C@@](C)(C(=O)O1)[C@H]2[C@@H]3C(=O)O
71297718,91828250,CC(O)=N[C@@H]1[C@@H](O)[C@H](O[C@@H]2O[C@H](CO)[C@@H](O[C@@H]3O[C@H](CO[C@H]4O[C@H](CO)[C@@H](O)[C@H](O)[C@@H]4O[C@@H]4O[C@H](CO)[C@@H](O[C@@H]5O[C@H](CO)[C@H](O)[C@H](O[C@]6(C(=O)O)C[C@H](O)[C@@H](N=C(C)O)[C@H]([C@H](O)[C@H](O)CO)O6)[C@H]5O)[C@H](O)[C@H]4N=C(C)O)[C@@H](O[C@@H]4O[C@H](CO)[C@@H](O)[C@H](O)[C@H]4N=C(C)O)[C@H](O[C@H]4O[C@H](CO)[C@@H](O)[C@H](O)[C@@H]4O[C@@H]4O[C@H](CO)[C@@H](O[C@@H]5O[C@H](CO)[C@H](O)[C@H](O[C@]6(C(=O)O)C[C@H](O)[C@@H](N=C(C)O)[C@H]([C@H](O)[C@H](O)CO)O6)[C@H]5O)[C@H](O)[C@H]4N=C(C)O)[C@@H]3O)[C@H](O)[C@H]2N=C(C)O)[C@@H](CO)O[C@H]1O
71297718,91666414,CC/C=C\C/C=C\C/C=C\C/C=C\C/C=C\C/C=C\CCC([O-])=NCCOP(=O)(O)OC[C@H](O)CO
52937073,5780,OC[C@@H](O)[C@@H](O)[C@H](O)[C@@H](O)CO
52937073,7641,CCCCC(CC)COC(=O)CCCCC(=O)OCC(CC)CCCC
16656807,56955923,O=[As]([O-])(O)c1ccccc1
16656807,56955923,O=[As]([O-])(O)c1ccccc1
16656807,3290,CCN(CC)C(C)CN1c2ccccc2Sc2ccccc21
11953816,5780,OC[C@@H](O)[C@@H](O)[C@H](O)[C@@H](O)CO
11953816,52929771,CCCCCCCCCCCCCCCC/C=C\OC[C@@H](O)COP(=O)(O)O
11953816,24779490,CCCCCCCCCCCCCC(=O)O[C@H](CO)COP(=O)([O-])OCC[N+](C)(C)C
11459958,10825777,NC(Cc1cc(O)c2c(c1)SCC(O)=N2)C(=O)O
11459958,71298138,CC(O)=N[C@H]1[C@@H](O[C@H]2[C@@H](O)[C@@H](CO)O[C@@H](O[C@H]3[C@H](O)[C@@H](CO)O[C@@H](O[C@H]4[C@@H](O)[C@@H](CO)OC(O)[C@@H]4N=C(C)O)[C@@H]3N=C(C)O)[C@@H]2O)O[C@H](CO)[C@H](O)[C@@H]1O
131953079,70678725,COC1=C(Br)[C@H](O)[C@@]2(C=C1Br)CC(C(=O)NCCCCNC(=O)C1=NO[C@@]3(C=C(Br)C(=O)[C@H](Br)[C@H]3O)C1)=NO2
131953079,86289136,CO[C@H]1[C@H](C)O[C@H](OP(=O)(O)OP(=O)([O-])OC[C@H]2O[C@@H](n3cc(C)c([O-])nc3=O)C[C@@H]2O)C[C@]1(C)NO
24779559,5780,OC[C@@H](O)[C@@H](O)[C@H](O)[C@@H](O)CO
24779559,53239731,CC(O)=N[C@@H]1[C@@H](O[C@@H]2O[C@@H](C)[C@@H](O)[C@@H](O)[C@@H]2O)[C@H](O[C@@H]2O[C@H](CO)[C@@H](O)[C@H](O)[C@H]2N=C(C)O)[C@@H](CO[C@@H]2O[C@@H](C)[C@@H](O)[C@@H](O)[C@@H]2O)O[C@H]1O
24779559,168356,N=C(O)CCCC(=O)O
71464606,5780,OC[C@@H](O)[C@@H](O)[C@H](O)[C@@H](O)CO
71464606,440649,Cc1ncc(C[n+]2c(C(O)CCC(=O)O)sc(CCOP(=O)(O)OP(=O)(O)O)c2C)c(=N)[nH]1
71464606,56927854,CC(=[NH2+])NCCCC[C@H]([NH3+])C(=O)O
91666414,5780,OC[C@@H](O)[C@@H](O)[C@H](O)[C@@H](O)CO
91666414,49859627,COc1cccc2[nH]cc(C/C(=N/OS(=O)(=O)[O-])S[C@@H]3O[C@H](CO)[C@@H](O)[C@H](O)[C@H]3O)c12
91666414,14982,CC1(C)[C@@H](O[C@H]2O[C@H](C(=O)O)[C@@H](O)[C@H](O)[C@H]2O[C@@H]2O[C@H](C(=O)O)[C@@H](O)[C@H](O)[C@H]2O)CC[C@]2(C)[C@H]3C(=O)C=C4[C@@H]5C[C@@](C)(C(=O)O)CC[C@]5(C)CC[C@@]4(C)[C@]3(C)CC[C@@H]12
2859799,23674745,CC(C(=O)[O-])c1ccc(CC2CCCC2=O)cc1.O.O.[Na+]
2859799,16617,CCCCCC(=O)OCCC(C)C
86289844,86289694,C[C@H](CCCCCCCCC/C=C/C(=O)O)O[C@@H]1O[C@@H](C)[C@H](O)C[C@H]1O
86289844,23674745,CC(C(=O)[O-])c1ccc(CC2CCCC2=O)cc1.O.O.[Na+]
86289844,70678694,CCCCCCCCCCCCCCCCCCCCCCCCCC([O-])=N[C@@H](COP(=O)(O)O[C@@H]1[C@H](O)[C@H](O)[C@@H](O)[C@H](O)[C@H]1OC1O[C@H](CO)[C@@H](O)[C@H](O)[C@@H]1O)[C@H](O)CCCCCCCCCCCCCCCCC
11570897,14345637,CCCCC/C=C\C/C=C\C/C=C\C/C=C\CCCC(=O)OC(CO)COC(=O)CCCCCCCCCCCCCCCCC
11570897,51041530,CCCC1=CC2=C(CO1)C(=O)[C@](C)(OC(=O)c1c(C)cc(O)c(O)c1OC)[C@H](O)C2
33637,56955923,O=[As]([O-])(O)c1ccccc1
33637,243,O=C(O)c1ccccc1
33637,91825677,CCCCCCCCCCCCCCCC(=O)O[C@H](CCCCCCCCCCC)CC(=O)O[C@@H]1[C@@H](N=C(O)C[C@@H](CCCCCCCCCCC)OC(=O)CCCCCCCCCCCCC)[C@H](OC[C@H]2O[C@H](OP(=O)(O)O)[C@H](N=C(O)C[C@H](O)CCCCCCCCCCC)[C@@H](OC(=O)C[C@H](O)CCCCCCCCCCC)[C@@H]2O)O[C@H](CO[C@]2(C(=O)O)C[C@@H](O[C@]3(C(=O)O)C[C@@H](O)[C@@H](O)[C@@H]([C@H](O)CO)O3)[C@@H](O[C@H]3O[C@H]([C@H](CO)OP(=O)(O)OCCCN)[C@@H](O[C@@H]4O[C@H](CO)[C@@H](O)[C@H](O)[C@H]4O)[C@H](O[C@H]4O[C@H]([C@H](O)CO)[C@@H](O)[C@H](O[C@@H]5O[C@H](CO)[C@H](O[C@@H]6O[C@H](CO)[C@H](O)[C@H](O[C@@H]7O[C@H](CO)[C@H](O)[C@H](O[C@]8(C(=O)O)C[C@H](O)[C@@H](N=C(C)O)[C@H]([C@H](O)[C@H](O)CO)O8)[C@H]7O)[C@H]6N=C(C)O)[C@H](O[C@]6(C(=O)O)C[C@H](O)[C@@H](N=C(C)O)[C@H]([C@H](O)[C@H](O)CO)O6)[C@H]5O)[C@@H]4O)[C@@H]3O)[C@@H]([C@H](O)CO)O2)[C@H]1OP(=O)(O)O
50900595,53326128,CC(C)c1cc2c(cc1O)[C@]13CCC[C@](C)(CO[C@H]1O)[C@@H]3CC2
50900595,5354212,COC(=O)/C=C1/CC[C@H]2[C@@H]3CCC4=CC(=O)CC[C@]4(C)[C@H]3C(=O)C[C@]12C
50900595,3081355,Cc1ccc(Cn2nc(C(O)=N[C@@H]3C(C)(C)[C@@H]4CC[C@@]3(C)C4)cc2-c2ccc(Cl)c(C)c2)cc1
708857,56955923,O=[As]([O-])(O)c1ccccc1
708857,5364778,CCC/C=C/C(=O)OCC
6422,5780,OC[C@@H](O)[C@@H](O)[C@H](O)[C@@H](O)CO
6422,243,O=C(O)c1ccccc1
6422,86289266,CCCCCCCC/C=C/C(=O)SCCN=C([O-])CCN=C([O-])[C@H](O)C(C)(C)COP(=O)(O)OP(=O)(O)OC[C@H]1O[C@@H](n2cnc3c(N)ncnc32)[C@H](O)[C@@H]1OP(=O)([O-])[O-]
34633,52929771,CCCCCCCCCCCCCCCC/C=C\OC[C@@H](O)COP(=O)(O)O
34633,3374,CC1CCc2cc(F)cc3c(=O)c(C(=O)O)cn1c23
135340,5780,OC[C@@H](O)[C@@H](O)[C@H](O)[C@@H](O)CO
135340,440649,Cc1ncc(C[n+]2c(C(O)CCC(=O)O)sc(CCOP(=O)(O)OP(=O)(O)O)c2C)c(=N)[nH]1
135340,557527,C=CCCCCCCCCCCCCCCC=O
25018459,132282124,C[C@@H]1O[C@@H](OCCCCCC(=O)SCCN=C(O)CCN=C(O)[C@H](O)C(C)(C)COP(=O)(O)OP(=O)(O)OC[C@H]2O[C@@H](n3cnc4c(N)ncnc43)[C@H](O)[C@@H]2OP(=O)(O)O)[C@H](O)C[C@H]1O
25018459,86290129,CC(CO)CCCCCCCCCCCCCC(=O)[O-]
72551570,14212362,Nc1nc(O)nc2c1ncn2[C@@H]1O[C@H](COP(=O)(O)O)[C@@H](O)[C@H]1O
72551570,132282124,C[C@@H]1O[C@@H](OCCCCCC(=O)SCCN=C(O)CCN=C(O)[C@H](O)C(C)(C)COP(=O)(O)OP(=O)(O)OC[C@H]2O[C@@H](n3cnc4c(N)ncnc43)[C@H](O)[C@@H]2OP(=O)(O)O)[C@H](O)C[C@H]1O
72551570,22298950,CCCCCCCCCCCC[C@H](O)C(=O)[O-]
5459852,14212362,Nc1nc(O)nc2c1ncn2[C@@H]1O[C@H](COP(=O)(O)O)[C@@H](O)[C@H]1O
5459852,52929771,CCCCCCCCCCCCCCCC/C=C\OC[C@@H](O)COP(=O)(O)O
5459852,16656807,N#CSCC(=O)c1ccc(O)c(O)c1
3202,56955923,O=[As]([O-])(O)c1ccccc1
3202,5780,OC[C@@H](O)[C@@H](O)[C@H](O)[C@@H](O)CO
3202,135413494,Cl.OC1=NC2=Nc3ccc(Cl)c(Cl)c3CN2C1
11751458,49859627,COc1cccc2[nH]cc(C/C(=N/OS(=O)(=O)[O-])S[C@@H]3O[C@H](CO)[C@@H](O)[C@H](O)[C@H]3O)c12
11751458,70678595,CCCCCCCCCCCCCCCCCCCCCC(O)C(O)C(O)=N[C@@H](COP(=O)(O)O[C@@H]1[C@H](O)[C@H](O)[C@@H](O)[C@H](O)[C@H]1O[C@@H]1O[C@H](COP(=O)(O)OC2[C@H](O)[C@H](O)C(O)[C@H](O)[C@H]2O)[C@@H](O)[C@H](O)[C@@H]1O)[C@H](O)C(O)CCCCCCCCCCCCCC
70678949,134160296,CSC[C@H]1O[C@H](O[C@H]2[C@H](O)[C@H](O)[C@@H](OC[C@H]3O[C@@H](O[C@@H]4[C@@H](OC[C@H]5O[C@H](OC[C@H]6OC(O)[C@@H](O)[C@@H]6O)[C@@H](O)[C@@H]5O[C@H]5O[C@H](CO)[C@@H](O)[C@@H]5O[C@@H]5O[C@H](CO)[C@@H](O)[C@@H]5O)O[C@H](CO)[C@H]4O)[C@@H](O)[C@@H]3O)O[C@@H]2CO)[C@H](O)[C@H]1O
70678949,58321253,Nc1ccc(N=Nc2ccc(S(=O)(=O)[O-])cc2)cc1S(=O)(=O)[O-]
40490684,5780,OC[C@@H](O)[C@@H](O)[C@H](O)[C@@H](O)CO
40490684,5354212,COC(=O)/C=C1/CC[C@H]2[C@@H]3CCC4=CC(=O)CC[C@]4(C)[C@H]3C(=O)C[C@]12C
40490684,572,O=CN(O)CCCP(=O)(O)O
72551537,14212362,Nc1nc(O)nc2c1ncn2[C@@H]1O[C@H](COP(=O)(O)O)[C@@H](O)[C@H]1O
72551537,53476539,CSCC[C@H](N=CO)C(O)=N[C@@H](CCCNC(=N)N)C(O)=N[C@H](C(O)=NCC(O)=N[C@@H](CC(=N)O)C(O)=N[C@@H](C)C(O)=N[C@@H](CC(=O)O)C(O)=NP(=O)(OCCCN)OC[C@H]1O[C@@H](n2cnc3c(N)ncnc32)[C@H](O)[C@@H]1O)[C@@H](C)O
72551537,29507,CCCCCCCCCCCCCCI
25201337,8328,O=C1c2cccc(O)c2C(=O)c2cccc(O)c21
25201337,5354212,COC(=O)/C=C1/CC[C@H]2[C@@H]3CCC4=CC(=O)CC[C@]4(C)[C@H]3C(=O)C[C@]12C
25201337,86289088,Nc1c(C([O-])=N[C@@H](CC(=O)[O-])C(=O)[O-])ncn1[C@@H]1O[C@H](COP(=O)([O-])O)[C@@H](O)[C@H]1O
91847929,91972219,CC(O)=N[C@H]1[C@H](O[C@H]2[C@H](O)[C@@H](N=C(C)O)C(O)O[C@@H]2CO)O[C@H](COS(=O)(=O)O)[C@H](O)[C@@H]1O
91847929,23674745,CC(C(=O)[O-])c1ccc(CC2CCCC2=O)cc1.O.O.[Na+]
91847929,11313622,O=c1sn(-c2cccc3ccccc23)c(=O)n1Cc1ccccc1
129320424,97165,O=C1O[C@@H]([C@H](O)CO)[C@H](O)[C@H]1O
129320424,23674745,CC(C(=O)[O-])c1ccc(CC2CCCC2=O)cc1.O.O.[Na+]
129320424,14345637,CCCCC/C=C\C/C=C\C/C=C\C/C=C\CCCC(=O)OC(CO)COC(=O)CCCCCCCCCCCCCCCCC
71627193,14212362,Nc1nc(O)nc2c1ncn2[C@@H]1O[C@H](COP(=O)(O)O)[C@@H](O)[C@H]1O
71627193,134160296,CSC[C@H]1O[C@H](O[C@H]2[C@H](O)[C@H](O)[C@@H](OC[C@H]3O[C@@H](O[C@@H]4[C@@H](OC[C@H]5O[C@H](OC[C@H]6OC(O)[C@@H](O)[C@@H]6O)[C@@H](O)[C@@H]5O[C@H]5O[C@H](CO)[C@@H](O)[C@@H]5O[C@@H]5O[C@H](CO)[C@@H](O)[C@@H]5O)O[C@H](CO)[C@H]4O)[C@@H](O)[C@@H]3O)O[C@@H]2CO)[C@H](O)[C@H]1O
71627193,5317750,COc1cc2c(=O)c(-c3ccc(O)cc3)coc2cc1O
10129879,5780,OC[C@@H](O)[C@@H](O)[C@H](O)[C@@H](O)CO
10129879,177447,[36SH2]
10129879,86290182,CCCCCCCCCCCCCCCCCCCCCCC(C(=O)O)C(=O)SCCN=C(O)CCN=C(O)[C@H](O)C(C)(C)COP(=O)(O)OP(=O)(O)OC[C@H]1O[C@@H](n2cnc3c(N)ncnc32)[C@H](O)[C@@H]1OP(=O)(O)O
8421,56955923,O=[As]([O-])(O)c1ccccc1
8421,5780,OC[C@@H](O)[C@@H](O)[C@H](O)[C@@H](O)CO
8421,521293,C#[N+][O-]
135563735,72189985,CCCCCCCCCCCCCCCC(=O)OC(CCCCCCCCC)CCCCCCCC(=O)O
135563735,5362833,CC/C=C\CC/C=C/CO
86289542,86290149,C[C@H](CCC[C@H](C)C(=O)SCCN=C([O-])CCN=C([O-])[C@H](O)C(C)(C)COP(=O)(O)OP(=O)(O)OC[C@H]1O[C@@H](n2cnc3c(N)ncnc32)[C@H](O)[C@@H]1OP(=O)([O-])[O-])[C@H]1CC[C@H]2[C@@H]3CCC4=CC(=O)CC[C@]4(C)[C@H]3CC[C@]12C
86289542,134160296,CSC[C@H]1O[C@H](O[C@H]2[C@H](O)[C@H](O)[C@@H](OC[C@H]3O[C@@H](O[C@@H]4[C@@H](OC[C@H]5O[C@H](OC[C@H]6OC(O)[C@@H](O)[C@@H]6O)[C@@H](O)[C@@H]5O[C@H]5O[C@H](CO)[C@@H](O)[C@@H]5O[C@@H]5O[C@H](CO)[C@@H](O)[C@@H]5O)O[C@H](CO)[C@H]4O)[C@@H](O)[C@@H]3O)O[C@@H]2CO)[C@H](O)[C@H]1O
86289542,44322045,CCCCCCCCCCC/C=C\CCCCC(=N)O
40473161,18614382,O=C1CCC(C(=O)[O-])C1
40473161,5354212,COC(=O)/C=C1/CC[C@H]2[C@@H]3CCC4=CC(=O)CC[C@]4(C)[C@H]3C(=O)C[C@]12C
40473161,25018459,CC(C)[C@@H]1N=C(O)[C@H](Cc2cnc[nH]2)N=C(O)[C@H](CC(=N)O)N=C(O)[C@H](Cc2ccccc2)N=C(O)[C@H]([C@@H](C)O)N=C(O)[C@@H]2CCCN2C(=O)[C@@H]2CCCN2C(=O)[C@H](Cc2ccccc2)N=C(O)[C@H](CC(=N)O)N=C1O
24848269,53359574,COc1cc2c(cc1O)C(=O)[C@H](C)[C@@H](C)C2
24848269,23674745,CC(C(=O)[O-])c1ccc(CC2CCCC2=O)cc1.O.O.[Na+]
24848269,131801208,C[C@@H]1O[C@@H](O[C@@H]2[C@@H](O)[C@H](C)O[C@@H](OCCCCCN)[C@@H]2O)[C@H](O)[C@H](O)[C@H]1O
21604869,53239731,CC(O)=N[C@@H]1[C@@H](O[C@@H]2O[C@@H](C)[C@@H](O)[C@@H](O)[C@@H]2O)[C@H](O[C@@H]2O[C@H](CO)[C@@H](O)[C@H](O)[C@H]2N=C(C)O)[C@@H](CO[C@@H]2O[C@@H](C)[C@@H](O)[C@@H](O)[C@@H]2O)O[C@H]1O
21604869,9914412,COc1cc2c(Nc3ccc(NC(=O)c4ccccc4)cc3)ncnc2cc1OCCCN1CCOCC1
5319013,25243884,O=c1c(-c2ccc([O-])cc2O)coc2cc(O)cc(O)c12
5319013,5354212,COC(=O)/C=C1/CC[C@H]2[C@@H]3CCC4=CC(=O)CC[C@]4(C)[C@H]3C(=O)C[C@]12C
5319013,122198284,CN[C@@H]1C(=O)C(C(=N)O)=C(O)[C@@]2(O)C(=O)c3c(c(C)c4cccc(O)c4c3O)C[C@@H]12
90657815,5780,OC[C@@H](O)[C@@H](O)[C@H](O)[C@@H](O)CO
90657815,440649,Cc1ncc(C[n+]2c(C(O)CCC(=O)O)sc(CCOP(=O)(O)OP(=O)(O)O)c2C)c(=N)[nH]1
90657815,4419940,O=C([O-])c1ccc([N+](=O)[O-])cc1
25137933,5780,OC[C@@H](O)[C@@H](O)[C@H](O)[C@@H](O)CO
25137933,121596220,CC(C(=O)[O-])C(=O)OC(CC(=O)[O-])C[N+](C)(C)C
25137933,43815,Fc1ccc([C@@H]2CCNC[C@H]2COc2ccc3c(c2)OCO3)cc1
11870411,72715827,CC[C@@]1(O)C[C@H](O[C@H]2C[C@H](N)[C@H](O)[C@H](C)O2)c2c(O)c3c(c(O)c2[C@H]1C(=O)O)C(=O)c1cccc(OC)c1C3=O
11870411,440649,Cc1ncc(C[n+]2c(C(O)CCC(=O)O)sc(CCOP(=O)(O)OP(=O)(O)O)c2C)c(=N)[nH]1
11870411,25229565,CN(c1ccccc1)c1ccc2c(-c3ccccc3S(=O)(=O)N3CCC(C(=O)ON4C(=O)CCC4=O)CC3)c3ccc(N(C)c4ccccc4)cc3[o+]c2c1.[Cl-]
6452296,11560992,CC[C@H](C[C@@H](O)[C@@H](C)[C@H]1CC[C@H]2[C@@H]3CCC4=CC(=O)CC[C@]4(C)[C@H]3CC[C@]12C)C(C)C
6452296,52929771,CCCCCCCCCCCCCCCC/C=C\OC[C@@H](O)COP(=O)(O)O
6452296,9543115,CNCCCC(=O)[O-]
86290149,86289542,CC(CCC[C@@H](C)[C@H]1CC[C@H]2[C@@H]3CCC4=CC(=O)CC[C@]4(C)[C@H]3CC[C@]12C)C(=O)SCCN=C(O)CCN=C(O)[C@H](O)C(C)(C)COP(=O)(O)OP(=O)(O)OC[C@H]1O[C@@H](n2cnc3c(N)ncnc32)[C@H](O)[C@@H]1OP(=O)(O)O
86290149,134160296,CSC[C@H]1O[C@H](O[C@H]2[C@H](O)[C@H](O)[C@@H](OC[C@H]3O[C@@H](O[C@@H]4[C@@H](OC[C@H]5O[C@H](OC[C@H]6OC(O)[C@@H](O)[C@@H]6O)[C@@H](O)[C@@H]5O[C@H]5O[C@H](CO)[C@@H](O)[C@@H]5O[C@@H]5O[C@H](CO)[C@@H](O)[C@@H]5O)O[C@H](CO)[C@H]4O)[C@@H](O)[C@@H]3O)O[C@@H]2CO)[C@H](O)[C@H]1O
86290149,25202957,COP(=O)(O)OCCNC(=N)N
1286902,52929771,CCCCCCCCCCCCCCCC/C=C\OC[C@@H](O)COP(=O)(O)O
1286902,44602409,CC1(C)[C@@H]2CC[C@@]1(CS(=O)(=O)[O-])C(=O)C2.O=C1N(Cc2ccccc2)C2C[S+]3CCCC3C2N1Cc1ccccc1
56927987,5780,OC[C@@H](O)[C@@H](O)[C@H](O)[C@@H](O)CO
56927987,69212,CC1=CC(=O)C(=O)C=C1O
56927987,71491931,O=C(O)/C=C/C(=O)O.O=C(c1ccc(F)c(F)c1Nc1ccc(I)cc1F)N1CC(O)([C@@H]2CCCCN2)C1.O=C(c1ccc(F)c(F)c1Nc1ccc(I)cc1F)N1CC(O)([C@@H]2CCCCN2)C1
24906329,14212362,Nc1nc(O)nc2c1ncn2[C@@H]1O[C@H](COP(=O)(O)O)[C@@H](O)[C@H]1O
24906329,132282124,C[C@@H]1O[C@@H](OCCCCCC(=O)SCCN=C(O)CCN=C(O)[C@H](O)C(C)(C)COP(=O)(O)OP(=O)(O)OC[C@H]2O[C@@H](n3cnc4c(N)ncnc43)[C@H](O)[C@@H]2OP(=O)(O)O)[C@H](O)C[C@H]1O
24906329,31284,CCCCCCCCCCCCCC(=O)OC
118987321,5780,OC[C@@H](O)[C@@H](O)[C@H](O)[C@@H](O)CO
118987321,53239731,CC(O)=N[C@@H]1[C@@H](O[C@@H]2O[C@@H](C)[C@@H](O)[C@@H](O)[C@@H]2O)[C@H](O[C@@H]2O[C@H](CO)[C@@H](O)[C@H](O)[C@H]2N=C(C)O)[C@@H](CO[C@@H]2O[C@@H](C)[C@@H](O)[C@@H](O)[C@@H]2O)O[C@H]1O
118987321,129626771,CCCCCCC(=O)OC[C@H](COP(=O)(O)OCCN)OC(=O)CCCCC
122391246,49859627,COc1cccc2[nH]cc(C/C(=N/OS(=O)(=O)[O-])S[C@@H]3O[C@H](CO)[C@@H](O)[C@H](O)[C@H]3O)c12
122391246,5243870,C[NH+]1CCC(=C2c3ccccc3CC(=O)c3sccc32)CC1
71296143,134160296,CSC[C@H]1O[C@H](O[C@H]2[C@H](O)[C@H](O)[C@@H](OC[C@H]3O[C@@H](O[C@@H]4[C@@H](OC[C@H]5O[C@H](OC[C@H]6OC(O)[C@@H](O)[C@@H]6O)[C@@H](O)[C@@H]5O[C@H]5O[C@H](CO)[C@@H](O)[C@@H]5O[C@@H]5O[C@H](CO)[C@@H](O)[C@@H]5O)O[C@H](CO)[C@H]4O)[C@@H](O)[C@@H]3O)O[C@@H]2CO)[C@H](O)[C@H]1O
71296143,4205,CN1CCN2c3ncccc3Cc3ccccc3C2C1
23676771,5780,OC[C@@H](O)[C@@H](O)[C@H](O)[C@@H](O)CO
23676771,69212,CC1=CC(=O)C(=O)C=C1O
23676771,25111664,C[C@]12C[C@@]34C=CC(=O)[C@@](C)(CCC(O)=Nc5c(O)cccc5O)[C@@H]3[C@H](C[C@@H]1C4)O2
45480634,10825777,NC(Cc1cc(O)c2c(c1)SCC(O)=N2)C(=O)O
45480634,126843503,O=C(O)[C@H](O)[C@@H](O)[C@@H](O)COP(=O)(O)O
20848909,56955923,O=[As]([O-])(O)c1ccccc1
20848909,56955923,O=[As]([O-])(O)c1ccccc1
20848909,49866383,C=C1/C(=C\C=C2/CCC[C@@]3(C)[C@H]2CC[C@@H]3[C@]2(C)C[C@@H](CC(C)(C)O)CO2)C[C@@H](O)C[C@@H]1O
45266584,9543003,CC(C)(COP(=O)(O)OP(=O)(O)OC[C@H]1O[C@@H](n2cnc3c(N)ncnc32)[C@H](O)[C@@H]1OP(=O)(O)O)[C@@H](O)C(O)=NCCC(O)=NCCSC(=O)/C(=C/c1ccccc1)CC(=O)O
45266584,6433272,C[C@@H]1[C@H](O)[C@@H](C)/C=C/C=C/CC/C=C/C=C/C=C/C=C/C(O[C@H]2O[C@H](C)[C@@H](O)[C@H](N)[C@@H]2O)CC2O[C@](O)(CC(O)C(O)CCC(O)CC(O)CC(O)CC(=O)O[C@H]1C)CC(O)C2C(=O)O
45266584,5288907,CC(O)=N[C@@H]1[C@@H](O[C@@H]2O[C@H](C(=O)O)[C@@H](O)[C@H](O)[C@H]2O)[C@H](O)[C@@H](CO)O[C@H]1O
86289418,49859627,COc1cccc2[nH]cc(C/C(=N/OS(=O)(=O)[O-])S[C@@H]3O[C@H](CO)[C@@H](O)[C@H](O)[C@H]3O)c12
86289418,87206149,CCCCCCCCC/C=C(\O)C(=O)O
86289508,10009567,COC(=O)c1c(O[C@@H]2O[C@@H](C)[C@H](OC)[C@@H](OC)[C@H]2OC)cc2cc3c(c(O)c2c1C)C(=O)[C@]1(OC)C(=O)C=C(OC)[C@@H](O)[C@]1(O)C3=O
86289508,71298190,CC(O)=N[C@H]1C(O)O[C@H](CO)[C@H](O)[C@@H]1O[C@@H]1O[C@H](CO)[C@H](O[C@H]2O[C@H](CO)[C@H](O)[C@H](O)[C@H]2O)[C@H](O)[C@H]1O[C@@H]1O[C@@H](C)[C@@H](O)[C@@H](O)[C@@H]1O
86289508,442426,C[C@@H](C=O)[C@H]1CC[C@H](C)[C@H]1C=O
11966204,14212362,Nc1nc(O)nc2c1ncn2[C@@H]1O[C@H](COP(=O)(O)O)[C@@H](O)[C@H]1O
11966204,70678725,COC1=C(Br)[C@H](O)[C@@]2(C=C1Br)CC(C(=O)NCCCCNC(=O)C1=NO[C@@]3(C=C(Br)C(=O)[C@H](Br)[C@H]3O)C1)=NO2
11966204,5497105,CC(C)=CCC/C(C)=C/CC/C(C)=C/CC/C(C)=C/COP(=O)([O-])OP(=O)([O-])[O-]
91855200,6433272,C[C@@H]1[C@H](O)[C@@H](C)/C=C/C=C/CC/C=C/C=C/C=C/C=C/C(O[C@H]2O[C@H](C)[C@@H](O)[C@H](N)[C@@H]2O)CC2O[C@](O)(CC(O)C(O)CCC(O)CC(O)CC(O)CC(=O)O[C@H]1C)CC(O)C2C(=O)O
91855200,21114947,O=C(CO)[C@@H](O)[C@H](O)[C@H](O)COP(=O)([O-])[O-]
52951404,49859627,COc1cccc2[nH]cc(C/C(=N/OS(=O)(=O)[O-])S[C@@H]3O[C@H](CO)[C@@H](O)[C@H](O)[C@H]3O)c12
52951404,18134,CCN(CC(=O)O)S(=O)(=O)C(F)(F)C(F)(F)C(F)(F)C(F)(F)C(F)(F)C(F)(F)C(F)(F)C(F)(F)F
13185,5780,OC[C@@H](O)[C@@H](O)[C@H](O)[C@@H](O)CO
13185,10825777,NC(Cc1cc(O)c2c(c1)SCC(O)=N2)C(=O)O
13185,16070027,OBBO
56965901,52929771,CCCCCCCCCCCCCCCC/C=C\OC[C@@H](O)COP(=O)(O)O
56965901,14355116,C/C=C/CCCCc1c(O)cc(CC=C(C)C)c(O)c1C=O
131708333,126456451,CC(=O)OC[C@H]1O[C@H](O[C@@H]2[C@H](O)[C@@H](O[C@H]3O[C@H]([C@H](O)CO)[C@@H](O)[C@H](O)[C@@H]3O[C@H]3O[C@H]([C@@H](O)CO)[C@@H](O)[C@H](O)[C@@H]3O)[C@@H](O[C@@H]3[C@H](O)[C@@H](O[C@@H]4[C@H](O)[C@@H](O[C@H]5[C@@H]([C@H](O)CO[C@H]6OC[C@H](N)[C@H](O)[C@H]6O)O[C@@](O)(C(=O)O)C[C@H]5O[C@]5(C(=O)O)C[C@@H](O)[C@@H](O)[C@@H]([C@H](O)CO)O5)O[C@H]([C@@H](O)CO)[C@H]4O[C@@H]4O[C@H](CO)[C@@H](O)[C@H](O)[C@H]4O)O[C@H]([C@H](CO[C@H]4O[C@H]([C@@H](O)CO)[C@@H](O)[C@H](O)[C@@H]4O)OP(=O)(O)OCCN)[C@H]3O)O[C@@H]2C(=O)O)[C@H](N)[C@@H](O)[C@H]1O[C@H]1O[C@H](CO)[C@@H](O[C@@H]2O[C@H](CO)[C@@H](O)[C@H](O)[C@H]2O)[C@H](O)[C@H]1N=C(C)O
131708333,70698381,C/C=C(\N=C(O)[C@H](CCCCN)N=C(O)[C@H](C)N=C(O)[C@@H]1CS[C@@H](C)[C@@H](N=C(O)[C@@H]2CSC[C@@H](N=C(O)[C@H](C)N=C(O)[C@@H](N)[C@@H](C)CC)C(O)=N[C@@H](CCCCN)C(O)=N[C@@H](Cc3ccccc3)C(O)=N[C@@H]([C@@H](C)CC)C(O)=N2)C(=O)N2CCC[C@H]2C(O)=NCC(O)=N1)C(O)=NCC(O)=N[C@@H]1CSC[C@@H]2N=C(O)[C@H](Cc3ccc(O)cc3)N=C(O)[C@@H](CS/C=C\N=C2O)N=C(O)[C@H](CC(=N)O)N=C(O)[C@H](Cc2ccccc2)N=C1O
15689656,49859627,COc1cccc2[nH]cc(C/C(=N/OS(=O)(=O)[O-])S[C@@H]3O[C@H](CO)[C@@H](O)[C@H](O)[C@H]3O)c12
15689656,46878520,O=C([O-])CCC1=CC=C[C@H](O)[C@@H]1O
5193,121596220,CC(C(=O)[O-])C(=O)OC(CC(=O)[O-])C[N+](C)(C)C
5193,119058181,CC(O)CCCCCC/C=C\C/C=C\C/C=C\CCCC(=O)O
3474,5354212,COC(=O)/C=C1/CC[C@H]2[C@@H]3CCC4=CC(=O)CC[C@]4(C)[C@H]3C(=O)C[C@]12C
3474,53714398,Nc1ncnc2c1ncn2[C@@H]1O[C@H](COP(=O)(O)O)[C@@H](OC(=O)[C@@H](N)CO)[C@H]1O
183138,147394,COc1ccc([C@@H]2CC(=O)c3c(O)cc(O[C@@H]4O[C@H](CO)[C@@H](O)[C@H](O)[C@H]4O)cc3O2)cc1O
183138,49859627,COc1cccc2[nH]cc(C/C(=N/OS(=O)(=O)[O-])S[C@@H]3O[C@H](CO)[C@@H](O)[C@H](O)[C@H]3O)c12
183138,97051,NCC(O)=NCC(=O)N1CCC[C@H]1C(=O)O
56655568,56655569,CCCCCCCCCCCCCCCC(=O)O[C@H]1CC[C@@](C)(OC(C)=O)[C@@H]2O[C@H](C[C@]1(C)O)[C@@H]1[C@H]2[C@@H](C(C)C)[C@H](OC(C)=O)[C@H](OC(C)=O)[C@@]12CO2
56655568,53239731,CC(O)=N[C@@H]1[C@@H](O[C@@H]2O[C@@H](C)[C@@H](O)[C@@H](O)[C@@H]2O)[C@H](O[C@@H]2O[C@H](CO)[C@@H](O)[C@H](O)[C@H]2N=C(C)O)[C@@H](CO[C@@H]2O[C@@H](C)[C@@H](O)[C@@H](O)[C@@H]2O)O[C@H]1O
56655568,134160289,CCCCCCCCCCCCCCCCCCCCCCCCCC(O)=N[C@@H](CO[C@H]1O[C@H](COC(=O)CCc2ccccc2)[C@H](O)[C@H](O)[C@H]1O)[C@H](O)[C@H](O)CCCCCCCCCCCCCC
13917464,5780,OC[C@@H](O)[C@@H](O)[C@H](O)[C@@H](O)CO
13917464,5354212,COC(=O)/C=C1/CC[C@H]2[C@@H]3CCC4=CC(=O)CC[C@]4(C)[C@H]3C(=O)C[C@]12C
13917464,3016,CN1C(=O)CN=C(c2ccccc2)c2cc(Cl)ccc21
102212,65070,O=c1nc(O)ccn1[C@H]1C[C@H](O)[C@@H](COP(=O)(O)OP(=O)(O)OP(=O)(O)O)O1
102212,10825777,NC(Cc1cc(O)c2c(c1)SCC(O)=N2)C(=O)O
102212,11870411,CC[C@@]1(O)C[C@H](O[C@H]2C[C@H]([NH+](C)C)[C@H](O)[C@H](C)O2)c2c(cc3c(c2O)C(=O)c2c(O)cccc2C3=O)[C@H]1C(=O)OC
10197842,5780,OC[C@@H](O)[C@@H](O)[C@H](O)[C@@H](O)CO
10197842,279,N=C(O)NC(CC(=O)O)C(=O)O
10197842,10393333,CC[C@H](C)CC/C=C/C=C(\C)[C@@H](O)C/C=C/C=C/C(=O)O[C@H]1[C@H](O)[C@@H](CO)O[C@]2(OCc3cc(O)cc(O)c32)[C@@H]1O
135563649,52929771,CCCCCCCCCCCCCCCC/C=C\OC[C@@H](O)COP(=O)(O)O
135563649,75734,Oc1cnc2c(O)nc(O)nc2n1
440097,53239731,CC(O)=N[C@@H]1[C@@H](O[C@@H]2O[C@@H](C)[C@@H](O)[C@@H](O)[C@@H]2O)[C@H](O[C@@H]2O[C@H](CO)[C@@H](O)[C@H](O)[C@H]2N=C(C)O)[C@@H](CO[C@@H]2O[C@@H](C)[C@@H](O)[C@@H](O)[C@@H]2O)O[C@H]1O
440097,5280891,CCCCC[C@H](O)/C=C/[C@H]1OC(=O)C[C@H](O)[C@@H]1C/C=C\CCCC(=O)O
135495951,5780,OC[C@@H](O)[C@@H](O)[C@H](O)[C@@H](O)CO
135495951,137547,C#CCC(=O)O
135495951,131708343,CC/C=C\CC1C(=O)CC[C@@H]1CC(O)=N[C@H](C(=O)O)[C@@H](C)CC
14896,69212,CC1=CC(=O)C(=O)C=C1O
14896,6327678,NP(O)O
13891595,5780,OC[C@@H](O)[C@@H](O)[C@H](O)[C@@H](O)CO
13891595,10825777,NC(Cc1cc(O)c2c(c1)SCC(O)=N2)C(=O)O
13891595,440216,C=C(Cl)C[C@H](N)C(=O)O
448949,5354212,COC(=O)/C=C1/CC[C@H]2[C@@H]3CCC4=CC(=O)CC[C@]4(C)[C@H]3C(=O)C[C@]12C
448949,135912260,O=C(O)C(=O)/C=C/c1c([O-])cc(C(=O)O)nc1[O-]
92122,52929771,CCCCCCCCCCCCCCCC/C=C\OC[C@@H](O)COP(=O)(O)O
92122,131801230,CC(C)=CCC/C(C)=C/CC/C(C)=C/CC/C(C)=C\CC/C(C)=C\CC/C(C)=C\CC/C(C)=C\CC/C(C)=C\CC/C(C)=C\CC/C(C)=C\CC/C(C)=C\COP(=O)(O)OP(=O)(O)O[C@H]1O[C@H](CO)[C@@H](O[C@@H]2O[C@H](CO)[C@@H](OP(=O)(O)OC[C@H](O)COP(=O)([O-])OC[C@H](O)COP(=O)([O-])OC[C@H](O[C@@H]3O[C@H](CO)[C@@H](O)[C@H](O)[C@H]3N=C(C)[O-])[C@H](O)[C@H](O)CO)[C@H](O)[C@H]2N=C(C)[O-])[C@H](O)[C@H]1N=C(C)[O-]
15942884,5780,OC[C@@H](O)[C@@H](O)[C@H](O)[C@@H](O)CO
15942884,10825777,NC(Cc1cc(O)c2c(c1)SCC(O)=N2)C(=O)O
15942884,244872,O=C(O)CCCCCCCCCCCCCCCCCCCCC(=O)O
5372367,121232656,COc1cc(C2Oc3c(OC)cc(/C=C/C(=O)O)cc3C2COS(=O)(=O)O)ccc1O
5372367,5354212,COC(=O)/C=C1/CC[C@H]2[C@@H]3CCC4=CC(=O)CC[C@]4(C)[C@H]3C(=O)C[C@]12C
5372367,16078938,NCCCCCCN=c1[nH]c2c(N)ncnc2n1[C@@H]1O[C@@H]2COP(=O)(O)O[C@H]2[C@H]1O
96,5780,OC[C@@H](O)[C@@H](O)[C@H](O)[C@@H](O)CO
96,13376,CCCCN=CO
96,134131607,COc1cc(O)c2c(=O)oc3c(c2c1)[C@@](C)(O)C[C@@H](OC)[C@@]31C[C@@H](O)C(=O)O1
53957771,5354212,COC(=O)/C=C1/CC[C@H]2[C@@H]3CCC4=CC(=O)CC[C@]4(C)[C@H]3C(=O)C[C@]12C
53957771,70698140,C[C@@H]1O[C@@H](Oc2cc(O)c3c(=O)c(O[C@@H]4OC[C@](O)(CO)[C@H]4O)c(-c4ccc(O)cc4)oc3c2)[C@H](O)[C@H](O)[C@H]1O
23400779,5780,OC[C@@H](O)[C@@H](O)[C@H](O)[C@@H](O)CO
23400779,56955923,O=[As]([O-])(O)c1ccccc1
23400779,440064,C[C@H](C(=O)O)[C@H](N)C(=O)O
10657292,30951,C=CCOc1ccc(CC(=O)O)cc1Cl
10657292,50897,CCCCOC(=O)C(C)Oc1ccc(Oc2ccc(C(F)(F)F)cn2)cc1
5978,40839,CC[C@]1(O)C[C@H]2CN(CCc3c([nH]c4ccccc34)[C@@](C(=O)OC)(c3cc4c(cc3OC)N(C)[C@H]3[C@@](O)(C(=N)O)[C@H](O)[C@]5(CC)C=CCN6CC[C@]43[C@@H]65)C2)C1
5978,70678725,COC1=C(Br)[C@H](O)[C@@]2(C=C1Br)CC(C(=O)NCCCCNC(=O)C1=NO[C@@]3(C=C(Br)C(=O)[C@H](Br)[C@H]3O)C1)=NO2
5978,288,C[N+](C)(C)CC(O)CC(=O)[O-]
91972258,53262337,CCCCCCCCCCCCCCCCCCCCCCCC[C@@H](C(=O)O)[C@H](O)CCCCCCCCCCCCCCCCC[C@H]1C[C@H]1CCCCCCCCCCCCCCCC[C@@H](OC)[C@H](C)CCCCCCCCCCCCCCCCCC
91972258,23674745,CC(C(=O)[O-])c1ccc(CC2CCCC2=O)cc1.O.O.[Na+]
91972258,10884902,CC[C@H]1CN2CCc3cc(OC)c(OC)cc3[C@@H]2C[C@@H]1C[C@@H]1NCCc2cc(O)c(O)cc21
441891,132282124,C[C@@H]1O[C@@H](OCCCCCC(=O)SCCN=C(O)CCN=C(O)[C@H](O)C(C)(C)COP(=O)(O)OP(=O)(O)OC[C@H]2O[C@@H](n3cnc4c(N)ncnc43)[C@H](O)[C@@H]2OP(=O)(O)O)[C@H](O)C[C@H]1O
441891,160570,C=C(C)[C@@H]1CCC(C)=C[C@H]1c1c(O)cc(CCCCC)c(C(=O)O)c1O
167161,5780,OC[C@@H](O)[C@@H](O)[C@H](O)[C@@H](O)CO
167161,23976,[Cr]
167161,91825749,C[C@H](CC[C@H](O)[C@@H](C)CO)[C@H]1CC[C@H]2[C@@H]3CC=C4C[C@@H](O)CC[C@]4(C)[C@H]3CC[C@]12C
168678,443144,CC(=O)C[C@@H]1CCCN1C
168678,25202957,COP(=O)(O)OCCNC(=N)N
9828112,10313378,CSC[C@H]1OC(O)[C@H](O)[C@@H]1O
9828112,69212,CC1=CC(=O)C(=O)C=C1O
9828112,71306370,Cc1cn([C@H]2C[C@H](OP(=O)(O)OC[C@H]3O[C@@H](n4cc(C)c(O)nc4=O)C[C@@H]3OP(=O)(O)OC[C@H]3O[C@@H](n4cc(C)c(O)nc4=O)C[C@@H]3OP(=O)(O)OC[C@H]3O[C@@H](n4cc(C)c(O)nc4=O)C[C@@H]3OP(=O)(O)OC[C@H]3O[C@@H](n4cc(C)c(O)nc4=O)C[C@@H]3O)[C@@H](COP(=O)(O)O)O2)c(=O)nc1O
19371515,23674745,CC(C(=O)[O-])c1ccc(CC2CCCC2=O)cc1.O.O.[Na+]
19371515,45266658,N=C(CN=C[O-])NC1O[C@H](COP(=O)(O)O)[C@@H](O)[C@H]1O
10690,5780,OC[C@@H](O)[C@@H](O)[C@H](O)[C@@H](O)CO
10690,5780,OC[C@@H](O)[C@@H](O)[C@H](O)[C@@H](O)CO
10690,7058116,O=C1OC2(c3ccccc31)c1cc([N+](=O)[O-])c([O-])c(Br)c1Oc1c2cc([N+](=O)[O-])c([O-])c1Br
91666325,440649,Cc1ncc(C[n+]2c(C(O)CCC(=O)O)sc(CCOP(=O)(O)OP(=O)(O)O)c2C)c(=N)[nH]1
91666325,90002174,Cc1cccc2[nH]c(C(=O)O)c(C)c12
240232,5780,OC[C@@H](O)[C@@H](O)[C@H](O)[C@@H](O)CO
240232,69212,CC1=CC(=O)C(=O)C=C1O
240232,71464507,CCCCCCCC/C=C\CCCCCCCCCC(=O)OC(CC(=O)[O-])C[N+](C)(C)C
440156,5780,OC[C@@H](O)[C@@H](O)[C@H](O)[C@@H](O)CO
440156,443144,CC(=O)C[C@@H]1CCCN1C
440156,7567127,C[C@H]1O[C@@H](O)[C@H](O)[C@H](O)[C@H]1O
123886,56955923,O=[As]([O-])(O)c1ccccc1
123886,23674745,CC(C(=O)[O-])c1ccc(CC2CCCC2=O)cc1.O.O.[Na+]
123886,5352715,CCCCCCCCCCCC(=O)OC/C=C(C)/C=C/C=C(C)/C=C/C1=C(C)CCCC1(C)C
6948,56955923,O=[As]([O-])(O)c1ccccc1
6948,49859627,COc1cccc2[nH]cc(C/C(=N/OS(=O)(=O)[O-])S[C@@H]3O[C@H](CO)[C@@H](O)[C@H](O)[C@H]3O)c12
6948,122196,N[C@@H](Cc1cc(I)c(Oc2ccc(OS(=O)(=O)O)c(I)c2)c(I)c1)C(=O)O
5460297,5780,OC[C@@H](O)[C@@H](O)[C@H](O)[C@@H](O)CO
5460297,69212,CC1=CC(=O)C(=O)C=C1O
5460297,21843,C=CN1CC1
86289434,53322523,COc1cc2oc(C)cc(=O)c2c(O)c1OC
86289434,5780,OC[C@@H](O)[C@@H](O)[C@H](O)[C@@H](O)CO
86289434,80307,C[C@H](N)CO
46878538,5780,OC[C@@H](O)[C@@H](O)[C@H](O)[C@@H](O)CO
46878538,69212,CC1=CC(=O)C(=O)C=C1O
46878538,447568,O=P(O)(O)OC[C@H]1O[C@@H](O)[C@@H](O)[C@@H]1O
15466,69212,CC1=CC(=O)C(=O)C=C1O
15466,52925127,CCCCC/C=C\C/C=C\CCCCCCCC(=O)O[C@H](CO/C=C\CCCCCCCCCCCCCC)COP(=O)(O)OCCN
10050190,49859627,COc1cccc2[nH]cc(C/C(=N/OS(=O)(=O)[O-])S[C@@H]3O[C@H](CO)[C@@H](O)[C@H](O)[C@H]3O)c12
10050190,21668242,C[NH2+]CCCC[NH3+]
70698998,5780,OC[C@@H](O)[C@@H](O)[C@H](O)[C@@H](O)CO
70698998,71298190,CC(O)=N[C@H]1C(O)O[C@H](CO)[C@H](O)[C@@H]1O[C@@H]1O[C@H](CO)[C@H](O[C@H]2O[C@H](CO)[C@H](O)[C@H](O)[C@H]2O)[C@H](O)[C@H]1O[C@@H]1O[C@@H](C)[C@@H](O)[C@@H](O)[C@@H]1O
70698998,3083930,CC1=C(CCC2=C(C)CC[C@H]3C(C)(C)[C@@H](O)CC[C@]23C)[C@@]2(C)CC[C@H](O)C(C)(C)[C@@H]2CC1
46174043,57485956,O=P([O-])([O-])OC[C@H]1O[C@H](O[C@]2(CO)O[C@H](CO)[C@@H](O)[C@@H]2O)[C@H](O)[C@@H](O)[C@@H]1O
46174043,52929771,CCCCCCCCCCCCCCCC/C=C\OC[C@@H](O)COP(=O)(O)O
46174043,3290,CCN(CC)C(C)CN1c2ccccc2Sc2ccccc21
4932,5354212,COC(=O)/C=C1/CC[C@H]2[C@@H]3CCC4=CC(=O)CC[C@]4(C)[C@H]3C(=O)C[C@]12C
4932,13190,C=CCCCCCCCCC
71581216,14212362,Nc1nc(O)nc2c1ncn2[C@@H]1O[C@H](COP(=O)(O)O)[C@@H](O)[C@H]1O
71581216,134160296,CSC[C@H]1O[C@H](O[C@H]2[C@H](O)[C@H](O)[C@@H](OC[C@H]3O[C@@H](O[C@@H]4[C@@H](OC[C@H]5O[C@H](OC[C@H]6OC(O)[C@@H](O)[C@@H]6O)[C@@H](O)[C@@H]5O[C@H]5O[C@H](CO)[C@@H](O)[C@@H]5O[C@@H]5O[C@H](CO)[C@@H](O)[C@@H]5O)O[C@H](CO)[C@H]4O)[C@@H](O)[C@@H]3O)O[C@@H]2CO)[C@H](O)[C@H]1O
71581216,467296,COc1cc(C(=O)O[C@@H]2Cc3c(O)cc(O)cc3O[C@@H]2c2ccc(O)c(O)c2)cc(O)c1O
135455418,135398513,N=c1nc(O)c2ncn(COCCO)c2[nH]1
135455418,23674745,CC(C(=O)[O-])c1ccc(CC2CCCC2=O)cc1.O.O.[Na+]
135455418,3406,Cc1cn[nH]c1
557527,5780,OC[C@@H](O)[C@@H](O)[C@H](O)[C@@H](O)CO
557527,10825777,NC(Cc1cc(O)c2c(c1)SCC(O)=N2)C(=O)O
557527,25229567,O=C(ON1C(=O)CCC1=O)C1CCN(S(=O)(=O)c2ccccc2-c2c3ccc(N4Cc5ccccc5C4)cc3[o+]c3cc(N4Cc5ccccc5C4)ccc23)CC1.[Cl-]
54733285,52929771,CCCCCCCCCCCCCCCC/C=C\OC[C@@H](O)COP(=O)(O)O
54733285,44322045,CCCCCCCCCCC/C=C\CCCCC(=N)O
98285,56955923,O=[As]([O-])(O)c1ccccc1
98285,3023585,CCCCCCCCCCCCCCCCCCCCCC(O)=NCCO
441852,440649,Cc1ncc(C[n+]2c(C(O)CCC(=O)O)sc(CCOP(=O)(O)OP(=O)(O)O)c2C)c(=N)[nH]1
441852,135912260,O=C(O)C(=O)/C=C/c1c([O-])cc(C(=O)O)nc1[O-]
71728341,71728342,CO[C@@H]1[C@@H](O)[C@H](O[C@@H]2[C@@H](O)[C@H](O[C@H]3[C@H](O)[C@@H](O)[C@H](O[C@H]4[C@H](O[C@H]5CC[C@]6(C)C7=C[C@H](O)C89C(=O)O[C@@](C)(CCC(O)C(C)C)[C@@]8(O)CC[C@@]9(C)[C@@H]7CC[C@H]6C5(C)C)OC[C@@H](OS(=O)(=O)O)[C@@H]4O)O[C@@H]3C)O[C@H](CO)[C@H]2O)O[C@H](CO)[C@H]1O
71728341,134160296,CSC[C@H]1O[C@H](O[C@H]2[C@H](O)[C@H](O)[C@@H](OC[C@H]3O[C@@H](O[C@@H]4[C@@H](OC[C@H]5O[C@H](OC[C@H]6OC(O)[C@@H](O)[C@@H]6O)[C@@H](O)[C@@H]5O[C@H]5O[C@H](CO)[C@@H](O)[C@@H]5O[C@@H]5O[C@H](CO)[C@@H](O)[C@@H]5O)O[C@H](CO)[C@H]4O)[C@@H](O)[C@@H]3O)O[C@@H]2CO)[C@H](O)[C@H]1O
71728341,9554,O=C(O)C(F)(F)C(F)(F)C(F)(F)C(F)(F)C(F)(F)C(F)(F)C(F)(F)F
151229,5780,OC[C@@H](O)[C@@H](O)[C@H](O)[C@@H](O)CO
151229,137547,C#CCC(=O)O
151229,1483,Oc1c(Br)cc(Br)cc1Br
71581093,56955923,O=[As]([O-])(O)c1ccccc1
71581093,5780,OC[C@@H](O)[C@@H](O)[C@H](O)[C@@H](O)CO
71581093,126456528,CCCCCCCC/C=C\CCCCCCCC(=O)OC(CCCCCCCCCCCCC)CCCC(=O)O
91846847,49859627,COc1cccc2[nH]cc(C/C(=N/OS(=O)(=O)[O-])S[C@@H]3O[C@H](CO)[C@@H](O)[C@H](O)[C@H]3O)c12
91846847,9548843,CCCCCCCCCCCCCCCC(O)CCCCCCCCCCCCCCC
68257,56955923,O=[As]([O-])(O)c1ccccc1
68257,30951,C=CCOc1ccc(CC(=O)O)cc1Cl
68257,134131607,COc1cc(O)c2c(=O)oc3c(c2c1)[C@@](C)(O)C[C@@H](OC)[C@@]31C[C@@H](O)C(=O)O1
5748580,5280695,COc1c(O)cc(O)c2c(=O)c(O)c(-c3ccc(O)c(O)c3)oc12
5748580,5354212,COC(=O)/C=C1/CC[C@H]2[C@@H]3CCC4=CC(=O)CC[C@]4(C)[C@H]3C(=O)C[C@]12C
5748580,91825578,CCCCCCCCCCCCC/C=C/[C@@H](O)[C@H](COP(=O)([O-])O)N=C([O-])CCCCCCC
5460197,5780,OC[C@@H](O)[C@@H](O)[C@H](O)[C@@H](O)CO
5460197,5780,OC[C@@H](O)[C@@H](O)[C@H](O)[C@@H](O)CO
5460197,9828112,OC[C@H]1OC(O)C[C@@H]1O
71296145,52929771,CCCCCCCCCCCCCCCC/C=C\OC[C@@H](O)COP(=O)(O)O
71296145,24778900,CC/C=C\C/C=C\C/C=C\C/C=C\C/C=C\CCCCCC(=O)O[C@H](COC(=O)CCCCCCCCC/C=C\CCCCCC)COP(=O)([O-])OCC[N+](C)(C)C
56927734,15375588,Cc1cn([C@H]2C[C@H](O)[C@@H](COP(=O)(O)OP(=O)(O)O[C@H]3O[C@@H](C)[C@@H](O)[C@@H](O)[C@H]3O)O2)c(=O)nc1O
56927734,440649,Cc1ncc(C[n+]2c(C(O)CCC(=O)O)sc(CCOP(=O)(O)OP(=O)(O)O)c2C)c(=N)[nH]1
56927734,69212,CC1=CC(=O)C(=O)C=C1O
71581035,71581040,Cc1nc2n(C)c3c(ncn3[C@@H]3O[C@H](COP(=O)(O)O)[C@@H](O)[C@H]3O)c(=O)n2c1CC(O)[C@H](N)C(=O)O
71581035,49859627,COc1cccc2[nH]cc(C/C(=N/OS(=O)(=O)[O-])S[C@@H]3O[C@H](CO)[C@@H](O)[C@H](O)[C@H]3O)c12
71581035,9912721,CC1=C(CC(=O)OCCCCO[N+](=O)[O-])c2cc(F)ccc2/C1=C\c1ccc(S(C)=O)cc1
74873,5780,OC[C@@H](O)[C@@H](O)[C@H](O)[C@@H](O)CO
74873,5780,OC[C@@H](O)[C@@H](O)[C@H](O)[C@@H](O)CO
74873,14636489,COc1cccc(CC=C(C)C)c1O
86289843,5780,OC[C@@H](O)[C@@H](O)[C@H](O)[C@@H](O)CO
86289843,5354212,COC(=O)/C=C1/CC[C@H]2[C@@H]3CCC4=CC(=O)CC[C@]4(C)[C@H]3C(=O)C[C@]12C
86289843,53477637,C[C@H](CCC(=O)SCCN=C([O-])CCN=C([O-])[C@H](O)C(C)(C)COP(=O)(O)OP(=O)(O)OC[C@H]1O[C@@H](n2cnc3c(N)ncnc32)[C@H](O)[C@@H]1OP(=O)([O-])[O-])[C@H]1CC[C@H]2[C@@H]3[C@H](O)C[C@@H]4C[C@H](O)CC[C@]4(C)[C@H]3CC[C@]12C
49852318,23674745,CC(C(=O)[O-])c1ccc(CC2CCCC2=O)cc1.O.O.[Na+]
49852318,75447,Cc1ccc(N2C(=O)c3cccc4c(N)c(S(=O)(=O)O)cc(c34)C2=O)cc1
104880,23674745,CC(C(=O)[O-])c1ccc(CC2CCCC2=O)cc1.O.O.[Na+]
104880,122196,N[C@@H](Cc1cc(I)c(Oc2ccc(OS(=O)(=O)O)c(I)c2)c(I)c1)C(=O)O
480872,52929771,CCCCCCCCCCCCCCCC/C=C\OC[C@@H](O)COP(=O)(O)O
480872,6654,CC1=CCC2CC1C2(C)C
86583436,14212362,Nc1nc(O)nc2c1ncn2[C@@H]1O[C@H](COP(=O)(O)O)[C@@H](O)[C@H]1O
86583436,132282124,C[C@@H]1O[C@@H](OCCCCCC(=O)SCCN=C(O)CCN=C(O)[C@H](O)C(C)(C)COP(=O)(O)OP(=O)(O)OC[C@H]2O[C@@H](n3cnc4c(N)ncnc43)[C@H](O)[C@@H]2OP(=O)(O)O)[C@H](O)C[C@H]1O
86583436,91850668,CC(O)=N[C@H]1[C@H](O[C@@H]2[C@H](O)[C@H](O[C@H]3[C@H](O)[C@@H](O)[C@H](O)O[C@@H]3CO)O[C@H](CO)[C@H]2O)O[C@H](CO)[C@@H](O)[C@@H]1O
8146,5780,OC[C@@H](O)[C@@H](O)[C@H](O)[C@@H](O)CO
8146,69212,CC1=CC(=O)C(=O)C=C1O
8146,119058181,CC(O)CCCCCC/C=C\C/C=C\C/C=C\CCCC(=O)O
10209,86289485,Cc1cccc2c(C(=O)O)cc([O-])cc12
10209,5780,OC[C@@H](O)[C@@H](O)[C@H](O)[C@@H](O)CO
10209,5362065,C=CC1=C(C(=O)O)N2C(=O)[C@@H](N=C(O)/C(=N\OCC(=O)O)c3csc(=N)[nH]3)[C@H]2SC1
91850278,71298190,CC(O)=N[C@H]1C(O)O[C@H](CO)[C@H](O)[C@@H]1O[C@@H]1O[C@H](CO)[C@H](O[C@H]2O[C@H](CO)[C@H](O)[C@H](O)[C@H]2O)[C@H](O)[C@H]1O[C@@H]1O[C@@H](C)[C@@H](O)[C@@H](O)[C@@H]1O
91850278,643966,CCCCCCCCCCCCCCCC(=O)OC[C@H](COP(=O)(O)O[C@H]1[C@H](O)[C@@H](OP(=O)(O)O)[C@H](O)[C@@H](O)[C@H]1O)OC(=O)CCCCCCCCCCCCCCC
25053148,52929771,CCCCCCCCCCCCCCCC/C=C\OC[C@@H](O)COP(=O)(O)O
25053148,71581024,CC(C)=CCC/C(C)=C/CC/C(C)=C/CC/C(C)=C\CC/C(C)=C\CC/C(C)=C\CC/C(C)=C\CC/C(C)=C\CC/C(C)=C\CC/C(C)=C\CC/C(C)=C\COP(=O)(O)OP(=O)(O)O[C@H]1O[C@H](CO)[C@H](O)[C@H](O[C@H]2O[C@H](CO)[C@H](O)[C@H](O[C@@H]3O[C@H](CO)[C@H](O)[C@H](O)[C@H]3O)[C@H]2N=C(C)O)[C@H]1N=C(C)O
46878557,656501,N=c1ccn([C@@H]2O[C@H](COP(=O)(O)O[C@@]3(C(=O)O)C[C@H](O)[C@@H](N=C(O)CO)[C@H]([C@H](O)[C@H](O)CO)O3)[C@@H](O)[C@H]2O)c(O)n1
46878557,440649,Cc1ncc(C[n+]2c(C(O)CCC(=O)O)sc(CCOP(=O)(O)OP(=O)(O)O)c2C)c(=N)[nH]1
46878557,90659091,N=c1ccn([C@@H]2O[C@H](COP(=O)(O)OP(=O)(O)OC[C@H](O)CO)[C@@H](O)[C@H]2O)c(O)n1
22848660,14212362,Nc1nc(O)nc2c1ncn2[C@@H]1O[C@H](COP(=O)(O)O)[C@@H](O)[C@H]1O
22848660,5354212,COC(=O)/C=C1/CC[C@H]2[C@@H]3CCC4=CC(=O)CC[C@]4(C)[C@H]3C(=O)C[C@]12C
22848660,71581216,CCCCCCCCCCCCCCCCCCCCCCCCCCCC(=O)CC(=O)SCCN=C(O)CCN=C(O)[C@H](O)C(C)(C)COP(=O)(O)OP(=O)(O)OC[C@H]1O[C@@H](n2cnc3c(N)ncnc32)[C@H](O)[C@@H]1OP(=O)(O)O
53481703,5780,OC[C@@H](O)[C@@H](O)[C@H](O)[C@@H](O)CO
53481703,53239731,CC(O)=N[C@@H]1[C@@H](O[C@@H]2O[C@@H](C)[C@@H](O)[C@@H](O)[C@@H]2O)[C@H](O[C@@H]2O[C@H](CO)[C@@H](O)[C@H](O)[C@H]2N=C(C)O)[C@@H](CO[C@@H]2O[C@@H](C)[C@@H](O)[C@@H](O)[C@@H]2O)O[C@H]1O
53481703,86289229,CCCCCC(=O)OC[C@@H](CO)OC(=O)CCCCC
12741,5780,OC[C@@H](O)[C@@H](O)[C@H](O)[C@@H](O)CO
12741,443144,CC(=O)C[C@@H]1CCCN1C
12741,71581035,Cc1nc2[nH]c3c(ncn3[C@@H]3O[C@H](COP(=O)(O)O)[C@@H](O)[C@H]3O)c(=O)n2c1CC[C@H](N)C(=O)O
2145,30951,C=CCOc1ccc(CC(=O)O)cc1Cl
2145,441203,N.N.[Cl-].[Cl-].[Pt+4]
23679527,52929771,CCCCCCCCCCCCCCCC/C=C\OC[C@@H](O)COP(=O)(O)O
23679527,59768,COC(=O)CCc1ccc(OCC(O)CNC(C)C)cc1
32184,23674745,CC(C(=O)[O-])c1ccc(CC2CCCC2=O)cc1.O.O.[Na+]
32184,6992367,CC(C)C[C@H](N=C(O)[C@@H](N)CC(=O)O)C(=O)O
9927988,45052211,OC[C@H]1O[C@H](O[C@@H]2COC(O)(CO)[C@@H](O)[C@@H]2O)[C@H](O)[C@@H](O)[C@@H]1O
9927988,5354212,COC(=O)/C=C1/CC[C@H]2[C@@H]3CCC4=CC(=O)CC[C@]4(C)[C@H]3C(=O)C[C@]12C
9927988,7257940,C/C(=C\C(=O)[O-])C(=O)[O-]
5282897,5780,OC[C@@H](O)[C@@H](O)[C@H](O)[C@@H](O)CO
5282897,5780,OC[C@@H](O)[C@@H](O)[C@H](O)[C@@H](O)CO
5282897,70698350,CC1=C(CCC(=O)[O-])C2=N[C@@]1(C)CC1=C(CCC(=O)[O-])[C@](C)(CC(=O)[O-])C(=N1)/C=C1\N[C@@](C)([C@@H]3N=C(C2C)[C@](C)(CCC(=O)[O-])[C@H]3CC(=O)[O-])[C@@](C)(CC(=O)O)[C@@H]1CCC(=O)[O-]
5281417,5354212,COC(=O)/C=C1/CC[C@H]2[C@@H]3CCC4=CC(=O)CC[C@]4(C)[C@H]3C(=O)C[C@]12C
5281417,49852452,CC([O-])=N[C@@H]1[C@@H](O[C@@H]2O[C@H](COS(=O)(=O)O)[C@@H](O)[C@H](O)[C@H]2O)[C@@H](O)[C@@H](CO[C@@H]2O[C@H](CO)[C@H](O)[C@H](O[C@@H]3O[C@H](COS(=O)(=O)O)[C@@H](O)[C@H](O)[C@H]3O)[C@H]2N=C(C)[O-])O[C@H]1O
137333836,5780,OC[C@@H](O)[C@@H](O)[C@H](O)[C@@H](O)CO
137333836,23674745,CC(C(=O)[O-])c1ccc(CC2CCCC2=O)cc1.O.O.[Na+]
137333836,1864,COc1cc2c(CCN=C(C)O)c[nH]c2cc1O
70789004,70788977,CC(O)=N[C@@H]1[C@@H](O)[C@H](O[C@@H]2O[C@H](CO[C@]3(C(=O)O)C[C@H](O)[C@@H](N=C(C)O)[C@H]([C@H](O)[C@H](O)CO)O3)[C@H](O)[C@H](O)[C@H]2O)[C@@H](COS(=O)(=O)O)O[C@H]1O
70789004,53239731,CC(O)=N[C@@H]1[C@@H](O[C@@H]2O[C@@H](C)[C@@H](O)[C@@H](O)[C@@H]2O)[C@H](O[C@@H]2O[C@H](CO)[C@@H](O)[C@H](O)[C@H]2N=C(C)O)[C@@H](CO[C@@H]2O[C@@H](C)[C@@H](O)[C@@H](O)[C@@H]2O)O[C@H]1O
70789004,540,N#CO
118797927,5354212,COC(=O)/C=C1/CC[C@H]2[C@@H]3CCC4=CC(=O)CC[C@]4(C)[C@H]3C(=O)C[C@]12C
118797927,78319901,C[C@@H]1CN(c2cc(-c3n[nH]c4ccc(OC5(C)CC5)cc34)ncn2)C[C@H](C)O1
70680373,5780,OC[C@@H](O)[C@@H](O)[C@H](O)[C@@H](O)CO
70680373,53239731,CC(O)=N[C@@H]1[C@@H](O[C@@H]2O[C@@H](C)[C@@H](O)[C@@H](O)[C@@H]2O)[C@H](O[C@@H]2O[C@H](CO)[C@@H](O)[C@H](O)[C@H]2N=C(C)O)[C@@H](CO[C@@H]2O[C@@H](C)[C@@H](O)[C@@H](O)[C@@H]2O)O[C@H]1O
70680373,12314983,Oc1ccc2c(c1)O[C@H](c1cc(O)c(O)c(O)c1)[C@@H](O)C2
73443131,52929771,CCCCCCCCCCCCCCCC/C=C\OC[C@@H](O)COP(=O)(O)O
73443131,439864,CC12CC(=O)C(CC(=O)O1)C2(C)C
131801249,23674745,CC(C(=O)[O-])c1ccc(CC2CCCC2=O)cc1.O.O.[Na+]
131801249,91972280,CC([O-])=N[C@H]1[C@H](O[C@H]2[C@H](O)[C@@H](CO)O[C@H](OP(=O)(O)OCCC(C)CC/C=C(/C)CC/C=C(\C)CC/C=C(\C)CCCC(C)C)[C@@H]2N=C(C)O)O[C@H](C(=O)O)[C@@H](O)[C@@H]1N=C(C)[O-]
439586,49859627,COc1cccc2[nH]cc(C/C(=N/OS(=O)(=O)[O-])S[C@@H]3O[C@H](CO)[C@@H](O)[C@H](O)[C@H]3O)c12
439586,54740347,C=CC1=C(C)C(CC2=N/C(=C3/C(C(=O)OC)=C([O-])c4c3[nH]c(Cc3[nH]c(C=O)c(C)c3CC)c4C)[C@@H](CCC(=O)[O-])[C@@H]2C)N=C1O
56935841,5780,OC[C@@H](O)[C@@H](O)[C@H](O)[C@@H](O)CO
56935841,23674745,CC(C(=O)[O-])c1ccc(CC2CCCC2=O)cc1.O.O.[Na+]
56935841,5280891,CCCCC[C@H](O)/C=C/[C@H]1OC(=O)C[C@H](O)[C@@H]1C/C=C\CCCC(=O)O
5280719,18614382,O=C1CCC(C(=O)[O-])C1
5280719,5354212,COC(=O)/C=C1/CC[C@H]2[C@@H]3CCC4=CC(=O)CC[C@]4(C)[C@H]3C(=O)C[C@]12C
5280719,1826,O=C(O)Cc1c[nH]c2ccc(O)cc12
56927974,92746,CC(C)=CCC[C@@H](C)[C@H]1CC[C@H]2C3=C(CC[C@]12C)[C@@]1(C)CC[C@H](O)C[C@@H]1CC3
56927974,52929771,CCCCCCCCCCCCCCCC/C=C\OC[C@@H](O)COP(=O)(O)O
56927974,56951734,CCCCCCCCCCCCCCCC(O)=N[C@@H](COC1O[C@H](CO)[C@H](O)[C@H](O)[C@H]1O)[C@H](O)CCCCCCCCCCCCCCC
42586,56955923,O=[As]([O-])(O)c1ccccc1
42586,23674745,CC(C(=O)[O-])c1ccc(CC2CCCC2=O)cc1.O.O.[Na+]
42586,101597,Cl.OC(CCN1CCCCC1)(c1ccccc1)C1CCCC1
441460,5780,OC[C@@H](O)[C@@H](O)[C@H](O)[C@@H](O)CO
441460,23674745,CC(C(=O)[O-])c1ccc(CC2CCCC2=O)cc1.O.O.[Na+]
441460,54900,Cl.O=C(c1ccc(OCCN2CCCCC2)cc1)c1c(-c2ccc(O)cc2)sc2cc(O)ccc12
64961,5780,OC[C@@H](O)[C@@H](O)[C@H](O)[C@@H](O)CO
64961,6436079,CC1=C(/C=C/C(C)=C/C=C/C(C)=C\C=O)C(C)(C)CCC1
25201261,5354212,COC(=O)/C=C1/CC[C@H]2[C@@H]3CCC4=CC(=O)CC[C@]4(C)[C@H]3C(=O)C[C@]12C
25201261,309,O=C(O)C=C(CC(=O)O)C(=O)O
193412,122391229,C=CCCCC1CC1=C
193412,69212,CC1=CC(=O)C(=O)C=C1O
193412,135455418,N=c1nc(O)c2ncn([C@@H](CO)OC(CO)CO)c2[nH]1
135886618,23674745,CC(C(=O)[O-])c1ccc(CC2CCCC2=O)cc1.O.O.[Na+]
135886618,97165,O=C1O[C@@H]([C@H](O)CO)[C@H](O)[C@H]1O
6440013,9543003,CC(C)(COP(=O)(O)OP(=O)(O)OC[C@H]1O[C@@H](n2cnc3c(N)ncnc32)[C@H](O)[C@@H]1OP(=O)(O)O)[C@@H](O)C(O)=NCCC(O)=NCCSC(=O)/C(=C/c1ccccc1)CC(=O)O
6440013,6433272,C[C@@H]1[C@H](O)[C@@H](C)/C=C/C=C/CC/C=C/C=C/C=C/C=C/C(O[C@H]2O[C@H](C)[C@@H](O)[C@H](N)[C@@H]2O)CC2O[C@](O)(CC(O)C(O)CCC(O)CC(O)CC(O)CC(=O)O[C@H]1C)CC(O)C2C(=O)O
6440013,25034673,COc1cc(O)c2c(=O)c3c(O)cc(C)cc3oc2c1
485154,46931152,CCCCCCCC/C=C\CCCCCCCC(=O)OC[C@H](COP(=O)(O)OCC(O)COP(=O)(O)OC[C@@H](COC(=O)CCCCCCC/C=C\CCCCCCCC)OC(=O)CCCCCCC/C=C\CCCCCCCC)OC(=O)CCCCCCC/C=C\CCCCCCCC
485154,86583397,O=C1C[C@@](O)(COP(=O)([O-])[O-])[C@@H](O)[C@H](O)[C@@H]1O
51037954,5780,OC[C@@H](O)[C@@H](O)[C@H](O)[C@@H](O)CO
51037954,23674745,CC(C(=O)[O-])c1ccc(CC2CCCC2=O)cc1.O.O.[Na+]
51037954,1388675,c1cc2c(cc1C1CCCCC1)c1c3n2CCN[C@H]3CCC1
145946113,73271,O=C(O)Cc1cc(O)nc(O)n1
145946113,121596220,CC(C(=O)[O-])C(=O)OC(CC(=O)[O-])C[N+](C)(C)C
145946113,441082,C[C@H]1[C@H]2CC[C@H]3[C@@H]4CC=C5C[C@@H](N(C)C)CC[C@]5(C)[C@H]4CC[C@]23CN1C
24425,5780,OC[C@@H](O)[C@@H](O)[C@H](O)[C@@H](O)CO
24425,243,O=C(O)c1ccccc1
24425,57379345,Cc1cc(Nc2ncc(Cl)c(=Nc3ccccc3S(=O)(=O)C(C)C)[nH]2)c(OC(C)C)cc1C1CCNCC1
73145,21594148,CC1(C)CC[C@]2(C(=O)O)CC[C@]3(C)C(=CC[C@@H]4[C@@]5(C)CC[C@H](O)[C@](C)(CO)[C@@H]5CC[C@]43C)[C@@H]2[C@@H]1O
73145,52929771,CCCCCCCCCCCCCCCC/C=C\OC[C@@H](O)COP(=O)(O)O
73145,440405,CC(O)=N[C@@H]1[C@@H](O[C@@H]2O[C@H](CO)[C@H](O)[C@H](O)[C@H]2O)[C@@H](O)[C@@H](CO)O[C@H]1O
23724539,49859627,COc1cccc2[nH]cc(C/C(=N/OS(=O)(=O)[O-])S[C@@H]3O[C@H](CO)[C@@H](O)[C@H](O)[C@H]3O)c12
23724539,16684434,O=C([O-])c1ccccc1[S-].[CH2]C.[Hg+].[Na+]
71668333,5780,OC[C@@H](O)[C@@H](O)[C@H](O)[C@@H](O)CO
71668333,23674745,CC(C(=O)[O-])c1ccc(CC2CCCC2=O)cc1.O.O.[Na+]
71668333,44542228,COC(=O)[C@@H]1O[C@@]1(C)CC/C=C(\C)CC[C@H]1OC1(C)C
16061339,121935,CC(C)CCC[C@](C)(O)[C@H]1CC[C@H]2[C@@H]3CC=C4C[C@@H](O)CC[C@]4(C)[C@H]3CC[C@@]21C
16061339,53239731,CC(O)=N[C@@H]1[C@@H](O[C@@H]2O[C@@H](C)[C@@H](O)[C@@H](O)[C@@H]2O)[C@H](O[C@@H]2O[C@H](CO)[C@@H](O)[C@H](O)[C@H]2N=C(C)O)[C@@H](CO[C@@H]2O[C@@H](C)[C@@H](O)[C@@H](O)[C@@H]2O)O[C@H]1O
16061339,108109,CC(C)CCC[C@@H](C)[C@H]1CC[C@H]2[C@@H]3C[C@H]4O[C@]45C[C@@H](O)CC[C@]5(C)[C@H]3CC[C@]12C
86289282,5780,OC[C@@H](O)[C@@H](O)[C@H](O)[C@@H](O)CO
86289282,49859627,COc1cccc2[nH]cc(C/C(=N/OS(=O)(=O)[O-])S[C@@H]3O[C@H](CO)[C@@H](O)[C@H](O)[C@H]3O)c12
86289282,44567046,COc1ccc2c(c1OC)O[C@H](c1cc(OC)c(OC)c(OC)c1O)CC2
568153,552086,CC(C)(CC(Br)CC(Cl)(Cl)Cl)C1OCCO1
568153,23674745,CC(C(=O)[O-])c1ccc(CC2CCCC2=O)cc1.O.O.[Na+]
568153,9548624,CC(C)(O)C/C(=N\OS(=O)(=O)O)S[C@@H]1O[C@H](CO)[C@@H](O)[C@H](O)[C@H]1O
72715762,5780,OC[C@@H](O)[C@@H](O)[C@H](O)[C@@H](O)CO
72715762,14345637,CCCCC/C=C\C/C=C\C/C=C\C/C=C\CCCC(=O)OC(CO)COC(=O)CCCCCCCCCCCCCCCCC
72715762,251590,C=CCOc1ccc2c(c1)CC[C@@H]1[C@@H]2CC[C@]2(C)[C@@H](O)[C@H](O)C[C@@H]12
71815,21283465,Cn1cnc(CC(=O)[O-])c1
71815,5780,OC[C@@H](O)[C@@H](O)[C@H](O)[C@@H](O)CO
71815,5238,[I-].[Na+]
49801838,49859627,COc1cccc2[nH]cc(C/C(=N/OS(=O)(=O)[O-])S[C@@H]3O[C@H](CO)[C@@H](O)[C@H](O)[C@H]3O)c12
49801838,71627173,CC(C)C[C@H](N=C(O)[C@H](Cc1ccccc1)C[C@@H](O)[C@H](Cc1ccccc1)N=C(O)OC(C)(C)C)C(O)=N[C@@H](Cc1ccccc1)C(O)=NCCCOCCOCCOCCCN=C(O)COCCOCCOCC(O)=NCCCOCCOCCOCCCN=C(O)CCSSCCN=C(O)CCCC[C@@H]1SC[C@@H]2N=C(O)N[C@@H]21
160635,5780,OC[C@@H](O)[C@@H](O)[C@H](O)[C@@H](O)CO
160635,69212,CC1=CC(=O)C(=O)C=C1O
160635,126456515,CCCCCC/C=C\CCCCCCCC(=O)OC(CCCCCCCCC)CCCCCCCC(=O)O
2482,56955923,O=[As]([O-])(O)c1ccccc1
2482,5780,OC[C@@H](O)[C@@H](O)[C@H](O)[C@@H](O)CO
2482,135398747,CN1C=CC=CC1=C[NH+]=O
86289511,15375588,Cc1cn([C@H]2C[C@H](O)[C@@H](COP(=O)(O)OP(=O)(O)O[C@H]3O[C@@H](C)[C@@H](O)[C@@H](O)[C@H]3O)O2)c(=O)nc1O
86289511,440649,Cc1ncc(C[n+]2c(C(O)CCC(=O)O)sc(CCOP(=O)(O)OP(=O)(O)O)c2C)c(=N)[nH]1
86289511,46878362,COC(=O)CCc1ccc(OCC(O)CNC(C)C)cc1.Cl
441082,5354212,COC(=O)/C=C1/CC[C@H]2[C@@H]3CCC4=CC(=O)CC[C@]4(C)[C@H]3C(=O)C[C@]12C
441082,91858192,CC(O)=N[C@H]1[C@H](O[C@H]2[C@@H](O)[C@@H](CO)OC(O)[C@@H]2O[C@@H]2O[C@H](CO)[C@@H](O)[C@H](O)[C@H]2N=C(C)O)O[C@H](CO)[C@@H](O)[C@@H]1O
24778518,5780,OC[C@@H](O)[C@@H](O)[C@H](O)[C@@H](O)CO
24778518,53239731,CC(O)=N[C@@H]1[C@@H](O[C@@H]2O[C@@H](C)[C@@H](O)[C@@H](O)[C@@H]2O)[C@H](O[C@@H]2O[C@H](CO)[C@@H](O)[C@H](O)[C@H]2N=C(C)O)[C@@H](CO[C@@H]2O[C@@H](C)[C@@H](O)[C@@H](O)[C@@H]2O)O[C@H]1O
24778518,71508666,CC/C=C\C[C@@H](O)/C=C\C=C\C=C\[C@H](O)C/C=C\C/C=C\CCC(=O)O
6341,5780,OC[C@@H](O)[C@@H](O)[C@H](O)[C@@H](O)CO
6341,540,N#CO
6341,70698998,CCCCCCCCCC/C=C/[C@@H](O)[C@H](COP(=O)(O)OCCN)N=C(O)CCCCCCCCCCCCCCCCC
54694265,56955923,O=[As]([O-])(O)c1ccccc1
54694265,56955923,O=[As]([O-])(O)c1ccccc1
54694265,4687,Cn1c(O)nc2ncn(C)c2c1=O
5324346,56955923,O=[As]([O-])(O)c1ccccc1
5324346,23674745,CC(C(=O)[O-])c1ccc(CC2CCCC2=O)cc1.O.O.[Na+]
5324346,49867229,Nc1ncnc2c1ncn2[C@@H]1O[C@@]2(COP(=O)(O)O)CO[C@@H]1[C@@H]2O
91856391,22806751,CC(O)=N[C@H]1C(O)O[C@H](CO)[C@@H](O[C@@H]2O[C@@H](C)[C@@H](O)[C@@H](O)[C@@H]2O)[C@@H]1O[C@@H]1O[C@H](CO)[C@H](O)[C@H](O)[C@H]1O
91856391,49859627,COc1cccc2[nH]cc(C/C(=N/OS(=O)(=O)[O-])S[C@@H]3O[C@H](CO)[C@@H](O)[C@H](O)[C@H]3O)c12
91856391,56927828,CC1(C)[C@H]2CC[C@]1(C)[C@H](OP(=O)(O)OP(=O)(O)O)C2
91666451,5780,OC[C@@H](O)[C@@H](O)[C@H](O)[C@@H](O)CO
91666451,5354212,COC(=O)/C=C1/CC[C@H]2[C@@H]3CCC4=CC(=O)CC[C@]4(C)[C@H]3C(=O)C[C@]12C
91666451,243,O=C(O)c1ccccc1
71768081,51041863,CCCCCCCCCCCCC/C=C/[C@@H](O)[C@H](CO[C@@H]1O[C@H](CO)[C@@H](O[C@@H]2O[C@H](CO)[C@H](O[C@@H]3O[C@H](CO)[C@H](O)[C@H](O)[C@H]3N=C(C)O)[C@H](O[C@@H]3O[C@H](CO)[C@@H](O)[C@H](O[C@@H]4O[C@H](CO)[C@H](O[C@@H]5O[C@H](CO)[C@H](O)[C@H](O)[C@H]5N=C(C)O)[C@H](O[C@]5(C(=O)O)C[C@H](O)[C@@H](N=C(C)O)[C@H]([C@H](O)[C@H](O)CO)O5)[C@H]4O)[C@H]3N=C(C)O)[C@H]2O)[C@H](O)[C@H]1O)N=C(O)CCCCCCCCCCCCCCCCC
71768081,7059387,N[C@@H](COP(=O)([O-])O)C(=O)[O-]
86290136,11560992,CC[C@H](C[C@@H](O)[C@@H](C)[C@H]1CC[C@H]2[C@@H]3CCC4=CC(=O)CC[C@]4(C)[C@H]3CC[C@]12C)C(C)C
86290136,5354212,COC(=O)/C=C1/CC[C@H]2[C@@H]3CCC4=CC(=O)CC[C@]4(C)[C@H]3C(=O)C[C@]12C
86290136,18752,COC(O)=NS(=O)(=O)c1ccc(N)cc1
137333847,101729,C=C(C)[C@@H](C)CC[C@@H](C)[C@H]1CC[C@@]2(C)[C@@H]3CC[C@H]4C(C)(C)[C@@H](O)CC[C@@]45C[C@@]35CC[C@]12C
137333847,49859627,COc1cccc2[nH]cc(C/C(=N/OS(=O)(=O)[O-])S[C@@H]3O[C@H](CO)[C@@H](O)[C@H](O)[C@H]3O)c12
137333847,25201568,CO[C@H]1C[C@H](O[C@H]2[C@H](C)[C@@H](O[C@@H]3O[C@H](C)C[C@H](N(C)C)[C@H]3OP(=O)([O-])O)[C@@H](C)C[C@@]3(CO3)C(=O)[C@H](C)[C@@H](O)[C@@H](C)[C@@H](C)OC(=O)[C@@H]2C)O[C@@H](C)[C@@H]1O
137349618,86289694,C[C@H](CCCCCCCCC/C=C/C(=O)O)O[C@@H]1O[C@@H](C)[C@H](O)C[C@H]1O
137349618,6433272,C[C@@H]1[C@H](O)[C@@H](C)/C=C/C=C/CC/C=C/C=C/C=C/C=C/C(O[C@H]2O[C@H](C)[C@@H](O)[C@H](N)[C@@H]2O)CC2O[C@](O)(CC(O)C(O)CCC(O)CC(O)CC(O)CC(=O)O[C@H]1C)CC(O)C2C(=O)O
137349618,6323266,N=C1CCCN1Cc1nc(O)nc(O)c1Cl
86289288,5354212,COC(=O)/C=C1/CC[C@H]2[C@@H]3CCC4=CC(=O)CC[C@]4(C)[C@H]3C(=O)C[C@]12C
86289288,7084,Cc1cc2nc3ccc(N(C)C)cc3sc-2cc1=[NH2+]
15924888,440649,Cc1ncc(C[n+]2c(C(O)CCC(=O)O)sc(CCOP(=O)(O)OP(=O)(O)O)c2C)c(=N)[nH]1
15924888,44237331,COc1cc(/C=C/C(=O)OCCCCCCCCCCCCCCCC(=O)O)ccc1[O-]
71464507,5780,OC[C@@H](O)[C@@H](O)[C@H](O)[C@@H](O)CO
71464507,49859627,COc1cccc2[nH]cc(C/C(=N/OS(=O)(=O)[O-])S[C@@H]3O[C@H](CO)[C@@H](O)[C@H](O)[C@H]3O)c12
71464507,3024,BrCBr
174734,71298190,CC(O)=N[C@H]1C(O)O[C@H](CO)[C@H](O)[C@@H]1O[C@@H]1O[C@H](CO)[C@H](O[C@H]2O[C@H](CO)[C@H](O)[C@H](O)[C@H]2O)[C@H](O)[C@H]1O[C@@H]1O[C@@H](C)[C@@H](O)[C@@H](O)[C@@H]1O
174734,754,O=P(O)(O)OCC(O)CO
5169,176155,CS(=O)c1ccc(-c2nc(-c3ccncc3)c(-c3ccc(F)cc3)[nH]2)cc1
5169,5354212,COC(=O)/C=C1/CC[C@H]2[C@@H]3CCC4=CC(=O)CC[C@]4(C)[C@H]3C(=O)C[C@]12C
5169,443588,CN1C([C@H]2CSC(c3ccccc3O)=N2)SC[C@H]1C(=O)O
53477625,53239731,CC(O)=N[C@@H]1[C@@H](O[C@@H]2O[C@@H](C)[C@@H](O)[C@@H](O)[C@@H]2O)[C@H](O[C@@H]2O[C@H](CO)[C@@H](O)[C@H](O)[C@H]2N=C(C)O)[C@@H](CO[C@@H]2O[C@@H](C)[C@@H](O)[C@@H](O)[C@@H]2O)O[C@H]1O
53477625,68911,CO[C@H]1O[C@@H]2O[C@@]3(C)CC[C@H]4[C@H](C)CC[C@@H]([C@H]1C)[C@@]24OO3
518964,5780,OC[C@@H](O)[C@@H](O)[C@H](O)[C@@H](O)CO
518964,13376,CCCCN=CO
518964,9543223,NC(/C=C\C(=O)[O-])=C/C(=O)C(=O)[O-]
103996,56955923,O=[As]([O-])(O)c1ccccc1
103996,5780,OC[C@@H](O)[C@@H](O)[C@H](O)[C@@H](O)CO
103996,5460801,N[C@H](C(=O)O)C(O)CC(=O)[O-]
46846236,5780,OC[C@@H](O)[C@@H](O)[C@H](O)[C@@H](O)CO
46846236,49859627,COc1cccc2[nH]cc(C/C(=N/OS(=O)(=O)[O-])S[C@@H]3O[C@H](CO)[C@@H](O)[C@H](O)[C@H]3O)c12
46846236,9548784,[O-][Te]([O-])([O-])([O-])([O-])O
11313622,5354212,COC(=O)/C=C1/CC[C@H]2[C@@H]3CCC4=CC(=O)CC[C@]4(C)[C@H]3C(=O)C[C@]12C
11313622,3678,CCN(CCCc1ccccc1)CCCc1ccccc1
6857451,5780,OC[C@@H](O)[C@@H](O)[C@H](O)[C@@H](O)CO
6857451,56955923,O=[As]([O-])(O)c1ccccc1
6857451,3536595,Cc1cc(C(C)(C)C)c(O)c(C)c1CC1=[NH+]CCN1
122391271,91972219,CC(O)=N[C@H]1[C@H](O[C@H]2[C@H](O)[C@@H](N=C(C)O)C(O)O[C@@H]2CO)O[C@H](COS(=O)(=O)O)[C@H](O)[C@@H]1O
122391271,52929771,CCCCCCCCCCCCCCCC/C=C\OC[C@@H](O)COP(=O)(O)O
122391271,2531,Clc1ccc(C(c2ccc(Cl)cc2)n2cc[n+](CC(OCc3ccc(Cl)cc3Cl)c3ccc(Cl)cc3Cl)c2)cc1
6436639,6436604,CC(C)(C)C(O)/C(=C\c1ccc(Cl)cc1)n1cncn1
6436639,23674745,CC(C(=O)[O-])c1ccc(CC2CCCC2=O)cc1.O.O.[Na+]
6436639,5460407,O=C(O)[C@H](O)[C@@H](O)CO
70698388,49859627,COc1cccc2[nH]cc(C/C(=N/OS(=O)(=O)[O-])S[C@@H]3O[C@H](CO)[C@@H](O)[C@H](O)[C@H]3O)c12
70698388,3084375,CCCCCCCCCCCCCCCCCCCCCCCCCCCCCC=O
5479539,49859627,COc1cccc2[nH]cc(C/C(=N/OS(=O)(=O)[O-])S[C@@H]3O[C@H](CO)[C@@H](O)[C@H](O)[C@H]3O)c12
5479539,4623248,CN1C(=O)N(c2cccc(Cl)c2)C(N=C(O)Nc2ccc(Cl)cc2)C1(C)C
62712,5780,OC[C@@H](O)[C@@H](O)[C@H](O)[C@@H](O)CO
62712,5780,OC[C@@H](O)[C@@H](O)[C@H](O)[C@@H](O)CO
62712,9796904,CN1CC2CC3=CC(C(=O)CC3)C3C=C(CCC3=O)CC1CN2
72193699,14212362,Nc1nc(O)nc2c1ncn2[C@@H]1O[C@H](COP(=O)(O)O)[C@@H](O)[C@H]1O
72193699,132282124,C[C@@H]1O[C@@H](OCCCCCC(=O)SCCN=C(O)CCN=C(O)[C@H](O)C(C)(C)COP(=O)(O)OP(=O)(O)OC[C@H]2O[C@@H](n3cnc4c(N)ncnc43)[C@H](O)[C@@H]2OP(=O)(O)O)[C@H](O)C[C@H]1O
72193699,53957771,C[C@]12CC[C@H]3[C@@H](CCC4CCCC[C@@]43C)[C@H]1CC[C@@H]2C1=CC(=O)OC1
71627173,53239760,C[C@H](N=C(O)[C@H](CCC(=N)O)N=C(O)CN)C(O)=NCC(O)=N[C@@H](Cc1cscn1)C(O)=N[C@@H](CC[C@H](CN)O[C@@H]1O[C@H](CO)[C@H](O)[C@H](O)[C@H]1O)C(O)=NCC(O)=N[C@@H](CCC(=O)O)C(O)=N[C@@H](CCC(=N)O)C(O)=NCC(=O)N1CCC[C@H]1C(O)=N[C@@H](CCCCN)C(O)=NCC(O)=N[C@@H](CCC(=O)O)C(O)=N[C@H](C(=O)O)[C@@H](C)O
71627173,6453839,C=C[C@@]1(C)CC[C@H]2[C@]3(C)CCCC(C)(C)[C@H]3CC[C@]2(C)O1
419775,5354212,COC(=O)/C=C1/CC[C@H]2[C@@H]3CCC4=CC(=O)CC[C@]4(C)[C@H]3C(=O)C[C@]12C
419775,91825631,[C-]#N.[C-]#[O+].[C-]#[O+].[Fe]
445125,56955923,O=[As]([O-])(O)c1ccccc1
445125,145712527,C=CC(C)(C)c1[nH]c2ccccc2c1CC1=CN2CCC[C@H]2C(O)=N1
442422,5283118,CCCCCC(=O)/C=C/[C@@H]1[C@@H](CCCCCCC(=O)O)[C@@H](O)C[C@H]1O
442422,5780,OC[C@@H](O)[C@@H](O)[C@H](O)[C@@H](O)CO
442422,91825578,CCCCCCCCCCCCC/C=C/[C@@H](O)[C@H](COP(=O)([O-])O)N=C([O-])CCCCCCC
71508666,5780,OC[C@@H](O)[C@@H](O)[C@H](O)[C@@H](O)CO
71508666,5354212,COC(=O)/C=C1/CC[C@H]2[C@@H]3CCC4=CC(=O)CC[C@]4(C)[C@H]3C(=O)C[C@]12C
71508666,119219,O=CCc1ccc(O)c(O)c1
86583413,5780,OC[C@@H](O)[C@@H](O)[C@H](O)[C@@H](O)CO
86583413,49859627,COc1cccc2[nH]cc(C/C(=N/OS(=O)(=O)[O-])S[C@@H]3O[C@H](CO)[C@@H](O)[C@H](O)[C@H]3O)c12
86583413,11551966,CCCCCCCCCCCCCCCCOC(=O)c1ccccc1
72715816,72715827,CC[C@@]1(O)C[C@H](O[C@H]2C[C@H](N)[C@H](O)[C@H](C)O2)c2c(O)c3c(c(O)c2[C@H]1C(=O)O)C(=O)c1cccc(OC)c1C3=O
72715816,440649,Cc1ncc(C[n+]2c(C(O)CCC(=O)O)sc(CCOP(=O)(O)OP(=O)(O)O)c2C)c(=N)[nH]1
72715816,8691,Cl.N=c1ccc(N=Nc2ccccc2)c(N)[nH]1
135563791,51041863,CCCCCCCCCCCCC/C=C/[C@@H](O)[C@H](CO[C@@H]1O[C@H](CO)[C@@H](O[C@@H]2O[C@H](CO)[C@H](O[C@@H]3O[C@H](CO)[C@H](O)[C@H](O)[C@H]3N=C(C)O)[C@H](O[C@@H]3O[C@H](CO)[C@@H](O)[C@H](O[C@@H]4O[C@H](CO)[C@H](O[C@@H]5O[C@H](CO)[C@H](O)[C@H](O)[C@H]5N=C(C)O)[C@H](O[C@]5(C(=O)O)C[C@H](O)[C@@H](N=C(C)O)[C@H]([C@H](O)[C@H](O)CO)O5)[C@H]4O)[C@H]3N=C(C)O)[C@H]2O)[C@H](O)[C@H]1O)N=C(O)CCCCCCCCCCCCCCCCC
135563791,129626801,CCCCC/C=C\C=C\[C@H](O)C/C=C\C/C=C\CCCC(=O)O[C@H](CO)COP(=O)([O-])OCC[N+](C)(C)C
49791945,5354212,COC(=O)/C=C1/CC[C@H]2[C@@H]3CCC4=CC(=O)CC[C@]4(C)[C@H]3C(=O)C[C@]12C
49791945,38779,CCCSP(=O)(OCC)Oc1ccc(Br)cc1Cl
56845520,6426850,COCC(C)N(C(=O)CS(=O)(=O)O)c1c(C)csc1C
56845520,10825777,NC(Cc1cc(O)c2c(c1)SCC(O)=N2)C(=O)O
56845520,68257,COc1ccccc1I
70698350,70678725,COC1=C(Br)[C@H](O)[C@@]2(C=C1Br)CC(C(=O)NCCCCNC(=O)C1=NO[C@@]3(C=C(Br)C(=O)[C@H](Br)[C@H]3O)C1)=NO2
70698350,237,CCN(CC)CCCC(C)N=c1c2ccc(Cl)cc2[nH]c2ccc(OC)cc12
86289619,5780,OC[C@@H](O)[C@@H](O)[C@H](O)[C@@H](O)CO
86289619,53239731,CC(O)=N[C@@H]1[C@@H](O[C@@H]2O[C@@H](C)[C@@H](O)[C@@H](O)[C@@H]2O)[C@H](O[C@@H]2O[C@H](CO)[C@@H](O)[C@H](O)[C@H]2N=C(C)O)[C@@H](CO[C@@H]2O[C@@H](C)[C@@H](O)[C@@H](O)[C@@H]2O)O[C@H]1O
86289619,5249538,[NH3+]CCc1ccc(O)cc1
60834,5354212,COC(=O)/C=C1/CC[C@H]2[C@@H]3CCC4=CC(=O)CC[C@]4(C)[C@H]3C(=O)C[C@]12C
60834,129626772,CCCCCCC(=O)OC[C@H](COP(=O)(O)OCCN)OC(=O)CCCCC
9889323,49859627,COc1cccc2[nH]cc(C/C(=N/OS(=O)(=O)[O-])S[C@@H]3O[C@H](CO)[C@@H](O)[C@H](O)[C@H]3O)c12
9889323,86289431,CCCCCCCCCCCCC/C=C/[C@H](O)[C@H]([NH3+])CO
17204,135956784,CC(O)=N[C@@H](Cc1ccc(O)c(N=Nc2ccc(C(=O)O)cc2)c1)C(O)=NCC(O)=NCC(=O)O
17204,10825777,NC(Cc1cc(O)c2c(c1)SCC(O)=N2)C(=O)O
17204,71581123,CCCCCCCC/C=C\CCCCCCCCCCCCCCCC(=O)SCCN=C([O-])CCN=C([O-])[C@H](O)C(C)(C)COP(=O)(O)OP(=O)(O)OC[C@H]1O[C@@H](n2cnc3c(N)ncnc32)[C@H](O)[C@@H]1OP(=O)([O-])[O-]
3617485,23674745,CC(C(=O)[O-])c1ccc(CC2CCCC2=O)cc1.O.O.[Na+]
3617485,24832659,COC[C@]12CN(C)C3[C@@H]4[C@H](OC)[C@H]1[C@@]3([C@@H](OC)C[C@H]2O)[C@@H]1C[C@@]2(O)[C@H](OC(=O)c3ccccc3)[C@@H]1[C@]4(O)[C@@H](O)[C@@H]2OC
24755496,5780,OC[C@@H](O)[C@@H](O)[C@H](O)[C@@H](O)CO
24755496,56955923,O=[As]([O-])(O)c1ccccc1
24755496,10368709,C=C(CC[C@@H](C(=O)O)[C@H]1[C@H](O)C[C@@]2(C)C3=CC[C@H]4C(C)(C)[C@H](O)CC[C@]4(C)C3=CC[C@]12C)C(C)(C)O
91851341,91856437,OC[C@H]1O[C@@H](O[C@H]2C(O)O[C@H](CO)[C@H](O)[C@@H]2O)[C@H](O)[C@@H](O)[C@H]1O
91851341,23674745,CC(C(=O)[O-])c1ccc(CC2CCCC2=O)cc1.O.O.[Na+]
91851341,70788998,N=C(O)CC[C@H](Nc1c([N+](=O)[O-])cc([N+](=O)[O-])cc1[N+](=O)[O-])C(=O)O
224389,5780,OC[C@@H](O)[C@@H](O)[C@H](O)[C@@H](O)CO
224389,279,N=C(O)NC(CC(=O)O)C(=O)O
224389,12228,CN=C=O
53356665,5780,OC[C@@H](O)[C@@H](O)[C@H](O)[C@@H](O)CO
53356665,5354212,COC(=O)/C=C1/CC[C@H]2[C@@H]3CCC4=CC(=O)CC[C@]4(C)[C@H]3C(=O)C[C@]12C
53356665,68934,N=c1ccn([C@@H]2O[C@H](CO)[C@H]3OP(=O)(O)O[C@H]32)c(O)n1
440171,443144,CC(=O)C[C@@H]1CCCN1C
440171,86289252,CCCCCCCCCCCCCCCCCCOCC(=O)COP(=O)([O-])[O-]
70678705,14212362,Nc1nc(O)nc2c1ncn2[C@@H]1O[C@H](COP(=O)(O)O)[C@@H](O)[C@H]1O
70678705,132282124,C[C@@H]1O[C@@H](OCCCCCC(=O)SCCN=C(O)CCN=C(O)[C@H](O)C(C)(C)COP(=O)(O)OP(=O)(O)OC[C@H]2O[C@@H](n3cnc4c(N)ncnc43)[C@H](O)[C@@H]2OP(=O)(O)O)[C@H](O)C[C@H]1O
70678705,11954060,CCCCC[C@H](O)/C=C/C=C\C=C\C=C\[C@@H]1O[C@H]1CCCC(=O)O
122164861,57339202,CC(O)=N[C@@H]1[C@@H](O[C@H]2O[C@H](CO)[C@H](O)[C@H](O)[C@H]2O)[C@@H](O)[C@@H](CO)O[C@H]1O
122164861,53476539,CSCC[C@H](N=CO)C(O)=N[C@@H](CCCNC(=N)N)C(O)=N[C@H](C(O)=NCC(O)=N[C@@H](CC(=N)O)C(O)=N[C@@H](C)C(O)=N[C@@H](CC(=O)O)C(O)=NP(=O)(OCCCN)OC[C@H]1O[C@@H](n2cnc3c(N)ncnc32)[C@H](O)[C@@H]1O)[C@@H](C)O
122164861,50900596,CCO[C@@H]1OC[C@@]2(C)CCC[C@@]13c1cc(O)c(C(C)C)cc1C(=O)C[C@@H]23
5321010,5354212,COC(=O)/C=C1/CC[C@H]2[C@@H]3CCC4=CC(=O)CC[C@]4(C)[C@H]3C(=O)C[C@]12C
5321010,3485262,CN(C)C(=S)[S-].CN(C)C(=S)[S-].[Zn+2]
25201443,5780,OC[C@@H](O)[C@@H](O)[C@H](O)[C@@H](O)CO
25201443,13376,CCCCN=CO
25201443,6857777,O=c1nc([O-])ccn1[C@@H]1O[C@H](COP(=O)(O)OP(=O)(O)OP(=O)([O-])[O-])[C@@H](O)[C@H]1O
131801223,70678725,COC1=C(Br)[C@H](O)[C@@]2(C=C1Br)CC(C(=O)NCCCCNC(=O)C1=NO[C@@]3(C=C(Br)C(=O)[C@H](Br)[C@H]3O)C1)=NO2
131801223,240232,CC(C)CCCC(C)CO
688070,56955923,O=[As]([O-])(O)c1ccccc1
688070,56955923,O=[As]([O-])(O)c1ccccc1
688070,100929735,COc1cc2c(cc1C(C)C)CC[C@H]1C(C)=C(C(=O)O)CC[C@]21C
5462311,5780,OC[C@@H](O)[C@@H](O)[C@H](O)[C@@H](O)CO
5462311,11170991,CC(=O)C(=O)[C@@H](O)CO
91698819,5780,OC[C@@H](O)[C@@H](O)[C@H](O)[C@@H](O)CO
91698819,23674745,CC(C(=O)[O-])c1ccc(CC2CCCC2=O)cc1.O.O.[Na+]
91698819,97165,O=C1O[C@@H]([C@H](O)CO)[C@H](O)[C@H]1O
442426,5283118,CCCCCC(=O)/C=C/[C@@H]1[C@@H](CCCCCCC(=O)O)[C@@H](O)C[C@H]1O
442426,5780,OC[C@@H](O)[C@@H](O)[C@H](O)[C@@H](O)CO
442426,12309449,C=C[C@@]1(C)CCC(C(C)C)=C[C@@H]1C(=C)C
47499,49859627,COc1cccc2[nH]cc(C/C(=N/OS(=O)(=O)[O-])S[C@@H]3O[C@H](CO)[C@@H](O)[C@H](O)[C@H]3O)c12
47499,11637,CN.Cl
8184,5780,OC[C@@H](O)[C@@H](O)[C@H](O)[C@@H](O)CO
8184,5780,OC[C@@H](O)[C@@H](O)[C@H](O)[C@@H](O)CO
8184,126456461,CNc1cc2c(cc1C)nc1c([O-])nc(=O)nc-1n2C[C@H](O)[C@H](O)[C@H](O)CO
135460129,23674745,CC(C(=O)[O-])c1ccc(CC2CCCC2=O)cc1.O.O.[Na+]
135460129,1570,On1ccccc1=S
