molecule_id,representation,model,thinking,raw_response,parsed_answer,predicted_letter,correct_letter,latency_ms,run_id,correct
439741,canonical_smiles,qwen3-4b-instruct-2507,False,\boxed{B},\boxed{B},B,D,73.57566803693771,1,False
439741,isomeric_smiles,qwen3-4b-instruct-2507,False,\boxed{D},\boxed{D},D,A,73.57566803693771,1,False
439741,randomized_smiles,qwen3-4b-instruct-2507,False,\boxed{A},\boxed{A},A,C,73.57566803693771,1,False
439741,deepsmiles,qwen3-4b-instruct-2507,False,\boxed{B},\boxed{B},B,A,73.57566803693771,1,False
439741,iupac,qwen3-4b-instruct-2507,False,\boxed{C},\boxed{C},C,D,73.57566803693771,1,False
439741,selfies,qwen3-4b-instruct-2507,False,\boxed{A},\boxed{A},A,D,73.57566803693771,1,False
439741,moljson,qwen3-4b-instruct-2507,False,\boxed{C},\boxed{C},C,C,73.57566803693771,1,True
439741,cml,qwen3-4b-instruct-2507,False,\boxed{B},\boxed{B},B,B,73.57566803693771,1,True
439741,inchi,qwen3-4b-instruct-2507,False,\boxed{C},\boxed{C},C,C,73.57566803693771,1,True
53239801,canonical_smiles,qwen3-4b-instruct-2507,False,\boxed{D},\boxed{D},D,D,73.57566803693771,1,True
53239801,isomeric_smiles,qwen3-4b-instruct-2507,False,\boxed{A},\boxed{A},A,B,73.57566803693771,1,False
53239801,randomized_smiles,qwen3-4b-instruct-2507,False,\boxed{C},\boxed{C},C,C,73.57566803693771,1,True
53239801,deepsmiles,qwen3-4b-instruct-2507,False,\boxed{C},\boxed{C},C,B,73.57566803693771,1,False
53239801,iupac,qwen3-4b-instruct-2507,False,\boxed{D},\boxed{D},D,D,73.57566803693771,1,True
53239801,selfies,qwen3-4b-instruct-2507,False,\boxed{B},\boxed{B},B,D,73.57566803693771,1,False
53239801,moljson,qwen3-4b-instruct-2507,False,\boxed{B},\boxed{B},B,B,73.57566803693771,1,True
53239801,cml,qwen3-4b-instruct-2507,False,\boxed{C},\boxed{C},C,A,73.57566803693771,1,False
53239801,inchi,qwen3-4b-instruct-2507,False,\boxed{A},\boxed{A},A,A,73.57566803693771,1,True
70697724,canonical_smiles,qwen3-4b-instruct-2507,False,\boxed{B},\boxed{B},B,B,73.57566803693771,1,True
70697724,isomeric_smiles,qwen3-4b-instruct-2507,False,\boxed{B},\boxed{B},B,D,73.57566803693771,1,False
70697724,randomized_smiles,qwen3-4b-instruct-2507,False,\boxed{A},\boxed{A},A,A,73.57566803693771,1,True
70697724,deepsmiles,qwen3-4b-instruct-2507,False,\boxed{C},\boxed{C},C,C,73.57566803693771,1,True
70697724,iupac,qwen3-4b-instruct-2507,False,\boxed{A},\boxed{A},A,A,73.57566803693771,1,True
70697724,selfies,qwen3-4b-instruct-2507,False,\boxed{D},\boxed{D},D,B,73.57566803693771,1,False
70697724,moljson,qwen3-4b-instruct-2507,False,\boxed{A},\boxed{A},A,B,73.57566803693771,1,False
70697724,cml,qwen3-4b-instruct-2507,False,\boxed{A},\boxed{A},A,C,73.57566803693771,1,False
70697724,inchi,qwen3-4b-instruct-2507,False,\boxed{A},\boxed{A},A,A,73.57566803693771,1,True
91858192,canonical_smiles,qwen3-4b-instruct-2507,False,\boxed{B},\boxed{B},B,D,73.57566803693771,1,False
91858192,isomeric_smiles,qwen3-4b-instruct-2507,False,\boxed{A},\boxed{A},A,D,73.57566803693771,1,False
91858192,randomized_smiles,qwen3-4b-instruct-2507,False,\boxed{C},\boxed{C},C,C,73.57566803693771,1,True
91858192,deepsmiles,qwen3-4b-instruct-2507,False,\boxed{D},\boxed{D},D,D,73.57566803693771,1,True
91858192,iupac,qwen3-4b-instruct-2507,False,\boxed{C},\boxed{C},C,C,73.57566803693771,1,True
91858192,selfies,qwen3-4b-instruct-2507,False,\boxed{B},\boxed{B},B,B,123.78866225481033,1,True
91858192,moljson,qwen3-4b-instruct-2507,False,\boxed{B},\boxed{B},B,B,123.78866225481033,1,True
91858192,cml,qwen3-4b-instruct-2507,False,\boxed{D},\boxed{D},D,D,123.78866225481033,1,True
91858192,inchi,qwen3-4b-instruct-2507,False,\boxed{C},\boxed{C},C,C,123.78866225481033,1,True
71581037,canonical_smiles,qwen3-4b-instruct-2507,False,\boxed{B},\boxed{B},B,A,123.78866225481033,1,False
71581037,isomeric_smiles,qwen3-4b-instruct-2507,False,\boxed{C},\boxed{C},C,B,123.78866225481033,1,False
71581037,randomized_smiles,qwen3-4b-instruct-2507,False,\boxed{B},\boxed{B},B,B,123.78866225481033,1,True
71581037,deepsmiles,qwen3-4b-instruct-2507,False,\boxed{C},\boxed{C},C,C,123.78866225481033,1,True
71581037,iupac,qwen3-4b-instruct-2507,False,\boxed{D},\boxed{D},D,D,123.78866225481033,1,True
71581037,selfies,qwen3-4b-instruct-2507,False,\boxed{C},\boxed{C},C,B,123.78866225481033,1,False
71581037,moljson,qwen3-4b-instruct-2507,False,\boxed{B},\boxed{B},B,A,123.78866225481033,1,False
71581037,cml,qwen3-4b-instruct-2507,False,\boxed{D},\boxed{D},D,B,123.78866225481033,1,False
71581037,inchi,qwen3-4b-instruct-2507,False,\boxed{D},\boxed{D},D,A,123.78866225481033,1,False
5748580,canonical_smiles,qwen3-4b-instruct-2507,False,\boxed{D},\boxed{D},D,C,123.78866225481033,1,False
5748580,isomeric_smiles,qwen3-4b-instruct-2507,False,\boxed{A},\boxed{A},A,A,123.78866225481033,1,True
5748580,randomized_smiles,qwen3-4b-instruct-2507,False,\boxed{C},\boxed{C},C,C,123.78866225481033,1,True
5748580,deepsmiles,qwen3-4b-instruct-2507,False,\boxed{B},\boxed{B},B,B,123.78866225481033,1,True
5748580,iupac,qwen3-4b-instruct-2507,False,\boxed{A},\boxed{A},A,A,123.78866225481033,1,True
5748580,selfies,qwen3-4b-instruct-2507,False,\boxed{B},\boxed{B},B,B,123.78866225481033,1,True
5748580,moljson,qwen3-4b-instruct-2507,False,\boxed{D},\boxed{D},D,D,123.78866225481033,1,True
5748580,cml,qwen3-4b-instruct-2507,False,\boxed{A},\boxed{A},A,B,123.78866225481033,1,False
5748580,inchi,qwen3-4b-instruct-2507,False,\boxed{A},\boxed{A},A,B,123.78866225481033,1,False
44229137,canonical_smiles,qwen3-4b-instruct-2507,False,\boxed{A},\boxed{A},A,A,123.78866225481033,1,True
44229137,isomeric_smiles,qwen3-4b-instruct-2507,False,\boxed{D},\boxed{D},D,D,123.78866225481033,1,True
44229137,randomized_smiles,qwen3-4b-instruct-2507,False,\boxed{D},\boxed{D},D,D,123.78866225481033,1,True
44229137,deepsmiles,qwen3-4b-instruct-2507,False,\boxed{B},\boxed{B},B,B,123.78866225481033,1,True
44229137,iupac,qwen3-4b-instruct-2507,False,\boxed{C},\boxed{C},C,C,123.78866225481033,1,True
44229137,selfies,qwen3-4b-instruct-2507,False,\boxed{B},\boxed{B},B,B,123.78866225481033,1,True
44229137,moljson,qwen3-4b-instruct-2507,False,\boxed{C},\boxed{C},C,C,123.78866225481033,1,True
44229137,cml,qwen3-4b-instruct-2507,False,\boxed{C},\boxed{C},C,C,123.78866225481033,1,True
44229137,inchi,qwen3-4b-instruct-2507,False,\boxed{B},\boxed{B},B,B,123.78866225481033,1,True
57339315,canonical_smiles,qwen3-4b-instruct-2507,False,\boxed{D},\boxed{D},D,D,123.78866225481033,1,True
57339315,isomeric_smiles,qwen3-4b-instruct-2507,False,\boxed{D},\boxed{D},D,D,84.65904742479324,1,True
57339315,randomized_smiles,qwen3-4b-instruct-2507,False,\boxed{B},\boxed{B},B,B,84.65904742479324,1,True
57339315,deepsmiles,qwen3-4b-instruct-2507,False,\boxed{B},\boxed{B},B,B,84.65904742479324,1,True
57339315,iupac,qwen3-4b-instruct-2507,False,\boxed{C},\boxed{C},C,C,84.65904742479324,1,True
57339315,selfies,qwen3-4b-instruct-2507,False,\boxed{D},\boxed{D},D,D,84.65904742479324,1,True
57339315,moljson,qwen3-4b-instruct-2507,False,\boxed{B},\boxed{B},B,B,84.65904742479324,1,True
57339315,cml,qwen3-4b-instruct-2507,False,\boxed{A},\boxed{A},A,C,84.65904742479324,1,False
57339315,inchi,qwen3-4b-instruct-2507,False,\boxed{B},\boxed{B},B,B,84.65904742479324,1,True
94332,canonical_smiles,qwen3-4b-instruct-2507,False,\boxed{B},\boxed{B},B,B,84.65904742479324,1,True
94332,isomeric_smiles,qwen3-4b-instruct-2507,False,\boxed{C},\boxed{C},C,C,84.65904742479324,1,True
94332,randomized_smiles,qwen3-4b-instruct-2507,False,\boxed{C},\boxed{C},C,C,84.65904742479324,1,True
94332,deepsmiles,qwen3-4b-instruct-2507,False,\boxed{C},\boxed{C},C,C,84.65904742479324,1,True
94332,iupac,qwen3-4b-instruct-2507,False,\boxed{A},\boxed{A},A,A,84.65904742479324,1,True
94332,selfies,qwen3-4b-instruct-2507,False,\boxed{B},\boxed{B},B,B,84.65904742479324,1,True
94332,moljson,qwen3-4b-instruct-2507,False,\boxed{A},\boxed{A},A,A,84.65904742479324,1,True
94332,cml,qwen3-4b-instruct-2507,False,\boxed{A},\boxed{A},A,A,84.65904742479324,1,True
94332,inchi,qwen3-4b-instruct-2507,False,\boxed{A},\boxed{A},A,A,84.65904742479324,1,True
135398680,canonical_smiles,qwen3-4b-instruct-2507,False,\boxed{D},\boxed{D},D,A,84.65904742479324,1,False
135398680,isomeric_smiles,qwen3-4b-instruct-2507,False,\boxed{D},\boxed{D},D,D,84.65904742479324,1,True
135398680,randomized_smiles,qwen3-4b-instruct-2507,False,\boxed{D},\boxed{D},D,A,84.65904742479324,1,False
135398680,deepsmiles,qwen3-4b-instruct-2507,False,\boxed{B},\boxed{B},B,B,84.65904742479324,1,True
135398680,iupac,qwen3-4b-instruct-2507,False,\boxed{B},\boxed{B},B,A,84.65904742479324,1,False
135398680,selfies,qwen3-4b-instruct-2507,False,\boxed{D},\boxed{D},D,D,84.65904742479324,1,True
135398680,moljson,qwen3-4b-instruct-2507,False,\boxed{A},\boxed{A},A,D,84.65904742479324,1,False
135398680,cml,qwen3-4b-instruct-2507,False,\boxed{A},\boxed{A},A,B,84.65904742479324,1,False
135398680,inchi,qwen3-4b-instruct-2507,False,\boxed{B},\boxed{B},B,B,84.65904742479324,1,True
127601,canonical_smiles,qwen3-4b-instruct-2507,False,\boxed{C},\boxed{C},C,A,84.65904742479324,1,False
127601,isomeric_smiles,qwen3-4b-instruct-2507,False,\boxed{B},\boxed{B},B,B,84.65904742479324,1,True
127601,randomized_smiles,qwen3-4b-instruct-2507,False,\boxed{D},\boxed{D},D,B,84.65904742479324,1,False
127601,deepsmiles,qwen3-4b-instruct-2507,False,\boxed{B},\boxed{B},B,A,84.65904742479324,1,False
127601,iupac,qwen3-4b-instruct-2507,False,\boxed{B},\boxed{B},B,B,84.65904742479324,1,True
127601,selfies,qwen3-4b-instruct-2507,False,\boxed{A},\boxed{A},A,C,84.65904742479324,1,False
127601,moljson,qwen3-4b-instruct-2507,False,\boxed{A},\boxed{A},A,C,82.58944749832153,1,False
127601,cml,qwen3-4b-instruct-2507,False,\boxed{A},\boxed{A},A,A,82.58944749832153,1,True
127601,inchi,qwen3-4b-instruct-2507,False,\boxed{B},\boxed{B},B,B,82.58944749832153,1,True
53354912,canonical_smiles,qwen3-4b-instruct-2507,False,\boxed{C},\boxed{C},C,C,82.58944749832153,1,True
53354912,isomeric_smiles,qwen3-4b-instruct-2507,False,\boxed{C},\boxed{C},C,C,82.58944749832153,1,True
53354912,randomized_smiles,qwen3-4b-instruct-2507,False,\boxed{A},\boxed{A},A,A,82.58944749832153,1,True
53354912,deepsmiles,qwen3-4b-instruct-2507,False,\boxed{B},\boxed{B},B,B,82.58944749832153,1,True
53354912,iupac,qwen3-4b-instruct-2507,False,\boxed{B},\boxed{B},B,B,82.58944749832153,1,True
53354912,selfies,qwen3-4b-instruct-2507,False,\boxed{D},\boxed{D},D,D,82.58944749832153,1,True
53354912,moljson,qwen3-4b-instruct-2507,False,\boxed{A},\boxed{A},A,D,82.58944749832153,1,False
53354912,cml,qwen3-4b-instruct-2507,False,\boxed{C},\boxed{C},C,C,82.58944749832153,1,True
53354912,inchi,qwen3-4b-instruct-2507,False,\boxed{B},\boxed{B},B,B,82.58944749832153,1,True
44575705,canonical_smiles,qwen3-4b-instruct-2507,False,\boxed{D},\boxed{D},D,D,82.58944749832153,1,True
44575705,isomeric_smiles,qwen3-4b-instruct-2507,False,\boxed{B},\boxed{B},B,A,82.58944749832153,1,False
44575705,randomized_smiles,qwen3-4b-instruct-2507,False,\boxed{A},\boxed{A},A,A,82.58944749832153,1,True
44575705,deepsmiles,qwen3-4b-instruct-2507,False,\boxed{C},\boxed{C},C,C,82.58944749832153,1,True
44575705,iupac,qwen3-4b-instruct-2507,False,\boxed{D},\boxed{D},D,A,82.58944749832153,1,False
44575705,selfies,qwen3-4b-instruct-2507,False,\boxed{A},\boxed{A},A,C,82.58944749832153,1,False
44575705,moljson,qwen3-4b-instruct-2507,False,\boxed{B},\boxed{B},B,C,82.58944749832153,1,False
44575705,cml,qwen3-4b-instruct-2507,False,\boxed{A},\boxed{A},A,B,82.58944749832153,1,False
44575705,inchi,qwen3-4b-instruct-2507,False,\boxed{A},\boxed{A},A,A,82.58944749832153,1,True
9870745,canonical_smiles,qwen3-4b-instruct-2507,False,\boxed{D},\boxed{D},D,D,82.58944749832153,1,True
9870745,isomeric_smiles,qwen3-4b-instruct-2507,False,\boxed{C},\boxed{C},C,C,82.58944749832153,1,True
9870745,randomized_smiles,qwen3-4b-instruct-2507,False,\boxed{B},\boxed{B},B,B,82.58944749832153,1,True
9870745,deepsmiles,qwen3-4b-instruct-2507,False,\boxed{B},\boxed{B},B,B,82.58944749832153,1,True
9870745,iupac,qwen3-4b-instruct-2507,False,\boxed{B},\boxed{B},B,B,82.58944749832153,1,True
9870745,selfies,qwen3-4b-instruct-2507,False,\boxed{D},\boxed{D},D,D,82.58944749832153,1,True
9870745,moljson,qwen3-4b-instruct-2507,False,\boxed{A},\boxed{A},A,A,82.58944749832153,1,True
9870745,cml,qwen3-4b-instruct-2507,False,\boxed{A},\boxed{A},A,A,82.58944749832153,1,True
9870745,inchi,qwen3-4b-instruct-2507,False,\boxed{C},\boxed{C},C,C,82.58944749832153,1,True
6436246,canonical_smiles,qwen3-4b-instruct-2507,False,\boxed{D},\boxed{D},D,D,82.58944749832153,1,True
6436246,isomeric_smiles,qwen3-4b-instruct-2507,False,\boxed{D},\boxed{D},D,D,82.58944749832153,1,True
6436246,randomized_smiles,qwen3-4b-instruct-2507,False,\boxed{C},\boxed{C},C,A,93.72039884328842,1,False
6436246,deepsmiles,qwen3-4b-instruct-2507,False,\boxed{D},\boxed{D},D,D,93.72039884328842,1,True
6436246,iupac,qwen3-4b-instruct-2507,False,\boxed{B},\boxed{B},B,B,93.72039884328842,1,True
6436246,selfies,qwen3-4b-instruct-2507,False,\boxed{A},\boxed{A},A,D,93.72039884328842,1,False
6436246,moljson,qwen3-4b-instruct-2507,False,\boxed{A},\boxed{A},A,C,93.72039884328842,1,False
6436246,cml,qwen3-4b-instruct-2507,False,\boxed{A},\boxed{A},A,C,93.72039884328842,1,False
6436246,inchi,qwen3-4b-instruct-2507,False,\boxed{A},\boxed{A},A,C,93.72039884328842,1,False
56927836,canonical_smiles,qwen3-4b-instruct-2507,False,\boxed{D},\boxed{D},D,A,93.72039884328842,1,False
56927836,isomeric_smiles,qwen3-4b-instruct-2507,False,\boxed{C},\boxed{C},C,A,93.72039884328842,1,False
56927836,randomized_smiles,qwen3-4b-instruct-2507,False,\boxed{B},\boxed{B},B,B,93.72039884328842,1,True
56927836,deepsmiles,qwen3-4b-instruct-2507,False,\boxed{B},\boxed{B},B,A,93.72039884328842,1,False
56927836,iupac,qwen3-4b-instruct-2507,False,\boxed{D},\boxed{D},D,B,93.72039884328842,1,False
56927836,selfies,qwen3-4b-instruct-2507,False,\boxed{D},\boxed{D},D,A,93.72039884328842,1,False
56927836,moljson,qwen3-4b-instruct-2507,False,\boxed{A},\boxed{A},A,D,93.72039884328842,1,False
56927836,cml,qwen3-4b-instruct-2507,False,\boxed{C},\boxed{C},C,C,93.72039884328842,1,True
56927836,inchi,qwen3-4b-instruct-2507,False,\boxed{B},\boxed{B},B,D,93.72039884328842,1,False
11870411,canonical_smiles,qwen3-4b-instruct-2507,False,\boxed{D},\boxed{D},D,D,93.72039884328842,1,True
11870411,isomeric_smiles,qwen3-4b-instruct-2507,False,\boxed{C},\boxed{C},C,B,93.72039884328842,1,False
11870411,randomized_smiles,qwen3-4b-instruct-2507,False,\boxed{D},\boxed{D},D,D,93.72039884328842,1,True
11870411,deepsmiles,qwen3-4b-instruct-2507,False,\boxed{D},\boxed{D},D,D,93.72039884328842,1,True
11870411,iupac,qwen3-4b-instruct-2507,False,\boxed{C},\boxed{C},C,A,93.72039884328842,1,False
11870411,selfies,qwen3-4b-instruct-2507,False,\boxed{C},\boxed{C},C,C,93.72039884328842,1,True
11870411,moljson,qwen3-4b-instruct-2507,False,\boxed{D},\boxed{D},D,D,93.72039884328842,1,True
11870411,cml,qwen3-4b-instruct-2507,False,\boxed{B},\boxed{B},B,B,93.72039884328842,1,True
11870411,inchi,qwen3-4b-instruct-2507,False,\boxed{C},\boxed{C},C,C,93.72039884328842,1,True
5281604,canonical_smiles,qwen3-4b-instruct-2507,False,\boxed{C},\boxed{C},C,C,93.72039884328842,1,True
5281604,isomeric_smiles,qwen3-4b-instruct-2507,False,\boxed{C},\boxed{C},C,B,93.72039884328842,1,False
5281604,randomized_smiles,qwen3-4b-instruct-2507,False,\boxed{C},\boxed{C},C,A,93.72039884328842,1,False
5281604,deepsmiles,qwen3-4b-instruct-2507,False,\boxed{C},\boxed{C},C,C,93.72039884328842,1,True
5281604,iupac,qwen3-4b-instruct-2507,False,\boxed{B},\boxed{B},B,B,93.72039884328842,1,True
5281604,selfies,qwen3-4b-instruct-2507,False,\boxed{C},\boxed{C},C,A,93.72039884328842,1,False
5281604,moljson,qwen3-4b-instruct-2507,False,\boxed{A},\boxed{A},A,C,93.72039884328842,1,False
5281604,cml,qwen3-4b-instruct-2507,False,\boxed{A},\boxed{A},A,B,116.78475886583328,1,False
5281604,inchi,qwen3-4b-instruct-2507,False,\boxed{A},\boxed{A},A,A,116.78475886583328,1,True
5283662,canonical_smiles,qwen3-4b-instruct-2507,False,\boxed{D},\boxed{D},D,C,116.78475886583328,1,False
5283662,isomeric_smiles,qwen3-4b-instruct-2507,False,\boxed{C},\boxed{C},C,B,116.78475886583328,1,False
5283662,randomized_smiles,qwen3-4b-instruct-2507,False,\boxed{C},\boxed{C},C,A,116.78475886583328,1,False
5283662,deepsmiles,qwen3-4b-instruct-2507,False,\boxed{D},\boxed{D},D,B,116.78475886583328,1,False
5283662,iupac,qwen3-4b-instruct-2507,False,\boxed{D},\boxed{D},D,B,116.78475886583328,1,False
5283662,selfies,qwen3-4b-instruct-2507,False,\boxed{D},\boxed{D},D,C,116.78475886583328,1,False
5283662,moljson,qwen3-4b-instruct-2507,False,\boxed{C},\boxed{C},C,B,116.78475886583328,1,False
5283662,cml,qwen3-4b-instruct-2507,False,\boxed{A},\boxed{A},A,C,116.78475886583328,1,False
5283662,inchi,qwen3-4b-instruct-2507,False,\boxed{D},\boxed{D},D,A,116.78475886583328,1,False
91972225,canonical_smiles,qwen3-4b-instruct-2507,False,\boxed{C},\boxed{C},C,C,116.78475886583328,1,True
91972225,isomeric_smiles,qwen3-4b-instruct-2507,False,\boxed{D},\boxed{D},D,B,116.78475886583328,1,False
91972225,randomized_smiles,qwen3-4b-instruct-2507,False,\boxed{A},\boxed{A},A,A,116.78475886583328,1,True
91972225,deepsmiles,qwen3-4b-instruct-2507,False,\boxed{D},\boxed{D},D,D,116.78475886583328,1,True
91972225,iupac,qwen3-4b-instruct-2507,False,\boxed{C},\boxed{C},C,C,116.78475886583328,1,True
91972225,selfies,qwen3-4b-instruct-2507,False,\boxed{A},\boxed{A},A,A,116.78475886583328,1,True
91972225,moljson,qwen3-4b-instruct-2507,False,\boxed{A},\boxed{A},A,A,116.78475886583328,1,True
91972225,cml,qwen3-4b-instruct-2507,False,\boxed{B},\boxed{B},B,D,116.78475886583328,1,False
91972225,inchi,qwen3-4b-instruct-2507,False,\boxed{A},\boxed{A},A,A,116.78475886583328,1,True
183138,canonical_smiles,qwen3-4b-instruct-2507,False,\boxed{D},\boxed{D},D,A,116.78475886583328,1,False
183138,isomeric_smiles,qwen3-4b-instruct-2507,False,\boxed{C},\boxed{C},C,A,116.78475886583328,1,False
183138,randomized_smiles,qwen3-4b-instruct-2507,False,\boxed{C},\boxed{C},C,C,116.78475886583328,1,True
183138,deepsmiles,qwen3-4b-instruct-2507,False,\boxed{D},\boxed{D},D,D,116.78475886583328,1,True
183138,iupac,qwen3-4b-instruct-2507,False,\boxed{C},\boxed{C},C,B,116.78475886583328,1,False
183138,selfies,qwen3-4b-instruct-2507,False,\boxed{C},\boxed{C},C,C,116.78475886583328,1,True
183138,moljson,qwen3-4b-instruct-2507,False,\boxed{A},\boxed{A},A,C,116.78475886583328,1,False
183138,cml,qwen3-4b-instruct-2507,False,\boxed{A},\boxed{A},A,A,116.78475886583328,1,True
183138,inchi,qwen3-4b-instruct-2507,False,\boxed{A},\boxed{A},A,B,116.78475886583328,1,False
16083180,canonical_smiles,qwen3-4b-instruct-2507,False,\boxed{D},\boxed{D},D,B,116.78475886583328,1,False
16083180,isomeric_smiles,qwen3-4b-instruct-2507,False,\boxed{C},\boxed{C},C,A,116.78475886583328,1,False
16083180,randomized_smiles,qwen3-4b-instruct-2507,False,\boxed{A},\boxed{A},A,D,116.78475886583328,1,False
16083180,deepsmiles,qwen3-4b-instruct-2507,False,\boxed{D},\boxed{D},D,B,76.20526105165482,1,False
16083180,iupac,qwen3-4b-instruct-2507,False,\boxed{A},\boxed{A},A,A,76.20526105165482,1,True
16083180,selfies,qwen3-4b-instruct-2507,False,\boxed{A},\boxed{A},A,A,76.20526105165482,1,True
16083180,moljson,qwen3-4b-instruct-2507,False,\boxed{A},\boxed{A},A,D,76.20526105165482,1,False
16083180,cml,qwen3-4b-instruct-2507,False,\boxed{A},\boxed{A},A,C,76.20526105165482,1,False
16083180,inchi,qwen3-4b-instruct-2507,False,\boxed{A},\boxed{A},A,A,76.20526105165482,1,True
5464343,canonical_smiles,qwen3-4b-instruct-2507,False,\boxed{C},\boxed{C},C,B,76.20526105165482,1,False
5464343,isomeric_smiles,qwen3-4b-instruct-2507,False,\boxed{C},\boxed{C},C,C,76.20526105165482,1,True
5464343,randomized_smiles,qwen3-4b-instruct-2507,False,\boxed{C},\boxed{C},C,C,76.20526105165482,1,True
5464343,deepsmiles,qwen3-4b-instruct-2507,False,\boxed{C},\boxed{C},C,C,76.20526105165482,1,True
5464343,iupac,qwen3-4b-instruct-2507,False,\boxed{D},\boxed{D},D,D,76.20526105165482,1,True
5464343,selfies,qwen3-4b-instruct-2507,False,\boxed{A},\boxed{A},A,A,76.20526105165482,1,True
5464343,moljson,qwen3-4b-instruct-2507,False,\boxed{A},\boxed{A},A,C,76.20526105165482,1,False
5464343,cml,qwen3-4b-instruct-2507,False,\boxed{B},\boxed{B},B,B,76.20526105165482,1,True
5464343,inchi,qwen3-4b-instruct-2507,False,\boxed{B},\boxed{B},B,B,76.20526105165482,1,True
13267935,canonical_smiles,qwen3-4b-instruct-2507,False,\boxed{D},\boxed{D},D,D,76.20526105165482,1,True
13267935,isomeric_smiles,qwen3-4b-instruct-2507,False,\boxed{B},\boxed{B},B,B,76.20526105165482,1,True
13267935,randomized_smiles,qwen3-4b-instruct-2507,False,\boxed{C},\boxed{C},C,A,76.20526105165482,1,False
13267935,deepsmiles,qwen3-4b-instruct-2507,False,\boxed{C},\boxed{C},C,D,76.20526105165482,1,False
13267935,iupac,qwen3-4b-instruct-2507,False,\boxed{B},\boxed{B},B,B,76.20526105165482,1,True
13267935,selfies,qwen3-4b-instruct-2507,False,\boxed{B},\boxed{B},B,B,76.20526105165482,1,True
13267935,moljson,qwen3-4b-instruct-2507,False,\boxed{C},\boxed{C},C,D,76.20526105165482,1,False
13267935,cml,qwen3-4b-instruct-2507,False,\boxed{C},\boxed{C},C,A,76.20526105165482,1,False
13267935,inchi,qwen3-4b-instruct-2507,False,\boxed{B},\boxed{B},B,B,76.20526105165482,1,True
91855786,canonical_smiles,qwen3-4b-instruct-2507,False,\boxed{D},\boxed{D},D,C,76.20526105165482,1,False
91855786,isomeric_smiles,qwen3-4b-instruct-2507,False,\boxed{B},\boxed{B},B,B,76.20526105165482,1,True
91855786,randomized_smiles,qwen3-4b-instruct-2507,False,\boxed{C},\boxed{C},C,A,76.20526105165482,1,False
91855786,deepsmiles,qwen3-4b-instruct-2507,False,\boxed{B},\boxed{B},B,B,76.20526105165482,1,True
91855786,iupac,qwen3-4b-instruct-2507,False,\boxed{B},\boxed{B},B,B,76.20526105165482,1,True
91855786,selfies,qwen3-4b-instruct-2507,False,\boxed{A},\boxed{A},A,A,76.20526105165482,1,True
91855786,moljson,qwen3-4b-instruct-2507,False,\boxed{C},\boxed{C},C,D,76.20526105165482,1,False
91855786,cml,qwen3-4b-instruct-2507,False,\boxed{A},\boxed{A},A,C,76.20526105165482,1,False
91855786,inchi,qwen3-4b-instruct-2507,False,\boxed{B},\boxed{B},B,A,96.41027450561523,1,False
50909875,canonical_smiles,qwen3-4b-instruct-2507,False,\boxed{A},\boxed{A},A,A,96.41027450561523,1,True
50909875,isomeric_smiles,qwen3-4b-instruct-2507,False,\boxed{B},\boxed{B},B,C,96.41027450561523,1,False
50909875,randomized_smiles,qwen3-4b-instruct-2507,False,\boxed{D},\boxed{D},D,B,96.41027450561523,1,False
50909875,deepsmiles,qwen3-4b-instruct-2507,False,\boxed{C},\boxed{C},C,B,96.41027450561523,1,False
50909875,iupac,qwen3-4b-instruct-2507,False,\boxed{D},\boxed{D},D,D,96.41027450561523,1,True
50909875,selfies,qwen3-4b-instruct-2507,False,\boxed{B},\boxed{B},B,C,96.41027450561523,1,False
50909875,moljson,qwen3-4b-instruct-2507,False,\boxed{B},\boxed{B},B,B,96.41027450561523,1,True
50909875,cml,qwen3-4b-instruct-2507,False,\boxed{C},\boxed{C},C,C,96.41027450561523,1,True
50909875,inchi,qwen3-4b-instruct-2507,False,\boxed{C},\boxed{C},C,C,96.41027450561523,1,True
22848660,canonical_smiles,qwen3-4b-instruct-2507,False,\boxed{D},\boxed{D},D,D,96.41027450561523,1,True
22848660,isomeric_smiles,qwen3-4b-instruct-2507,False,\boxed{D},\boxed{D},D,D,96.41027450561523,1,True
22848660,randomized_smiles,qwen3-4b-instruct-2507,False,\boxed{A},\boxed{A},A,A,96.41027450561523,1,True
22848660,deepsmiles,qwen3-4b-instruct-2507,False,\boxed{D},\boxed{D},D,D,96.41027450561523,1,True
22848660,iupac,qwen3-4b-instruct-2507,False,\boxed{C},\boxed{C},C,B,96.41027450561523,1,False
22848660,selfies,qwen3-4b-instruct-2507,False,\boxed{C},\boxed{C},C,A,96.41027450561523,1,False
22848660,moljson,qwen3-4b-instruct-2507,False,\boxed{B},\boxed{B},B,B,96.41027450561523,1,True
22848660,cml,qwen3-4b-instruct-2507,False,\boxed{A},\boxed{A},A,A,96.41027450561523,1,True
22848660,inchi,qwen3-4b-instruct-2507,False,\boxed{D},\boxed{D},D,D,96.41027450561523,1,True
71581240,canonical_smiles,qwen3-4b-instruct-2507,False,\boxed{D},\boxed{D},D,C,96.41027450561523,1,False
71581240,isomeric_smiles,qwen3-4b-instruct-2507,False,\boxed{C},\boxed{C},C,A,96.41027450561523,1,False
71581240,randomized_smiles,qwen3-4b-instruct-2507,False,\boxed{A},\boxed{A},A,A,96.41027450561523,1,True
71581240,deepsmiles,qwen3-4b-instruct-2507,False,\boxed{D},\boxed{D},D,D,96.41027450561523,1,True
71581240,iupac,qwen3-4b-instruct-2507,False,\boxed{D},\boxed{D},D,D,96.41027450561523,1,True
71581240,selfies,qwen3-4b-instruct-2507,False,\boxed{D},\boxed{D},D,D,96.41027450561523,1,True
71581240,moljson,qwen3-4b-instruct-2507,False,\boxed{B},\boxed{B},B,A,96.41027450561523,1,False
71581240,cml,qwen3-4b-instruct-2507,False,\boxed{A},\boxed{A},A,B,96.41027450561523,1,False
71581240,inchi,qwen3-4b-instruct-2507,False,\boxed{A},\boxed{A},A,D,96.41027450561523,1,False
53476539,canonical_smiles,qwen3-4b-instruct-2507,False,\boxed{C},\boxed{C},C,A,96.41027450561523,1,False
53476539,isomeric_smiles,qwen3-4b-instruct-2507,False,\boxed{A},\boxed{A},A,A,96.41027450561523,1,True
53476539,randomized_smiles,qwen3-4b-instruct-2507,False,\boxed{D},\boxed{D},D,C,96.41027450561523,1,False
53476539,deepsmiles,qwen3-4b-instruct-2507,False,\boxed{D},\boxed{D},D,D,96.41027450561523,1,True
53476539,iupac,qwen3-4b-instruct-2507,False,\boxed{B},\boxed{B},B,B,106.5685972571373,1,True
53476539,selfies,qwen3-4b-instruct-2507,False,\boxed{B},\boxed{B},B,B,106.5685972571373,1,True
53476539,moljson,qwen3-4b-instruct-2507,False,\boxed{B},\boxed{B},B,B,106.5685972571373,1,True
53476539,cml,qwen3-4b-instruct-2507,False,\boxed{D},\boxed{D},D,A,106.5685972571373,1,False
53476539,inchi,qwen3-4b-instruct-2507,False,\boxed{C},\boxed{C},C,D,106.5685972571373,1,False
10816628,canonical_smiles,qwen3-4b-instruct-2507,False,\boxed{C},\boxed{C},C,B,106.5685972571373,1,False
10816628,isomeric_smiles,qwen3-4b-instruct-2507,False,\boxed{A},\boxed{A},A,A,106.5685972571373,1,True
10816628,randomized_smiles,qwen3-4b-instruct-2507,False,\boxed{D},\boxed{D},D,A,106.5685972571373,1,False
10816628,deepsmiles,qwen3-4b-instruct-2507,False,\boxed{B},\boxed{B},B,B,106.5685972571373,1,True
10816628,iupac,qwen3-4b-instruct-2507,False,\boxed{B},\boxed{B},B,A,106.5685972571373,1,False
10816628,selfies,qwen3-4b-instruct-2507,False,\boxed{D},\boxed{D},D,D,106.5685972571373,1,True
10816628,moljson,qwen3-4b-instruct-2507,False,\boxed{A},\boxed{A},A,A,106.5685972571373,1,True
10816628,cml,qwen3-4b-instruct-2507,False,\boxed{A},\boxed{A},A,A,106.5685972571373,1,True
10816628,inchi,qwen3-4b-instruct-2507,False,\boxed{D},\boxed{D},D,B,106.5685972571373,1,False
73145,canonical_smiles,qwen3-4b-instruct-2507,False,\boxed{D},\boxed{D},D,D,106.5685972571373,1,True
73145,isomeric_smiles,qwen3-4b-instruct-2507,False,\boxed{D},\boxed{D},D,D,106.5685972571373,1,True
73145,randomized_smiles,qwen3-4b-instruct-2507,False,\boxed{B},\boxed{B},B,B,106.5685972571373,1,True
73145,deepsmiles,qwen3-4b-instruct-2507,False,\boxed{B},\boxed{B},B,B,106.5685972571373,1,True
73145,iupac,qwen3-4b-instruct-2507,False,\boxed{A},\boxed{A},A,A,106.5685972571373,1,True
73145,selfies,qwen3-4b-instruct-2507,False,\boxed{A},\boxed{A},A,D,106.5685972571373,1,False
73145,moljson,qwen3-4b-instruct-2507,False,\boxed{B},\boxed{B},B,D,106.5685972571373,1,False
73145,cml,qwen3-4b-instruct-2507,False,\boxed{A},\boxed{A},A,B,106.5685972571373,1,False
73145,inchi,qwen3-4b-instruct-2507,False,\boxed{A},\boxed{A},A,B,106.5685972571373,1,False
443453,canonical_smiles,qwen3-4b-instruct-2507,False,\boxed{D},\boxed{D},D,A,106.5685972571373,1,False
443453,isomeric_smiles,qwen3-4b-instruct-2507,False,\boxed{B},\boxed{B},B,C,106.5685972571373,1,False
443453,randomized_smiles,qwen3-4b-instruct-2507,False,\boxed{C},\boxed{C},C,D,106.5685972571373,1,False
443453,deepsmiles,qwen3-4b-instruct-2507,False,\boxed{C},\boxed{C},C,C,106.5685972571373,1,True
443453,iupac,qwen3-4b-instruct-2507,False,\boxed{B},\boxed{B},B,B,106.5685972571373,1,True
443453,selfies,qwen3-4b-instruct-2507,False,\boxed{C},\boxed{C},C,B,106.5685972571373,1,False
443453,moljson,qwen3-4b-instruct-2507,False,\boxed{D},\boxed{D},D,A,106.5685972571373,1,False
443453,cml,qwen3-4b-instruct-2507,False,\boxed{B},\boxed{B},B,B,106.5685972571373,1,True
443453,inchi,qwen3-4b-instruct-2507,False,\boxed{C},\boxed{C},C,D,106.5685972571373,1,False
72715827,canonical_smiles,qwen3-4b-instruct-2507,False,\boxed{C},\boxed{C},C,C,111.10199987888336,1,True
72715827,isomeric_smiles,qwen3-4b-instruct-2507,False,\boxed{B},\boxed{B},B,B,111.10199987888336,1,True
72715827,randomized_smiles,qwen3-4b-instruct-2507,False,\boxed{C},\boxed{C},C,D,111.10199987888336,1,False
72715827,deepsmiles,qwen3-4b-instruct-2507,False,\boxed{D},\boxed{D},D,A,111.10199987888336,1,False
72715827,iupac,qwen3-4b-instruct-2507,False,\boxed{D},\boxed{D},D,A,111.10199987888336,1,False
72715827,selfies,qwen3-4b-instruct-2507,False,\boxed{B},\boxed{B},B,C,111.10199987888336,1,False
72715827,moljson,qwen3-4b-instruct-2507,False,\boxed{B},\boxed{B},B,C,111.10199987888336,1,False
72715827,cml,qwen3-4b-instruct-2507,False,\boxed{A},\boxed{A},A,D,111.10199987888336,1,False
72715827,inchi,qwen3-4b-instruct-2507,False,\boxed{A},\boxed{A},A,D,111.10199987888336,1,False
3081970,canonical_smiles,qwen3-4b-instruct-2507,False,\boxed{D},\boxed{D},D,B,111.10199987888336,1,False
3081970,isomeric_smiles,qwen3-4b-instruct-2507,False,\boxed{A},\boxed{A},A,B,111.10199987888336,1,False
3081970,randomized_smiles,qwen3-4b-instruct-2507,False,\boxed{B},\boxed{B},B,B,111.10199987888336,1,True
3081970,deepsmiles,qwen3-4b-instruct-2507,False,\boxed{D},\boxed{D},D,B,111.10199987888336,1,False
3081970,iupac,qwen3-4b-instruct-2507,False,\boxed{C},\boxed{C},C,C,111.10199987888336,1,True
3081970,selfies,qwen3-4b-instruct-2507,False,\boxed{A},\boxed{A},A,B,111.10199987888336,1,False
3081970,moljson,qwen3-4b-instruct-2507,False,\boxed{C},\boxed{C},C,C,111.10199987888336,1,True
3081970,cml,qwen3-4b-instruct-2507,False,\boxed{C},\boxed{C},C,A,111.10199987888336,1,False
3081970,inchi,qwen3-4b-instruct-2507,False,\boxed{A},\boxed{A},A,C,111.10199987888336,1,False
53477563,canonical_smiles,qwen3-4b-instruct-2507,False,\boxed{B},\boxed{B},B,B,111.10199987888336,1,True
53477563,isomeric_smiles,qwen3-4b-instruct-2507,False,\boxed{B},\boxed{B},B,B,111.10199987888336,1,True
53477563,randomized_smiles,qwen3-4b-instruct-2507,False,\boxed{C},\boxed{C},C,D,111.10199987888336,1,False
53477563,deepsmiles,qwen3-4b-instruct-2507,False,\boxed{C},\boxed{C},C,C,111.10199987888336,1,True
53477563,iupac,qwen3-4b-instruct-2507,False,\boxed{A},\boxed{A},A,A,111.10199987888336,1,True
53477563,selfies,qwen3-4b-instruct-2507,False,\boxed{A},\boxed{A},A,A,111.10199987888336,1,True
53477563,moljson,qwen3-4b-instruct-2507,False,\boxed{B},\boxed{B},B,D,111.10199987888336,1,False
53477563,cml,qwen3-4b-instruct-2507,False,\boxed{C},\boxed{C},C,A,111.10199987888336,1,False
53477563,inchi,qwen3-4b-instruct-2507,False,\boxed{C},\boxed{C},C,C,111.10199987888336,1,True
16850,canonical_smiles,qwen3-4b-instruct-2507,False,\boxed{A},\boxed{A},A,A,111.10199987888336,1,True
16850,isomeric_smiles,qwen3-4b-instruct-2507,False,\boxed{B},\boxed{B},B,B,111.10199987888336,1,True
16850,randomized_smiles,qwen3-4b-instruct-2507,False,\boxed{C},\boxed{C},C,C,111.10199987888336,1,True
16850,deepsmiles,qwen3-4b-instruct-2507,False,\boxed{C},\boxed{C},C,C,111.10199987888336,1,True
16850,iupac,qwen3-4b-instruct-2507,False,\boxed{D},\boxed{D},D,D,111.10199987888336,1,True
16850,selfies,qwen3-4b-instruct-2507,False,\boxed{D},\boxed{D},D,D,115.2658611536026,1,True
16850,moljson,qwen3-4b-instruct-2507,False,\boxed{A},\boxed{A},A,A,115.2658611536026,1,True
16850,cml,qwen3-4b-instruct-2507,False,\boxed{B},\boxed{B},B,B,115.2658611536026,1,True
16850,inchi,qwen3-4b-instruct-2507,False,\boxed{B},\boxed{B},B,B,115.2658611536026,1,True
15222911,canonical_smiles,qwen3-4b-instruct-2507,False,\boxed{D},\boxed{D},D,D,115.2658611536026,1,True
15222911,isomeric_smiles,qwen3-4b-instruct-2507,False,\boxed{B},\boxed{B},B,B,115.2658611536026,1,True
15222911,randomized_smiles,qwen3-4b-instruct-2507,False,\boxed{D},\boxed{D},D,D,115.2658611536026,1,True
15222911,deepsmiles,qwen3-4b-instruct-2507,False,\boxed{D},\boxed{D},D,A,115.2658611536026,1,False
15222911,iupac,qwen3-4b-instruct-2507,False,\boxed{A},\boxed{A},A,A,115.2658611536026,1,True
15222911,selfies,qwen3-4b-instruct-2507,False,\boxed{A},\boxed{A},A,A,115.2658611536026,1,True
15222911,moljson,qwen3-4b-instruct-2507,False,\boxed{A},\boxed{A},A,A,115.2658611536026,1,True
15222911,cml,qwen3-4b-instruct-2507,False,\boxed{D},\boxed{D},D,D,115.2658611536026,1,True
15222911,inchi,qwen3-4b-instruct-2507,False,\boxed{A},\boxed{A},A,D,115.2658611536026,1,False
137333847,canonical_smiles,qwen3-4b-instruct-2507,False,\boxed{A},\boxed{A},A,A,115.2658611536026,1,True
137333847,isomeric_smiles,qwen3-4b-instruct-2507,False,\boxed{A},\boxed{A},A,A,115.2658611536026,1,True
137333847,randomized_smiles,qwen3-4b-instruct-2507,False,\boxed{B},\boxed{B},B,B,115.2658611536026,1,True
137333847,deepsmiles,qwen3-4b-instruct-2507,False,\boxed{D},\boxed{D},D,D,115.2658611536026,1,True
137333847,iupac,qwen3-4b-instruct-2507,False,\boxed{C},\boxed{C},C,C,115.2658611536026,1,True
137333847,selfies,qwen3-4b-instruct-2507,False,\boxed{C},\boxed{C},C,C,115.2658611536026,1,True
137333847,moljson,qwen3-4b-instruct-2507,False,\boxed{B},\boxed{B},B,B,115.2658611536026,1,True
137333847,cml,qwen3-4b-instruct-2507,False,\boxed{D},\boxed{D},D,D,115.2658611536026,1,True
137333847,inchi,qwen3-4b-instruct-2507,False,\boxed{A},\boxed{A},A,C,115.2658611536026,1,False
76972186,canonical_smiles,qwen3-4b-instruct-2507,False,\boxed{C},\boxed{C},C,A,115.2658611536026,1,False
76972186,isomeric_smiles,qwen3-4b-instruct-2507,False,\boxed{D},\boxed{D},D,A,115.2658611536026,1,False
76972186,randomized_smiles,qwen3-4b-instruct-2507,False,\boxed{C},\boxed{C},C,A,115.2658611536026,1,False
76972186,deepsmiles,qwen3-4b-instruct-2507,False,\boxed{D},\boxed{D},D,D,115.2658611536026,1,True
76972186,iupac,qwen3-4b-instruct-2507,False,\boxed{C},\boxed{C},C,B,115.2658611536026,1,False
76972186,selfies,qwen3-4b-instruct-2507,False,\boxed{C},\boxed{C},C,C,115.2658611536026,1,True
76972186,moljson,qwen3-4b-instruct-2507,False,\boxed{A},\boxed{A},A,B,115.2658611536026,1,False
76972186,cml,qwen3-4b-instruct-2507,False,\boxed{B},\boxed{B},B,A,115.2658611536026,1,False
76972186,inchi,qwen3-4b-instruct-2507,False,\boxed{D},\boxed{D},D,D,115.2658611536026,1,True
72715816,canonical_smiles,qwen3-4b-instruct-2507,False,\boxed{D},\boxed{D},D,D,115.2658611536026,1,True
72715816,isomeric_smiles,qwen3-4b-instruct-2507,False,\boxed{D},\boxed{D},D,A,124.63285773992538,1,False
72715816,randomized_smiles,qwen3-4b-instruct-2507,False,\boxed{B},\boxed{B},B,A,124.63285773992538,1,False
72715816,deepsmiles,qwen3-4b-instruct-2507,False,\boxed{D},\boxed{D},D,D,124.63285773992538,1,True
72715816,iupac,qwen3-4b-instruct-2507,False,\boxed{C},\boxed{C},C,A,124.63285773992538,1,False
72715816,selfies,qwen3-4b-instruct-2507,False,\boxed{A},\boxed{A},A,A,124.63285773992538,1,True
72715816,moljson,qwen3-4b-instruct-2507,False,\boxed{A},\boxed{A},A,A,124.63285773992538,1,True
72715816,cml,qwen3-4b-instruct-2507,False,\boxed{C},\boxed{C},C,B,124.63285773992538,1,False
72715816,inchi,qwen3-4b-instruct-2507,False,\boxed{D},\boxed{D},D,D,124.63285773992538,1,True
45266800,canonical_smiles,qwen3-4b-instruct-2507,False,\boxed{C},\boxed{C},C,C,124.63285773992538,1,True
45266800,isomeric_smiles,qwen3-4b-instruct-2507,False,\boxed{C},\boxed{C},C,C,124.63285773992538,1,True
45266800,randomized_smiles,qwen3-4b-instruct-2507,False,\boxed{C},\boxed{C},C,C,124.63285773992538,1,True
45266800,deepsmiles,qwen3-4b-instruct-2507,False,\boxed{B},\boxed{B},B,A,124.63285773992538,1,False
45266800,iupac,qwen3-4b-instruct-2507,False,\boxed{D},\boxed{D},D,D,124.63285773992538,1,True
45266800,selfies,qwen3-4b-instruct-2507,False,\boxed{D},\boxed{D},D,D,124.63285773992538,1,True
45266800,moljson,qwen3-4b-instruct-2507,False,\boxed{A},\boxed{A},A,A,124.63285773992538,1,True
45266800,cml,qwen3-4b-instruct-2507,False,\boxed{C},\boxed{C},C,C,124.63285773992538,1,True
45266800,inchi,qwen3-4b-instruct-2507,False,\boxed{B},\boxed{B},B,B,124.63285773992538,1,True
86290135,canonical_smiles,qwen3-4b-instruct-2507,False,\boxed{B},\boxed{B},B,B,124.63285773992538,1,True
86290135,isomeric_smiles,qwen3-4b-instruct-2507,False,\boxed{B},\boxed{B},B,B,124.63285773992538,1,True
86290135,randomized_smiles,qwen3-4b-instruct-2507,False,\boxed{B},\boxed{B},B,B,124.63285773992538,1,True
86290135,deepsmiles,qwen3-4b-instruct-2507,False,\boxed{C},\boxed{C},C,A,124.63285773992538,1,False
86290135,iupac,qwen3-4b-instruct-2507,False,\boxed{C},\boxed{C},C,C,124.63285773992538,1,True
86290135,selfies,qwen3-4b-instruct-2507,False,\boxed{C},\boxed{C},C,D,124.63285773992538,1,False
86290135,moljson,qwen3-4b-instruct-2507,False,\boxed{A},\boxed{A},A,B,124.63285773992538,1,False
86290135,cml,qwen3-4b-instruct-2507,False,\boxed{A},\boxed{A},A,A,124.63285773992538,1,True
86290135,inchi,qwen3-4b-instruct-2507,False,\boxed{D},\boxed{D},D,A,124.63285773992538,1,False
91972198,canonical_smiles,qwen3-4b-instruct-2507,False,\boxed{C},\boxed{C},C,B,124.63285773992538,1,False
91972198,isomeric_smiles,qwen3-4b-instruct-2507,False,\boxed{C},\boxed{C},C,A,124.63285773992538,1,False
91972198,randomized_smiles,qwen3-4b-instruct-2507,False,\boxed{B},\boxed{B},B,C,124.63285773992538,1,False
91972198,deepsmiles,qwen3-4b-instruct-2507,False,\boxed{C},\boxed{C},C,C,124.63285773992538,1,True
91972198,iupac,qwen3-4b-instruct-2507,False,\boxed{C},\boxed{C},C,B,124.63285773992538,1,False
91972198,selfies,qwen3-4b-instruct-2507,False,\boxed{C},\boxed{C},C,C,124.63285773992538,1,True
91972198,moljson,qwen3-4b-instruct-2507,False,,,,D,,1,False
91972198,cml,qwen3-4b-instruct-2507,False,,,,B,,1,False
91972198,inchi,qwen3-4b-instruct-2507,False,,,,B,,1,False
46926223,canonical_smiles,qwen3-4b-instruct-2507,False,,,,D,,1,False
46926223,isomeric_smiles,qwen3-4b-instruct-2507,False,,,,A,,1,False
46926223,randomized_smiles,qwen3-4b-instruct-2507,False,,,,D,,1,False
46926223,deepsmiles,qwen3-4b-instruct-2507,False,,,,C,,1,False
46926223,iupac,qwen3-4b-instruct-2507,False,,,,C,,1,False
46926223,selfies,qwen3-4b-instruct-2507,False,,,,D,,1,False
46926223,moljson,qwen3-4b-instruct-2507,False,,,,D,,1,False
46926223,cml,qwen3-4b-instruct-2507,False,,,,B,,1,False
46926223,inchi,qwen3-4b-instruct-2507,False,,,,B,,1,False
131801209,canonical_smiles,qwen3-4b-instruct-2507,False,,,,D,,1,False
131801209,isomeric_smiles,qwen3-4b-instruct-2507,False,,,,C,,1,False
131801209,randomized_smiles,qwen3-4b-instruct-2507,False,,,,B,,1,False
131801209,deepsmiles,qwen3-4b-instruct-2507,False,,,,C,,1,False
131801209,iupac,qwen3-4b-instruct-2507,False,,,,D,,1,False
131801209,selfies,qwen3-4b-instruct-2507,False,,,,C,,1,False
131801209,moljson,qwen3-4b-instruct-2507,False,,,,C,,1,False
131801209,cml,qwen3-4b-instruct-2507,False,,,,D,,1,False
131801209,inchi,qwen3-4b-instruct-2507,False,,,,D,,1,False
131953084,canonical_smiles,qwen3-4b-instruct-2507,False,,,,C,,1,False
131953084,isomeric_smiles,qwen3-4b-instruct-2507,False,,,,B,,1,False
131953084,randomized_smiles,qwen3-4b-instruct-2507,False,,,,B,,1,False
131953084,deepsmiles,qwen3-4b-instruct-2507,False,,,,B,,1,False
131953084,iupac,qwen3-4b-instruct-2507,False,,,,D,,1,False
131953084,selfies,qwen3-4b-instruct-2507,False,,,,D,,1,False
131953084,moljson,qwen3-4b-instruct-2507,False,,,,A,,1,False
131953084,cml,qwen3-4b-instruct-2507,False,,,,B,,1,False
131953084,inchi,qwen3-4b-instruct-2507,False,,,,A,,1,False
443450,canonical_smiles,qwen3-4b-instruct-2507,False,,,,C,,1,False
443450,isomeric_smiles,qwen3-4b-instruct-2507,False,,,,A,,1,False
443450,randomized_smiles,qwen3-4b-instruct-2507,False,\boxed{B},\boxed{B},B,D,139.66327905654907,1,False
443450,deepsmiles,qwen3-4b-instruct-2507,False,\boxed{D},\boxed{D},D,A,139.66327905654907,1,False
443450,iupac,qwen3-4b-instruct-2507,False,\boxed{D},\boxed{D},D,C,139.66327905654907,1,False
443450,selfies,qwen3-4b-instruct-2507,False,\boxed{D},\boxed{D},D,D,139.66327905654907,1,True
443450,moljson,qwen3-4b-instruct-2507,False,\boxed{B},\boxed{B},B,A,139.66327905654907,1,False
443450,cml,qwen3-4b-instruct-2507,False,\boxed{C},\boxed{C},C,C,139.66327905654907,1,True
443450,inchi,qwen3-4b-instruct-2507,False,\boxed{D},\boxed{D},D,D,139.66327905654907,1,True
5169,canonical_smiles,qwen3-4b-instruct-2507,False,\boxed{C},\boxed{C},C,C,139.66327905654907,1,True
5169,isomeric_smiles,qwen3-4b-instruct-2507,False,\boxed{A},\boxed{A},A,A,139.66327905654907,1,True
5169,randomized_smiles,qwen3-4b-instruct-2507,False,\boxed{C},\boxed{C},C,C,139.66327905654907,1,True
5169,deepsmiles,qwen3-4b-instruct-2507,False,\boxed{C},\boxed{C},C,C,139.66327905654907,1,True
5169,iupac,qwen3-4b-instruct-2507,False,\boxed{B},\boxed{B},B,B,139.66327905654907,1,True
5169,selfies,qwen3-4b-instruct-2507,False,\boxed{D},\boxed{D},D,A,139.66327905654907,1,False
5169,moljson,qwen3-4b-instruct-2507,False,\boxed{B},\boxed{B},B,B,139.66327905654907,1,True
5169,cml,qwen3-4b-instruct-2507,False,\boxed{B},\boxed{B},B,B,139.66327905654907,1,True
5169,inchi,qwen3-4b-instruct-2507,False,\boxed{B},\boxed{B},B,D,139.66327905654907,1,False
91819816,canonical_smiles,qwen3-4b-instruct-2507,False,\boxed{D},\boxed{D},D,D,139.66327905654907,1,True
91819816,isomeric_smiles,qwen3-4b-instruct-2507,False,\boxed{B},\boxed{B},B,B,139.66327905654907,1,True
91819816,randomized_smiles,qwen3-4b-instruct-2507,False,\boxed{C},\boxed{C},C,C,139.66327905654907,1,True
91819816,deepsmiles,qwen3-4b-instruct-2507,False,\boxed{A},\boxed{A},A,A,139.66327905654907,1,True
91819816,iupac,qwen3-4b-instruct-2507,False,\boxed{C},\boxed{C},C,A,139.66327905654907,1,False
91819816,selfies,qwen3-4b-instruct-2507,False,\boxed{D},\boxed{D},D,D,139.66327905654907,1,True
91819816,moljson,qwen3-4b-instruct-2507,False,\boxed{B},\boxed{B},B,D,139.66327905654907,1,False
91819816,cml,qwen3-4b-instruct-2507,False,\boxed{A},\boxed{A},A,A,139.66327905654907,1,True
91819816,inchi,qwen3-4b-instruct-2507,False,\boxed{A},\boxed{A},A,D,139.66327905654907,1,False
45266584,canonical_smiles,qwen3-4b-instruct-2507,False,\boxed{A},\boxed{A},A,A,139.66327905654907,1,True
45266584,isomeric_smiles,qwen3-4b-instruct-2507,False,\boxed{D},\boxed{D},D,D,139.66327905654907,1,True
45266584,randomized_smiles,qwen3-4b-instruct-2507,False,\boxed{C},\boxed{C},C,C,139.66327905654907,1,True
45266584,deepsmiles,qwen3-4b-instruct-2507,False,\boxed{A},\boxed{A},A,A,139.66327905654907,1,True
45266584,iupac,qwen3-4b-instruct-2507,False,\boxed{B},\boxed{B},B,A,139.66327905654907,1,False
45266584,selfies,qwen3-4b-instruct-2507,False,\boxed{D},\boxed{D},D,A,139.66327905654907,1,False
45266584,moljson,qwen3-4b-instruct-2507,False,\boxed{B},\boxed{B},B,B,139.66327905654907,1,True
45266584,cml,qwen3-4b-instruct-2507,False,\boxed{B},\boxed{B},B,B,108.34670811891556,1,True
45266584,inchi,qwen3-4b-instruct-2507,False,\boxed{B},\boxed{B},B,B,108.34670811891556,1,True
101729,canonical_smiles,qwen3-4b-instruct-2507,False,\boxed{A},\boxed{A},A,A,108.34670811891556,1,True
101729,isomeric_smiles,qwen3-4b-instruct-2507,False,\boxed{D},\boxed{D},D,D,108.34670811891556,1,True
101729,randomized_smiles,qwen3-4b-instruct-2507,False,\boxed{A},\boxed{A},A,B,108.34670811891556,1,False
101729,deepsmiles,qwen3-4b-instruct-2507,False,\boxed{A},\boxed{A},A,A,108.34670811891556,1,True
101729,iupac,qwen3-4b-instruct-2507,False,\boxed{D},\boxed{D},D,A,108.34670811891556,1,False
101729,selfies,qwen3-4b-instruct-2507,False,\boxed{C},\boxed{C},C,B,108.34670811891556,1,False
101729,moljson,qwen3-4b-instruct-2507,False,\boxed{B},\boxed{B},B,C,108.34670811891556,1,False
101729,cml,qwen3-4b-instruct-2507,False,\boxed{B},\boxed{B},B,B,108.34670811891556,1,True
101729,inchi,qwen3-4b-instruct-2507,False,\boxed{A},\boxed{A},A,D,108.34670811891556,1,False
9547521,canonical_smiles,qwen3-4b-instruct-2507,False,\boxed{D},\boxed{D},D,D,108.34670811891556,1,True
9547521,isomeric_smiles,qwen3-4b-instruct-2507,False,\boxed{D},\boxed{D},D,D,108.34670811891556,1,True
9547521,randomized_smiles,qwen3-4b-instruct-2507,False,\boxed{A},\boxed{A},A,C,108.34670811891556,1,False
9547521,deepsmiles,qwen3-4b-instruct-2507,False,\boxed{C},\boxed{C},C,B,108.34670811891556,1,False
9547521,iupac,qwen3-4b-instruct-2507,False,\boxed{A},\boxed{A},A,A,108.34670811891556,1,True
9547521,selfies,qwen3-4b-instruct-2507,False,\boxed{A},\boxed{A},A,A,108.34670811891556,1,True
9547521,moljson,qwen3-4b-instruct-2507,False,\boxed{B},\boxed{B},B,B,108.34670811891556,1,True
9547521,cml,qwen3-4b-instruct-2507,False,\boxed{C},\boxed{C},C,C,108.34670811891556,1,True
9547521,inchi,qwen3-4b-instruct-2507,False,\boxed{B},\boxed{B},B,B,108.34670811891556,1,True
25202620,canonical_smiles,qwen3-4b-instruct-2507,False,\boxed{A},\boxed{A},A,A,108.34670811891556,1,True
25202620,isomeric_smiles,qwen3-4b-instruct-2507,False,\boxed{B},\boxed{B},B,B,108.34670811891556,1,True
25202620,randomized_smiles,qwen3-4b-instruct-2507,False,\boxed{B},\boxed{B},B,B,108.34670811891556,1,True
25202620,deepsmiles,qwen3-4b-instruct-2507,False,\boxed{C},\boxed{C},C,C,108.34670811891556,1,True
25202620,iupac,qwen3-4b-instruct-2507,False,\boxed{D},\boxed{D},D,D,108.34670811891556,1,True
25202620,selfies,qwen3-4b-instruct-2507,False,\boxed{A},\boxed{A},A,A,108.34670811891556,1,True
25202620,moljson,qwen3-4b-instruct-2507,False,\boxed{B},\boxed{B},B,C,108.34670811891556,1,False
25202620,cml,qwen3-4b-instruct-2507,False,\boxed{B},\boxed{B},B,B,108.34670811891556,1,True
25202620,inchi,qwen3-4b-instruct-2507,False,\boxed{C},\boxed{C},C,C,108.34670811891556,1,True
57485956,canonical_smiles,qwen3-4b-instruct-2507,False,\boxed{C},\boxed{C},C,C,108.34670811891556,1,True
57485956,isomeric_smiles,qwen3-4b-instruct-2507,False,\boxed{D},\boxed{D},D,D,108.34670811891556,1,True
57485956,randomized_smiles,qwen3-4b-instruct-2507,False,\boxed{A},\boxed{A},A,A,108.34670811891556,1,True
57485956,deepsmiles,qwen3-4b-instruct-2507,False,\boxed{D},\boxed{D},D,B,174.55100268125534,1,False
57485956,iupac,qwen3-4b-instruct-2507,False,\boxed{B},\boxed{B},B,A,174.55100268125534,1,False
57485956,selfies,qwen3-4b-instruct-2507,False,\boxed{C},\boxed{C},C,C,174.55100268125534,1,True
57485956,moljson,qwen3-4b-instruct-2507,False,\boxed{A},\boxed{A},A,B,174.55100268125534,1,False
57485956,cml,qwen3-4b-instruct-2507,False,\boxed{C},\boxed{C},C,A,174.55100268125534,1,False
57485956,inchi,qwen3-4b-instruct-2507,False,\boxed{A},\boxed{A},A,D,174.55100268125534,1,False
5311051,canonical_smiles,qwen3-4b-instruct-2507,False,\boxed{D},\boxed{D},D,B,174.55100268125534,1,False
5311051,isomeric_smiles,qwen3-4b-instruct-2507,False,\boxed{B},\boxed{B},B,A,174.55100268125534,1,False
5311051,randomized_smiles,qwen3-4b-instruct-2507,False,\boxed{D},\boxed{D},D,D,174.55100268125534,1,True
5311051,deepsmiles,qwen3-4b-instruct-2507,False,\boxed{C},\boxed{C},C,A,174.55100268125534,1,False
5311051,iupac,qwen3-4b-instruct-2507,False,\boxed{C},\boxed{C},C,A,174.55100268125534,1,False
5311051,selfies,qwen3-4b-instruct-2507,False,\boxed{D},\boxed{D},D,D,174.55100268125534,1,True
5311051,moljson,qwen3-4b-instruct-2507,False,\boxed{C},\boxed{C},C,C,174.55100268125534,1,True
5311051,cml,qwen3-4b-instruct-2507,False,\boxed{D},\boxed{D},D,A,174.55100268125534,1,False
5311051,inchi,qwen3-4b-instruct-2507,False,\boxed{D},\boxed{D},D,D,174.55100268125534,1,True
56655568,canonical_smiles,qwen3-4b-instruct-2507,False,\boxed{B},\boxed{B},B,B,174.55100268125534,1,True
56655568,isomeric_smiles,qwen3-4b-instruct-2507,False,\boxed{C},\boxed{C},C,A,174.55100268125534,1,False
56655568,randomized_smiles,qwen3-4b-instruct-2507,False,\boxed{B},\boxed{B},B,B,174.55100268125534,1,True
56655568,deepsmiles,qwen3-4b-instruct-2507,False,\boxed{B},\boxed{B},B,A,174.55100268125534,1,False
56655568,iupac,qwen3-4b-instruct-2507,False,\boxed{A},\boxed{A},A,A,174.55100268125534,1,True
56655568,selfies,qwen3-4b-instruct-2507,False,\boxed{D},\boxed{D},D,C,174.55100268125534,1,False
56655568,moljson,qwen3-4b-instruct-2507,False,\boxed{A},\boxed{A},A,D,174.55100268125534,1,False
56655568,cml,qwen3-4b-instruct-2507,False,\boxed{C},\boxed{C},C,C,174.55100268125534,1,True
56655568,inchi,qwen3-4b-instruct-2507,False,\boxed{A},\boxed{A},A,B,174.55100268125534,1,False
44263378,canonical_smiles,qwen3-4b-instruct-2507,False,\boxed{A},\boxed{A},A,D,174.55100268125534,1,False
44263378,isomeric_smiles,qwen3-4b-instruct-2507,False,\boxed{A},\boxed{A},A,B,174.55100268125534,1,False
44263378,randomized_smiles,qwen3-4b-instruct-2507,False,\boxed{D},\boxed{D},D,D,174.55100268125534,1,True
44263378,deepsmiles,qwen3-4b-instruct-2507,False,\boxed{D},\boxed{D},D,C,174.55100268125534,1,False
44263378,iupac,qwen3-4b-instruct-2507,False,\boxed{B},\boxed{B},B,B,174.55100268125534,1,True
44263378,selfies,qwen3-4b-instruct-2507,False,\boxed{C},\boxed{C},C,C,174.55100268125534,1,True
44263378,moljson,qwen3-4b-instruct-2507,False,\boxed{C},\boxed{C},C,C,174.55100268125534,1,True
44263378,cml,qwen3-4b-instruct-2507,False,\boxed{D},\boxed{D},D,D,174.55100268125534,1,True
44263378,inchi,qwen3-4b-instruct-2507,False,\boxed{A},\boxed{A},A,D,120.08560448884964,1,False
24792125,canonical_smiles,qwen3-4b-instruct-2507,False,\boxed{C},\boxed{C},C,C,120.08560448884964,1,True
24792125,isomeric_smiles,qwen3-4b-instruct-2507,False,\boxed{C},\boxed{C},C,A,120.08560448884964,1,False
24792125,randomized_smiles,qwen3-4b-instruct-2507,False,\boxed{D},\boxed{D},D,D,120.08560448884964,1,True
24792125,deepsmiles,qwen3-4b-instruct-2507,False,\boxed{D},\boxed{D},D,A,120.08560448884964,1,False
24792125,iupac,qwen3-4b-instruct-2507,False,\boxed{C},\boxed{C},C,C,120.08560448884964,1,True
24792125,selfies,qwen3-4b-instruct-2507,False,\boxed{A},\boxed{A},A,A,120.08560448884964,1,True
24792125,moljson,qwen3-4b-instruct-2507,False,\boxed{C},\boxed{C},C,C,120.08560448884964,1,True
24792125,cml,qwen3-4b-instruct-2507,False,\boxed{B},\boxed{B},B,B,120.08560448884964,1,True
24792125,inchi,qwen3-4b-instruct-2507,False,\boxed{C},\boxed{C},C,C,120.08560448884964,1,True
126843487,canonical_smiles,qwen3-4b-instruct-2507,False,\boxed{D},\boxed{D},D,C,120.08560448884964,1,False
126843487,isomeric_smiles,qwen3-4b-instruct-2507,False,\boxed{D},\boxed{D},D,D,120.08560448884964,1,True
126843487,randomized_smiles,qwen3-4b-instruct-2507,False,\boxed{A},\boxed{A},A,C,120.08560448884964,1,False
126843487,deepsmiles,qwen3-4b-instruct-2507,False,\boxed{B},\boxed{B},B,A,120.08560448884964,1,False
126843487,iupac,qwen3-4b-instruct-2507,False,\boxed{B},\boxed{B},B,B,120.08560448884964,1,True
126843487,selfies,qwen3-4b-instruct-2507,False,\boxed{A},\boxed{A},A,B,120.08560448884964,1,False
126843487,moljson,qwen3-4b-instruct-2507,False,\boxed{D},\boxed{D},D,A,120.08560448884964,1,False
126843487,cml,qwen3-4b-instruct-2507,False,\boxed{B},\boxed{B},B,B,120.08560448884964,1,True
126843487,inchi,qwen3-4b-instruct-2507,False,\boxed{C},\boxed{C},C,A,120.08560448884964,1,False
5280453,canonical_smiles,qwen3-4b-instruct-2507,False,\boxed{C},\boxed{C},C,A,120.08560448884964,1,False
5280453,isomeric_smiles,qwen3-4b-instruct-2507,False,\boxed{D},\boxed{D},D,D,120.08560448884964,1,True
5280453,randomized_smiles,qwen3-4b-instruct-2507,False,\boxed{C},\boxed{C},C,C,120.08560448884964,1,True
5280453,deepsmiles,qwen3-4b-instruct-2507,False,\boxed{D},\boxed{D},D,A,120.08560448884964,1,False
5280453,iupac,qwen3-4b-instruct-2507,False,\boxed{C},\boxed{C},C,B,120.08560448884964,1,False
5280453,selfies,qwen3-4b-instruct-2507,False,\boxed{D},\boxed{D},D,A,120.08560448884964,1,False
5280453,moljson,qwen3-4b-instruct-2507,False,\boxed{C},\boxed{C},C,C,120.08560448884964,1,True
5280453,cml,qwen3-4b-instruct-2507,False,\boxed{A},\boxed{A},A,D,120.08560448884964,1,False
5280453,inchi,qwen3-4b-instruct-2507,False,\boxed{C},\boxed{C},C,C,120.08560448884964,1,True
6475988,canonical_smiles,qwen3-4b-instruct-2507,False,\boxed{B},\boxed{B},B,C,120.08560448884964,1,False
6475988,isomeric_smiles,qwen3-4b-instruct-2507,False,\boxed{C},\boxed{C},C,C,120.08560448884964,1,True
6475988,randomized_smiles,qwen3-4b-instruct-2507,False,\boxed{A},\boxed{A},A,A,120.08560448884964,1,True
6475988,deepsmiles,qwen3-4b-instruct-2507,False,\boxed{D},\boxed{D},D,D,120.08560448884964,1,True
6475988,iupac,qwen3-4b-instruct-2507,False,\boxed{C},\boxed{C},C,A,79.39127832651138,1,False
6475988,selfies,qwen3-4b-instruct-2507,False,\boxed{B},\boxed{B},B,A,79.39127832651138,1,False
6475988,moljson,qwen3-4b-instruct-2507,False,\boxed{A},\boxed{A},A,B,79.39127832651138,1,False
6475988,cml,qwen3-4b-instruct-2507,False,\boxed{D},\boxed{D},D,D,79.39127832651138,1,True
6475988,inchi,qwen3-4b-instruct-2507,False,\boxed{D},\boxed{D},D,C,79.39127832651138,1,False
12901,canonical_smiles,qwen3-4b-instruct-2507,False,\boxed{B},\boxed{B},B,A,79.39127832651138,1,False
12901,isomeric_smiles,qwen3-4b-instruct-2507,False,\boxed{D},\boxed{D},D,D,79.39127832651138,1,True
12901,randomized_smiles,qwen3-4b-instruct-2507,False,\boxed{C},\boxed{C},C,C,79.39127832651138,1,True
12901,deepsmiles,qwen3-4b-instruct-2507,False,\boxed{A},\boxed{A},A,A,79.39127832651138,1,True
12901,iupac,qwen3-4b-instruct-2507,False,\boxed{D},\boxed{D},D,D,79.39127832651138,1,True
12901,selfies,qwen3-4b-instruct-2507,False,\boxed{C},\boxed{C},C,C,79.39127832651138,1,True
12901,moljson,qwen3-4b-instruct-2507,False,\boxed{C},\boxed{C},C,C,79.39127832651138,1,True
12901,cml,qwen3-4b-instruct-2507,False,\boxed{A},\boxed{A},A,D,79.39127832651138,1,False
12901,inchi,qwen3-4b-instruct-2507,False,\boxed{B},\boxed{B},B,A,79.39127832651138,1,False
49832001,canonical_smiles,qwen3-4b-instruct-2507,False,\boxed{D},\boxed{D},D,B,79.39127832651138,1,False
49832001,isomeric_smiles,qwen3-4b-instruct-2507,False,\boxed{B},\boxed{B},B,B,79.39127832651138,1,True
49832001,randomized_smiles,qwen3-4b-instruct-2507,False,\boxed{C},\boxed{C},C,D,79.39127832651138,1,False
49832001,deepsmiles,qwen3-4b-instruct-2507,False,\boxed{D},\boxed{D},D,C,79.39127832651138,1,False
49832001,iupac,qwen3-4b-instruct-2507,False,\boxed{A},\boxed{A},A,A,79.39127832651138,1,True
49832001,selfies,qwen3-4b-instruct-2507,False,\boxed{D},\boxed{D},D,D,79.39127832651138,1,True
49832001,moljson,qwen3-4b-instruct-2507,False,\boxed{D},\boxed{D},D,B,79.39127832651138,1,False
49832001,cml,qwen3-4b-instruct-2507,False,\boxed{A},\boxed{A},A,B,79.39127832651138,1,False
49832001,inchi,qwen3-4b-instruct-2507,False,\boxed{C},\boxed{C},C,C,79.39127832651138,1,True
91859299,canonical_smiles,qwen3-4b-instruct-2507,False,\boxed{C},\boxed{C},C,C,79.39127832651138,1,True
91859299,isomeric_smiles,qwen3-4b-instruct-2507,False,\boxed{A},\boxed{A},A,A,79.39127832651138,1,True
91859299,randomized_smiles,qwen3-4b-instruct-2507,False,\boxed{B},\boxed{B},B,B,79.39127832651138,1,True
91859299,deepsmiles,qwen3-4b-instruct-2507,False,\boxed{D},\boxed{D},D,D,79.39127832651138,1,True
91859299,iupac,qwen3-4b-instruct-2507,False,\boxed{C},\boxed{C},C,D,79.39127832651138,1,False
91859299,selfies,qwen3-4b-instruct-2507,False,\boxed{A},\boxed{A},A,A,79.39127832651138,1,True
91859299,moljson,qwen3-4b-instruct-2507,False,\boxed{B},\boxed{B},B,D,79.39127832651138,1,False
91859299,cml,qwen3-4b-instruct-2507,False,\boxed{C},\boxed{C},C,C,79.39127832651138,1,True
91859299,inchi,qwen3-4b-instruct-2507,False,\boxed{D},\boxed{D},D,D,79.39127832651138,1,True
76965883,canonical_smiles,qwen3-4b-instruct-2507,False,\boxed{D},\boxed{D},D,D,109.117291867733,1,True
76965883,isomeric_smiles,qwen3-4b-instruct-2507,False,\boxed{C},\boxed{C},C,C,109.117291867733,1,True
76965883,randomized_smiles,qwen3-4b-instruct-2507,False,\boxed{C},\boxed{C},C,B,109.117291867733,1,False
76965883,deepsmiles,qwen3-4b-instruct-2507,False,\boxed{C},\boxed{C},C,C,109.117291867733,1,True
76965883,iupac,qwen3-4b-instruct-2507,False,\boxed{B},\boxed{B},B,A,109.117291867733,1,False
76965883,selfies,qwen3-4b-instruct-2507,False,\boxed{C},\boxed{C},C,B,109.117291867733,1,False
76965883,moljson,qwen3-4b-instruct-2507,False,\boxed{A},\boxed{A},A,A,109.117291867733,1,True
76965883,cml,qwen3-4b-instruct-2507,False,\boxed{A},\boxed{A},A,B,109.117291867733,1,False
76965883,inchi,qwen3-4b-instruct-2507,False,\boxed{B},\boxed{B},B,B,109.117291867733,1,True
90657728,canonical_smiles,qwen3-4b-instruct-2507,False,\boxed{D},\boxed{D},D,D,109.117291867733,1,True
90657728,isomeric_smiles,qwen3-4b-instruct-2507,False,\boxed{D},\boxed{D},D,D,109.117291867733,1,True
90657728,randomized_smiles,qwen3-4b-instruct-2507,False,\boxed{C},\boxed{C},C,B,109.117291867733,1,False
90657728,deepsmiles,qwen3-4b-instruct-2507,False,\boxed{C},\boxed{C},C,A,109.117291867733,1,False
90657728,iupac,qwen3-4b-instruct-2507,False,\boxed{D},\boxed{D},D,D,109.117291867733,1,True
90657728,selfies,qwen3-4b-instruct-2507,False,\boxed{B},\boxed{B},B,B,109.117291867733,1,True
90657728,moljson,qwen3-4b-instruct-2507,False,\boxed{B},\boxed{B},B,A,109.117291867733,1,False
90657728,cml,qwen3-4b-instruct-2507,False,\boxed{C},\boxed{C},C,D,109.117291867733,1,False
90657728,inchi,qwen3-4b-instruct-2507,False,\boxed{B},\boxed{B},B,A,109.117291867733,1,False
25200933,canonical_smiles,qwen3-4b-instruct-2507,False,\boxed{A},\boxed{A},A,A,109.117291867733,1,True
25200933,isomeric_smiles,qwen3-4b-instruct-2507,False,\boxed{C},\boxed{C},C,C,109.117291867733,1,True
25200933,randomized_smiles,qwen3-4b-instruct-2507,False,\boxed{A},\boxed{A},A,A,109.117291867733,1,True
25200933,deepsmiles,qwen3-4b-instruct-2507,False,\boxed{A},\boxed{A},A,A,109.117291867733,1,True
25200933,iupac,qwen3-4b-instruct-2507,False,\boxed{C},\boxed{C},C,C,109.117291867733,1,True
25200933,selfies,qwen3-4b-instruct-2507,False,\boxed{B},\boxed{B},B,B,109.117291867733,1,True
25200933,moljson,qwen3-4b-instruct-2507,False,\boxed{B},\boxed{B},B,B,109.117291867733,1,True
25200933,cml,qwen3-4b-instruct-2507,False,\boxed{A},\boxed{A},A,A,109.117291867733,1,True
25200933,inchi,qwen3-4b-instruct-2507,False,\boxed{D},\boxed{D},D,D,109.117291867733,1,True
6857436,canonical_smiles,qwen3-4b-instruct-2507,False,\boxed{A},\boxed{A},A,A,109.117291867733,1,True
6857436,isomeric_smiles,qwen3-4b-instruct-2507,False,\boxed{A},\boxed{A},A,A,109.117291867733,1,True
6857436,randomized_smiles,qwen3-4b-instruct-2507,False,\boxed{C},\boxed{C},C,C,109.117291867733,1,True
6857436,deepsmiles,qwen3-4b-instruct-2507,False,\boxed{B},\boxed{B},B,B,109.117291867733,1,True
6857436,iupac,qwen3-4b-instruct-2507,False,\boxed{B},\boxed{B},B,B,109.117291867733,1,True
6857436,selfies,qwen3-4b-instruct-2507,False,\boxed{A},\boxed{A},A,A,152.83966064453125,1,True
6857436,moljson,qwen3-4b-instruct-2507,False,\boxed{A},\boxed{A},A,C,152.83966064453125,1,False
6857436,cml,qwen3-4b-instruct-2507,False,\boxed{C},\boxed{C},C,D,152.83966064453125,1,False
6857436,inchi,qwen3-4b-instruct-2507,False,\boxed{A},\boxed{A},A,B,152.83966064453125,1,False
2733768,canonical_smiles,qwen3-4b-instruct-2507,False,\boxed{C},\boxed{C},C,C,152.83966064453125,1,True
2733768,isomeric_smiles,qwen3-4b-instruct-2507,False,\boxed{C},\boxed{C},C,D,152.83966064453125,1,False
2733768,randomized_smiles,qwen3-4b-instruct-2507,False,\boxed{B},\boxed{B},B,C,152.83966064453125,1,False
2733768,deepsmiles,qwen3-4b-instruct-2507,False,\boxed{D},\boxed{D},D,D,152.83966064453125,1,True
2733768,iupac,qwen3-4b-instruct-2507,False,\boxed{C},\boxed{C},C,C,152.83966064453125,1,True
2733768,selfies,qwen3-4b-instruct-2507,False,\boxed{A},\boxed{A},A,D,152.83966064453125,1,False
2733768,moljson,qwen3-4b-instruct-2507,False,\boxed{A},\boxed{A},A,B,152.83966064453125,1,False
2733768,cml,qwen3-4b-instruct-2507,False,\boxed{B},\boxed{B},B,C,152.83966064453125,1,False
2733768,inchi,qwen3-4b-instruct-2507,False,\boxed{A},\boxed{A},A,A,152.83966064453125,1,True
72193770,canonical_smiles,qwen3-4b-instruct-2507,False,\boxed{D},\boxed{D},D,C,152.83966064453125,1,False
72193770,isomeric_smiles,qwen3-4b-instruct-2507,False,\boxed{C},\boxed{C},C,C,152.83966064453125,1,True
72193770,randomized_smiles,qwen3-4b-instruct-2507,False,\boxed{C},\boxed{C},C,B,152.83966064453125,1,False
72193770,deepsmiles,qwen3-4b-instruct-2507,False,\boxed{C},\boxed{C},C,C,152.83966064453125,1,True
72193770,iupac,qwen3-4b-instruct-2507,False,\boxed{C},\boxed{C},C,C,152.83966064453125,1,True
72193770,selfies,qwen3-4b-instruct-2507,False,\boxed{D},\boxed{D},D,D,152.83966064453125,1,True
72193770,moljson,qwen3-4b-instruct-2507,False,\boxed{C},\boxed{C},C,C,152.83966064453125,1,True
72193770,cml,qwen3-4b-instruct-2507,False,\boxed{B},\boxed{B},B,B,152.83966064453125,1,True
72193770,inchi,qwen3-4b-instruct-2507,False,\boxed{B},\boxed{B},B,A,152.83966064453125,1,False
72193723,canonical_smiles,qwen3-4b-instruct-2507,False,\boxed{A},\boxed{A},A,A,152.83966064453125,1,True
72193723,isomeric_smiles,qwen3-4b-instruct-2507,False,\boxed{D},\boxed{D},D,D,152.83966064453125,1,True
72193723,randomized_smiles,qwen3-4b-instruct-2507,False,\boxed{A},\boxed{A},A,A,152.83966064453125,1,True
72193723,deepsmiles,qwen3-4b-instruct-2507,False,\boxed{D},\boxed{D},D,D,152.83966064453125,1,True
72193723,iupac,qwen3-4b-instruct-2507,False,\boxed{C},\boxed{C},C,C,152.83966064453125,1,True
72193723,selfies,qwen3-4b-instruct-2507,False,\boxed{B},\boxed{B},B,B,152.83966064453125,1,True
72193723,moljson,qwen3-4b-instruct-2507,False,\boxed{C},\boxed{C},C,D,152.83966064453125,1,False
72193723,cml,qwen3-4b-instruct-2507,False,\boxed{B},\boxed{B},B,B,152.83966064453125,1,True
72193723,inchi,qwen3-4b-instruct-2507,False,\boxed{B},\boxed{B},B,D,152.83966064453125,1,False
129011050,canonical_smiles,qwen3-4b-instruct-2507,False,\boxed{A},\boxed{A},A,C,152.83966064453125,1,False
129011050,isomeric_smiles,qwen3-4b-instruct-2507,False,\boxed{B},\boxed{B},B,B,113.10980468988419,1,True
129011050,randomized_smiles,qwen3-4b-instruct-2507,False,\boxed{D},\boxed{D},D,D,113.10980468988419,1,True
129011050,deepsmiles,qwen3-4b-instruct-2507,False,\boxed{D},\boxed{D},D,D,113.10980468988419,1,True
129011050,iupac,qwen3-4b-instruct-2507,False,\boxed{D},\boxed{D},D,D,113.10980468988419,1,True
129011050,selfies,qwen3-4b-instruct-2507,False,\boxed{C},\boxed{C},C,B,113.10980468988419,1,False
129011050,moljson,qwen3-4b-instruct-2507,False,\boxed{A},\boxed{A},A,A,113.10980468988419,1,True
129011050,cml,qwen3-4b-instruct-2507,False,\boxed{C},\boxed{C},C,C,113.10980468988419,1,True
129011050,inchi,qwen3-4b-instruct-2507,False,\boxed{C},\boxed{C},C,C,113.10980468988419,1,True
72715759,canonical_smiles,qwen3-4b-instruct-2507,False,\boxed{D},\boxed{D},D,D,113.10980468988419,1,True
72715759,isomeric_smiles,qwen3-4b-instruct-2507,False,\boxed{D},\boxed{D},D,B,113.10980468988419,1,False
72715759,randomized_smiles,qwen3-4b-instruct-2507,False,\boxed{A},\boxed{A},A,A,113.10980468988419,1,True
72715759,deepsmiles,qwen3-4b-instruct-2507,False,\boxed{B},\boxed{B},B,A,113.10980468988419,1,False
72715759,iupac,qwen3-4b-instruct-2507,False,\boxed{C},\boxed{C},C,A,113.10980468988419,1,False
72715759,selfies,qwen3-4b-instruct-2507,False,\boxed{B},\boxed{B},B,A,113.10980468988419,1,False
72715759,moljson,qwen3-4b-instruct-2507,False,\boxed{A},\boxed{A},A,A,113.10980468988419,1,True
72715759,cml,qwen3-4b-instruct-2507,False,\boxed{A},\boxed{A},A,D,113.10980468988419,1,False
72715759,inchi,qwen3-4b-instruct-2507,False,\boxed{B},\boxed{B},B,C,113.10980468988419,1,False
6437,canonical_smiles,qwen3-4b-instruct-2507,False,\boxed{B},\boxed{B},B,B,113.10980468988419,1,True
6437,isomeric_smiles,qwen3-4b-instruct-2507,False,\boxed{C},\boxed{C},C,C,113.10980468988419,1,True
6437,randomized_smiles,qwen3-4b-instruct-2507,False,\boxed{D},\boxed{D},D,D,113.10980468988419,1,True
6437,deepsmiles,qwen3-4b-instruct-2507,False,\boxed{C},\boxed{C},C,A,113.10980468988419,1,False
6437,iupac,qwen3-4b-instruct-2507,False,\boxed{A},\boxed{A},A,A,113.10980468988419,1,True
6437,selfies,qwen3-4b-instruct-2507,False,\boxed{C},\boxed{C},C,A,113.10980468988419,1,False
6437,moljson,qwen3-4b-instruct-2507,False,\boxed{A},\boxed{A},A,A,113.10980468988419,1,True
6437,cml,qwen3-4b-instruct-2507,False,\boxed{A},\boxed{A},A,B,113.10980468988419,1,False
6437,inchi,qwen3-4b-instruct-2507,False,\boxed{A},\boxed{A},A,D,113.10980468988419,1,False
9884262,canonical_smiles,qwen3-4b-instruct-2507,False,\boxed{B},\boxed{B},B,A,113.10980468988419,1,False
9884262,isomeric_smiles,qwen3-4b-instruct-2507,False,\boxed{D},\boxed{D},D,D,113.10980468988419,1,True
9884262,randomized_smiles,qwen3-4b-instruct-2507,False,\boxed{C},\boxed{C},C,C,113.10980468988419,1,True
9884262,deepsmiles,qwen3-4b-instruct-2507,False,\boxed{D},\boxed{D},D,D,113.10980468988419,1,True
9884262,iupac,qwen3-4b-instruct-2507,False,\boxed{D},\boxed{D},D,D,113.10980468988419,1,True
9884262,selfies,qwen3-4b-instruct-2507,False,\boxed{C},\boxed{C},C,C,113.10980468988419,1,True
9884262,moljson,qwen3-4b-instruct-2507,False,\boxed{C},\boxed{C},C,B,89.13720448811848,1,False
9884262,cml,qwen3-4b-instruct-2507,False,\boxed{A},\boxed{A},A,B,89.13720448811848,1,False
9884262,inchi,qwen3-4b-instruct-2507,False,\boxed{D},\boxed{D},D,D,89.13720448811848,1,True
25246222,canonical_smiles,qwen3-4b-instruct-2507,False,\boxed{C},\boxed{C},C,A,89.13720448811848,1,False
25246222,isomeric_smiles,qwen3-4b-instruct-2507,False,\boxed{D},\boxed{D},D,D,89.13720448811848,1,True
25246222,randomized_smiles,qwen3-4b-instruct-2507,False,\boxed{B},\boxed{B},B,A,89.13720448811848,1,False
25246222,deepsmiles,qwen3-4b-instruct-2507,False,\boxed{B},\boxed{B},B,A,89.13720448811848,1,False
25246222,iupac,qwen3-4b-instruct-2507,False,\boxed{C},\boxed{C},C,C,89.13720448811848,1,True
25246222,selfies,qwen3-4b-instruct-2507,False,\boxed{D},\boxed{D},D,D,89.13720448811848,1,True
25246222,moljson,qwen3-4b-instruct-2507,False,\boxed{C},\boxed{C},C,C,89.13720448811848,1,True
25246222,cml,qwen3-4b-instruct-2507,False,\boxed{C},\boxed{C},C,C,89.13720448811848,1,True
25246222,inchi,qwen3-4b-instruct-2507,False,\boxed{B},\boxed{B},B,B,89.13720448811848,1,True
44237187,canonical_smiles,qwen3-4b-instruct-2507,False,\boxed{C},\boxed{C},C,C,89.13720448811848,1,True
44237187,isomeric_smiles,qwen3-4b-instruct-2507,False,\boxed{A},\boxed{A},A,A,89.13720448811848,1,True
44237187,randomized_smiles,qwen3-4b-instruct-2507,False,\boxed{A},\boxed{A},A,A,89.13720448811848,1,True
44237187,deepsmiles,qwen3-4b-instruct-2507,False,\boxed{D},\boxed{D},D,D,89.13720448811848,1,True
44237187,iupac,qwen3-4b-instruct-2507,False,\boxed{B},\boxed{B},B,B,89.13720448811848,1,True
44237187,selfies,qwen3-4b-instruct-2507,False,\boxed{C},\boxed{C},C,C,89.13720448811848,1,True
44237187,moljson,qwen3-4b-instruct-2507,False,\boxed{A},\boxed{A},A,A,89.13720448811848,1,True
44237187,cml,qwen3-4b-instruct-2507,False,\boxed{C},\boxed{C},C,C,89.13720448811848,1,True
44237187,inchi,qwen3-4b-instruct-2507,False,\boxed{D},\boxed{D},D,D,89.13720448811848,1,True
440961,canonical_smiles,qwen3-4b-instruct-2507,False,\boxed{B},\boxed{B},B,B,89.13720448811848,1,True
440961,isomeric_smiles,qwen3-4b-instruct-2507,False,\boxed{D},\boxed{D},D,D,89.13720448811848,1,True
440961,randomized_smiles,qwen3-4b-instruct-2507,False,\boxed{D},\boxed{D},D,D,89.13720448811848,1,True
440961,deepsmiles,qwen3-4b-instruct-2507,False,\boxed{D},\boxed{D},D,C,89.13720448811848,1,False
440961,iupac,qwen3-4b-instruct-2507,False,\boxed{D},\boxed{D},D,A,89.13720448811848,1,False
440961,selfies,qwen3-4b-instruct-2507,False,\boxed{A},\boxed{A},A,D,89.13720448811848,1,False
440961,moljson,qwen3-4b-instruct-2507,False,\boxed{A},\boxed{A},A,A,89.13720448811848,1,True
440961,cml,qwen3-4b-instruct-2507,False,\boxed{B},\boxed{B},B,D,89.13720448811848,1,False
440961,inchi,qwen3-4b-instruct-2507,False,\boxed{C},\boxed{C},C,C,89.13720448811848,1,True
439741,canonical_smiles,qwen3-vl-4b-instruct,False,\boxed{C},\boxed{C},C,A,90.2864122390747,1,False
439741,isomeric_smiles,qwen3-vl-4b-instruct,False,\boxed{D},\boxed{D},D,D,90.2864122390747,1,True
439741,randomized_smiles,qwen3-vl-4b-instruct,False,\boxed{A},\boxed{A},A,A,90.2864122390747,1,True
439741,deepsmiles,qwen3-vl-4b-instruct,False,\boxed{A},\boxed{A},A,A,90.2864122390747,1,True
439741,iupac,qwen3-vl-4b-instruct,False,\boxed{C},\boxed{C},C,A,90.2864122390747,1,False
439741,selfies,qwen3-vl-4b-instruct,False,\boxed{C},\boxed{C},C,D,90.2864122390747,1,False
439741,moljson,qwen3-vl-4b-instruct,False,\boxed{C},\boxed{C},C,C,90.2864122390747,1,True
439741,cml,qwen3-vl-4b-instruct,False,\boxed{C},\boxed{C},C,C,90.2864122390747,1,True
439741,inchi,qwen3-vl-4b-instruct,False,\boxed{B},\boxed{B},B,B,90.2864122390747,1,True
53239801,canonical_smiles,qwen3-vl-4b-instruct,False,\boxed{C},\boxed{C},C,C,90.2864122390747,1,True
53239801,isomeric_smiles,qwen3-vl-4b-instruct,False,\boxed{D},\boxed{D},D,D,90.2864122390747,1,True
53239801,randomized_smiles,qwen3-vl-4b-instruct,False,\boxed{B},\boxed{B},B,B,90.2864122390747,1,True
53239801,deepsmiles,qwen3-vl-4b-instruct,False,\boxed{A},\boxed{A},A,C,90.2864122390747,1,False
53239801,iupac,qwen3-vl-4b-instruct,False,\boxed{D},\boxed{D},D,B,90.2864122390747,1,False
53239801,selfies,qwen3-vl-4b-instruct,False,\boxed{A},\boxed{A},A,C,90.2864122390747,1,False
53239801,moljson,qwen3-vl-4b-instruct,False,\boxed{D},\boxed{D},D,B,90.2864122390747,1,False
53239801,cml,qwen3-vl-4b-instruct,False,\boxed{C},\boxed{C},C,C,90.2864122390747,1,True
53239801,inchi,qwen3-vl-4b-instruct,False,\boxed{D},\boxed{D},D,D,90.2864122390747,1,True
70697724,canonical_smiles,qwen3-vl-4b-instruct,False,\boxed{C},\boxed{C},C,C,90.2864122390747,1,True
70697724,isomeric_smiles,qwen3-vl-4b-instruct,False,\boxed{D},\boxed{D},D,A,90.2864122390747,1,False
70697724,randomized_smiles,qwen3-vl-4b-instruct,False,\boxed{C},\boxed{C},C,C,90.2864122390747,1,True
70697724,deepsmiles,qwen3-vl-4b-instruct,False,\boxed{A},\boxed{A},A,D,90.2864122390747,1,False
70697724,iupac,qwen3-vl-4b-instruct,False,\boxed{D},\boxed{D},D,D,90.2864122390747,1,True
70697724,selfies,qwen3-vl-4b-instruct,False,\boxed{B},\boxed{B},B,D,90.2864122390747,1,False
70697724,moljson,qwen3-vl-4b-instruct,False,\boxed{D},\boxed{D},D,B,90.2864122390747,1,False
70697724,cml,qwen3-vl-4b-instruct,False,\boxed{A},\boxed{A},A,D,90.2864122390747,1,False
70697724,inchi,qwen3-vl-4b-instruct,False,\boxed{A},\boxed{A},A,A,90.2864122390747,1,True
91858192,canonical_smiles,qwen3-vl-4b-instruct,False,\boxed{C},\boxed{C},C,C,90.2864122390747,1,True
91858192,isomeric_smiles,qwen3-vl-4b-instruct,False,\boxed{B},\boxed{B},B,B,90.2864122390747,1,True
91858192,randomized_smiles,qwen3-vl-4b-instruct,False,\boxed{A},\boxed{A},A,C,90.2864122390747,1,False
91858192,deepsmiles,qwen3-vl-4b-instruct,False,\boxed{C},\boxed{C},C,C,90.2864122390747,1,True
91858192,iupac,qwen3-vl-4b-instruct,False,\boxed{D},\boxed{D},D,D,90.2864122390747,1,True
91858192,selfies,qwen3-vl-4b-instruct,False,\boxed{B},\boxed{B},B,B,90.2864122390747,1,True
91858192,moljson,qwen3-vl-4b-instruct,False,\boxed{B},\boxed{B},B,B,90.2864122390747,1,True
91858192,cml,qwen3-vl-4b-instruct,False,\boxed{A},\boxed{A},A,A,90.2864122390747,1,True
91858192,inchi,qwen3-vl-4b-instruct,False,\boxed{C},\boxed{C},C,A,90.2864122390747,1,False
71581037,canonical_smiles,qwen3-vl-4b-instruct,False,\boxed{C},\boxed{C},C,A,90.2864122390747,1,False
71581037,isomeric_smiles,qwen3-vl-4b-instruct,False,\boxed{A},\boxed{A},A,A,90.2864122390747,1,True
71581037,randomized_smiles,qwen3-vl-4b-instruct,False,\boxed{D},\boxed{D},D,D,90.2864122390747,1,True
71581037,deepsmiles,qwen3-vl-4b-instruct,False,\boxed{C},\boxed{C},C,C,90.2864122390747,1,True
71581037,iupac,qwen3-vl-4b-instruct,False,\boxed{B},\boxed{B},B,B,90.2864122390747,1,True
71581037,selfies,qwen3-vl-4b-instruct,False,\boxed{B},\boxed{B},B,B,90.2864122390747,1,True
71581037,moljson,qwen3-vl-4b-instruct,False,\boxed{C},\boxed{C},C,C,90.2864122390747,1,True
71581037,cml,qwen3-vl-4b-instruct,False,\boxed{C},\boxed{C},C,D,90.2864122390747,1,False
71581037,inchi,qwen3-vl-4b-instruct,False,\boxed{A},\boxed{A},A,C,90.2864122390747,1,False
5748580,canonical_smiles,qwen3-vl-4b-instruct,False,\boxed{B},\boxed{B},B,B,90.2864122390747,1,True
5748580,isomeric_smiles,qwen3-vl-4b-instruct,False,\boxed{C},\boxed{C},C,C,90.2864122390747,1,True
5748580,randomized_smiles,qwen3-vl-4b-instruct,False,\boxed{C},\boxed{C},C,C,90.2864122390747,1,True
5748580,deepsmiles,qwen3-vl-4b-instruct,False,\boxed{B},\boxed{B},B,A,90.2864122390747,1,False
5748580,iupac,qwen3-vl-4b-instruct,False,\boxed{B},\boxed{B},B,B,90.2864122390747,1,True
5748580,selfies,qwen3-vl-4b-instruct,False,\boxed{B},\boxed{B},B,B,110.52296161651611,1,True
5748580,moljson,qwen3-vl-4b-instruct,False,\boxed{D},\boxed{D},D,C,110.52296161651611,1,False
5748580,cml,qwen3-vl-4b-instruct,False,\boxed{A},\boxed{A},A,A,110.52296161651611,1,True
5748580,inchi,qwen3-vl-4b-instruct,False,\boxed{A},\boxed{A},A,A,110.52296161651611,1,True
44229137,canonical_smiles,qwen3-vl-4b-instruct,False,\boxed{A},\boxed{A},A,A,110.52296161651611,1,True
44229137,isomeric_smiles,qwen3-vl-4b-instruct,False,\boxed{C},\boxed{C},C,C,110.52296161651611,1,True
44229137,randomized_smiles,qwen3-vl-4b-instruct,False,\boxed{B},\boxed{B},B,B,110.52296161651611,1,True
44229137,deepsmiles,qwen3-vl-4b-instruct,False,\boxed{C},\boxed{C},C,C,110.52296161651611,1,True
44229137,iupac,qwen3-vl-4b-instruct,False,\boxed{C},\boxed{C},C,C,110.52296161651611,1,True
44229137,selfies,qwen3-vl-4b-instruct,False,\boxed{B},\boxed{B},B,B,110.52296161651611,1,True
44229137,moljson,qwen3-vl-4b-instruct,False,\boxed{D},\boxed{D},D,D,110.52296161651611,1,True
44229137,cml,qwen3-vl-4b-instruct,False,\boxed{D},\boxed{D},D,D,110.52296161651611,1,True
44229137,inchi,qwen3-vl-4b-instruct,False,\boxed{D},\boxed{D},D,C,110.52296161651611,1,False
57339315,canonical_smiles,qwen3-vl-4b-instruct,False,\boxed{A},\boxed{A},A,A,110.52296161651611,1,True
57339315,isomeric_smiles,qwen3-vl-4b-instruct,False,\boxed{B},\boxed{B},B,B,110.52296161651611,1,True
57339315,randomized_smiles,qwen3-vl-4b-instruct,False,\boxed{A},\boxed{A},A,A,110.52296161651611,1,True
57339315,deepsmiles,qwen3-vl-4b-instruct,False,\boxed{D},\boxed{D},D,D,110.52296161651611,1,True
57339315,iupac,qwen3-vl-4b-instruct,False,\boxed{D},\boxed{D},D,A,110.52296161651611,1,False
57339315,selfies,qwen3-vl-4b-instruct,False,\boxed{C},\boxed{C},C,C,110.52296161651611,1,True
57339315,moljson,qwen3-vl-4b-instruct,False,\boxed{C},\boxed{C},C,C,110.52296161651611,1,True
57339315,cml,qwen3-vl-4b-instruct,False,\boxed{A},\boxed{A},A,B,110.52296161651611,1,False
57339315,inchi,qwen3-vl-4b-instruct,False,\boxed{D},\boxed{D},D,D,110.52296161651611,1,True
94332,canonical_smiles,qwen3-vl-4b-instruct,False,\boxed{D},\boxed{D},D,D,110.52296161651611,1,True
94332,isomeric_smiles,qwen3-vl-4b-instruct,False,\boxed{D},\boxed{D},D,D,110.52296161651611,1,True
94332,randomized_smiles,qwen3-vl-4b-instruct,False,\boxed{B},\boxed{B},B,B,110.52296161651611,1,True
94332,deepsmiles,qwen3-vl-4b-instruct,False,\boxed{A},\boxed{A},A,A,110.52296161651611,1,True
94332,iupac,qwen3-vl-4b-instruct,False,\boxed{A},\boxed{A},A,A,110.52296161651611,1,True
94332,selfies,qwen3-vl-4b-instruct,False,\boxed{C},\boxed{C},C,C,110.52296161651611,1,True
94332,moljson,qwen3-vl-4b-instruct,False,\boxed{B},\boxed{B},B,B,110.52296161651611,1,True
94332,cml,qwen3-vl-4b-instruct,False,\boxed{D},\boxed{D},D,D,110.52296161651611,1,True
94332,inchi,qwen3-vl-4b-instruct,False,\boxed{B},\boxed{B},B,B,110.52296161651611,1,True
135398680,canonical_smiles,qwen3-vl-4b-instruct,False,\boxed{D},\boxed{D},D,D,110.52296161651611,1,True
135398680,isomeric_smiles,qwen3-vl-4b-instruct,False,\boxed{C},\boxed{C},C,C,110.52296161651611,1,True
135398680,randomized_smiles,qwen3-vl-4b-instruct,False,\boxed{D},\boxed{D},D,B,110.52296161651611,1,False
135398680,deepsmiles,qwen3-vl-4b-instruct,False,\boxed{B},\boxed{B},B,A,110.52296161651611,1,False
135398680,iupac,qwen3-vl-4b-instruct,False,\boxed{B},\boxed{B},B,D,110.52296161651611,1,False
135398680,selfies,qwen3-vl-4b-instruct,False,\boxed{A},\boxed{A},A,A,110.52296161651611,1,True
135398680,moljson,qwen3-vl-4b-instruct,False,\boxed{B},\boxed{B},B,D,110.52296161651611,1,False
135398680,cml,qwen3-vl-4b-instruct,False,\boxed{A},\boxed{A},A,A,110.52296161651611,1,True
135398680,inchi,qwen3-vl-4b-instruct,False,\boxed{A},\boxed{A},A,B,110.52296161651611,1,False
127601,canonical_smiles,qwen3-vl-4b-instruct,False,\boxed{B},\boxed{B},B,B,110.52296161651611,1,True
127601,isomeric_smiles,qwen3-vl-4b-instruct,False,\boxed{D},\boxed{D},D,D,110.52296161651611,1,True
127601,randomized_smiles,qwen3-vl-4b-instruct,False,\boxed{B},\boxed{B},B,D,110.52296161651611,1,False
127601,deepsmiles,qwen3-vl-4b-instruct,False,\boxed{D},\boxed{D},D,D,110.52296161651611,1,True
127601,iupac,qwen3-vl-4b-instruct,False,\boxed{C},\boxed{C},C,C,110.52296161651611,1,True
127601,selfies,qwen3-vl-4b-instruct,False,\boxed{A},\boxed{A},A,C,110.52296161651611,1,False
127601,moljson,qwen3-vl-4b-instruct,False,\boxed{A},\boxed{A},A,A,110.52296161651611,1,True
127601,cml,qwen3-vl-4b-instruct,False,\boxed{C},\boxed{C},C,C,110.52296161651611,1,True
127601,inchi,qwen3-vl-4b-instruct,False,\boxed{B},\boxed{B},B,B,110.52296161651611,1,True
53354912,canonical_smiles,qwen3-vl-4b-instruct,False,\boxed{A},\boxed{A},A,A,110.52296161651611,1,True
53354912,isomeric_smiles,qwen3-vl-4b-instruct,False,\boxed{B},\boxed{B},B,B,79.8827600479126,1,True
53354912,randomized_smiles,qwen3-vl-4b-instruct,False,\boxed{A},\boxed{A},A,A,79.8827600479126,1,True
53354912,deepsmiles,qwen3-vl-4b-instruct,False,\boxed{B},\boxed{B},B,B,79.8827600479126,1,True
53354912,iupac,qwen3-vl-4b-instruct,False,\boxed{A},\boxed{A},A,A,79.8827600479126,1,True
53354912,selfies,qwen3-vl-4b-instruct,False,\boxed{A},\boxed{A},A,A,79.8827600479126,1,True
53354912,moljson,qwen3-vl-4b-instruct,False,\boxed{D},\boxed{D},D,D,79.8827600479126,1,True
53354912,cml,qwen3-vl-4b-instruct,False,\boxed{C},\boxed{C},C,D,79.8827600479126,1,False
53354912,inchi,qwen3-vl-4b-instruct,False,\boxed{B},\boxed{B},B,B,79.8827600479126,1,True
44575705,canonical_smiles,qwen3-vl-4b-instruct,False,\boxed{B},\boxed{B},B,B,79.8827600479126,1,True
44575705,isomeric_smiles,qwen3-vl-4b-instruct,False,\boxed{D},\boxed{D},D,D,79.8827600479126,1,True
44575705,randomized_smiles,qwen3-vl-4b-instruct,False,\boxed{B},\boxed{B},B,B,79.8827600479126,1,True
44575705,deepsmiles,qwen3-vl-4b-instruct,False,\boxed{B},\boxed{B},B,A,79.8827600479126,1,False
44575705,iupac,qwen3-vl-4b-instruct,False,\boxed{B},\boxed{B},B,B,79.8827600479126,1,True
44575705,selfies,qwen3-vl-4b-instruct,False,\boxed{A},\boxed{A},A,A,79.8827600479126,1,True
44575705,moljson,qwen3-vl-4b-instruct,False,\boxed{D},\boxed{D},D,D,79.8827600479126,1,True
44575705,cml,qwen3-vl-4b-instruct,False,\boxed{B},\boxed{B},B,A,79.8827600479126,1,False
44575705,inchi,qwen3-vl-4b-instruct,False,\boxed{C},\boxed{C},C,C,79.8827600479126,1,True
9870745,canonical_smiles,qwen3-vl-4b-instruct,False,\boxed{D},\boxed{D},D,D,79.8827600479126,1,True
9870745,isomeric_smiles,qwen3-vl-4b-instruct,False,\boxed{D},\boxed{D},D,D,79.8827600479126,1,True
9870745,randomized_smiles,qwen3-vl-4b-instruct,False,\boxed{D},\boxed{D},D,D,79.8827600479126,1,True
9870745,deepsmiles,qwen3-vl-4b-instruct,False,\boxed{C},\boxed{C},C,C,79.8827600479126,1,True
9870745,iupac,qwen3-vl-4b-instruct,False,\boxed{C},\boxed{C},C,A,79.8827600479126,1,False
9870745,selfies,qwen3-vl-4b-instruct,False,\boxed{A},\boxed{A},A,A,79.8827600479126,1,True
9870745,moljson,qwen3-vl-4b-instruct,False,\boxed{B},\boxed{B},B,B,79.8827600479126,1,True
9870745,cml,qwen3-vl-4b-instruct,False,\boxed{D},\boxed{D},D,D,79.8827600479126,1,True
9870745,inchi,qwen3-vl-4b-instruct,False,\boxed{B},\boxed{B},B,A,79.8827600479126,1,False
6436246,canonical_smiles,qwen3-vl-4b-instruct,False,\boxed{A},\boxed{A},A,A,79.8827600479126,1,True
6436246,isomeric_smiles,qwen3-vl-4b-instruct,False,\boxed{D},\boxed{D},D,D,79.8827600479126,1,True
6436246,randomized_smiles,qwen3-vl-4b-instruct,False,\boxed{D},\boxed{D},D,A,79.8827600479126,1,False
6436246,deepsmiles,qwen3-vl-4b-instruct,False,\boxed{A},\boxed{A},A,D,79.8827600479126,1,False
6436246,iupac,qwen3-vl-4b-instruct,False,\boxed{D},\boxed{D},D,D,79.8827600479126,1,True
6436246,selfies,qwen3-vl-4b-instruct,False,\boxed{A},\boxed{A},A,A,79.8827600479126,1,True
6436246,moljson,qwen3-vl-4b-instruct,False,\boxed{A},\boxed{A},A,B,79.8827600479126,1,False
6436246,cml,qwen3-vl-4b-instruct,False,\boxed{A},\boxed{A},A,D,79.8827600479126,1,False
6436246,inchi,qwen3-vl-4b-instruct,False,\boxed{A},\boxed{A},A,D,79.8827600479126,1,False
56927836,canonical_smiles,qwen3-vl-4b-instruct,False,\boxed{C},\boxed{C},C,C,79.8827600479126,1,True
56927836,isomeric_smiles,qwen3-vl-4b-instruct,False,\boxed{A},\boxed{A},A,A,79.8827600479126,1,True
56927836,randomized_smiles,qwen3-vl-4b-instruct,False,\boxed{D},\boxed{D},D,D,79.8827600479126,1,True
56927836,deepsmiles,qwen3-vl-4b-instruct,False,\boxed{B},\boxed{B},B,B,79.8827600479126,1,True
56927836,iupac,qwen3-vl-4b-instruct,False,\boxed{B},\boxed{B},B,B,79.8827600479126,1,True
56927836,selfies,qwen3-vl-4b-instruct,False,\boxed{A},\boxed{A},A,B,79.8827600479126,1,False
56927836,moljson,qwen3-vl-4b-instruct,False,\boxed{A},\boxed{A},A,B,79.8827600479126,1,False
56927836,cml,qwen3-vl-4b-instruct,False,\boxed{A},\boxed{A},A,A,79.8827600479126,1,True
56927836,inchi,qwen3-vl-4b-instruct,False,\boxed{C},\boxed{C},C,A,79.8827600479126,1,False
11870411,canonical_smiles,qwen3-vl-4b-instruct,False,\boxed{B},\boxed{B},B,B,79.8827600479126,1,True
11870411,isomeric_smiles,qwen3-vl-4b-instruct,False,\boxed{B},\boxed{B},B,A,79.8827600479126,1,False
11870411,randomized_smiles,qwen3-vl-4b-instruct,False,\boxed{A},\boxed{A},A,D,79.8827600479126,1,False
11870411,deepsmiles,qwen3-vl-4b-instruct,False,\boxed{A},\boxed{A},A,B,79.8827600479126,1,False
11870411,iupac,qwen3-vl-4b-instruct,False,\boxed{A},\boxed{A},A,A,79.8827600479126,1,True
11870411,selfies,qwen3-vl-4b-instruct,False,\boxed{D},\boxed{D},D,D,79.8827600479126,1,True
11870411,moljson,qwen3-vl-4b-instruct,False,\boxed{A},\boxed{A},A,A,116.31525993347168,1,True
11870411,cml,qwen3-vl-4b-instruct,False,\boxed{C},\boxed{C},C,C,116.31525993347168,1,True
11870411,inchi,qwen3-vl-4b-instruct,False,\boxed{B},\boxed{B},B,B,116.31525993347168,1,True
5281604,canonical_smiles,qwen3-vl-4b-instruct,False,\boxed{C},\boxed{C},C,A,116.31525993347168,1,False
5281604,isomeric_smiles,qwen3-vl-4b-instruct,False,\boxed{D},\boxed{D},D,C,116.31525993347168,1,False
5281604,randomized_smiles,qwen3-vl-4b-instruct,False,\boxed{D},\boxed{D},D,C,116.31525993347168,1,False
5281604,deepsmiles,qwen3-vl-4b-instruct,False,\boxed{C},\boxed{C},C,B,116.31525993347168,1,False
5281604,iupac,qwen3-vl-4b-instruct,False,\boxed{B},\boxed{B},B,A,116.31525993347168,1,False
5281604,selfies,qwen3-vl-4b-instruct,False,\boxed{C},\boxed{C},C,A,116.31525993347168,1,False
5281604,moljson,qwen3-vl-4b-instruct,False,\boxed{A},\boxed{A},A,C,116.31525993347168,1,False
5281604,cml,qwen3-vl-4b-instruct,False,\boxed{D},\boxed{D},D,B,116.31525993347168,1,False
5281604,inchi,qwen3-vl-4b-instruct,False,\boxed{A},\boxed{A},A,A,116.31525993347168,1,True
5283662,canonical_smiles,qwen3-vl-4b-instruct,False,\boxed{D},\boxed{D},D,B,116.31525993347168,1,False
5283662,isomeric_smiles,qwen3-vl-4b-instruct,False,\boxed{D},\boxed{D},D,A,116.31525993347168,1,False
5283662,randomized_smiles,qwen3-vl-4b-instruct,False,\boxed{A},\boxed{A},A,B,116.31525993347168,1,False
5283662,deepsmiles,qwen3-vl-4b-instruct,False,\boxed{C},\boxed{C},C,D,116.31525993347168,1,False
5283662,iupac,qwen3-vl-4b-instruct,False,\boxed{B},\boxed{B},B,A,116.31525993347168,1,False
5283662,selfies,qwen3-vl-4b-instruct,False,\boxed{B},\boxed{B},B,A,116.31525993347168,1,False
5283662,moljson,qwen3-vl-4b-instruct,False,\boxed{A},\boxed{A},A,A,116.31525993347168,1,True
5283662,cml,qwen3-vl-4b-instruct,False,\boxed{A},\boxed{A},A,A,116.31525993347168,1,True
5283662,inchi,qwen3-vl-4b-instruct,False,\boxed{D},\boxed{D},D,D,116.31525993347168,1,True
91972225,canonical_smiles,qwen3-vl-4b-instruct,False,\boxed{C},\boxed{C},C,A,116.31525993347168,1,False
91972225,isomeric_smiles,qwen3-vl-4b-instruct,False,\boxed{B},\boxed{B},B,B,116.31525993347168,1,True
91972225,randomized_smiles,qwen3-vl-4b-instruct,False,\boxed{C},\boxed{C},C,A,116.31525993347168,1,False
91972225,deepsmiles,qwen3-vl-4b-instruct,False,\boxed{B},\boxed{B},B,B,116.31525993347168,1,True
91972225,iupac,qwen3-vl-4b-instruct,False,\boxed{A},\boxed{A},A,A,116.31525993347168,1,True
91972225,selfies,qwen3-vl-4b-instruct,False,\boxed{A},\boxed{A},A,B,116.31525993347168,1,False
91972225,moljson,qwen3-vl-4b-instruct,False,\boxed{A},\boxed{A},A,A,116.31525993347168,1,True
91972225,cml,qwen3-vl-4b-instruct,False,\boxed{B},\boxed{B},B,D,116.31525993347168,1,False
91972225,inchi,qwen3-vl-4b-instruct,False,\boxed{B},\boxed{B},B,B,116.31525993347168,1,True
183138,canonical_smiles,qwen3-vl-4b-instruct,False,\boxed{B},\boxed{B},B,B,116.31525993347168,1,True
183138,isomeric_smiles,qwen3-vl-4b-instruct,False,\boxed{D},\boxed{D},D,A,116.31525993347168,1,False
183138,randomized_smiles,qwen3-vl-4b-instruct,False,\boxed{C},\boxed{C},C,D,116.31525993347168,1,False
183138,deepsmiles,qwen3-vl-4b-instruct,False,\boxed{C},\boxed{C},C,A,116.31525993347168,1,False
183138,iupac,qwen3-vl-4b-instruct,False,\boxed{D},\boxed{D},D,D,116.31525993347168,1,True
183138,selfies,qwen3-vl-4b-instruct,False,\boxed{C},\boxed{C},C,C,116.31525993347168,1,True
183138,moljson,qwen3-vl-4b-instruct,False,\boxed{D},\boxed{D},D,D,116.31525993347168,1,True
183138,cml,qwen3-vl-4b-instruct,False,\boxed{B},\boxed{B},B,B,116.31525993347168,1,True
183138,inchi,qwen3-vl-4b-instruct,False,\boxed{C},\boxed{C},C,B,116.31525993347168,1,False
16083180,canonical_smiles,qwen3-vl-4b-instruct,False,\boxed{C},\boxed{C},C,B,116.31525993347168,1,False
16083180,isomeric_smiles,qwen3-vl-4b-instruct,False,\boxed{A},\boxed{A},A,D,116.31525993347168,1,False
16083180,randomized_smiles,qwen3-vl-4b-instruct,False,\boxed{B},\boxed{B},B,B,116.31525993347168,1,True
16083180,deepsmiles,qwen3-vl-4b-instruct,False,\boxed{D},\boxed{D},D,D,116.31525993347168,1,True
16083180,iupac,qwen3-vl-4b-instruct,False,\boxed{D},\boxed{D},D,D,116.31525993347168,1,True
16083180,selfies,qwen3-vl-4b-instruct,False,\boxed{B},\boxed{B},B,A,116.31525993347168,1,False
16083180,moljson,qwen3-vl-4b-instruct,False,\boxed{A},\boxed{A},A,A,116.31525993347168,1,True
16083180,cml,qwen3-vl-4b-instruct,False,\boxed{C},\boxed{C},C,A,116.31525993347168,1,False
16083180,inchi,qwen3-vl-4b-instruct,False,\boxed{A},\boxed{A},A,D,116.31525993347168,1,False
5464343,canonical_smiles,qwen3-vl-4b-instruct,False,\boxed{C},\boxed{C},C,B,116.31525993347168,1,False
5464343,isomeric_smiles,qwen3-vl-4b-instruct,False,\boxed{D},\boxed{D},D,A,116.31525993347168,1,False
5464343,randomized_smiles,qwen3-vl-4b-instruct,False,\boxed{B},\boxed{B},B,B,85.52654266357422,1,True
5464343,deepsmiles,qwen3-vl-4b-instruct,False,\boxed{A},\boxed{A},A,A,85.52654266357422,1,True
5464343,iupac,qwen3-vl-4b-instruct,False,\boxed{D},\boxed{D},D,D,85.52654266357422,1,True
5464343,selfies,qwen3-vl-4b-instruct,False,\boxed{B},\boxed{B},B,B,85.52654266357422,1,True
5464343,moljson,qwen3-vl-4b-instruct,False,\boxed{A},\boxed{A},A,D,85.52654266357422,1,False
5464343,cml,qwen3-vl-4b-instruct,False,\boxed{C},\boxed{C},C,C,85.52654266357422,1,True
5464343,inchi,qwen3-vl-4b-instruct,False,\boxed{A},\boxed{A},A,C,85.52654266357422,1,False
13267935,canonical_smiles,qwen3-vl-4b-instruct,False,\boxed{B},\boxed{B},B,B,85.52654266357422,1,True
13267935,isomeric_smiles,qwen3-vl-4b-instruct,False,\boxed{D},\boxed{D},D,D,85.52654266357422,1,True
13267935,randomized_smiles,qwen3-vl-4b-instruct,False,\boxed{A},\boxed{A},A,A,85.52654266357422,1,True
13267935,deepsmiles,qwen3-vl-4b-instruct,False,\boxed{C},\boxed{C},C,C,85.52654266357422,1,True
13267935,iupac,qwen3-vl-4b-instruct,False,\boxed{A},\boxed{A},A,A,85.52654266357422,1,True
13267935,selfies,qwen3-vl-4b-instruct,False,\boxed{A},\boxed{A},A,D,85.52654266357422,1,False
13267935,moljson,qwen3-vl-4b-instruct,False,\boxed{A},\boxed{A},A,B,85.52654266357422,1,False
13267935,cml,qwen3-vl-4b-instruct,False,\boxed{B},\boxed{B},B,B,85.52654266357422,1,True
13267935,inchi,qwen3-vl-4b-instruct,False,\boxed{C},\boxed{C},C,D,85.52654266357422,1,False
91855786,canonical_smiles,qwen3-vl-4b-instruct,False,\boxed{D},\boxed{D},D,D,85.52654266357422,1,True
91855786,isomeric_smiles,qwen3-vl-4b-instruct,False,\boxed{B},\boxed{B},B,D,85.52654266357422,1,False
91855786,randomized_smiles,qwen3-vl-4b-instruct,False,\boxed{D},\boxed{D},D,A,85.52654266357422,1,False
91855786,deepsmiles,qwen3-vl-4b-instruct,False,\boxed{D},\boxed{D},D,A,85.52654266357422,1,False
91855786,iupac,qwen3-vl-4b-instruct,False,\boxed{D},\boxed{D},D,D,85.52654266357422,1,True
91855786,selfies,qwen3-vl-4b-instruct,False,\boxed{C},\boxed{C},C,D,85.52654266357422,1,False
91855786,moljson,qwen3-vl-4b-instruct,False,\boxed{B},\boxed{B},B,D,85.52654266357422,1,False
91855786,cml,qwen3-vl-4b-instruct,False,\boxed{D},\boxed{D},D,A,85.52654266357422,1,False
91855786,inchi,qwen3-vl-4b-instruct,False,\boxed{B},\boxed{B},B,B,85.52654266357422,1,True
50909875,canonical_smiles,qwen3-vl-4b-instruct,False,\boxed{C},\boxed{C},C,C,85.52654266357422,1,True
50909875,isomeric_smiles,qwen3-vl-4b-instruct,False,\boxed{D},\boxed{D},D,B,85.52654266357422,1,False
50909875,randomized_smiles,qwen3-vl-4b-instruct,False,\boxed{B},\boxed{B},B,D,85.52654266357422,1,False
50909875,deepsmiles,qwen3-vl-4b-instruct,False,\boxed{D},\boxed{D},D,A,85.52654266357422,1,False
50909875,iupac,qwen3-vl-4b-instruct,False,\boxed{D},\boxed{D},D,D,85.52654266357422,1,True
50909875,selfies,qwen3-vl-4b-instruct,False,\boxed{C},\boxed{C},C,D,85.52654266357422,1,False
50909875,moljson,qwen3-vl-4b-instruct,False,\boxed{D},\boxed{D},D,D,85.52654266357422,1,True
50909875,cml,qwen3-vl-4b-instruct,False,\boxed{D},\boxed{D},D,D,85.52654266357422,1,True
50909875,inchi,qwen3-vl-4b-instruct,False,\boxed{D},\boxed{D},D,A,85.52654266357422,1,False
22848660,canonical_smiles,qwen3-vl-4b-instruct,False,\boxed{D},\boxed{D},D,D,85.52654266357422,1,True
22848660,isomeric_smiles,qwen3-vl-4b-instruct,False,\boxed{C},\boxed{C},C,C,85.52654266357422,1,True
22848660,randomized_smiles,qwen3-vl-4b-instruct,False,\boxed{C},\boxed{C},C,C,85.52654266357422,1,True
22848660,deepsmiles,qwen3-vl-4b-instruct,False,\boxed{C},\boxed{C},C,A,85.52654266357422,1,False
22848660,iupac,qwen3-vl-4b-instruct,False,\boxed{B},\boxed{B},B,C,85.52654266357422,1,False
22848660,selfies,qwen3-vl-4b-instruct,False,\boxed{C},\boxed{C},C,C,85.52654266357422,1,True
22848660,moljson,qwen3-vl-4b-instruct,False,\boxed{B},\boxed{B},B,B,85.52654266357422,1,True
22848660,cml,qwen3-vl-4b-instruct,False,\boxed{A},\boxed{A},A,A,85.52654266357422,1,True
22848660,inchi,qwen3-vl-4b-instruct,False,\boxed{C},\boxed{C},C,D,85.52654266357422,1,False
71581240,canonical_smiles,qwen3-vl-4b-instruct,False,\boxed{A},\boxed{A},A,A,85.52654266357422,1,True
71581240,isomeric_smiles,qwen3-vl-4b-instruct,False,\boxed{D},\boxed{D},D,D,85.52654266357422,1,True
71581240,randomized_smiles,qwen3-vl-4b-instruct,False,\boxed{B},\boxed{B},B,B,85.52654266357422,1,True
71581240,deepsmiles,qwen3-vl-4b-instruct,False,\boxed{D},\boxed{D},D,D,85.52654266357422,1,True
71581240,iupac,qwen3-vl-4b-instruct,False,\boxed{C},\boxed{C},C,C,85.52654266357422,1,True
71581240,selfies,qwen3-vl-4b-instruct,False,\boxed{A},\boxed{A},A,C,85.52654266357422,1,False
71581240,moljson,qwen3-vl-4b-instruct,False,\boxed{C},\boxed{C},C,C,85.52654266357422,1,True
71581240,cml,qwen3-vl-4b-instruct,False,\boxed{D},\boxed{D},D,A,105.36949157714844,1,False
71581240,inchi,qwen3-vl-4b-instruct,False,\boxed{C},\boxed{C},C,D,105.36949157714844,1,False
53476539,canonical_smiles,qwen3-vl-4b-instruct,False,\boxed{A},\boxed{A},A,B,105.36949157714844,1,False
53476539,isomeric_smiles,qwen3-vl-4b-instruct,False,\boxed{A},\boxed{A},A,B,105.36949157714844,1,False
53476539,randomized_smiles,qwen3-vl-4b-instruct,False,\boxed{B},\boxed{B},B,A,105.36949157714844,1,False
53476539,deepsmiles,qwen3-vl-4b-instruct,False,\boxed{B},\boxed{B},B,C,105.36949157714844,1,False
53476539,iupac,qwen3-vl-4b-instruct,False,\boxed{A},\boxed{A},A,A,105.36949157714844,1,True
53476539,selfies,qwen3-vl-4b-instruct,False,\boxed{A},\boxed{A},A,B,105.36949157714844,1,False
53476539,moljson,qwen3-vl-4b-instruct,False,\boxed{C},\boxed{C},C,C,105.36949157714844,1,True
53476539,cml,qwen3-vl-4b-instruct,False,\boxed{A},\boxed{A},A,A,105.36949157714844,1,True
53476539,inchi,qwen3-vl-4b-instruct,False,\boxed{A},\boxed{A},A,B,105.36949157714844,1,False
10816628,canonical_smiles,qwen3-vl-4b-instruct,False,\boxed{C},\boxed{C},C,A,105.36949157714844,1,False
10816628,isomeric_smiles,qwen3-vl-4b-instruct,False,\boxed{A},\boxed{A},A,D,105.36949157714844,1,False
10816628,randomized_smiles,qwen3-vl-4b-instruct,False,\boxed{B},\boxed{B},B,A,105.36949157714844,1,False
10816628,deepsmiles,qwen3-vl-4b-instruct,False,\boxed{B},\boxed{B},B,B,105.36949157714844,1,True
10816628,iupac,qwen3-vl-4b-instruct,False,\boxed{D},\boxed{D},D,D,105.36949157714844,1,True
10816628,selfies,qwen3-vl-4b-instruct,False,\boxed{A},\boxed{A},A,A,105.36949157714844,1,True
10816628,moljson,qwen3-vl-4b-instruct,False,\boxed{B},\boxed{B},B,B,105.36949157714844,1,True
10816628,cml,qwen3-vl-4b-instruct,False,\boxed{A},\boxed{A},A,A,105.36949157714844,1,True
10816628,inchi,qwen3-vl-4b-instruct,False,\boxed{C},\boxed{C},C,C,105.36949157714844,1,True
73145,canonical_smiles,qwen3-vl-4b-instruct,False,\boxed{B},\boxed{B},B,B,105.36949157714844,1,True
73145,isomeric_smiles,qwen3-vl-4b-instruct,False,\boxed{D},\boxed{D},D,C,105.36949157714844,1,False
73145,randomized_smiles,qwen3-vl-4b-instruct,False,\boxed{A},\boxed{A},A,A,105.36949157714844,1,True
73145,deepsmiles,qwen3-vl-4b-instruct,False,\boxed{B},\boxed{B},B,A,105.36949157714844,1,False
73145,iupac,qwen3-vl-4b-instruct,False,\boxed{A},\boxed{A},A,A,105.36949157714844,1,True
73145,selfies,qwen3-vl-4b-instruct,False,\boxed{B},\boxed{B},B,D,105.36949157714844,1,False
73145,moljson,qwen3-vl-4b-instruct,False,\boxed{A},\boxed{A},A,C,105.36949157714844,1,False
73145,cml,qwen3-vl-4b-instruct,False,\boxed{C},\boxed{C},C,D,105.36949157714844,1,False
73145,inchi,qwen3-vl-4b-instruct,False,\boxed{D},\boxed{D},D,D,105.36949157714844,1,True
443453,canonical_smiles,qwen3-vl-4b-instruct,False,\boxed{C},\boxed{C},C,D,105.36949157714844,1,False
443453,isomeric_smiles,qwen3-vl-4b-instruct,False,\boxed{D},\boxed{D},D,A,105.36949157714844,1,False
443453,randomized_smiles,qwen3-vl-4b-instruct,False,\boxed{D},\boxed{D},D,C,105.36949157714844,1,False
443453,deepsmiles,qwen3-vl-4b-instruct,False,\boxed{A},\boxed{A},A,D,105.36949157714844,1,False
443453,iupac,qwen3-vl-4b-instruct,False,\boxed{B},\boxed{B},B,C,105.36949157714844,1,False
443453,selfies,qwen3-vl-4b-instruct,False,\boxed{B},\boxed{B},B,D,105.36949157714844,1,False
443453,moljson,qwen3-vl-4b-instruct,False,\boxed{C},\boxed{C},C,B,105.36949157714844,1,False
443453,cml,qwen3-vl-4b-instruct,False,\boxed{A},\boxed{A},A,C,105.36949157714844,1,False
443453,inchi,qwen3-vl-4b-instruct,False,\boxed{C},\boxed{C},C,D,105.36949157714844,1,False
72715827,canonical_smiles,qwen3-vl-4b-instruct,False,\boxed{A},\boxed{A},A,B,105.36949157714844,1,False
72715827,isomeric_smiles,qwen3-vl-4b-instruct,False,\boxed{D},\boxed{D},D,D,105.36949157714844,1,True
72715827,randomized_smiles,qwen3-vl-4b-instruct,False,\boxed{A},\boxed{A},A,D,105.36949157714844,1,False
72715827,deepsmiles,qwen3-vl-4b-instruct,False,\boxed{B},\boxed{B},B,D,105.36949157714844,1,False
72715827,iupac,qwen3-vl-4b-instruct,False,\boxed{D},\boxed{D},D,C,105.36949157714844,1,False
72715827,selfies,qwen3-vl-4b-instruct,False,\boxed{A},\boxed{A},A,B,105.36949157714844,1,False
72715827,moljson,qwen3-vl-4b-instruct,False,\boxed{A},\boxed{A},A,C,105.36949157714844,1,False
72715827,cml,qwen3-vl-4b-instruct,False,\boxed{C},\boxed{C},C,D,105.36949157714844,1,False
72715827,inchi,qwen3-vl-4b-instruct,False,\boxed{C},\boxed{C},C,C,105.36949157714844,1,True
3081970,canonical_smiles,qwen3-vl-4b-instruct,False,\boxed{B},\boxed{B},B,B,105.36949157714844,1,True
3081970,isomeric_smiles,qwen3-vl-4b-instruct,False,\boxed{C},\boxed{C},C,C,105.36949157714844,1,True
3081970,randomized_smiles,qwen3-vl-4b-instruct,False,\boxed{B},\boxed{B},B,A,105.36949157714844,1,False
3081970,deepsmiles,qwen3-vl-4b-instruct,False,\boxed{B},\boxed{B},B,B,130.61761379241943,1,True
3081970,iupac,qwen3-vl-4b-instruct,False,\boxed{A},\boxed{A},A,A,130.61761379241943,1,True
3081970,selfies,qwen3-vl-4b-instruct,False,\boxed{B},\boxed{B},B,C,130.61761379241943,1,False
3081970,moljson,qwen3-vl-4b-instruct,False,\boxed{C},\boxed{C},C,C,130.61761379241943,1,True
3081970,cml,qwen3-vl-4b-instruct,False,\boxed{B},\boxed{B},B,B,130.61761379241943,1,True
3081970,inchi,qwen3-vl-4b-instruct,False,\boxed{C},\boxed{C},C,B,130.61761379241943,1,False
53477563,canonical_smiles,qwen3-vl-4b-instruct,False,\boxed{D},\boxed{D},D,D,130.61761379241943,1,True
53477563,isomeric_smiles,qwen3-vl-4b-instruct,False,\boxed{C},\boxed{C},C,C,130.61761379241943,1,True
53477563,randomized_smiles,qwen3-vl-4b-instruct,False,\boxed{B},\boxed{B},B,B,130.61761379241943,1,True
53477563,deepsmiles,qwen3-vl-4b-instruct,False,\boxed{B},\boxed{B},B,A,130.61761379241943,1,False
53477563,iupac,qwen3-vl-4b-instruct,False,\boxed{D},\boxed{D},D,D,130.61761379241943,1,True
53477563,selfies,qwen3-vl-4b-instruct,False,\boxed{B},\boxed{B},B,D,130.61761379241943,1,False
53477563,moljson,qwen3-vl-4b-instruct,False,\boxed{C},\boxed{C},C,C,130.61761379241943,1,True
53477563,cml,qwen3-vl-4b-instruct,False,\boxed{C},\boxed{C},C,D,130.61761379241943,1,False
53477563,inchi,qwen3-vl-4b-instruct,False,\boxed{D},\boxed{D},D,A,130.61761379241943,1,False
16850,canonical_smiles,qwen3-vl-4b-instruct,False,\boxed{B},\boxed{B},B,D,130.61761379241943,1,False
16850,isomeric_smiles,qwen3-vl-4b-instruct,False,\boxed{C},\boxed{C},C,A,130.61761379241943,1,False
16850,randomized_smiles,qwen3-vl-4b-instruct,False,\boxed{D},\boxed{D},D,D,130.61761379241943,1,True
16850,deepsmiles,qwen3-vl-4b-instruct,False,\boxed{A},\boxed{A},A,A,130.61761379241943,1,True
16850,iupac,qwen3-vl-4b-instruct,False,\boxed{C},\boxed{C},C,C,130.61761379241943,1,True
16850,selfies,qwen3-vl-4b-instruct,False,\boxed{A},\boxed{A},A,C,130.61761379241943,1,False
16850,moljson,qwen3-vl-4b-instruct,False,\boxed{D},\boxed{D},D,D,130.61761379241943,1,True
16850,cml,qwen3-vl-4b-instruct,False,\boxed{D},\boxed{D},D,D,130.61761379241943,1,True
16850,inchi,qwen3-vl-4b-instruct,False,\boxed{C},\boxed{C},C,C,130.61761379241943,1,True
15222911,canonical_smiles,qwen3-vl-4b-instruct,False,\boxed{A},\boxed{A},A,A,130.61761379241943,1,True
15222911,isomeric_smiles,qwen3-vl-4b-instruct,False,\boxed{D},\boxed{D},D,D,130.61761379241943,1,True
15222911,randomized_smiles,qwen3-vl-4b-instruct,False,\boxed{C},\boxed{C},C,C,130.61761379241943,1,True
15222911,deepsmiles,qwen3-vl-4b-instruct,False,\boxed{C},\boxed{C},C,A,130.61761379241943,1,False
15222911,iupac,qwen3-vl-4b-instruct,False,\boxed{C},\boxed{C},C,C,130.61761379241943,1,True
15222911,selfies,qwen3-vl-4b-instruct,False,\boxed{A},\boxed{A},A,D,130.61761379241943,1,False
15222911,moljson,qwen3-vl-4b-instruct,False,\boxed{A},\boxed{A},A,A,130.61761379241943,1,True
15222911,cml,qwen3-vl-4b-instruct,False,\boxed{A},\boxed{A},A,B,130.61761379241943,1,False
15222911,inchi,qwen3-vl-4b-instruct,False,\boxed{A},\boxed{A},A,D,130.61761379241943,1,False
137333847,canonical_smiles,qwen3-vl-4b-instruct,False,\boxed{B},\boxed{B},B,B,130.61761379241943,1,True
137333847,isomeric_smiles,qwen3-vl-4b-instruct,False,\boxed{C},\boxed{C},C,C,130.61761379241943,1,True
137333847,randomized_smiles,qwen3-vl-4b-instruct,False,\boxed{B},\boxed{B},B,B,130.61761379241943,1,True
137333847,deepsmiles,qwen3-vl-4b-instruct,False,\boxed{B},\boxed{B},B,A,130.61761379241943,1,False
137333847,iupac,qwen3-vl-4b-instruct,False,\boxed{C},\boxed{C},C,C,130.61761379241943,1,True
137333847,selfies,qwen3-vl-4b-instruct,False,\boxed{D},\boxed{D},D,D,130.61761379241943,1,True
137333847,moljson,qwen3-vl-4b-instruct,False,\boxed{B},\boxed{B},B,B,130.61761379241943,1,True
137333847,cml,qwen3-vl-4b-instruct,False,\boxed{B},\boxed{B},B,B,130.61761379241943,1,True
137333847,inchi,qwen3-vl-4b-instruct,False,\boxed{A},\boxed{A},A,D,130.61761379241943,1,False
76972186,canonical_smiles,qwen3-vl-4b-instruct,False,\boxed{D},\boxed{D},D,D,130.61761379241943,1,True
76972186,isomeric_smiles,qwen3-vl-4b-instruct,False,\boxed{B},\boxed{B},B,B,130.61761379241943,1,True
76972186,randomized_smiles,qwen3-vl-4b-instruct,False,\boxed{C},\boxed{C},C,A,130.61761379241943,1,False
76972186,deepsmiles,qwen3-vl-4b-instruct,False,\boxed{D},\boxed{D},D,D,130.61761379241943,1,True
76972186,iupac,qwen3-vl-4b-instruct,False,\boxed{A},\boxed{A},A,B,130.61761379241943,1,False
76972186,selfies,qwen3-vl-4b-instruct,False,\boxed{A},\boxed{A},A,B,130.61761379241943,1,False
76972186,moljson,qwen3-vl-4b-instruct,False,\boxed{A},\boxed{A},A,A,130.61761379241943,1,True
76972186,cml,qwen3-vl-4b-instruct,False,\boxed{B},\boxed{B},B,B,130.61761379241943,1,True
76972186,inchi,qwen3-vl-4b-instruct,False,,,,A,,1,False
72715816,canonical_smiles,qwen3-vl-4b-instruct,False,,,,A,,1,False
72715816,isomeric_smiles,qwen3-vl-4b-instruct,False,,,,B,,1,False
72715816,randomized_smiles,qwen3-vl-4b-instruct,False,,,,B,,1,False
72715816,deepsmiles,qwen3-vl-4b-instruct,False,,,,D,,1,False
72715816,iupac,qwen3-vl-4b-instruct,False,,,,D,,1,False
72715816,selfies,qwen3-vl-4b-instruct,False,,,,D,,1,False
72715816,moljson,qwen3-vl-4b-instruct,False,,,,D,,1,False
72715816,cml,qwen3-vl-4b-instruct,False,,,,A,,1,False
72715816,inchi,qwen3-vl-4b-instruct,False,,,,A,,1,False
45266800,canonical_smiles,qwen3-vl-4b-instruct,False,,,,D,,1,False
45266800,isomeric_smiles,qwen3-vl-4b-instruct,False,,,,A,,1,False
45266800,randomized_smiles,qwen3-vl-4b-instruct,False,,,,A,,1,False
45266800,deepsmiles,qwen3-vl-4b-instruct,False,,,,C,,1,False
45266800,iupac,qwen3-vl-4b-instruct,False,,,,B,,1,False
45266800,selfies,qwen3-vl-4b-instruct,False,,,,C,,1,False
45266800,moljson,qwen3-vl-4b-instruct,False,,,,B,,1,False
45266800,cml,qwen3-vl-4b-instruct,False,,,,B,,1,False
45266800,inchi,qwen3-vl-4b-instruct,False,,,,C,,1,False
86290135,canonical_smiles,qwen3-vl-4b-instruct,False,,,,D,,1,False
86290135,isomeric_smiles,qwen3-vl-4b-instruct,False,,,,D,,1,False
86290135,randomized_smiles,qwen3-vl-4b-instruct,False,,,,D,,1,False
86290135,deepsmiles,qwen3-vl-4b-instruct,False,,,,C,,1,False
86290135,iupac,qwen3-vl-4b-instruct,False,,,,C,,1,False
86290135,selfies,qwen3-vl-4b-instruct,False,,,,A,,1,False
86290135,moljson,qwen3-vl-4b-instruct,False,,,,D,,1,False
86290135,cml,qwen3-vl-4b-instruct,False,,,,C,,1,False
86290135,inchi,qwen3-vl-4b-instruct,False,,,,B,,1,False
91972198,canonical_smiles,qwen3-vl-4b-instruct,False,,,,D,,1,False
91972198,isomeric_smiles,qwen3-vl-4b-instruct,False,,,,A,,1,False
91972198,randomized_smiles,qwen3-vl-4b-instruct,False,,,,C,,1,False
91972198,deepsmiles,qwen3-vl-4b-instruct,False,,,,C,,1,False
91972198,iupac,qwen3-vl-4b-instruct,False,,,,B,,1,False
91972198,selfies,qwen3-vl-4b-instruct,False,,,,A,,1,False
91972198,moljson,qwen3-vl-4b-instruct,False,,,,B,,1,False
91972198,cml,qwen3-vl-4b-instruct,False,,,,C,,1,False
91972198,inchi,qwen3-vl-4b-instruct,False,,,,B,,1,False
46926223,canonical_smiles,qwen3-vl-4b-instruct,False,,,,A,,1,False
46926223,isomeric_smiles,qwen3-vl-4b-instruct,False,,,,B,,1,False
46926223,randomized_smiles,qwen3-vl-4b-instruct,False,,,,D,,1,False
46926223,deepsmiles,qwen3-vl-4b-instruct,False,,,,A,,1,False
46926223,iupac,qwen3-vl-4b-instruct,False,,,,B,,1,False
46926223,selfies,qwen3-vl-4b-instruct,False,,,,B,,1,False
46926223,moljson,qwen3-vl-4b-instruct,False,,,,D,,1,False
46926223,cml,qwen3-vl-4b-instruct,False,,,,B,,1,False
46926223,inchi,qwen3-vl-4b-instruct,False,,,,C,,1,False
131801209,canonical_smiles,qwen3-vl-4b-instruct,False,,,,B,,1,False
131801209,isomeric_smiles,qwen3-vl-4b-instruct,False,,,,C,,1,False
131801209,randomized_smiles,qwen3-vl-4b-instruct,False,,,,A,,1,False
131801209,deepsmiles,qwen3-vl-4b-instruct,False,,,,D,,1,False
131801209,iupac,qwen3-vl-4b-instruct,False,\boxed{D},\boxed{D},D,D,136.26755714416504,1,True
131801209,selfies,qwen3-vl-4b-instruct,False,\boxed{B},\boxed{B},B,B,136.26755714416504,1,True
131801209,moljson,qwen3-vl-4b-instruct,False,\boxed{A},\boxed{A},A,D,136.26755714416504,1,False
131801209,cml,qwen3-vl-4b-instruct,False,\boxed{A},\boxed{A},A,B,136.26755714416504,1,False
131801209,inchi,qwen3-vl-4b-instruct,False,\boxed{D},\boxed{D},D,D,136.26755714416504,1,True
131953084,canonical_smiles,qwen3-vl-4b-instruct,False,\boxed{D},\boxed{D},D,D,136.26755714416504,1,True
131953084,isomeric_smiles,qwen3-vl-4b-instruct,False,\boxed{C},\boxed{C},C,A,136.26755714416504,1,False
131953084,randomized_smiles,qwen3-vl-4b-instruct,False,\boxed{B},\boxed{B},B,B,136.26755714416504,1,True
131953084,deepsmiles,qwen3-vl-4b-instruct,False,\boxed{C},\boxed{C},C,C,136.26755714416504,1,True
131953084,iupac,qwen3-vl-4b-instruct,False,\boxed{C},\boxed{C},C,C,136.26755714416504,1,True
131953084,selfies,qwen3-vl-4b-instruct,False,\boxed{D},\boxed{D},D,D,136.26755714416504,1,True
131953084,moljson,qwen3-vl-4b-instruct,False,\boxed{A},\boxed{A},A,D,136.26755714416504,1,False
131953084,cml,qwen3-vl-4b-instruct,False,\boxed{D},\boxed{D},D,D,136.26755714416504,1,True
131953084,inchi,qwen3-vl-4b-instruct,False,\boxed{A},\boxed{A},A,A,136.26755714416504,1,True
443450,canonical_smiles,qwen3-vl-4b-instruct,False,\boxed{C},\boxed{C},C,B,136.26755714416504,1,False
443450,isomeric_smiles,qwen3-vl-4b-instruct,False,\boxed{D},\boxed{D},D,D,136.26755714416504,1,True
443450,randomized_smiles,qwen3-vl-4b-instruct,False,\boxed{A},\boxed{A},A,D,136.26755714416504,1,False
443450,deepsmiles,qwen3-vl-4b-instruct,False,\boxed{B},\boxed{B},B,A,136.26755714416504,1,False
443450,iupac,qwen3-vl-4b-instruct,False,\boxed{D},\boxed{D},D,D,136.26755714416504,1,True
443450,selfies,qwen3-vl-4b-instruct,False,\boxed{C},\boxed{C},C,B,136.26755714416504,1,False
443450,moljson,qwen3-vl-4b-instruct,False,\boxed{A},\boxed{A},A,A,136.26755714416504,1,True
443450,cml,qwen3-vl-4b-instruct,False,\boxed{A},\boxed{A},A,D,136.26755714416504,1,False
443450,inchi,qwen3-vl-4b-instruct,False,\boxed{B},\boxed{B},B,B,136.26755714416504,1,True
5169,canonical_smiles,qwen3-vl-4b-instruct,False,\boxed{C},\boxed{C},C,C,136.26755714416504,1,True
5169,isomeric_smiles,qwen3-vl-4b-instruct,False,\boxed{D},\boxed{D},D,D,136.26755714416504,1,True
5169,randomized_smiles,qwen3-vl-4b-instruct,False,\boxed{C},\boxed{C},C,C,136.26755714416504,1,True
5169,deepsmiles,qwen3-vl-4b-instruct,False,\boxed{B},\boxed{B},B,B,136.26755714416504,1,True
5169,iupac,qwen3-vl-4b-instruct,False,\boxed{B},\boxed{B},B,B,136.26755714416504,1,True
5169,selfies,qwen3-vl-4b-instruct,False,\boxed{C},\boxed{C},C,C,136.26755714416504,1,True
5169,moljson,qwen3-vl-4b-instruct,False,\boxed{D},\boxed{D},D,D,136.26755714416504,1,True
5169,cml,qwen3-vl-4b-instruct,False,\boxed{A},\boxed{A},A,A,136.26755714416504,1,True
5169,inchi,qwen3-vl-4b-instruct,False,\boxed{A},\boxed{A},A,A,136.26755714416504,1,True
91819816,canonical_smiles,qwen3-vl-4b-instruct,False,\boxed{C},\boxed{C},C,A,136.26755714416504,1,False
91819816,isomeric_smiles,qwen3-vl-4b-instruct,False,\boxed{D},\boxed{D},D,D,136.26755714416504,1,True
91819816,randomized_smiles,qwen3-vl-4b-instruct,False,\boxed{D},\boxed{D},D,D,136.26755714416504,1,True
91819816,deepsmiles,qwen3-vl-4b-instruct,False,\boxed{A},\boxed{A},A,A,136.26755714416504,1,True
91819816,iupac,qwen3-vl-4b-instruct,False,\boxed{C},\boxed{C},C,A,136.26755714416504,1,False
91819816,selfies,qwen3-vl-4b-instruct,False,\boxed{C},\boxed{C},C,C,136.26755714416504,1,True
91819816,moljson,qwen3-vl-4b-instruct,False,\boxed{B},\boxed{B},B,B,136.26755714416504,1,True
91819816,cml,qwen3-vl-4b-instruct,False,\boxed{D},\boxed{D},D,D,136.26755714416504,1,True
91819816,inchi,qwen3-vl-4b-instruct,False,\boxed{C},\boxed{C},C,C,136.26755714416504,1,True
45266584,canonical_smiles,qwen3-vl-4b-instruct,False,\boxed{A},\boxed{A},A,A,136.26755714416504,1,True
45266584,isomeric_smiles,qwen3-vl-4b-instruct,False,\boxed{C},\boxed{C},C,C,136.26755714416504,1,True
45266584,randomized_smiles,qwen3-vl-4b-instruct,False,\boxed{B},\boxed{B},B,B,136.26755714416504,1,True
45266584,deepsmiles,qwen3-vl-4b-instruct,False,\boxed{B},\boxed{B},B,B,136.26755714416504,1,True
45266584,iupac,qwen3-vl-4b-instruct,False,\boxed{B},\boxed{B},B,B,136.26755714416504,1,True
45266584,selfies,qwen3-vl-4b-instruct,False,\boxed{D},\boxed{D},D,D,136.26755714416504,1,True
45266584,moljson,qwen3-vl-4b-instruct,False,\boxed{C},\boxed{C},C,C,136.26755714416504,1,True
45266584,cml,qwen3-vl-4b-instruct,False,\boxed{B},\boxed{B},B,B,136.26755714416504,1,True
45266584,inchi,qwen3-vl-4b-instruct,False,\boxed{A},\boxed{A},A,A,136.26755714416504,1,True
101729,canonical_smiles,qwen3-vl-4b-instruct,False,\boxed{A},\boxed{A},A,A,125.89698314666748,1,True
101729,isomeric_smiles,qwen3-vl-4b-instruct,False,\boxed{C},\boxed{C},C,D,125.89698314666748,1,False
101729,randomized_smiles,qwen3-vl-4b-instruct,False,\boxed{D},\boxed{D},D,D,125.89698314666748,1,True
101729,deepsmiles,qwen3-vl-4b-instruct,False,\boxed{D},\boxed{D},D,D,125.89698314666748,1,True
101729,iupac,qwen3-vl-4b-instruct,False,\boxed{D},\boxed{D},D,A,125.89698314666748,1,False
101729,selfies,qwen3-vl-4b-instruct,False,\boxed{B},\boxed{B},B,B,125.89698314666748,1,True
101729,moljson,qwen3-vl-4b-instruct,False,\boxed{B},\boxed{B},B,D,125.89698314666748,1,False
101729,cml,qwen3-vl-4b-instruct,False,\boxed{A},\boxed{A},A,A,125.89698314666748,1,True
101729,inchi,qwen3-vl-4b-instruct,False,\boxed{A},\boxed{A},A,A,125.89698314666748,1,True
9547521,canonical_smiles,qwen3-vl-4b-instruct,False,\boxed{A},\boxed{A},A,C,125.89698314666748,1,False
9547521,isomeric_smiles,qwen3-vl-4b-instruct,False,\boxed{C},\boxed{C},C,B,125.89698314666748,1,False
9547521,randomized_smiles,qwen3-vl-4b-instruct,False,\boxed{A},\boxed{A},A,D,125.89698314666748,1,False
9547521,deepsmiles,qwen3-vl-4b-instruct,False,\boxed{C},\boxed{C},C,C,125.89698314666748,1,True
9547521,iupac,qwen3-vl-4b-instruct,False,\boxed{B},\boxed{B},B,B,125.89698314666748,1,True
9547521,selfies,qwen3-vl-4b-instruct,False,\boxed{B},\boxed{B},B,A,125.89698314666748,1,False
9547521,moljson,qwen3-vl-4b-instruct,False,\boxed{C},\boxed{C},C,B,125.89698314666748,1,False
9547521,cml,qwen3-vl-4b-instruct,False,\boxed{D},\boxed{D},D,A,125.89698314666748,1,False
9547521,inchi,qwen3-vl-4b-instruct,False,\boxed{C},\boxed{C},C,B,125.89698314666748,1,False
25202620,canonical_smiles,qwen3-vl-4b-instruct,False,\boxed{C},\boxed{C},C,C,125.89698314666748,1,True
25202620,isomeric_smiles,qwen3-vl-4b-instruct,False,\boxed{C},\boxed{C},C,C,125.89698314666748,1,True
25202620,randomized_smiles,qwen3-vl-4b-instruct,False,\boxed{A},\boxed{A},A,A,125.89698314666748,1,True
25202620,deepsmiles,qwen3-vl-4b-instruct,False,\boxed{A},\boxed{A},A,A,125.89698314666748,1,True
25202620,iupac,qwen3-vl-4b-instruct,False,\boxed{D},\boxed{D},D,D,125.89698314666748,1,True
25202620,selfies,qwen3-vl-4b-instruct,False,\boxed{C},\boxed{C},C,C,125.89698314666748,1,True
25202620,moljson,qwen3-vl-4b-instruct,False,\boxed{A},\boxed{A},A,D,125.89698314666748,1,False
25202620,cml,qwen3-vl-4b-instruct,False,\boxed{C},\boxed{C},C,C,125.89698314666748,1,True
25202620,inchi,qwen3-vl-4b-instruct,False,\boxed{D},\boxed{D},D,D,125.89698314666748,1,True
57485956,canonical_smiles,qwen3-vl-4b-instruct,False,\boxed{C},\boxed{C},C,A,125.89698314666748,1,False
57485956,isomeric_smiles,qwen3-vl-4b-instruct,False,\boxed{D},\boxed{D},D,D,125.89698314666748,1,True
57485956,randomized_smiles,qwen3-vl-4b-instruct,False,\boxed{A},\boxed{A},A,A,125.89698314666748,1,True
57485956,deepsmiles,qwen3-vl-4b-instruct,False,\boxed{C},\boxed{C},C,A,125.89698314666748,1,False
57485956,iupac,qwen3-vl-4b-instruct,False,\boxed{C},\boxed{C},C,C,125.89698314666748,1,True
57485956,selfies,qwen3-vl-4b-instruct,False,\boxed{B},\boxed{B},B,B,125.89698314666748,1,True
57485956,moljson,qwen3-vl-4b-instruct,False,\boxed{A},\boxed{A},A,A,125.89698314666748,1,True
57485956,cml,qwen3-vl-4b-instruct,False,\boxed{C},\boxed{C},C,C,125.89698314666748,1,True
57485956,inchi,qwen3-vl-4b-instruct,False,\boxed{C},\boxed{C},C,C,125.89698314666748,1,True
5311051,canonical_smiles,qwen3-vl-4b-instruct,False,\boxed{D},\boxed{D},D,A,125.89698314666748,1,False
5311051,isomeric_smiles,qwen3-vl-4b-instruct,False,\boxed{B},\boxed{B},B,A,125.89698314666748,1,False
5311051,randomized_smiles,qwen3-vl-4b-instruct,False,\boxed{A},\boxed{A},A,A,125.89698314666748,1,True
5311051,deepsmiles,qwen3-vl-4b-instruct,False,\boxed{C},\boxed{C},C,C,125.89698314666748,1,True
5311051,iupac,qwen3-vl-4b-instruct,False,\boxed{C},\boxed{C},C,C,125.89698314666748,1,True
5311051,selfies,qwen3-vl-4b-instruct,False,\boxed{A},\boxed{A},A,A,125.89698314666748,1,True
5311051,moljson,qwen3-vl-4b-instruct,False,\boxed{B},\boxed{B},B,B,125.89698314666748,1,True
5311051,cml,qwen3-vl-4b-instruct,False,\boxed{D},\boxed{D},D,A,125.89698314666748,1,False
5311051,inchi,qwen3-vl-4b-instruct,False,\boxed{A},\boxed{A},A,A,125.89698314666748,1,True
56655568,canonical_smiles,qwen3-vl-4b-instruct,False,\boxed{D},\boxed{D},D,C,125.89698314666748,1,False
56655568,isomeric_smiles,qwen3-vl-4b-instruct,False,\boxed{B},\boxed{B},B,D,125.89698314666748,1,False
56655568,randomized_smiles,qwen3-vl-4b-instruct,False,\boxed{A},\boxed{A},A,B,125.89698314666748,1,False
56655568,deepsmiles,qwen3-vl-4b-instruct,False,\boxed{B},\boxed{B},B,A,125.89698314666748,1,False
56655568,iupac,qwen3-vl-4b-instruct,False,\boxed{D},\boxed{D},D,D,125.89698314666748,1,True
56655568,selfies,qwen3-vl-4b-instruct,False,\boxed{D},\boxed{D},D,C,142.85946369171143,1,False
56655568,moljson,qwen3-vl-4b-instruct,False,\boxed{A},\boxed{A},A,A,142.85946369171143,1,True
56655568,cml,qwen3-vl-4b-instruct,False,\boxed{A},\boxed{A},A,D,142.85946369171143,1,False
56655568,inchi,qwen3-vl-4b-instruct,False,\boxed{A},\boxed{A},A,C,142.85946369171143,1,False
44263378,canonical_smiles,qwen3-vl-4b-instruct,False,\boxed{A},\boxed{A},A,C,142.85946369171143,1,False
44263378,isomeric_smiles,qwen3-vl-4b-instruct,False,\boxed{D},\boxed{D},D,A,142.85946369171143,1,False
44263378,randomized_smiles,qwen3-vl-4b-instruct,False,\boxed{D},\boxed{D},D,D,142.85946369171143,1,True
44263378,deepsmiles,qwen3-vl-4b-instruct,False,\boxed{C},\boxed{C},C,A,142.85946369171143,1,False
44263378,iupac,qwen3-vl-4b-instruct,False,\boxed{D},\boxed{D},D,D,142.85946369171143,1,True
44263378,selfies,qwen3-vl-4b-instruct,False,\boxed{A},\boxed{A},A,A,142.85946369171143,1,True
44263378,moljson,qwen3-vl-4b-instruct,False,\boxed{A},\boxed{A},A,A,142.85946369171143,1,True
44263378,cml,qwen3-vl-4b-instruct,False,\boxed{A},\boxed{A},A,A,142.85946369171143,1,True
44263378,inchi,qwen3-vl-4b-instruct,False,\boxed{A},\boxed{A},A,C,142.85946369171143,1,False
24792125,canonical_smiles,qwen3-vl-4b-instruct,False,\boxed{B},\boxed{B},B,A,142.85946369171143,1,False
24792125,isomeric_smiles,qwen3-vl-4b-instruct,False,\boxed{C},\boxed{C},C,C,142.85946369171143,1,True
24792125,randomized_smiles,qwen3-vl-4b-instruct,False,\boxed{D},\boxed{D},D,D,142.85946369171143,1,True
24792125,deepsmiles,qwen3-vl-4b-instruct,False,\boxed{A},\boxed{A},A,A,142.85946369171143,1,True
24792125,iupac,qwen3-vl-4b-instruct,False,\boxed{D},\boxed{D},D,D,142.85946369171143,1,True
24792125,selfies,qwen3-vl-4b-instruct,False,\boxed{B},\boxed{B},B,A,142.85946369171143,1,False
24792125,moljson,qwen3-vl-4b-instruct,False,\boxed{C},\boxed{C},C,C,142.85946369171143,1,True
24792125,cml,qwen3-vl-4b-instruct,False,\boxed{A},\boxed{A},A,A,142.85946369171143,1,True
24792125,inchi,qwen3-vl-4b-instruct,False,\boxed{B},\boxed{B},B,B,142.85946369171143,1,True
126843487,canonical_smiles,qwen3-vl-4b-instruct,False,\boxed{C},\boxed{C},C,C,142.85946369171143,1,True
126843487,isomeric_smiles,qwen3-vl-4b-instruct,False,\boxed{D},\boxed{D},D,B,142.85946369171143,1,False
126843487,randomized_smiles,qwen3-vl-4b-instruct,False,\boxed{D},\boxed{D},D,A,142.85946369171143,1,False
126843487,deepsmiles,qwen3-vl-4b-instruct,False,\boxed{B},\boxed{B},B,A,142.85946369171143,1,False
126843487,iupac,qwen3-vl-4b-instruct,False,\boxed{B},\boxed{B},B,B,142.85946369171143,1,True
126843487,selfies,qwen3-vl-4b-instruct,False,\boxed{A},\boxed{A},A,B,142.85946369171143,1,False
126843487,moljson,qwen3-vl-4b-instruct,False,\boxed{A},\boxed{A},A,A,142.85946369171143,1,True
126843487,cml,qwen3-vl-4b-instruct,False,\boxed{C},\boxed{C},C,B,142.85946369171143,1,False
126843487,inchi,qwen3-vl-4b-instruct,False,\boxed{A},\boxed{A},A,D,142.85946369171143,1,False
5280453,canonical_smiles,qwen3-vl-4b-instruct,False,\boxed{C},\boxed{C},C,C,142.85946369171143,1,True
5280453,isomeric_smiles,qwen3-vl-4b-instruct,False,\boxed{B},\boxed{B},B,A,142.85946369171143,1,False
5280453,randomized_smiles,qwen3-vl-4b-instruct,False,\boxed{A},\boxed{A},A,B,142.85946369171143,1,False
5280453,deepsmiles,qwen3-vl-4b-instruct,False,\boxed{C},\boxed{C},C,B,142.85946369171143,1,False
5280453,iupac,qwen3-vl-4b-instruct,False,\boxed{B},\boxed{B},B,B,142.85946369171143,1,True
5280453,selfies,qwen3-vl-4b-instruct,False,\boxed{A},\boxed{A},A,B,142.85946369171143,1,False
5280453,moljson,qwen3-vl-4b-instruct,False,\boxed{A},\boxed{A},A,C,142.85946369171143,1,False
5280453,cml,qwen3-vl-4b-instruct,False,\boxed{B},\boxed{B},B,B,142.85946369171143,1,True
5280453,inchi,qwen3-vl-4b-instruct,False,\boxed{A},\boxed{A},A,A,142.85946369171143,1,True
6475988,canonical_smiles,qwen3-vl-4b-instruct,False,\boxed{C},\boxed{C},C,C,142.85946369171143,1,True
6475988,isomeric_smiles,qwen3-vl-4b-instruct,False,\boxed{D},\boxed{D},D,D,142.85946369171143,1,True
6475988,randomized_smiles,qwen3-vl-4b-instruct,False,\boxed{A},\boxed{A},A,A,142.85946369171143,1,True
6475988,deepsmiles,qwen3-vl-4b-instruct,False,\boxed{C},\boxed{C},C,A,142.85946369171143,1,False
6475988,iupac,qwen3-vl-4b-instruct,False,\boxed{B},\boxed{B},B,B,142.85946369171143,1,True
6475988,selfies,qwen3-vl-4b-instruct,False,\boxed{D},\boxed{D},D,D,142.85946369171143,1,True
6475988,moljson,qwen3-vl-4b-instruct,False,\boxed{C},\boxed{C},C,C,142.85946369171143,1,True
6475988,cml,qwen3-vl-4b-instruct,False,\boxed{A},\boxed{A},A,A,142.85946369171143,1,True
6475988,inchi,qwen3-vl-4b-instruct,False,\boxed{B},\boxed{B},B,B,142.85946369171143,1,True
12901,canonical_smiles,qwen3-vl-4b-instruct,False,\boxed{B},\boxed{B},B,B,142.85946369171143,1,True
12901,isomeric_smiles,qwen3-vl-4b-instruct,False,\boxed{D},\boxed{D},D,D,89.0602159500122,1,True
12901,randomized_smiles,qwen3-vl-4b-instruct,False,\boxed{C},\boxed{C},C,C,89.0602159500122,1,True
12901,deepsmiles,qwen3-vl-4b-instruct,False,\boxed{D},\boxed{D},D,D,89.0602159500122,1,True
12901,iupac,qwen3-vl-4b-instruct,False,\boxed{B},\boxed{B},B,B,89.0602159500122,1,True
12901,selfies,qwen3-vl-4b-instruct,False,\boxed{D},\boxed{D},D,D,89.0602159500122,1,True
12901,moljson,qwen3-vl-4b-instruct,False,\boxed{B},\boxed{B},B,A,89.0602159500122,1,False
12901,cml,qwen3-vl-4b-instruct,False,\boxed{B},\boxed{B},B,A,89.0602159500122,1,False
12901,inchi,qwen3-vl-4b-instruct,False,\boxed{A},\boxed{A},A,A,89.0602159500122,1,True
49832001,canonical_smiles,qwen3-vl-4b-instruct,False,\boxed{C},\boxed{C},C,B,89.0602159500122,1,False
49832001,isomeric_smiles,qwen3-vl-4b-instruct,False,\boxed{D},\boxed{D},D,B,89.0602159500122,1,False
49832001,randomized_smiles,qwen3-vl-4b-instruct,False,\boxed{C},\boxed{C},C,C,89.0602159500122,1,True
49832001,deepsmiles,qwen3-vl-4b-instruct,False,\boxed{D},\boxed{D},D,C,89.0602159500122,1,False
49832001,iupac,qwen3-vl-4b-instruct,False,\boxed{A},\boxed{A},A,A,89.0602159500122,1,True
49832001,selfies,qwen3-vl-4b-instruct,False,\boxed{B},\boxed{B},B,A,89.0602159500122,1,False
49832001,moljson,qwen3-vl-4b-instruct,False,\boxed{A},\boxed{A},A,C,89.0602159500122,1,False
49832001,cml,qwen3-vl-4b-instruct,False,\boxed{D},\boxed{D},D,A,89.0602159500122,1,False
49832001,inchi,qwen3-vl-4b-instruct,False,\boxed{A},\boxed{A},A,D,89.0602159500122,1,False
91859299,canonical_smiles,qwen3-vl-4b-instruct,False,\boxed{A},\boxed{A},A,A,89.0602159500122,1,True
91859299,isomeric_smiles,qwen3-vl-4b-instruct,False,\boxed{A},\boxed{A},A,A,89.0602159500122,1,True
91859299,randomized_smiles,qwen3-vl-4b-instruct,False,\boxed{C},\boxed{C},C,C,89.0602159500122,1,True
91859299,deepsmiles,qwen3-vl-4b-instruct,False,\boxed{D},\boxed{D},D,D,89.0602159500122,1,True
91859299,iupac,qwen3-vl-4b-instruct,False,\boxed{A},\boxed{A},A,A,89.0602159500122,1,True
91859299,selfies,qwen3-vl-4b-instruct,False,\boxed{C},\boxed{C},C,C,89.0602159500122,1,True
91859299,moljson,qwen3-vl-4b-instruct,False,\boxed{B},\boxed{B},B,B,89.0602159500122,1,True
91859299,cml,qwen3-vl-4b-instruct,False,\boxed{B},\boxed{B},B,A,89.0602159500122,1,False
91859299,inchi,qwen3-vl-4b-instruct,False,\boxed{C},\boxed{C},C,A,89.0602159500122,1,False
76965883,canonical_smiles,qwen3-vl-4b-instruct,False,\boxed{C},\boxed{C},C,B,89.0602159500122,1,False
76965883,isomeric_smiles,qwen3-vl-4b-instruct,False,\boxed{D},\boxed{D},D,A,89.0602159500122,1,False
76965883,randomized_smiles,qwen3-vl-4b-instruct,False,\boxed{A},\boxed{A},A,A,89.0602159500122,1,True
76965883,deepsmiles,qwen3-vl-4b-instruct,False,\boxed{B},\boxed{B},B,A,89.0602159500122,1,False
76965883,iupac,qwen3-vl-4b-instruct,False,\boxed{D},\boxed{D},D,D,89.0602159500122,1,True
76965883,selfies,qwen3-vl-4b-instruct,False,\boxed{B},\boxed{B},B,D,89.0602159500122,1,False
76965883,moljson,qwen3-vl-4b-instruct,False,\boxed{A},\boxed{A},A,A,89.0602159500122,1,True
76965883,cml,qwen3-vl-4b-instruct,False,\boxed{C},\boxed{C},C,D,89.0602159500122,1,False
76965883,inchi,qwen3-vl-4b-instruct,False,\boxed{A},\boxed{A},A,A,89.0602159500122,1,True
90657728,canonical_smiles,qwen3-vl-4b-instruct,False,\boxed{C},\boxed{C},C,C,89.0602159500122,1,True
90657728,isomeric_smiles,qwen3-vl-4b-instruct,False,\boxed{D},\boxed{D},D,A,89.0602159500122,1,False
90657728,randomized_smiles,qwen3-vl-4b-instruct,False,\boxed{C},\boxed{C},C,C,89.0602159500122,1,True
90657728,deepsmiles,qwen3-vl-4b-instruct,False,\boxed{C},\boxed{C},C,C,89.0602159500122,1,True
90657728,iupac,qwen3-vl-4b-instruct,False,\boxed{B},\boxed{B},B,A,89.0602159500122,1,False
90657728,selfies,qwen3-vl-4b-instruct,False,\boxed{B},\boxed{B},B,A,89.0602159500122,1,False
90657728,moljson,qwen3-vl-4b-instruct,False,\boxed{B},\boxed{B},B,B,89.0602159500122,1,True
90657728,cml,qwen3-vl-4b-instruct,False,\boxed{C},\boxed{C},C,C,89.0602159500122,1,True
90657728,inchi,qwen3-vl-4b-instruct,False,\boxed{D},\boxed{D},D,B,89.0602159500122,1,False
25200933,canonical_smiles,qwen3-vl-4b-instruct,False,\boxed{B},\boxed{B},B,B,89.0602159500122,1,True
25200933,isomeric_smiles,qwen3-vl-4b-instruct,False,\boxed{D},\boxed{D},D,D,89.0602159500122,1,True
25200933,randomized_smiles,qwen3-vl-4b-instruct,False,\boxed{C},\boxed{C},C,C,89.0602159500122,1,True
25200933,deepsmiles,qwen3-vl-4b-instruct,False,\boxed{C},\boxed{C},C,C,89.0602159500122,1,True
25200933,iupac,qwen3-vl-4b-instruct,False,\boxed{D},\boxed{D},D,D,89.0602159500122,1,True
25200933,selfies,qwen3-vl-4b-instruct,False,\boxed{D},\boxed{D},D,D,89.0602159500122,1,True
25200933,moljson,qwen3-vl-4b-instruct,False,\boxed{A},\boxed{A},A,C,138.97151947021484,1,False
25200933,cml,qwen3-vl-4b-instruct,False,\boxed{C},\boxed{C},C,C,138.97151947021484,1,True
25200933,inchi,qwen3-vl-4b-instruct,False,\boxed{C},\boxed{C},C,A,138.97151947021484,1,False
6857436,canonical_smiles,qwen3-vl-4b-instruct,False,\boxed{A},\boxed{A},A,C,138.97151947021484,1,False
6857436,isomeric_smiles,qwen3-vl-4b-instruct,False,\boxed{A},\boxed{A},A,A,138.97151947021484,1,True
6857436,randomized_smiles,qwen3-vl-4b-instruct,False,\boxed{B},\boxed{B},B,B,138.97151947021484,1,True
6857436,deepsmiles,qwen3-vl-4b-instruct,False,\boxed{B},\boxed{B},B,C,138.97151947021484,1,False
6857436,iupac,qwen3-vl-4b-instruct,False,\boxed{C},\boxed{C},C,C,138.97151947021484,1,True
6857436,selfies,qwen3-vl-4b-instruct,False,\boxed{A},\boxed{A},A,C,138.97151947021484,1,False
6857436,moljson,qwen3-vl-4b-instruct,False,\boxed{A},\boxed{A},A,C,138.97151947021484,1,False
6857436,cml,qwen3-vl-4b-instruct,False,\boxed{C},\boxed{C},C,D,138.97151947021484,1,False
6857436,inchi,qwen3-vl-4b-instruct,False,\boxed{A},\boxed{A},A,D,138.97151947021484,1,False
2733768,canonical_smiles,qwen3-vl-4b-instruct,False,\boxed{D},\boxed{D},D,C,138.97151947021484,1,False
2733768,isomeric_smiles,qwen3-vl-4b-instruct,False,\boxed{D},\boxed{D},D,B,138.97151947021484,1,False
2733768,randomized_smiles,qwen3-vl-4b-instruct,False,\boxed{A},\boxed{A},A,D,138.97151947021484,1,False
2733768,deepsmiles,qwen3-vl-4b-instruct,False,\boxed{C},\boxed{C},C,A,138.97151947021484,1,False
2733768,iupac,qwen3-vl-4b-instruct,False,\boxed{C},\boxed{C},C,B,138.97151947021484,1,False
2733768,selfies,qwen3-vl-4b-instruct,False,\boxed{A},\boxed{A},A,A,138.97151947021484,1,True
2733768,moljson,qwen3-vl-4b-instruct,False,\boxed{A},\boxed{A},A,A,138.97151947021484,1,True
2733768,cml,qwen3-vl-4b-instruct,False,\boxed{D},\boxed{D},D,D,138.97151947021484,1,True
2733768,inchi,qwen3-vl-4b-instruct,False,\boxed{A},\boxed{A},A,C,138.97151947021484,1,False
72193770,canonical_smiles,qwen3-vl-4b-instruct,False,\boxed{C},\boxed{C},C,B,138.97151947021484,1,False
72193770,isomeric_smiles,qwen3-vl-4b-instruct,False,\boxed{D},\boxed{D},D,D,138.97151947021484,1,True
72193770,randomized_smiles,qwen3-vl-4b-instruct,False,\boxed{A},\boxed{A},A,B,138.97151947021484,1,False
72193770,deepsmiles,qwen3-vl-4b-instruct,False,\boxed{B},\boxed{B},B,C,138.97151947021484,1,False
72193770,iupac,qwen3-vl-4b-instruct,False,\boxed{B},\boxed{B},B,B,138.97151947021484,1,True
72193770,selfies,qwen3-vl-4b-instruct,False,\boxed{B},\boxed{B},B,B,138.97151947021484,1,True
72193770,moljson,qwen3-vl-4b-instruct,False,\boxed{C},\boxed{C},C,C,138.97151947021484,1,True
72193770,cml,qwen3-vl-4b-instruct,False,\boxed{C},\boxed{C},C,C,138.97151947021484,1,True
72193770,inchi,qwen3-vl-4b-instruct,False,\boxed{B},\boxed{B},B,B,138.97151947021484,1,True
72193723,canonical_smiles,qwen3-vl-4b-instruct,False,\boxed{A},\boxed{A},A,A,138.97151947021484,1,True
72193723,isomeric_smiles,qwen3-vl-4b-instruct,False,\boxed{B},\boxed{B},B,D,138.97151947021484,1,False
72193723,randomized_smiles,qwen3-vl-4b-instruct,False,\boxed{A},\boxed{A},A,A,138.97151947021484,1,True
72193723,deepsmiles,qwen3-vl-4b-instruct,False,\boxed{C},\boxed{C},C,C,138.97151947021484,1,True
72193723,iupac,qwen3-vl-4b-instruct,False,\boxed{B},\boxed{B},B,B,138.97151947021484,1,True
72193723,selfies,qwen3-vl-4b-instruct,False,\boxed{B},\boxed{B},B,A,138.97151947021484,1,False
72193723,moljson,qwen3-vl-4b-instruct,False,\boxed{B},\boxed{B},B,B,138.97151947021484,1,True
72193723,cml,qwen3-vl-4b-instruct,False,\boxed{D},\boxed{D},D,A,138.97151947021484,1,False
72193723,inchi,qwen3-vl-4b-instruct,False,\boxed{B},\boxed{B},B,B,138.97151947021484,1,True
129011050,canonical_smiles,qwen3-vl-4b-instruct,False,\boxed{A},\boxed{A},A,D,138.97151947021484,1,False
129011050,isomeric_smiles,qwen3-vl-4b-instruct,False,\boxed{A},\boxed{A},A,A,138.97151947021484,1,True
129011050,randomized_smiles,qwen3-vl-4b-instruct,False,\boxed{B},\boxed{B},B,B,138.97151947021484,1,True
129011050,deepsmiles,qwen3-vl-4b-instruct,False,\boxed{A},\boxed{A},A,D,138.97151947021484,1,False
129011050,iupac,qwen3-vl-4b-instruct,False,\boxed{A},\boxed{A},A,A,138.97151947021484,1,True
129011050,selfies,qwen3-vl-4b-instruct,False,\boxed{B},\boxed{B},B,B,138.97151947021484,1,True
129011050,moljson,qwen3-vl-4b-instruct,False,\boxed{C},\boxed{C},C,C,138.97151947021484,1,True
129011050,cml,qwen3-vl-4b-instruct,False,\boxed{B},\boxed{B},B,B,138.97151947021484,1,True
129011050,inchi,qwen3-vl-4b-instruct,False,\boxed{C},\boxed{C},C,C,138.97151947021484,1,True
72715759,canonical_smiles,qwen3-vl-4b-instruct,False,\boxed{D},\boxed{D},D,C,138.97151947021484,1,False
72715759,isomeric_smiles,qwen3-vl-4b-instruct,False,\boxed{B},\boxed{B},B,B,138.97151947021484,1,True
72715759,randomized_smiles,qwen3-vl-4b-instruct,False,\boxed{B},\boxed{B},B,B,103.35897922515869,1,True
72715759,deepsmiles,qwen3-vl-4b-instruct,False,\boxed{D},\boxed{D},D,C,103.35897922515869,1,False
72715759,iupac,qwen3-vl-4b-instruct,False,\boxed{D},\boxed{D},D,C,103.35897922515869,1,False
72715759,selfies,qwen3-vl-4b-instruct,False,\boxed{C},\boxed{C},C,C,103.35897922515869,1,True
72715759,moljson,qwen3-vl-4b-instruct,False,\boxed{A},\boxed{A},A,A,103.35897922515869,1,True
72715759,cml,qwen3-vl-4b-instruct,False,\boxed{A},\boxed{A},A,D,103.35897922515869,1,False
72715759,inchi,qwen3-vl-4b-instruct,False,\boxed{B},\boxed{B},B,A,103.35897922515869,1,False
6437,canonical_smiles,qwen3-vl-4b-instruct,False,\boxed{B},\boxed{B},B,C,103.35897922515869,1,False
6437,isomeric_smiles,qwen3-vl-4b-instruct,False,\boxed{B},\boxed{B},B,D,103.35897922515869,1,False
6437,randomized_smiles,qwen3-vl-4b-instruct,False,\boxed{D},\boxed{D},D,D,103.35897922515869,1,True
6437,deepsmiles,qwen3-vl-4b-instruct,False,\boxed{D},\boxed{D},D,A,103.35897922515869,1,False
6437,iupac,qwen3-vl-4b-instruct,False,\boxed{C},\boxed{C},C,A,103.35897922515869,1,False
6437,selfies,qwen3-vl-4b-instruct,False,\boxed{D},\boxed{D},D,D,103.35897922515869,1,True
6437,moljson,qwen3-vl-4b-instruct,False,\boxed{B},\boxed{B},B,D,103.35897922515869,1,False
6437,cml,qwen3-vl-4b-instruct,False,\boxed{A},\boxed{A},A,D,103.35897922515869,1,False
6437,inchi,qwen3-vl-4b-instruct,False,\boxed{B},\boxed{B},B,A,103.35897922515869,1,False
9884262,canonical_smiles,qwen3-vl-4b-instruct,False,\boxed{A},\boxed{A},A,A,103.35897922515869,1,True
9884262,isomeric_smiles,qwen3-vl-4b-instruct,False,\boxed{D},\boxed{D},D,D,103.35897922515869,1,True
9884262,randomized_smiles,qwen3-vl-4b-instruct,False,\boxed{D},\boxed{D},D,A,103.35897922515869,1,False
9884262,deepsmiles,qwen3-vl-4b-instruct,False,\boxed{C},\boxed{C},C,C,103.35897922515869,1,True
9884262,iupac,qwen3-vl-4b-instruct,False,\boxed{C},\boxed{C},C,C,103.35897922515869,1,True
9884262,selfies,qwen3-vl-4b-instruct,False,\boxed{B},\boxed{B},B,D,103.35897922515869,1,False
9884262,moljson,qwen3-vl-4b-instruct,False,\boxed{C},\boxed{C},C,C,103.35897922515869,1,True
9884262,cml,qwen3-vl-4b-instruct,False,\boxed{A},\boxed{A},A,C,103.35897922515869,1,False
9884262,inchi,qwen3-vl-4b-instruct,False,\boxed{A},\boxed{A},A,D,103.35897922515869,1,False
25246222,canonical_smiles,qwen3-vl-4b-instruct,False,\boxed{C},\boxed{C},C,C,103.35897922515869,1,True
25246222,isomeric_smiles,qwen3-vl-4b-instruct,False,\boxed{C},\boxed{C},C,D,103.35897922515869,1,False
25246222,randomized_smiles,qwen3-vl-4b-instruct,False,\boxed{D},\boxed{D},D,D,103.35897922515869,1,True
25246222,deepsmiles,qwen3-vl-4b-instruct,False,\boxed{C},\boxed{C},C,B,103.35897922515869,1,False
25246222,iupac,qwen3-vl-4b-instruct,False,\boxed{B},\boxed{B},B,B,103.35897922515869,1,True
25246222,selfies,qwen3-vl-4b-instruct,False,\boxed{A},\boxed{A},A,A,103.35897922515869,1,True
25246222,moljson,qwen3-vl-4b-instruct,False,\boxed{C},\boxed{C},C,C,103.35897922515869,1,True
25246222,cml,qwen3-vl-4b-instruct,False,\boxed{B},\boxed{B},B,B,103.35897922515869,1,True
25246222,inchi,qwen3-vl-4b-instruct,False,\boxed{D},\boxed{D},D,D,103.35897922515869,1,True
44237187,canonical_smiles,qwen3-vl-4b-instruct,False,\boxed{D},\boxed{D},D,D,103.35897922515869,1,True
44237187,isomeric_smiles,qwen3-vl-4b-instruct,False,\boxed{A},\boxed{A},A,A,103.35897922515869,1,True
44237187,randomized_smiles,qwen3-vl-4b-instruct,False,\boxed{D},\boxed{D},D,D,103.35897922515869,1,True
44237187,deepsmiles,qwen3-vl-4b-instruct,False,\boxed{A},\boxed{A},A,A,103.35897922515869,1,True
44237187,iupac,qwen3-vl-4b-instruct,False,\boxed{D},\boxed{D},D,D,103.35897922515869,1,True
44237187,selfies,qwen3-vl-4b-instruct,False,\boxed{C},\boxed{C},C,C,103.35897922515869,1,True
44237187,moljson,qwen3-vl-4b-instruct,False,\boxed{A},\boxed{A},A,A,103.35897922515869,1,True
44237187,cml,qwen3-vl-4b-instruct,False,\boxed{C},\boxed{C},C,C,103.35897922515869,1,True
44237187,inchi,qwen3-vl-4b-instruct,False,\boxed{B},\boxed{B},B,B,103.35897922515869,1,True
440961,canonical_smiles,qwen3-vl-4b-instruct,False,\boxed{D},\boxed{D},D,B,103.35897922515869,1,False
440961,isomeric_smiles,qwen3-vl-4b-instruct,False,\boxed{A},\boxed{A},A,A,103.35897922515869,1,True
440961,randomized_smiles,qwen3-vl-4b-instruct,False,\boxed{D},\boxed{D},D,B,103.35897922515869,1,False
440961,deepsmiles,qwen3-vl-4b-instruct,False,\boxed{C},\boxed{C},C,D,103.35897922515869,1,False
440961,iupac,qwen3-vl-4b-instruct,False,\boxed{D},\boxed{D},D,D,103.35897922515869,1,True
440961,selfies,qwen3-vl-4b-instruct,False,\boxed{A},\boxed{A},A,A,103.35897922515869,1,True
440961,moljson,qwen3-vl-4b-instruct,False,\boxed{A},\boxed{A},A,D,103.35897922515869,1,False
440961,cml,qwen3-vl-4b-instruct,False,\boxed{A},\boxed{A},A,A,286.81671619415283,1,True
440961,inchi,qwen3-vl-4b-instruct,False,\boxed{B},\boxed{B},B,D,286.81671619415283,1,False
439741,canonical_smiles,molqwen3-4b-instruct-sft,False,\boxed{C},\boxed{C},C,C,89.88991737365723,1,True
439741,isomeric_smiles,molqwen3-4b-instruct-sft,False,\boxed{A},\boxed{A},A,A,89.88991737365723,1,True
439741,randomized_smiles,molqwen3-4b-instruct-sft,False,\boxed{D},\boxed{D},D,B,89.88991737365723,1,False
439741,deepsmiles,molqwen3-4b-instruct-sft,False,\boxed{C},\boxed{C},C,A,89.88991737365723,1,False
439741,iupac,molqwen3-4b-instruct-sft,False,\boxed{B},\boxed{B},B,B,89.88991737365723,1,True
439741,selfies,molqwen3-4b-instruct-sft,False,\boxed{A},\boxed{A},A,A,89.88991737365723,1,True
439741,moljson,molqwen3-4b-instruct-sft,False,\boxed{B},\boxed{B},B,B,89.88991737365723,1,True
439741,cml,molqwen3-4b-instruct-sft,False,\boxed{B},\boxed{B},B,B,89.88991737365723,1,True
439741,inchi,molqwen3-4b-instruct-sft,False,\boxed{C},\boxed{C},C,A,89.88991737365723,1,False
53239801,canonical_smiles,molqwen3-4b-instruct-sft,False,\boxed{D},\boxed{D},D,D,89.88991737365723,1,True
53239801,isomeric_smiles,molqwen3-4b-instruct-sft,False,\boxed{C},\boxed{C},C,B,89.88991737365723,1,False
53239801,randomized_smiles,molqwen3-4b-instruct-sft,False,\boxed{D},\boxed{D},D,D,89.88991737365723,1,True
53239801,deepsmiles,molqwen3-4b-instruct-sft,False,\boxed{C},\boxed{C},C,C,89.88991737365723,1,True
53239801,iupac,molqwen3-4b-instruct-sft,False,\boxed{D},\boxed{D},D,B,89.88991737365723,1,False
53239801,selfies,molqwen3-4b-instruct-sft,False,\boxed{D},\boxed{D},D,D,89.88991737365723,1,True
53239801,moljson,molqwen3-4b-instruct-sft,False,\boxed{A},\boxed{A},A,A,89.88991737365723,1,True
53239801,cml,molqwen3-4b-instruct-sft,False,\boxed{B},\boxed{B},B,B,89.88991737365723,1,True
53239801,inchi,molqwen3-4b-instruct-sft,False,\boxed{A},\boxed{A},A,D,89.88991737365723,1,False
70697724,canonical_smiles,molqwen3-4b-instruct-sft,False,\boxed{A},\boxed{A},A,C,89.88991737365723,1,False
70697724,isomeric_smiles,molqwen3-4b-instruct-sft,False,\boxed{C},\boxed{C},C,B,89.88991737365723,1,False
70697724,randomized_smiles,molqwen3-4b-instruct-sft,False,\boxed{A},\boxed{A},A,B,89.88991737365723,1,False
70697724,deepsmiles,molqwen3-4b-instruct-sft,False,\boxed{A},\boxed{A},A,A,89.88991737365723,1,True
70697724,iupac,molqwen3-4b-instruct-sft,False,\boxed{B},\boxed{B},B,B,89.88991737365723,1,True
70697724,selfies,molqwen3-4b-instruct-sft,False,\boxed{A},\boxed{A},A,A,89.88991737365723,1,True
70697724,moljson,molqwen3-4b-instruct-sft,False,\boxed{A},\boxed{A},A,D,89.88991737365723,1,False
70697724,cml,molqwen3-4b-instruct-sft,False,\boxed{C},\boxed{C},C,C,89.88991737365723,1,True
70697724,inchi,molqwen3-4b-instruct-sft,False,\boxed{A},\boxed{A},A,A,89.88991737365723,1,True
91858192,canonical_smiles,molqwen3-4b-instruct-sft,False,\boxed{B},\boxed{B},B,B,89.88991737365723,1,True
91858192,isomeric_smiles,molqwen3-4b-instruct-sft,False,\boxed{C},\boxed{C},C,C,89.88991737365723,1,True
91858192,randomized_smiles,molqwen3-4b-instruct-sft,False,\boxed{C},\boxed{C},C,A,89.88991737365723,1,False
91858192,deepsmiles,molqwen3-4b-instruct-sft,False,\boxed{D},\boxed{D},D,D,89.88991737365723,1,True
91858192,iupac,molqwen3-4b-instruct-sft,False,\boxed{A},\boxed{A},A,A,89.88991737365723,1,True
91858192,selfies,molqwen3-4b-instruct-sft,False,\boxed{B},\boxed{B},B,B,89.88991737365723,1,True
91858192,moljson,molqwen3-4b-instruct-sft,False,\boxed{A},\boxed{A},A,A,89.88991737365723,1,True
91858192,cml,molqwen3-4b-instruct-sft,False,\boxed{C},\boxed{C},C,C,89.88991737365723,1,True
91858192,inchi,molqwen3-4b-instruct-sft,False,\boxed{A},\boxed{A},A,D,89.88991737365723,1,False
71581037,canonical_smiles,molqwen3-4b-instruct-sft,False,\boxed{C},\boxed{C},C,B,89.88991737365723,1,False
71581037,isomeric_smiles,molqwen3-4b-instruct-sft,False,\boxed{C},\boxed{C},C,A,89.88991737365723,1,False
71581037,randomized_smiles,molqwen3-4b-instruct-sft,False,\boxed{D},\boxed{D},D,D,89.88991737365723,1,True
71581037,deepsmiles,molqwen3-4b-instruct-sft,False,\boxed{D},\boxed{D},D,A,89.88991737365723,1,False
71581037,iupac,molqwen3-4b-instruct-sft,False,\boxed{A},\boxed{A},A,A,89.88991737365723,1,True
71581037,selfies,molqwen3-4b-instruct-sft,False,\boxed{B},\boxed{B},B,D,89.88991737365723,1,False
71581037,moljson,molqwen3-4b-instruct-sft,False,\boxed{D},\boxed{D},D,D,89.88991737365723,1,True
71581037,cml,molqwen3-4b-instruct-sft,False,\boxed{B},\boxed{B},B,B,89.88991737365723,1,True
71581037,inchi,molqwen3-4b-instruct-sft,False,\boxed{A},\boxed{A},A,B,89.88991737365723,1,False
5748580,canonical_smiles,molqwen3-4b-instruct-sft,False,\boxed{C},\boxed{C},C,C,89.88991737365723,1,True
5748580,isomeric_smiles,molqwen3-4b-instruct-sft,False,\boxed{D},\boxed{D},D,D,89.88991737365723,1,True
5748580,randomized_smiles,molqwen3-4b-instruct-sft,False,\boxed{B},\boxed{B},B,B,89.88991737365723,1,True
5748580,deepsmiles,molqwen3-4b-instruct-sft,False,\boxed{A},\boxed{A},A,A,89.88991737365723,1,True
5748580,iupac,molqwen3-4b-instruct-sft,False,\boxed{B},\boxed{B},B,B,89.88991737365723,1,True
5748580,selfies,molqwen3-4b-instruct-sft,False,\boxed{C},\boxed{C},C,A,110.54623603820801,1,False
5748580,moljson,molqwen3-4b-instruct-sft,False,\boxed{A},\boxed{A},A,A,110.54623603820801,1,True
5748580,cml,molqwen3-4b-instruct-sft,False,\boxed{D},\boxed{D},D,D,110.54623603820801,1,True
5748580,inchi,molqwen3-4b-instruct-sft,False,\boxed{D},\boxed{D},D,D,110.54623603820801,1,True
44229137,canonical_smiles,molqwen3-4b-instruct-sft,False,\boxed{C},\boxed{C},C,C,110.54623603820801,1,True
44229137,isomeric_smiles,molqwen3-4b-instruct-sft,False,\boxed{C},\boxed{C},C,C,110.54623603820801,1,True
44229137,randomized_smiles,molqwen3-4b-instruct-sft,False,\boxed{C},\boxed{C},C,A,110.54623603820801,1,False
44229137,deepsmiles,molqwen3-4b-instruct-sft,False,\boxed{C},\boxed{C},C,C,110.54623603820801,1,True
44229137,iupac,molqwen3-4b-instruct-sft,False,\boxed{C},\boxed{C},C,A,110.54623603820801,1,False
44229137,selfies,molqwen3-4b-instruct-sft,False,\boxed{D},\boxed{D},D,D,110.54623603820801,1,True
44229137,moljson,molqwen3-4b-instruct-sft,False,\boxed{C},\boxed{C},C,D,110.54623603820801,1,False
44229137,cml,molqwen3-4b-instruct-sft,False,\boxed{D},\boxed{D},D,D,110.54623603820801,1,True
44229137,inchi,molqwen3-4b-instruct-sft,False,\boxed{C},\boxed{C},C,A,110.54623603820801,1,False
57339315,canonical_smiles,molqwen3-4b-instruct-sft,False,\boxed{B},\boxed{B},B,B,110.54623603820801,1,True
57339315,isomeric_smiles,molqwen3-4b-instruct-sft,False,\boxed{C},\boxed{C},C,C,110.54623603820801,1,True
57339315,randomized_smiles,molqwen3-4b-instruct-sft,False,\boxed{C},\boxed{C},C,B,110.54623603820801,1,False
57339315,deepsmiles,molqwen3-4b-instruct-sft,False,\boxed{B},\boxed{B},B,B,110.54623603820801,1,True
57339315,iupac,molqwen3-4b-instruct-sft,False,\boxed{B},\boxed{B},B,B,110.54623603820801,1,True
57339315,selfies,molqwen3-4b-instruct-sft,False,\boxed{D},\boxed{D},D,D,110.54623603820801,1,True
57339315,moljson,molqwen3-4b-instruct-sft,False,\boxed{C},\boxed{C},C,C,110.54623603820801,1,True
57339315,cml,molqwen3-4b-instruct-sft,False,\boxed{A},\boxed{A},A,A,110.54623603820801,1,True
57339315,inchi,molqwen3-4b-instruct-sft,False,\boxed{B},\boxed{B},B,A,110.54623603820801,1,False
94332,canonical_smiles,molqwen3-4b-instruct-sft,False,\boxed{B},\boxed{B},B,B,110.54623603820801,1,True
94332,isomeric_smiles,molqwen3-4b-instruct-sft,False,\boxed{\text{C}},\boxed{\text{C}},C,A,110.54623603820801,1,False
94332,randomized_smiles,molqwen3-4b-instruct-sft,False,\boxed{C},\boxed{C},C,C,110.54623603820801,1,True
94332,deepsmiles,molqwen3-4b-instruct-sft,False,\boxed{A},\boxed{A},A,A,110.54623603820801,1,True
94332,iupac,molqwen3-4b-instruct-sft,False,\boxed{A},\boxed{A},A,A,110.54623603820801,1,True
94332,selfies,molqwen3-4b-instruct-sft,False,\boxed{A},\boxed{A},A,A,110.54623603820801,1,True
94332,moljson,molqwen3-4b-instruct-sft,False,\boxed{C},\boxed{C},C,D,110.54623603820801,1,False
94332,cml,molqwen3-4b-instruct-sft,False,\boxed{C},\boxed{C},C,C,110.54623603820801,1,True
94332,inchi,molqwen3-4b-instruct-sft,False,\boxed{D},\boxed{D},D,D,110.54623603820801,1,True
135398680,canonical_smiles,molqwen3-4b-instruct-sft,False,\boxed{C},\boxed{C},C,A,110.54623603820801,1,False
135398680,isomeric_smiles,molqwen3-4b-instruct-sft,False,\boxed{C},\boxed{C},C,C,110.54623603820801,1,True
135398680,randomized_smiles,molqwen3-4b-instruct-sft,False,\boxed{D},\boxed{D},D,B,110.54623603820801,1,False
135398680,deepsmiles,molqwen3-4b-instruct-sft,False,\boxed{D},\boxed{D},D,B,110.54623603820801,1,False
135398680,iupac,molqwen3-4b-instruct-sft,False,\boxed{C},\boxed{C},C,C,110.54623603820801,1,True
135398680,selfies,molqwen3-4b-instruct-sft,False,\boxed{D},\boxed{D},D,C,110.54623603820801,1,False
135398680,moljson,molqwen3-4b-instruct-sft,False,\boxed{A},\boxed{A},A,B,110.54623603820801,1,False
135398680,cml,molqwen3-4b-instruct-sft,False,\boxed{C},\boxed{C},C,D,110.54623603820801,1,False
135398680,inchi,molqwen3-4b-instruct-sft,False,\boxed{A},\boxed{A},A,A,110.54623603820801,1,True
127601,canonical_smiles,molqwen3-4b-instruct-sft,False,\boxed{D},\boxed{D},D,D,110.54623603820801,1,True
127601,isomeric_smiles,molqwen3-4b-instruct-sft,False,\boxed{B},\boxed{B},B,B,110.54623603820801,1,True
127601,randomized_smiles,molqwen3-4b-instruct-sft,False,\boxed{B},\boxed{B},B,B,110.54623603820801,1,True
127601,deepsmiles,molqwen3-4b-instruct-sft,False,\boxed{C},\boxed{C},C,C,110.54623603820801,1,True
127601,iupac,molqwen3-4b-instruct-sft,False,\boxed{D},\boxed{D},D,D,110.54623603820801,1,True
127601,selfies,molqwen3-4b-instruct-sft,False,\boxed{A},\boxed{A},A,A,110.54623603820801,1,True
127601,moljson,molqwen3-4b-instruct-sft,False,\boxed{B},\boxed{B},B,B,110.54623603820801,1,True
127601,cml,molqwen3-4b-instruct-sft,False,\boxed{C},\boxed{C},C,C,110.54623603820801,1,True
127601,inchi,molqwen3-4b-instruct-sft,False,\boxed{A},\boxed{A},A,A,110.54623603820801,1,True
53354912,canonical_smiles,molqwen3-4b-instruct-sft,False,\boxed{B},\boxed{B},B,B,110.54623603820801,1,True
53354912,isomeric_smiles,molqwen3-4b-instruct-sft,False,\boxed{A},\boxed{A},A,A,79.26600933074951,1,True
53354912,randomized_smiles,molqwen3-4b-instruct-sft,False,\boxed{B},\boxed{B},B,B,79.26600933074951,1,True
53354912,deepsmiles,molqwen3-4b-instruct-sft,False,\boxed{C},\boxed{C},C,C,79.26600933074951,1,True
53354912,iupac,molqwen3-4b-instruct-sft,False,\boxed{A},\boxed{A},A,A,79.26600933074951,1,True
53354912,selfies,molqwen3-4b-instruct-sft,False,\boxed{D},\boxed{D},D,D,79.26600933074951,1,True
53354912,moljson,molqwen3-4b-instruct-sft,False,\boxed{B},\boxed{B},B,B,79.26600933074951,1,True
53354912,cml,molqwen3-4b-instruct-sft,False,\boxed{D},\boxed{D},D,D,79.26600933074951,1,True
53354912,inchi,molqwen3-4b-instruct-sft,False,\boxed{D},\boxed{D},D,B,79.26600933074951,1,False
44575705,canonical_smiles,molqwen3-4b-instruct-sft,False,\boxed{B},\boxed{B},B,B,79.26600933074951,1,True
44575705,isomeric_smiles,molqwen3-4b-instruct-sft,False,\boxed{A},\boxed{A},A,A,79.26600933074951,1,True
44575705,randomized_smiles,molqwen3-4b-instruct-sft,False,\boxed{D},\boxed{D},D,A,79.26600933074951,1,False
44575705,deepsmiles,molqwen3-4b-instruct-sft,False,\boxed{C},\boxed{C},C,C,79.26600933074951,1,True
44575705,iupac,molqwen3-4b-instruct-sft,False,\boxed{C},\boxed{C},C,C,79.26600933074951,1,True
44575705,selfies,molqwen3-4b-instruct-sft,False,\boxed{B},\boxed{B},B,A,79.26600933074951,1,False
44575705,moljson,molqwen3-4b-instruct-sft,False,\boxed{D},\boxed{D},D,A,79.26600933074951,1,False
44575705,cml,molqwen3-4b-instruct-sft,False,\boxed{A},\boxed{A},A,A,79.26600933074951,1,True
44575705,inchi,molqwen3-4b-instruct-sft,False,\boxed{C},\boxed{C},C,C,79.26600933074951,1,True
9870745,canonical_smiles,molqwen3-4b-instruct-sft,False,\boxed{A},\boxed{A},A,A,79.26600933074951,1,True
9870745,isomeric_smiles,molqwen3-4b-instruct-sft,False,\boxed{D},\boxed{D},D,D,79.26600933074951,1,True
9870745,randomized_smiles,molqwen3-4b-instruct-sft,False,\boxed{D},\boxed{D},D,D,79.26600933074951,1,True
9870745,deepsmiles,molqwen3-4b-instruct-sft,False,\boxed{B},\boxed{B},B,B,79.26600933074951,1,True
9870745,iupac,molqwen3-4b-instruct-sft,False,\boxed{C},\boxed{C},C,A,79.26600933074951,1,False
9870745,selfies,molqwen3-4b-instruct-sft,False,\boxed{C},\boxed{C},C,C,79.26600933074951,1,True
9870745,moljson,molqwen3-4b-instruct-sft,False,\boxed{A},\boxed{A},A,A,79.26600933074951,1,True
9870745,cml,molqwen3-4b-instruct-sft,False,\boxed{B},\boxed{B},B,B,79.26600933074951,1,True
9870745,inchi,molqwen3-4b-instruct-sft,False,\boxed{A},\boxed{A},A,A,79.26600933074951,1,True
6436246,canonical_smiles,molqwen3-4b-instruct-sft,False,\boxed{B},\boxed{B},B,B,79.26600933074951,1,True
6436246,isomeric_smiles,molqwen3-4b-instruct-sft,False,\boxed{C},\boxed{C},C,D,79.26600933074951,1,False
6436246,randomized_smiles,molqwen3-4b-instruct-sft,False,\boxed{A},\boxed{A},A,A,79.26600933074951,1,True
6436246,deepsmiles,molqwen3-4b-instruct-sft,False,\boxed{C},\boxed{C},C,C,79.26600933074951,1,True
6436246,iupac,molqwen3-4b-instruct-sft,False,\boxed{C},\boxed{C},C,C,79.26600933074951,1,True
6436246,selfies,molqwen3-4b-instruct-sft,False,\boxed{A},\boxed{A},A,C,79.26600933074951,1,False
6436246,moljson,molqwen3-4b-instruct-sft,False,\boxed{C},\boxed{C},C,C,79.26600933074951,1,True
6436246,cml,molqwen3-4b-instruct-sft,False,\boxed{C},\boxed{C},C,A,79.26600933074951,1,False
6436246,inchi,molqwen3-4b-instruct-sft,False,\boxed{C},\boxed{C},C,D,79.26600933074951,1,False
56927836,canonical_smiles,molqwen3-4b-instruct-sft,False,\boxed{D},\boxed{D},D,A,79.26600933074951,1,False
56927836,isomeric_smiles,molqwen3-4b-instruct-sft,False,\boxed{D},\boxed{D},D,D,79.26600933074951,1,True
56927836,randomized_smiles,molqwen3-4b-instruct-sft,False,\boxed{C},\boxed{C},C,A,79.26600933074951,1,False
56927836,deepsmiles,molqwen3-4b-instruct-sft,False,\boxed{C},\boxed{C},C,B,79.26600933074951,1,False
56927836,iupac,molqwen3-4b-instruct-sft,False,\boxed{C},\boxed{C},C,A,79.26600933074951,1,False
56927836,selfies,molqwen3-4b-instruct-sft,False,\boxed{C},\boxed{C},C,A,79.26600933074951,1,False
56927836,moljson,molqwen3-4b-instruct-sft,False,\boxed{A},\boxed{A},A,B,79.26600933074951,1,False
56927836,cml,molqwen3-4b-instruct-sft,False,\boxed{A},\boxed{A},A,A,79.26600933074951,1,True
56927836,inchi,molqwen3-4b-instruct-sft,False,\boxed{C},\boxed{C},C,C,79.26600933074951,1,True
11870411,canonical_smiles,molqwen3-4b-instruct-sft,False,\boxed{D},\boxed{D},D,D,79.26600933074951,1,True
11870411,isomeric_smiles,molqwen3-4b-instruct-sft,False,\boxed{C},\boxed{C},C,C,79.26600933074951,1,True
11870411,randomized_smiles,molqwen3-4b-instruct-sft,False,\boxed{C},\boxed{C},C,A,79.26600933074951,1,False
11870411,deepsmiles,molqwen3-4b-instruct-sft,False,\boxed{C},\boxed{C},C,C,79.26600933074951,1,True
11870411,iupac,molqwen3-4b-instruct-sft,False,\boxed{D},\boxed{D},D,D,79.26600933074951,1,True
11870411,selfies,molqwen3-4b-instruct-sft,False,\boxed{B},\boxed{B},B,B,79.26600933074951,1,True
11870411,moljson,molqwen3-4b-instruct-sft,False,\boxed{A},\boxed{A},A,D,116.15890502929688,1,False
11870411,cml,molqwen3-4b-instruct-sft,False,\boxed{C},\boxed{C},C,B,116.15890502929688,1,False
11870411,inchi,molqwen3-4b-instruct-sft,False,\boxed{B},\boxed{B},B,B,116.15890502929688,1,True
5281604,canonical_smiles,molqwen3-4b-instruct-sft,False,\boxed{C},\boxed{C},C,A,116.15890502929688,1,False
5281604,isomeric_smiles,molqwen3-4b-instruct-sft,False,\boxed{C},\boxed{C},C,A,116.15890502929688,1,False
5281604,randomized_smiles,molqwen3-4b-instruct-sft,False,\boxed{B},\boxed{B},B,A,116.15890502929688,1,False
5281604,deepsmiles,molqwen3-4b-instruct-sft,False,\boxed{D},\boxed{D},D,D,116.15890502929688,1,True
5281604,iupac,molqwen3-4b-instruct-sft,False,\boxed{B},\boxed{B},B,C,116.15890502929688,1,False
5281604,selfies,molqwen3-4b-instruct-sft,False,\boxed{D},\boxed{D},D,B,116.15890502929688,1,False
5281604,moljson,molqwen3-4b-instruct-sft,False,\boxed{C},\boxed{C},C,A,116.15890502929688,1,False
5281604,cml,molqwen3-4b-instruct-sft,False,\boxed{\text{A}},\boxed{\text{A}},A,C,116.15890502929688,1,False
5281604,inchi,molqwen3-4b-instruct-sft,False,\boxed{A},\boxed{A},A,A,116.15890502929688,1,True
5283662,canonical_smiles,molqwen3-4b-instruct-sft,False,\boxed{D},\boxed{D},D,C,116.15890502929688,1,False
5283662,isomeric_smiles,molqwen3-4b-instruct-sft,False,\boxed{D},\boxed{D},D,D,116.15890502929688,1,True
5283662,randomized_smiles,molqwen3-4b-instruct-sft,False,\boxed{C},\boxed{C},C,B,116.15890502929688,1,False
5283662,deepsmiles,molqwen3-4b-instruct-sft,False,\boxed{C},\boxed{C},C,C,116.15890502929688,1,True
5283662,iupac,molqwen3-4b-instruct-sft,False,\boxed{D},\boxed{D},D,D,116.15890502929688,1,True
5283662,selfies,molqwen3-4b-instruct-sft,False,\boxed{D},\boxed{D},D,D,116.15890502929688,1,True
5283662,moljson,molqwen3-4b-instruct-sft,False,\boxed{B},\boxed{B},B,A,116.15890502929688,1,False
5283662,cml,molqwen3-4b-instruct-sft,False,\boxed{A},\boxed{A},A,B,116.15890502929688,1,False
5283662,inchi,molqwen3-4b-instruct-sft,False,\boxed{C},\boxed{C},C,C,116.15890502929688,1,True
91972225,canonical_smiles,molqwen3-4b-instruct-sft,False,\boxed{B},\boxed{B},B,A,116.15890502929688,1,False
91972225,isomeric_smiles,molqwen3-4b-instruct-sft,False,\boxed{B},\boxed{B},B,B,116.15890502929688,1,True
91972225,randomized_smiles,molqwen3-4b-instruct-sft,False,\boxed{C},\boxed{C},C,C,116.15890502929688,1,True
91972225,deepsmiles,molqwen3-4b-instruct-sft,False,\boxed{C},\boxed{C},C,C,116.15890502929688,1,True
91972225,iupac,molqwen3-4b-instruct-sft,False,\boxed{A},\boxed{A},A,A,116.15890502929688,1,True
91972225,selfies,molqwen3-4b-instruct-sft,False,\boxed{D},\boxed{D},D,D,116.15890502929688,1,True
91972225,moljson,molqwen3-4b-instruct-sft,False,\boxed{B},\boxed{B},B,B,116.15890502929688,1,True
91972225,cml,molqwen3-4b-instruct-sft,False,\boxed{A},\boxed{A},A,B,116.15890502929688,1,False
91972225,inchi,molqwen3-4b-instruct-sft,False,\boxed{B},\boxed{B},B,B,116.15890502929688,1,True
183138,canonical_smiles,molqwen3-4b-instruct-sft,False,\boxed{D},\boxed{D},D,B,116.15890502929688,1,False
183138,isomeric_smiles,molqwen3-4b-instruct-sft,False,\boxed{C},\boxed{C},C,C,116.15890502929688,1,True
183138,randomized_smiles,molqwen3-4b-instruct-sft,False,\boxed{C},\boxed{C},C,C,116.15890502929688,1,True
183138,deepsmiles,molqwen3-4b-instruct-sft,False,\boxed{D},\boxed{D},D,D,116.15890502929688,1,True
183138,iupac,molqwen3-4b-instruct-sft,False,\boxed{C},\boxed{C},C,C,116.15890502929688,1,True
183138,selfies,molqwen3-4b-instruct-sft,False,\boxed{C},\boxed{C},C,D,116.15890502929688,1,False
183138,moljson,molqwen3-4b-instruct-sft,False,\boxed{C},\boxed{C},C,B,116.15890502929688,1,False
183138,cml,molqwen3-4b-instruct-sft,False,\boxed{B},\boxed{B},B,B,116.15890502929688,1,True
183138,inchi,molqwen3-4b-instruct-sft,False,\boxed{A},\boxed{A},A,B,116.15890502929688,1,False
16083180,canonical_smiles,molqwen3-4b-instruct-sft,False,\boxed{D},\boxed{D},D,D,116.15890502929688,1,True
16083180,isomeric_smiles,molqwen3-4b-instruct-sft,False,\boxed{B},\boxed{B},B,B,116.15890502929688,1,True
16083180,randomized_smiles,molqwen3-4b-instruct-sft,False,\boxed{A},\boxed{A},A,A,116.15890502929688,1,True
16083180,deepsmiles,molqwen3-4b-instruct-sft,False,\boxed{B},\boxed{B},B,B,116.15890502929688,1,True
16083180,iupac,molqwen3-4b-instruct-sft,False,\boxed{B},\boxed{B},B,B,116.15890502929688,1,True
16083180,selfies,molqwen3-4b-instruct-sft,False,\boxed{A},\boxed{A},A,D,116.15890502929688,1,False
16083180,moljson,molqwen3-4b-instruct-sft,False,\boxed{A},\boxed{A},A,A,116.15890502929688,1,True
16083180,cml,molqwen3-4b-instruct-sft,False,\boxed{D},\boxed{D},D,D,116.15890502929688,1,True
16083180,inchi,molqwen3-4b-instruct-sft,False,\boxed{A},\boxed{A},A,A,116.15890502929688,1,True
5464343,canonical_smiles,molqwen3-4b-instruct-sft,False,\boxed{C},\boxed{C},C,B,116.15890502929688,1,False
5464343,isomeric_smiles,molqwen3-4b-instruct-sft,False,\boxed{D},\boxed{D},D,D,116.15890502929688,1,True
5464343,randomized_smiles,molqwen3-4b-instruct-sft,False,\boxed{B},\boxed{B},B,A,85.10393142700195,1,False
5464343,deepsmiles,molqwen3-4b-instruct-sft,False,\boxed{C},\boxed{C},C,B,85.10393142700195,1,False
5464343,iupac,molqwen3-4b-instruct-sft,False,\boxed{A},\boxed{A},A,A,85.10393142700195,1,True
5464343,selfies,molqwen3-4b-instruct-sft,False,\boxed{A},\boxed{A},A,B,85.10393142700195,1,False
5464343,moljson,molqwen3-4b-instruct-sft,False,\boxed{D},\boxed{D},D,D,85.10393142700195,1,True
5464343,cml,molqwen3-4b-instruct-sft,False,\boxed{\text{A}},\boxed{\text{A}},A,A,85.10393142700195,1,True
5464343,inchi,molqwen3-4b-instruct-sft,False,\boxed{D},\boxed{D},D,A,85.10393142700195,1,False
13267935,canonical_smiles,molqwen3-4b-instruct-sft,False,\boxed{C},\boxed{C},C,C,85.10393142700195,1,True
13267935,isomeric_smiles,molqwen3-4b-instruct-sft,False,\boxed{D},\boxed{D},D,A,85.10393142700195,1,False
13267935,randomized_smiles,molqwen3-4b-instruct-sft,False,\boxed{C},\boxed{C},C,B,85.10393142700195,1,False
13267935,deepsmiles,molqwen3-4b-instruct-sft,False,\boxed{C},\boxed{C},C,A,85.10393142700195,1,False
13267935,iupac,molqwen3-4b-instruct-sft,False,\boxed{C},\boxed{C},C,B,85.10393142700195,1,False
13267935,selfies,molqwen3-4b-instruct-sft,False,\boxed{D},\boxed{D},D,D,85.10393142700195,1,True
13267935,moljson,molqwen3-4b-instruct-sft,False,\boxed{B},\boxed{B},B,A,85.10393142700195,1,False
13267935,cml,molqwen3-4b-instruct-sft,False,\boxed{D},\boxed{D},D,A,85.10393142700195,1,False
13267935,inchi,molqwen3-4b-instruct-sft,False,\boxed{A},\boxed{A},A,A,85.10393142700195,1,True
91855786,canonical_smiles,molqwen3-4b-instruct-sft,False,\boxed{A},\boxed{A},A,A,85.10393142700195,1,True
91855786,isomeric_smiles,molqwen3-4b-instruct-sft,False,\boxed{D},\boxed{D},D,D,85.10393142700195,1,True
91855786,randomized_smiles,molqwen3-4b-instruct-sft,False,\boxed{B},\boxed{B},B,A,85.10393142700195,1,False
91855786,deepsmiles,molqwen3-4b-instruct-sft,False,\boxed{A},\boxed{A},A,A,85.10393142700195,1,True
91855786,iupac,molqwen3-4b-instruct-sft,False,\boxed{D},\boxed{D},D,D,85.10393142700195,1,True
91855786,selfies,molqwen3-4b-instruct-sft,False,\boxed{A},\boxed{A},A,B,85.10393142700195,1,False
91855786,moljson,molqwen3-4b-instruct-sft,False,\boxed{A},\boxed{A},A,A,85.10393142700195,1,True
91855786,cml,molqwen3-4b-instruct-sft,False,\boxed{A},\boxed{A},A,D,85.10393142700195,1,False
91855786,inchi,molqwen3-4b-instruct-sft,False,\boxed{A},\boxed{A},A,C,85.10393142700195,1,False
50909875,canonical_smiles,molqwen3-4b-instruct-sft,False,\boxed{D},\boxed{D},D,D,85.10393142700195,1,True
50909875,isomeric_smiles,molqwen3-4b-instruct-sft,False,\boxed{C},\boxed{C},C,C,85.10393142700195,1,True
50909875,randomized_smiles,molqwen3-4b-instruct-sft,False,\boxed{C},\boxed{C},C,C,85.10393142700195,1,True
50909875,deepsmiles,molqwen3-4b-instruct-sft,False,\boxed{C},\boxed{C},C,C,85.10393142700195,1,True
50909875,iupac,molqwen3-4b-instruct-sft,False,\boxed{C},\boxed{C},C,A,85.10393142700195,1,False
50909875,selfies,molqwen3-4b-instruct-sft,False,\boxed{D},\boxed{D},D,B,85.10393142700195,1,False
50909875,moljson,molqwen3-4b-instruct-sft,False,\boxed{A},\boxed{A},A,A,85.10393142700195,1,True
50909875,cml,molqwen3-4b-instruct-sft,False,\boxed{C},\boxed{C},C,C,85.10393142700195,1,True
50909875,inchi,molqwen3-4b-instruct-sft,False,\boxed{A},\boxed{A},A,D,85.10393142700195,1,False
22848660,canonical_smiles,molqwen3-4b-instruct-sft,False,\boxed{D},\boxed{D},D,A,85.10393142700195,1,False
22848660,isomeric_smiles,molqwen3-4b-instruct-sft,False,\boxed{C},\boxed{C},C,A,85.10393142700195,1,False
22848660,randomized_smiles,molqwen3-4b-instruct-sft,False,\boxed{C},\boxed{C},C,A,85.10393142700195,1,False
22848660,deepsmiles,molqwen3-4b-instruct-sft,False,\boxed{C},\boxed{C},C,B,85.10393142700195,1,False
22848660,iupac,molqwen3-4b-instruct-sft,False,\boxed{B},\boxed{B},B,C,85.10393142700195,1,False
22848660,selfies,molqwen3-4b-instruct-sft,False,\boxed{D},\boxed{D},D,D,85.10393142700195,1,True
22848660,moljson,molqwen3-4b-instruct-sft,False,\boxed{D},\boxed{D},D,D,85.10393142700195,1,True
22848660,cml,molqwen3-4b-instruct-sft,False,\boxed{D},\boxed{D},D,D,85.10393142700195,1,True
22848660,inchi,molqwen3-4b-instruct-sft,False,\boxed{C},\boxed{C},C,C,85.10393142700195,1,True
71581240,canonical_smiles,molqwen3-4b-instruct-sft,False,\boxed{C},\boxed{C},C,B,85.10393142700195,1,False
71581240,isomeric_smiles,molqwen3-4b-instruct-sft,False,\boxed{C},\boxed{C},C,C,85.10393142700195,1,True
71581240,randomized_smiles,molqwen3-4b-instruct-sft,False,\boxed{C},\boxed{C},C,A,85.10393142700195,1,False
71581240,deepsmiles,molqwen3-4b-instruct-sft,False,\boxed{B},\boxed{B},B,B,85.10393142700195,1,True
71581240,iupac,molqwen3-4b-instruct-sft,False,\boxed{D},\boxed{D},D,D,85.10393142700195,1,True
71581240,selfies,molqwen3-4b-instruct-sft,False,\boxed{D},\boxed{D},D,D,85.10393142700195,1,True
71581240,moljson,molqwen3-4b-instruct-sft,False,\boxed{D},\boxed{D},D,D,85.10393142700195,1,True
71581240,cml,molqwen3-4b-instruct-sft,False,\boxed{D},\boxed{D},D,D,105.26416778564453,1,True
71581240,inchi,molqwen3-4b-instruct-sft,False,\boxed{C},\boxed{C},C,D,105.26416778564453,1,False
53476539,canonical_smiles,molqwen3-4b-instruct-sft,False,\boxed{A},\boxed{A},A,B,105.26416778564453,1,False
53476539,isomeric_smiles,molqwen3-4b-instruct-sft,False,\boxed{C},\boxed{C},C,C,105.26416778564453,1,True
53476539,randomized_smiles,molqwen3-4b-instruct-sft,False,\boxed{C},\boxed{C},C,C,105.26416778564453,1,True
53476539,deepsmiles,molqwen3-4b-instruct-sft,False,\boxed{A},\boxed{A},A,A,105.26416778564453,1,True
53476539,iupac,molqwen3-4b-instruct-sft,False,\boxed{B},\boxed{B},B,B,105.26416778564453,1,True
53476539,selfies,molqwen3-4b-instruct-sft,False,\boxed{B},\boxed{B},B,B,105.26416778564453,1,True
53476539,moljson,molqwen3-4b-instruct-sft,False,\boxed{B},\boxed{B},B,B,105.26416778564453,1,True
53476539,cml,molqwen3-4b-instruct-sft,False,\boxed{D},\boxed{D},D,D,105.26416778564453,1,True
53476539,inchi,molqwen3-4b-instruct-sft,False,\boxed{A},\boxed{A},A,C,105.26416778564453,1,False
10816628,canonical_smiles,molqwen3-4b-instruct-sft,False,\boxed{C},\boxed{C},C,B,105.26416778564453,1,False
10816628,isomeric_smiles,molqwen3-4b-instruct-sft,False,\boxed{C},\boxed{C},C,C,105.26416778564453,1,True
10816628,randomized_smiles,molqwen3-4b-instruct-sft,False,\boxed{C},\boxed{C},C,A,105.26416778564453,1,False
10816628,deepsmiles,molqwen3-4b-instruct-sft,False,\boxed{C},\boxed{C},C,C,105.26416778564453,1,True
10816628,iupac,molqwen3-4b-instruct-sft,False,\boxed{C},\boxed{C},C,C,105.26416778564453,1,True
10816628,selfies,molqwen3-4b-instruct-sft,False,\boxed{D},\boxed{D},D,D,105.26416778564453,1,True
10816628,moljson,molqwen3-4b-instruct-sft,False,\boxed{B},\boxed{B},B,B,105.26416778564453,1,True
10816628,cml,molqwen3-4b-instruct-sft,False,\boxed{A},\boxed{A},A,B,105.26416778564453,1,False
10816628,inchi,molqwen3-4b-instruct-sft,False,\boxed{C},\boxed{C},C,C,105.26416778564453,1,True
73145,canonical_smiles,molqwen3-4b-instruct-sft,False,\boxed{D},\boxed{D},D,A,105.26416778564453,1,False
73145,isomeric_smiles,molqwen3-4b-instruct-sft,False,\boxed{C},\boxed{C},C,C,105.26416778564453,1,True
73145,randomized_smiles,molqwen3-4b-instruct-sft,False,\boxed{A},\boxed{A},A,A,105.26416778564453,1,True
73145,deepsmiles,molqwen3-4b-instruct-sft,False,\boxed{C},\boxed{C},C,D,105.26416778564453,1,False
73145,iupac,molqwen3-4b-instruct-sft,False,\boxed{C},\boxed{C},C,C,105.26416778564453,1,True
73145,selfies,molqwen3-4b-instruct-sft,False,\boxed{B},\boxed{B},B,B,105.26416778564453,1,True
73145,moljson,molqwen3-4b-instruct-sft,False,\boxed{A},\boxed{A},A,A,105.26416778564453,1,True
73145,cml,molqwen3-4b-instruct-sft,False,\boxed{C},\boxed{C},C,C,105.26416778564453,1,True
73145,inchi,molqwen3-4b-instruct-sft,False,\boxed{D},\boxed{D},D,A,105.26416778564453,1,False
443453,canonical_smiles,molqwen3-4b-instruct-sft,False,\boxed{C},\boxed{C},C,C,105.26416778564453,1,True
443453,isomeric_smiles,molqwen3-4b-instruct-sft,False,\boxed{A},\boxed{A},A,B,105.26416778564453,1,False
443453,randomized_smiles,molqwen3-4b-instruct-sft,False,\boxed{D},\boxed{D},D,D,105.26416778564453,1,True
443453,deepsmiles,molqwen3-4b-instruct-sft,False,\boxed{A},\boxed{A},A,D,105.26416778564453,1,False
443453,iupac,molqwen3-4b-instruct-sft,False,\boxed{C},\boxed{C},C,D,105.26416778564453,1,False
443453,selfies,molqwen3-4b-instruct-sft,False,\boxed{C},\boxed{C},C,D,105.26416778564453,1,False
443453,moljson,molqwen3-4b-instruct-sft,False,\boxed{B},\boxed{B},B,D,105.26416778564453,1,False
443453,cml,molqwen3-4b-instruct-sft,False,\boxed{D},\boxed{D},D,D,105.26416778564453,1,True
443453,inchi,molqwen3-4b-instruct-sft,False,\boxed{D},\boxed{D},D,A,105.26416778564453,1,False
72715827,canonical_smiles,molqwen3-4b-instruct-sft,False,\boxed{C},\boxed{C},C,D,105.26416778564453,1,False
72715827,isomeric_smiles,molqwen3-4b-instruct-sft,False,\boxed{D},\boxed{D},D,D,105.26416778564453,1,True
72715827,randomized_smiles,molqwen3-4b-instruct-sft,False,\boxed{C},\boxed{C},C,D,105.26416778564453,1,False
72715827,deepsmiles,molqwen3-4b-instruct-sft,False,\boxed{C},\boxed{C},C,B,105.26416778564453,1,False
72715827,iupac,molqwen3-4b-instruct-sft,False,\boxed{C},\boxed{C},C,A,105.26416778564453,1,False
72715827,selfies,molqwen3-4b-instruct-sft,False,\boxed{D},\boxed{D},D,B,105.26416778564453,1,False
72715827,moljson,molqwen3-4b-instruct-sft,False,\boxed{A},\boxed{A},A,B,105.26416778564453,1,False
72715827,cml,molqwen3-4b-instruct-sft,False,\boxed{C},\boxed{C},C,A,105.26416778564453,1,False
72715827,inchi,molqwen3-4b-instruct-sft,False,\boxed{C},\boxed{C},C,C,105.26416778564453,1,True
3081970,canonical_smiles,molqwen3-4b-instruct-sft,False,\boxed{A},\boxed{A},A,A,105.26416778564453,1,True
3081970,isomeric_smiles,molqwen3-4b-instruct-sft,False,\boxed{D},\boxed{D},D,D,105.26416778564453,1,True
3081970,randomized_smiles,molqwen3-4b-instruct-sft,False,\boxed{C},\boxed{C},C,C,105.26416778564453,1,True
3081970,deepsmiles,molqwen3-4b-instruct-sft,False,\boxed{B},\boxed{B},B,B,130.07267475128174,1,True
3081970,iupac,molqwen3-4b-instruct-sft,False,\boxed{A},\boxed{A},A,A,130.07267475128174,1,True
3081970,selfies,molqwen3-4b-instruct-sft,False,\boxed{A},\boxed{A},A,A,130.07267475128174,1,True
3081970,moljson,molqwen3-4b-instruct-sft,False,\boxed{D},\boxed{D},D,D,130.07267475128174,1,True
3081970,cml,molqwen3-4b-instruct-sft,False,\boxed{A},\boxed{A},A,A,130.07267475128174,1,True
3081970,inchi,molqwen3-4b-instruct-sft,False,\boxed{D},\boxed{D},D,A,130.07267475128174,1,False
53477563,canonical_smiles,molqwen3-4b-instruct-sft,False,\boxed{D},\boxed{D},D,D,130.07267475128174,1,True
53477563,isomeric_smiles,molqwen3-4b-instruct-sft,False,\boxed{A},\boxed{A},A,A,130.07267475128174,1,True
53477563,randomized_smiles,molqwen3-4b-instruct-sft,False,\boxed{A},\boxed{A},A,A,130.07267475128174,1,True
53477563,deepsmiles,molqwen3-4b-instruct-sft,False,\boxed{C},\boxed{C},C,C,130.07267475128174,1,True
53477563,iupac,molqwen3-4b-instruct-sft,False,\boxed{C},\boxed{C},C,C,130.07267475128174,1,True
53477563,selfies,molqwen3-4b-instruct-sft,False,\boxed{D},\boxed{D},D,D,130.07267475128174,1,True
53477563,moljson,molqwen3-4b-instruct-sft,False,\boxed{A},\boxed{A},A,A,130.07267475128174,1,True
53477563,cml,molqwen3-4b-instruct-sft,False,\boxed{B},\boxed{B},B,D,130.07267475128174,1,False
53477563,inchi,molqwen3-4b-instruct-sft,False,\boxed{A},\boxed{A},A,A,130.07267475128174,1,True
16850,canonical_smiles,molqwen3-4b-instruct-sft,False,\boxed{D},\boxed{D},D,D,130.07267475128174,1,True
16850,isomeric_smiles,molqwen3-4b-instruct-sft,False,\boxed{\text{A}},\boxed{\text{A}},A,A,130.07267475128174,1,True
16850,randomized_smiles,molqwen3-4b-instruct-sft,False,\boxed{D},\boxed{D},D,D,130.07267475128174,1,True
16850,deepsmiles,molqwen3-4b-instruct-sft,False,\boxed{\text{A}},\boxed{\text{A}},A,B,130.07267475128174,1,False
16850,iupac,molqwen3-4b-instruct-sft,False,\boxed{B},\boxed{B},B,B,130.07267475128174,1,True
16850,selfies,molqwen3-4b-instruct-sft,False,\boxed{D},\boxed{D},D,D,130.07267475128174,1,True
16850,moljson,molqwen3-4b-instruct-sft,False,\boxed{D},\boxed{D},D,D,130.07267475128174,1,True
16850,cml,molqwen3-4b-instruct-sft,False,\boxed{D},\boxed{D},D,D,130.07267475128174,1,True
16850,inchi,molqwen3-4b-instruct-sft,False,\boxed{A},\boxed{A},A,A,130.07267475128174,1,True
15222911,canonical_smiles,molqwen3-4b-instruct-sft,False,\boxed{C},\boxed{C},C,A,130.07267475128174,1,False
15222911,isomeric_smiles,molqwen3-4b-instruct-sft,False,\boxed{D},\boxed{D},D,B,130.07267475128174,1,False
15222911,randomized_smiles,molqwen3-4b-instruct-sft,False,\boxed{D},\boxed{D},D,D,130.07267475128174,1,True
15222911,deepsmiles,molqwen3-4b-instruct-sft,False,\boxed{B},\boxed{B},B,A,130.07267475128174,1,False
15222911,iupac,molqwen3-4b-instruct-sft,False,\boxed{B},\boxed{B},B,B,130.07267475128174,1,True
15222911,selfies,molqwen3-4b-instruct-sft,False,\boxed{C},\boxed{C},C,D,130.07267475128174,1,False
15222911,moljson,molqwen3-4b-instruct-sft,False,\boxed{A},\boxed{A},A,A,130.07267475128174,1,True
15222911,cml,molqwen3-4b-instruct-sft,False,\boxed{C},\boxed{C},C,C,130.07267475128174,1,True
15222911,inchi,molqwen3-4b-instruct-sft,False,\boxed{C},\boxed{C},C,B,130.07267475128174,1,False
137333847,canonical_smiles,molqwen3-4b-instruct-sft,False,\boxed{A},\boxed{A},A,A,130.07267475128174,1,True
137333847,isomeric_smiles,molqwen3-4b-instruct-sft,False,\boxed{C},\boxed{C},C,C,130.07267475128174,1,True
137333847,randomized_smiles,molqwen3-4b-instruct-sft,False,\boxed{A},\boxed{A},A,A,130.07267475128174,1,True
137333847,deepsmiles,molqwen3-4b-instruct-sft,False,\boxed{D},\boxed{D},D,D,130.07267475128174,1,True
137333847,iupac,molqwen3-4b-instruct-sft,False,\boxed{C},\boxed{C},C,C,130.07267475128174,1,True
137333847,selfies,molqwen3-4b-instruct-sft,False,\boxed{B},\boxed{B},B,B,130.07267475128174,1,True
137333847,moljson,molqwen3-4b-instruct-sft,False,\boxed{D},\boxed{D},D,D,130.07267475128174,1,True
137333847,cml,molqwen3-4b-instruct-sft,False,\boxed{A},\boxed{A},A,A,130.07267475128174,1,True
137333847,inchi,molqwen3-4b-instruct-sft,False,\boxed{D},\boxed{D},D,D,130.07267475128174,1,True
76972186,canonical_smiles,molqwen3-4b-instruct-sft,False,\boxed{C},\boxed{C},C,C,130.07267475128174,1,True
76972186,isomeric_smiles,molqwen3-4b-instruct-sft,False,\boxed{C},\boxed{C},C,A,130.07267475128174,1,False
76972186,randomized_smiles,molqwen3-4b-instruct-sft,False,\boxed{C},\boxed{C},C,C,130.07267475128174,1,True
76972186,deepsmiles,molqwen3-4b-instruct-sft,False,\boxed{C},\boxed{C},C,D,130.07267475128174,1,False
76972186,iupac,molqwen3-4b-instruct-sft,False,\boxed{A},\boxed{A},A,A,130.07267475128174,1,True
76972186,selfies,molqwen3-4b-instruct-sft,False,\boxed{C},\boxed{C},C,C,130.07267475128174,1,True
76972186,moljson,molqwen3-4b-instruct-sft,False,\boxed{C},\boxed{C},C,D,130.07267475128174,1,False
76972186,cml,molqwen3-4b-instruct-sft,False,\boxed{C},\boxed{C},C,B,130.07267475128174,1,False
76972186,inchi,molqwen3-4b-instruct-sft,False,,,,A,,1,False
72715816,canonical_smiles,molqwen3-4b-instruct-sft,False,,,,D,,1,False
72715816,isomeric_smiles,molqwen3-4b-instruct-sft,False,,,,B,,1,False
72715816,randomized_smiles,molqwen3-4b-instruct-sft,False,,,,B,,1,False
72715816,deepsmiles,molqwen3-4b-instruct-sft,False,,,,B,,1,False
72715816,iupac,molqwen3-4b-instruct-sft,False,,,,A,,1,False
72715816,selfies,molqwen3-4b-instruct-sft,False,,,,C,,1,False
72715816,moljson,molqwen3-4b-instruct-sft,False,,,,C,,1,False
72715816,cml,molqwen3-4b-instruct-sft,False,,,,A,,1,False
72715816,inchi,molqwen3-4b-instruct-sft,False,,,,D,,1,False
45266800,canonical_smiles,molqwen3-4b-instruct-sft,False,,,,B,,1,False
45266800,isomeric_smiles,molqwen3-4b-instruct-sft,False,,,,C,,1,False
45266800,randomized_smiles,molqwen3-4b-instruct-sft,False,,,,D,,1,False
45266800,deepsmiles,molqwen3-4b-instruct-sft,False,,,,B,,1,False
45266800,iupac,molqwen3-4b-instruct-sft,False,,,,C,,1,False
45266800,selfies,molqwen3-4b-instruct-sft,False,,,,D,,1,False
45266800,moljson,molqwen3-4b-instruct-sft,False,,,,B,,1,False
45266800,cml,molqwen3-4b-instruct-sft,False,,,,D,,1,False
45266800,inchi,molqwen3-4b-instruct-sft,False,,,,C,,1,False
86290135,canonical_smiles,molqwen3-4b-instruct-sft,False,,,,D,,1,False
86290135,isomeric_smiles,molqwen3-4b-instruct-sft,False,,,,A,,1,False
86290135,randomized_smiles,molqwen3-4b-instruct-sft,False,,,,B,,1,False
86290135,deepsmiles,molqwen3-4b-instruct-sft,False,,,,B,,1,False
86290135,iupac,molqwen3-4b-instruct-sft,False,,,,B,,1,False
86290135,selfies,molqwen3-4b-instruct-sft,False,,,,D,,1,False
86290135,moljson,molqwen3-4b-instruct-sft,False,,,,B,,1,False
86290135,cml,molqwen3-4b-instruct-sft,False,,,,A,,1,False
86290135,inchi,molqwen3-4b-instruct-sft,False,,,,A,,1,False
91972198,canonical_smiles,molqwen3-4b-instruct-sft,False,,,,C,,1,False
91972198,isomeric_smiles,molqwen3-4b-instruct-sft,False,,,,A,,1,False
91972198,randomized_smiles,molqwen3-4b-instruct-sft,False,,,,D,,1,False
91972198,deepsmiles,molqwen3-4b-instruct-sft,False,,,,C,,1,False
91972198,iupac,molqwen3-4b-instruct-sft,False,,,,D,,1,False
91972198,selfies,molqwen3-4b-instruct-sft,False,,,,B,,1,False
91972198,moljson,molqwen3-4b-instruct-sft,False,,,,A,,1,False
91972198,cml,molqwen3-4b-instruct-sft,False,,,,A,,1,False
91972198,inchi,molqwen3-4b-instruct-sft,False,,,,A,,1,False
46926223,canonical_smiles,molqwen3-4b-instruct-sft,False,,,,D,,1,False
46926223,isomeric_smiles,molqwen3-4b-instruct-sft,False,,,,C,,1,False
46926223,randomized_smiles,molqwen3-4b-instruct-sft,False,,,,B,,1,False
46926223,deepsmiles,molqwen3-4b-instruct-sft,False,,,,A,,1,False
46926223,iupac,molqwen3-4b-instruct-sft,False,,,,A,,1,False
46926223,selfies,molqwen3-4b-instruct-sft,False,,,,C,,1,False
46926223,moljson,molqwen3-4b-instruct-sft,False,,,,D,,1,False
46926223,cml,molqwen3-4b-instruct-sft,False,,,,C,,1,False
46926223,inchi,molqwen3-4b-instruct-sft,False,,,,C,,1,False
131801209,canonical_smiles,molqwen3-4b-instruct-sft,False,,,,C,,1,False
131801209,isomeric_smiles,molqwen3-4b-instruct-sft,False,,,,D,,1,False
131801209,randomized_smiles,molqwen3-4b-instruct-sft,False,,,,B,,1,False
131801209,deepsmiles,molqwen3-4b-instruct-sft,False,,,,C,,1,False
131801209,iupac,molqwen3-4b-instruct-sft,False,\boxed{D},\boxed{D},D,B,132.90610313415527,1,False
131801209,selfies,molqwen3-4b-instruct-sft,False,\boxed{B},\boxed{B},B,B,132.90610313415527,1,True
131801209,moljson,molqwen3-4b-instruct-sft,False,\boxed{B},\boxed{B},B,C,132.90610313415527,1,False
131801209,cml,molqwen3-4b-instruct-sft,False,\boxed{B},\boxed{B},B,B,132.90610313415527,1,True
131801209,inchi,molqwen3-4b-instruct-sft,False,\boxed{C},\boxed{C},C,C,132.90610313415527,1,True
131953084,canonical_smiles,molqwen3-4b-instruct-sft,False,\boxed{C},\boxed{C},C,C,132.90610313415527,1,True
131953084,isomeric_smiles,molqwen3-4b-instruct-sft,False,\boxed{C},\boxed{C},C,C,132.90610313415527,1,True
131953084,randomized_smiles,molqwen3-4b-instruct-sft,False,\boxed{B},\boxed{B},B,B,132.90610313415527,1,True
131953084,deepsmiles,molqwen3-4b-instruct-sft,False,\boxed{C},\boxed{C},C,C,132.90610313415527,1,True
131953084,iupac,molqwen3-4b-instruct-sft,False,\boxed{B},\boxed{B},B,A,132.90610313415527,1,False
131953084,selfies,molqwen3-4b-instruct-sft,False,\boxed{C},\boxed{C},C,C,132.90610313415527,1,True
131953084,moljson,molqwen3-4b-instruct-sft,False,\boxed{D},\boxed{D},D,D,132.90610313415527,1,True
131953084,cml,molqwen3-4b-instruct-sft,False,\boxed{D},\boxed{D},D,D,132.90610313415527,1,True
131953084,inchi,molqwen3-4b-instruct-sft,False,\boxed{D},\boxed{D},D,D,132.90610313415527,1,True
443450,canonical_smiles,molqwen3-4b-instruct-sft,False,\boxed{C},\boxed{C},C,C,132.90610313415527,1,True
443450,isomeric_smiles,molqwen3-4b-instruct-sft,False,\boxed{D},\boxed{D},D,D,132.90610313415527,1,True
443450,randomized_smiles,molqwen3-4b-instruct-sft,False,\boxed{B},\boxed{B},B,A,132.90610313415527,1,False
443450,deepsmiles,molqwen3-4b-instruct-sft,False,\boxed{C},\boxed{C},C,B,132.90610313415527,1,False
443450,iupac,molqwen3-4b-instruct-sft,False,\boxed{D},\boxed{D},D,D,132.90610313415527,1,True
443450,selfies,molqwen3-4b-instruct-sft,False,\boxed{D},\boxed{D},D,D,132.90610313415527,1,True
443450,moljson,molqwen3-4b-instruct-sft,False,\boxed{A},\boxed{A},A,C,132.90610313415527,1,False
443450,cml,molqwen3-4b-instruct-sft,False,\boxed{D},\boxed{D},D,D,132.90610313415527,1,True
443450,inchi,molqwen3-4b-instruct-sft,False,\boxed{C},\boxed{C},C,C,132.90610313415527,1,True
5169,canonical_smiles,molqwen3-4b-instruct-sft,False,\boxed{D},\boxed{D},D,A,132.90610313415527,1,False
5169,isomeric_smiles,molqwen3-4b-instruct-sft,False,\boxed{D},\boxed{D},D,D,132.90610313415527,1,True
5169,randomized_smiles,molqwen3-4b-instruct-sft,False,\boxed{C},\boxed{C},C,C,132.90610313415527,1,True
5169,deepsmiles,molqwen3-4b-instruct-sft,False,\boxed{B},\boxed{B},B,B,132.90610313415527,1,True
5169,iupac,molqwen3-4b-instruct-sft,False,\boxed{D},\boxed{D},D,D,132.90610313415527,1,True
5169,selfies,molqwen3-4b-instruct-sft,False,\boxed{D},\boxed{D},D,B,132.90610313415527,1,False
5169,moljson,molqwen3-4b-instruct-sft,False,\boxed{C},\boxed{C},C,C,132.90610313415527,1,True
5169,cml,molqwen3-4b-instruct-sft,False,\boxed{\text{A}},\boxed{\text{A}},A,A,132.90610313415527,1,True
5169,inchi,molqwen3-4b-instruct-sft,False,\boxed{D},\boxed{D},D,A,132.90610313415527,1,False
91819816,canonical_smiles,molqwen3-4b-instruct-sft,False,\boxed{A},\boxed{A},A,A,132.90610313415527,1,True
91819816,isomeric_smiles,molqwen3-4b-instruct-sft,False,\boxed{C},\boxed{C},C,C,132.90610313415527,1,True
91819816,randomized_smiles,molqwen3-4b-instruct-sft,False,\boxed{C},\boxed{C},C,C,132.90610313415527,1,True
91819816,deepsmiles,molqwen3-4b-instruct-sft,False,\boxed{B},\boxed{B},B,B,132.90610313415527,1,True
91819816,iupac,molqwen3-4b-instruct-sft,False,\boxed{C},\boxed{C},C,C,132.90610313415527,1,True
91819816,selfies,molqwen3-4b-instruct-sft,False,\boxed{C},\boxed{C},C,C,132.90610313415527,1,True
91819816,moljson,molqwen3-4b-instruct-sft,False,\boxed{D},\boxed{D},D,D,132.90610313415527,1,True
91819816,cml,molqwen3-4b-instruct-sft,False,\boxed{D},\boxed{D},D,D,132.90610313415527,1,True
91819816,inchi,molqwen3-4b-instruct-sft,False,\boxed{C},\boxed{C},C,C,132.90610313415527,1,True
45266584,canonical_smiles,molqwen3-4b-instruct-sft,False,\boxed{C},\boxed{C},C,C,132.90610313415527,1,True
45266584,isomeric_smiles,molqwen3-4b-instruct-sft,False,\boxed{D},\boxed{D},D,A,132.90610313415527,1,False
45266584,randomized_smiles,molqwen3-4b-instruct-sft,False,\boxed{C},\boxed{C},C,B,132.90610313415527,1,False
45266584,deepsmiles,molqwen3-4b-instruct-sft,False,\boxed{D},\boxed{D},D,B,132.90610313415527,1,False
45266584,iupac,molqwen3-4b-instruct-sft,False,\boxed{C},\boxed{C},C,A,132.90610313415527,1,False
45266584,selfies,molqwen3-4b-instruct-sft,False,\boxed{D},\boxed{D},D,D,132.90610313415527,1,True
45266584,moljson,molqwen3-4b-instruct-sft,False,\boxed{C},\boxed{C},C,C,132.90610313415527,1,True
45266584,cml,molqwen3-4b-instruct-sft,False,\boxed{D},\boxed{D},D,B,132.90610313415527,1,False
45266584,inchi,molqwen3-4b-instruct-sft,False,\boxed{C},\boxed{C},C,B,132.90610313415527,1,False
101729,canonical_smiles,molqwen3-4b-instruct-sft,False,\boxed{D},\boxed{D},D,D,125.73405742645264,1,True
101729,isomeric_smiles,molqwen3-4b-instruct-sft,False,\boxed{C},\boxed{C},C,B,125.73405742645264,1,False
101729,randomized_smiles,molqwen3-4b-instruct-sft,False,\boxed{B},\boxed{B},B,B,125.73405742645264,1,True
101729,deepsmiles,molqwen3-4b-instruct-sft,False,\boxed{D},\boxed{D},D,B,125.73405742645264,1,False
101729,iupac,molqwen3-4b-instruct-sft,False,\boxed{D},\boxed{D},D,B,125.73405742645264,1,False
101729,selfies,molqwen3-4b-instruct-sft,False,\boxed{D},\boxed{D},D,B,125.73405742645264,1,False
101729,moljson,molqwen3-4b-instruct-sft,False,\boxed{B},\boxed{B},B,A,125.73405742645264,1,False
101729,cml,molqwen3-4b-instruct-sft,False,\boxed{A},\boxed{A},A,B,125.73405742645264,1,False
101729,inchi,molqwen3-4b-instruct-sft,False,\boxed{A},\boxed{A},A,A,125.73405742645264,1,True
9547521,canonical_smiles,molqwen3-4b-instruct-sft,False,\boxed{B},\boxed{B},B,A,125.73405742645264,1,False
9547521,isomeric_smiles,molqwen3-4b-instruct-sft,False,\boxed{C},\boxed{C},C,C,125.73405742645264,1,True
9547521,randomized_smiles,molqwen3-4b-instruct-sft,False,\boxed{B},\boxed{B},B,B,125.73405742645264,1,True
9547521,deepsmiles,molqwen3-4b-instruct-sft,False,\boxed{A},\boxed{A},A,D,125.73405742645264,1,False
9547521,iupac,molqwen3-4b-instruct-sft,False,\boxed{B},\boxed{B},B,B,125.73405742645264,1,True
9547521,selfies,molqwen3-4b-instruct-sft,False,\boxed{D},\boxed{D},D,A,125.73405742645264,1,False
9547521,moljson,molqwen3-4b-instruct-sft,False,\boxed{C},\boxed{C},C,B,125.73405742645264,1,False
9547521,cml,molqwen3-4b-instruct-sft,False,\boxed{C},\boxed{C},C,A,125.73405742645264,1,False
9547521,inchi,molqwen3-4b-instruct-sft,False,\boxed{D},\boxed{D},D,A,125.73405742645264,1,False
25202620,canonical_smiles,molqwen3-4b-instruct-sft,False,\boxed{C},\boxed{C},C,C,125.73405742645264,1,True
25202620,isomeric_smiles,molqwen3-4b-instruct-sft,False,\boxed{D},\boxed{D},D,D,125.73405742645264,1,True
25202620,randomized_smiles,molqwen3-4b-instruct-sft,False,\boxed{D},\boxed{D},D,D,125.73405742645264,1,True
25202620,deepsmiles,molqwen3-4b-instruct-sft,False,\boxed{C},\boxed{C},C,C,125.73405742645264,1,True
25202620,iupac,molqwen3-4b-instruct-sft,False,\boxed{C},\boxed{C},C,C,125.73405742645264,1,True
25202620,selfies,molqwen3-4b-instruct-sft,False,\boxed{A},\boxed{A},A,A,125.73405742645264,1,True
25202620,moljson,molqwen3-4b-instruct-sft,False,\boxed{C},\boxed{C},C,D,125.73405742645264,1,False
25202620,cml,molqwen3-4b-instruct-sft,False,\boxed{D},\boxed{D},D,D,125.73405742645264,1,True
25202620,inchi,molqwen3-4b-instruct-sft,False,\boxed{C},\boxed{C},C,C,125.73405742645264,1,True
57485956,canonical_smiles,molqwen3-4b-instruct-sft,False,\boxed{C},\boxed{C},C,C,125.73405742645264,1,True
57485956,isomeric_smiles,molqwen3-4b-instruct-sft,False,\boxed{B},\boxed{B},B,B,125.73405742645264,1,True
57485956,randomized_smiles,molqwen3-4b-instruct-sft,False,\boxed{C},\boxed{C},C,B,125.73405742645264,1,False
57485956,deepsmiles,molqwen3-4b-instruct-sft,False,\boxed{B},\boxed{B},B,B,125.73405742645264,1,True
57485956,iupac,molqwen3-4b-instruct-sft,False,\boxed{A},\boxed{A},A,A,125.73405742645264,1,True
57485956,selfies,molqwen3-4b-instruct-sft,False,\boxed{B},\boxed{B},B,C,125.73405742645264,1,False
57485956,moljson,molqwen3-4b-instruct-sft,False,\boxed{A},\boxed{A},A,A,125.73405742645264,1,True
57485956,cml,molqwen3-4b-instruct-sft,False,\boxed{A},\boxed{A},A,A,125.73405742645264,1,True
57485956,inchi,molqwen3-4b-instruct-sft,False,\boxed{D},\boxed{D},D,B,125.73405742645264,1,False
5311051,canonical_smiles,molqwen3-4b-instruct-sft,False,\boxed{C},\boxed{C},C,A,125.73405742645264,1,False
5311051,isomeric_smiles,molqwen3-4b-instruct-sft,False,\boxed{D},\boxed{D},D,A,125.73405742645264,1,False
5311051,randomized_smiles,molqwen3-4b-instruct-sft,False,\boxed{C},\boxed{C},C,C,125.73405742645264,1,True
5311051,deepsmiles,molqwen3-4b-instruct-sft,False,\boxed{D},\boxed{D},D,C,125.73405742645264,1,False
5311051,iupac,molqwen3-4b-instruct-sft,False,\boxed{B},\boxed{B},B,B,125.73405742645264,1,True
5311051,selfies,molqwen3-4b-instruct-sft,False,\boxed{B},\boxed{B},B,A,125.73405742645264,1,False
5311051,moljson,molqwen3-4b-instruct-sft,False,\boxed{D},\boxed{D},D,D,125.73405742645264,1,True
5311051,cml,molqwen3-4b-instruct-sft,False,\boxed{D},\boxed{D},D,A,125.73405742645264,1,False
5311051,inchi,molqwen3-4b-instruct-sft,False,\boxed{A},\boxed{A},A,D,125.73405742645264,1,False
56655568,canonical_smiles,molqwen3-4b-instruct-sft,False,\boxed{C},\boxed{C},C,A,125.73405742645264,1,False
56655568,isomeric_smiles,molqwen3-4b-instruct-sft,False,\boxed{D},\boxed{D},D,C,125.73405742645264,1,False
56655568,randomized_smiles,molqwen3-4b-instruct-sft,False,\boxed{A},\boxed{A},A,D,125.73405742645264,1,False
56655568,deepsmiles,molqwen3-4b-instruct-sft,False,\boxed{D},\boxed{D},D,C,125.73405742645264,1,False
56655568,iupac,molqwen3-4b-instruct-sft,False,\boxed{C},\boxed{C},C,C,125.73405742645264,1,True
56655568,selfies,molqwen3-4b-instruct-sft,False,\boxed{C},\boxed{C},C,A,142.72657871246338,1,False
56655568,moljson,molqwen3-4b-instruct-sft,False,\boxed{D},\boxed{D},D,D,142.72657871246338,1,True
56655568,cml,molqwen3-4b-instruct-sft,False,\boxed{C},\boxed{C},C,D,142.72657871246338,1,False
56655568,inchi,molqwen3-4b-instruct-sft,False,\boxed{D},\boxed{D},D,A,142.72657871246338,1,False
44263378,canonical_smiles,molqwen3-4b-instruct-sft,False,\boxed{B},\boxed{B},B,C,142.72657871246338,1,False
44263378,isomeric_smiles,molqwen3-4b-instruct-sft,False,\boxed{B},\boxed{B},B,C,142.72657871246338,1,False
44263378,randomized_smiles,molqwen3-4b-instruct-sft,False,\boxed{D},\boxed{D},D,A,142.72657871246338,1,False
44263378,deepsmiles,molqwen3-4b-instruct-sft,False,\boxed{C},\boxed{C},C,C,142.72657871246338,1,True
44263378,iupac,molqwen3-4b-instruct-sft,False,\boxed{C},\boxed{C},C,C,142.72657871246338,1,True
44263378,selfies,molqwen3-4b-instruct-sft,False,\boxed{C},\boxed{C},C,D,142.72657871246338,1,False
44263378,moljson,molqwen3-4b-instruct-sft,False,\boxed{C},\boxed{C},C,B,142.72657871246338,1,False
44263378,cml,molqwen3-4b-instruct-sft,False,\boxed{C},\boxed{C},C,A,142.72657871246338,1,False
44263378,inchi,molqwen3-4b-instruct-sft,False,\boxed{A},\boxed{A},A,C,142.72657871246338,1,False
24792125,canonical_smiles,molqwen3-4b-instruct-sft,False,\boxed{D},\boxed{D},D,D,142.72657871246338,1,True
24792125,isomeric_smiles,molqwen3-4b-instruct-sft,False,\boxed{A},\boxed{A},A,A,142.72657871246338,1,True
24792125,randomized_smiles,molqwen3-4b-instruct-sft,False,\boxed{B},\boxed{B},B,B,142.72657871246338,1,True
24792125,deepsmiles,molqwen3-4b-instruct-sft,False,\boxed{B},\boxed{B},B,B,142.72657871246338,1,True
24792125,iupac,molqwen3-4b-instruct-sft,False,\boxed{D},\boxed{D},D,D,142.72657871246338,1,True
24792125,selfies,molqwen3-4b-instruct-sft,False,\boxed{C},\boxed{C},C,C,142.72657871246338,1,True
24792125,moljson,molqwen3-4b-instruct-sft,False,\boxed{A},\boxed{A},A,A,142.72657871246338,1,True
24792125,cml,molqwen3-4b-instruct-sft,False,\boxed{D},\boxed{D},D,D,142.72657871246338,1,True
24792125,inchi,molqwen3-4b-instruct-sft,False,\boxed{D},\boxed{D},D,D,142.72657871246338,1,True
126843487,canonical_smiles,molqwen3-4b-instruct-sft,False,\boxed{C},\boxed{C},C,C,142.72657871246338,1,True
126843487,isomeric_smiles,molqwen3-4b-instruct-sft,False,\boxed{D},\boxed{D},D,C,142.72657871246338,1,False
126843487,randomized_smiles,molqwen3-4b-instruct-sft,False,\boxed{C},\boxed{C},C,C,142.72657871246338,1,True
126843487,deepsmiles,molqwen3-4b-instruct-sft,False,\boxed{D},\boxed{D},D,C,142.72657871246338,1,False
126843487,iupac,molqwen3-4b-instruct-sft,False,\boxed{D},\boxed{D},D,D,142.72657871246338,1,True
126843487,selfies,molqwen3-4b-instruct-sft,False,\boxed{B},\boxed{B},B,B,142.72657871246338,1,True
126843487,moljson,molqwen3-4b-instruct-sft,False,\boxed{D},\boxed{D},D,D,142.72657871246338,1,True
126843487,cml,molqwen3-4b-instruct-sft,False,\boxed{A},\boxed{A},A,D,142.72657871246338,1,False
126843487,inchi,molqwen3-4b-instruct-sft,False,\boxed{D},\boxed{D},D,D,142.72657871246338,1,True
5280453,canonical_smiles,molqwen3-4b-instruct-sft,False,\boxed{C},\boxed{C},C,A,142.72657871246338,1,False
5280453,isomeric_smiles,molqwen3-4b-instruct-sft,False,\boxed{D},\boxed{D},D,D,142.72657871246338,1,True
5280453,randomized_smiles,molqwen3-4b-instruct-sft,False,\boxed{C},\boxed{C},C,B,142.72657871246338,1,False
5280453,deepsmiles,molqwen3-4b-instruct-sft,False,\boxed{D},\boxed{D},D,D,142.72657871246338,1,True
5280453,iupac,molqwen3-4b-instruct-sft,False,\boxed{C},\boxed{C},C,A,142.72657871246338,1,False
5280453,selfies,molqwen3-4b-instruct-sft,False,\boxed{C},\boxed{C},C,C,142.72657871246338,1,True
5280453,moljson,molqwen3-4b-instruct-sft,False,\boxed{D},\boxed{D},D,D,142.72657871246338,1,True
5280453,cml,molqwen3-4b-instruct-sft,False,\boxed{B},\boxed{B},B,B,142.72657871246338,1,True
5280453,inchi,molqwen3-4b-instruct-sft,False,\boxed{D},\boxed{D},D,D,142.72657871246338,1,True
6475988,canonical_smiles,molqwen3-4b-instruct-sft,False,\boxed{C},\boxed{C},C,D,142.72657871246338,1,False
6475988,isomeric_smiles,molqwen3-4b-instruct-sft,False,\boxed{A},\boxed{A},A,D,142.72657871246338,1,False
6475988,randomized_smiles,molqwen3-4b-instruct-sft,False,\boxed{A},\boxed{A},A,D,142.72657871246338,1,False
6475988,deepsmiles,molqwen3-4b-instruct-sft,False,\boxed{A},\boxed{A},A,C,142.72657871246338,1,False
6475988,iupac,molqwen3-4b-instruct-sft,False,\boxed{D},\boxed{D},D,D,142.72657871246338,1,True
6475988,selfies,molqwen3-4b-instruct-sft,False,\boxed{A},\boxed{A},A,C,142.72657871246338,1,False
6475988,moljson,molqwen3-4b-instruct-sft,False,\boxed{C},\boxed{C},C,C,142.72657871246338,1,True
6475988,cml,molqwen3-4b-instruct-sft,False,\boxed{C},\boxed{C},C,C,142.72657871246338,1,True
6475988,inchi,molqwen3-4b-instruct-sft,False,\boxed{A},\boxed{A},A,B,142.72657871246338,1,False
12901,canonical_smiles,molqwen3-4b-instruct-sft,False,\boxed{D},\boxed{D},D,D,142.72657871246338,1,True
12901,isomeric_smiles,molqwen3-4b-instruct-sft,False,\boxed{A},\boxed{A},A,A,88.51907730102539,1,True
12901,randomized_smiles,molqwen3-4b-instruct-sft,False,\boxed{A},\boxed{A},A,A,88.51907730102539,1,True
12901,deepsmiles,molqwen3-4b-instruct-sft,False,\boxed{C},\boxed{C},C,B,88.51907730102539,1,False
12901,iupac,molqwen3-4b-instruct-sft,False,\boxed{\text{A}},\boxed{\text{A}},A,A,88.51907730102539,1,True
12901,selfies,molqwen3-4b-instruct-sft,False,\boxed{A},\boxed{A},A,A,88.51907730102539,1,True
12901,moljson,molqwen3-4b-instruct-sft,False,\boxed{C},\boxed{C},C,C,88.51907730102539,1,True
12901,cml,molqwen3-4b-instruct-sft,False,\boxed{B},\boxed{B},B,B,88.51907730102539,1,True
12901,inchi,molqwen3-4b-instruct-sft,False,\boxed{A},\boxed{A},A,A,88.51907730102539,1,True
49832001,canonical_smiles,molqwen3-4b-instruct-sft,False,\boxed{D},\boxed{D},D,B,88.51907730102539,1,False
49832001,isomeric_smiles,molqwen3-4b-instruct-sft,False,\boxed{D},\boxed{D},D,D,88.51907730102539,1,True
49832001,randomized_smiles,molqwen3-4b-instruct-sft,False,\boxed{C},\boxed{C},C,C,88.51907730102539,1,True
49832001,deepsmiles,molqwen3-4b-instruct-sft,False,\boxed{C},\boxed{C},C,C,88.51907730102539,1,True
49832001,iupac,molqwen3-4b-instruct-sft,False,\boxed{A},\boxed{A},A,A,88.51907730102539,1,True
49832001,selfies,molqwen3-4b-instruct-sft,False,\boxed{C},\boxed{C},C,C,88.51907730102539,1,True
49832001,moljson,molqwen3-4b-instruct-sft,False,\boxed{A},\boxed{A},A,C,88.51907730102539,1,False
49832001,cml,molqwen3-4b-instruct-sft,False,\boxed{A},\boxed{A},A,A,88.51907730102539,1,True
49832001,inchi,molqwen3-4b-instruct-sft,False,\boxed{C},\boxed{C},C,D,88.51907730102539,1,False
91859299,canonical_smiles,molqwen3-4b-instruct-sft,False,\boxed{B},\boxed{B},B,B,88.51907730102539,1,True
91859299,isomeric_smiles,molqwen3-4b-instruct-sft,False,\boxed{B},\boxed{B},B,B,88.51907730102539,1,True
91859299,randomized_smiles,molqwen3-4b-instruct-sft,False,\boxed{D},\boxed{D},D,D,88.51907730102539,1,True
91859299,deepsmiles,molqwen3-4b-instruct-sft,False,\boxed{B},\boxed{B},B,D,88.51907730102539,1,False
91859299,iupac,molqwen3-4b-instruct-sft,False,\boxed{D},\boxed{D},D,D,88.51907730102539,1,True
91859299,selfies,molqwen3-4b-instruct-sft,False,\boxed{C},\boxed{C},C,C,88.51907730102539,1,True
91859299,moljson,molqwen3-4b-instruct-sft,False,\boxed{B},\boxed{B},B,B,88.51907730102539,1,True
91859299,cml,molqwen3-4b-instruct-sft,False,\boxed{\text{A}},\boxed{\text{A}},A,B,88.51907730102539,1,False
91859299,inchi,molqwen3-4b-instruct-sft,False,\boxed{D},\boxed{D},D,D,88.51907730102539,1,True
76965883,canonical_smiles,molqwen3-4b-instruct-sft,False,\boxed{D},\boxed{D},D,C,88.51907730102539,1,False
76965883,isomeric_smiles,molqwen3-4b-instruct-sft,False,\boxed{D},\boxed{D},D,A,88.51907730102539,1,False
76965883,randomized_smiles,molqwen3-4b-instruct-sft,False,\boxed{C},\boxed{C},C,B,88.51907730102539,1,False
76965883,deepsmiles,molqwen3-4b-instruct-sft,False,\boxed{C},\boxed{C},C,B,88.51907730102539,1,False
76965883,iupac,molqwen3-4b-instruct-sft,False,\boxed{C},\boxed{C},C,D,88.51907730102539,1,False
76965883,selfies,molqwen3-4b-instruct-sft,False,\boxed{C},\boxed{C},C,C,88.51907730102539,1,True
76965883,moljson,molqwen3-4b-instruct-sft,False,\boxed{C},\boxed{C},C,C,88.51907730102539,1,True
76965883,cml,molqwen3-4b-instruct-sft,False,\boxed{D},\boxed{D},D,D,88.51907730102539,1,True
76965883,inchi,molqwen3-4b-instruct-sft,False,\boxed{A},\boxed{A},A,B,88.51907730102539,1,False
90657728,canonical_smiles,molqwen3-4b-instruct-sft,False,\boxed{D},\boxed{D},D,C,88.51907730102539,1,False
90657728,isomeric_smiles,molqwen3-4b-instruct-sft,False,\boxed{D},\boxed{D},D,A,88.51907730102539,1,False
90657728,randomized_smiles,molqwen3-4b-instruct-sft,False,\boxed{B},\boxed{B},B,B,88.51907730102539,1,True
90657728,deepsmiles,molqwen3-4b-instruct-sft,False,\boxed{C},\boxed{C},C,C,88.51907730102539,1,True
90657728,iupac,molqwen3-4b-instruct-sft,False,\boxed{D},\boxed{D},D,C,88.51907730102539,1,False
90657728,selfies,molqwen3-4b-instruct-sft,False,\boxed{B},\boxed{B},B,B,88.51907730102539,1,True
90657728,moljson,molqwen3-4b-instruct-sft,False,\boxed{C},\boxed{C},C,B,88.51907730102539,1,False
90657728,cml,molqwen3-4b-instruct-sft,False,\boxed{B},\boxed{B},B,B,88.51907730102539,1,True
90657728,inchi,molqwen3-4b-instruct-sft,False,\boxed{B},\boxed{B},B,B,88.51907730102539,1,True
25200933,canonical_smiles,molqwen3-4b-instruct-sft,False,\boxed{D},\boxed{D},D,D,88.51907730102539,1,True
25200933,isomeric_smiles,molqwen3-4b-instruct-sft,False,\boxed{B},\boxed{B},B,B,88.51907730102539,1,True
25200933,randomized_smiles,molqwen3-4b-instruct-sft,False,\boxed{C},\boxed{C},C,B,88.51907730102539,1,False
25200933,deepsmiles,molqwen3-4b-instruct-sft,False,\boxed{A},\boxed{A},A,A,88.51907730102539,1,True
25200933,iupac,molqwen3-4b-instruct-sft,False,\boxed{D},\boxed{D},D,D,88.51907730102539,1,True
25200933,selfies,molqwen3-4b-instruct-sft,False,\boxed{D},\boxed{D},D,D,88.51907730102539,1,True
25200933,moljson,molqwen3-4b-instruct-sft,False,\boxed{D},\boxed{D},D,D,138.86352062225342,1,True
25200933,cml,molqwen3-4b-instruct-sft,False,\boxed{C},\boxed{C},C,A,138.86352062225342,1,False
25200933,inchi,molqwen3-4b-instruct-sft,False,\boxed{C},\boxed{C},C,A,138.86352062225342,1,False
6857436,canonical_smiles,molqwen3-4b-instruct-sft,False,\boxed{C},\boxed{C},C,C,138.86352062225342,1,True
6857436,isomeric_smiles,molqwen3-4b-instruct-sft,False,\boxed{C},\boxed{C},C,C,138.86352062225342,1,True
6857436,randomized_smiles,molqwen3-4b-instruct-sft,False,\boxed{D},\boxed{D},D,B,138.86352062225342,1,False
6857436,deepsmiles,molqwen3-4b-instruct-sft,False,\boxed{C},\boxed{C},C,B,138.86352062225342,1,False
6857436,iupac,molqwen3-4b-instruct-sft,False,\boxed{D},\boxed{D},D,A,138.86352062225342,1,False
6857436,selfies,molqwen3-4b-instruct-sft,False,\boxed{C},\boxed{C},C,D,138.86352062225342,1,False
6857436,moljson,molqwen3-4b-instruct-sft,False,\boxed{C},\boxed{C},C,C,138.86352062225342,1,True
6857436,cml,molqwen3-4b-instruct-sft,False,\boxed{A},\boxed{A},A,D,138.86352062225342,1,False
6857436,inchi,molqwen3-4b-instruct-sft,False,\boxed{D},\boxed{D},D,C,138.86352062225342,1,False
2733768,canonical_smiles,molqwen3-4b-instruct-sft,False,\boxed{C},\boxed{C},C,A,138.86352062225342,1,False
2733768,isomeric_smiles,molqwen3-4b-instruct-sft,False,\boxed{D},\boxed{D},D,D,138.86352062225342,1,True
2733768,randomized_smiles,molqwen3-4b-instruct-sft,False,\boxed{C},\boxed{C},C,B,138.86352062225342,1,False
2733768,deepsmiles,molqwen3-4b-instruct-sft,False,\boxed{C},\boxed{C},C,C,138.86352062225342,1,True
2733768,iupac,molqwen3-4b-instruct-sft,False,\boxed{A},\boxed{A},A,D,138.86352062225342,1,False
2733768,selfies,molqwen3-4b-instruct-sft,False,\boxed{C},\boxed{C},C,C,138.86352062225342,1,True
2733768,moljson,molqwen3-4b-instruct-sft,False,\boxed{D},\boxed{D},D,D,138.86352062225342,1,True
2733768,cml,molqwen3-4b-instruct-sft,False,\boxed{A},\boxed{A},A,B,138.86352062225342,1,False
2733768,inchi,molqwen3-4b-instruct-sft,False,\boxed{A},\boxed{A},A,D,138.86352062225342,1,False
72193770,canonical_smiles,molqwen3-4b-instruct-sft,False,\boxed{C},\boxed{C},C,A,138.86352062225342,1,False
72193770,isomeric_smiles,molqwen3-4b-instruct-sft,False,\boxed{C},\boxed{C},C,C,138.86352062225342,1,True
72193770,randomized_smiles,molqwen3-4b-instruct-sft,False,\boxed{C},\boxed{C},C,A,138.86352062225342,1,False
72193770,deepsmiles,molqwen3-4b-instruct-sft,False,\boxed{B},\boxed{B},B,B,138.86352062225342,1,True
72193770,iupac,molqwen3-4b-instruct-sft,False,\boxed{C},\boxed{C},C,C,138.86352062225342,1,True
72193770,selfies,molqwen3-4b-instruct-sft,False,\boxed{D},\boxed{D},D,D,138.86352062225342,1,True
72193770,moljson,molqwen3-4b-instruct-sft,False,\boxed{D},\boxed{D},D,A,138.86352062225342,1,False
72193770,cml,molqwen3-4b-instruct-sft,False,\boxed{D},\boxed{D},D,D,138.86352062225342,1,True
72193770,inchi,molqwen3-4b-instruct-sft,False,\boxed{D},\boxed{D},D,D,138.86352062225342,1,True
72193723,canonical_smiles,molqwen3-4b-instruct-sft,False,\boxed{C},\boxed{C},C,C,138.86352062225342,1,True
72193723,isomeric_smiles,molqwen3-4b-instruct-sft,False,\boxed{B},\boxed{B},B,B,138.86352062225342,1,True
72193723,randomized_smiles,molqwen3-4b-instruct-sft,False,\boxed{D},\boxed{D},D,D,138.86352062225342,1,True
72193723,deepsmiles,molqwen3-4b-instruct-sft,False,\boxed{B},\boxed{B},B,A,138.86352062225342,1,False
72193723,iupac,molqwen3-4b-instruct-sft,False,\boxed{C},\boxed{C},C,C,138.86352062225342,1,True
72193723,selfies,molqwen3-4b-instruct-sft,False,\boxed{D},\boxed{D},D,A,138.86352062225342,1,False
72193723,moljson,molqwen3-4b-instruct-sft,False,\boxed{C},\boxed{C},C,C,138.86352062225342,1,True
72193723,cml,molqwen3-4b-instruct-sft,False,\boxed{D},\boxed{D},D,D,138.86352062225342,1,True
72193723,inchi,molqwen3-4b-instruct-sft,False,\boxed{C},\boxed{C},C,A,138.86352062225342,1,False
129011050,canonical_smiles,molqwen3-4b-instruct-sft,False,\boxed{B},\boxed{B},B,B,138.86352062225342,1,True
129011050,isomeric_smiles,molqwen3-4b-instruct-sft,False,\boxed{B},\boxed{B},B,B,138.86352062225342,1,True
129011050,randomized_smiles,molqwen3-4b-instruct-sft,False,\boxed{C},\boxed{C},C,B,138.86352062225342,1,False
129011050,deepsmiles,molqwen3-4b-instruct-sft,False,\boxed{C},\boxed{C},C,C,138.86352062225342,1,True
129011050,iupac,molqwen3-4b-instruct-sft,False,\boxed{A},\boxed{A},A,A,138.86352062225342,1,True
129011050,selfies,molqwen3-4b-instruct-sft,False,\boxed{A},\boxed{A},A,A,138.86352062225342,1,True
129011050,moljson,molqwen3-4b-instruct-sft,False,\boxed{A},\boxed{A},A,D,138.86352062225342,1,False
129011050,cml,molqwen3-4b-instruct-sft,False,\boxed{A},\boxed{A},A,A,138.86352062225342,1,True
129011050,inchi,molqwen3-4b-instruct-sft,False,\boxed{C},\boxed{C},C,C,138.86352062225342,1,True
72715759,canonical_smiles,molqwen3-4b-instruct-sft,False,\boxed{D},\boxed{D},D,B,138.86352062225342,1,False
72715759,isomeric_smiles,molqwen3-4b-instruct-sft,False,\boxed{D},\boxed{D},D,D,138.86352062225342,1,True
72715759,randomized_smiles,molqwen3-4b-instruct-sft,False,\boxed{D},\boxed{D},D,A,103.34026336669922,1,False
72715759,deepsmiles,molqwen3-4b-instruct-sft,False,\boxed{C},\boxed{C},C,A,103.34026336669922,1,False
72715759,iupac,molqwen3-4b-instruct-sft,False,\boxed{D},\boxed{D},D,D,103.34026336669922,1,True
72715759,selfies,molqwen3-4b-instruct-sft,False,\boxed{C},\boxed{C},C,C,103.34026336669922,1,True
72715759,moljson,molqwen3-4b-instruct-sft,False,\boxed{C},\boxed{C},C,C,103.34026336669922,1,True
72715759,cml,molqwen3-4b-instruct-sft,False,\boxed{A},\boxed{A},A,D,103.34026336669922,1,False
72715759,inchi,molqwen3-4b-instruct-sft,False,\boxed{C},\boxed{C},C,A,103.34026336669922,1,False
6437,canonical_smiles,molqwen3-4b-instruct-sft,False,\boxed{B},\boxed{B},B,A,103.34026336669922,1,False
6437,isomeric_smiles,molqwen3-4b-instruct-sft,False,\boxed{C},\boxed{C},C,C,103.34026336669922,1,True
6437,randomized_smiles,molqwen3-4b-instruct-sft,False,\boxed{C},\boxed{C},C,B,103.34026336669922,1,False
6437,deepsmiles,molqwen3-4b-instruct-sft,False,\boxed{D},\boxed{D},D,B,103.34026336669922,1,False
6437,iupac,molqwen3-4b-instruct-sft,False,\boxed{D},\boxed{D},D,B,103.34026336669922,1,False
6437,selfies,molqwen3-4b-instruct-sft,False,\boxed{D},\boxed{D},D,A,103.34026336669922,1,False
6437,moljson,molqwen3-4b-instruct-sft,False,\boxed{A},\boxed{A},A,C,103.34026336669922,1,False
6437,cml,molqwen3-4b-instruct-sft,False,\boxed{A},\boxed{A},A,D,103.34026336669922,1,False
6437,inchi,molqwen3-4b-instruct-sft,False,\boxed{B},\boxed{B},B,B,103.34026336669922,1,True
9884262,canonical_smiles,molqwen3-4b-instruct-sft,False,\boxed{D},\boxed{D},D,D,103.34026336669922,1,True
9884262,isomeric_smiles,molqwen3-4b-instruct-sft,False,\boxed{A},\boxed{A},A,A,103.34026336669922,1,True
9884262,randomized_smiles,molqwen3-4b-instruct-sft,False,\boxed{C},\boxed{C},C,C,103.34026336669922,1,True
9884262,deepsmiles,molqwen3-4b-instruct-sft,False,\boxed{C},\boxed{C},C,C,103.34026336669922,1,True
9884262,iupac,molqwen3-4b-instruct-sft,False,\boxed{D},\boxed{D},D,D,103.34026336669922,1,True
9884262,selfies,molqwen3-4b-instruct-sft,False,\boxed{A},\boxed{A},A,D,103.34026336669922,1,False
9884262,moljson,molqwen3-4b-instruct-sft,False,\boxed{C},\boxed{C},C,D,103.34026336669922,1,False
9884262,cml,molqwen3-4b-instruct-sft,False,\boxed{A},\boxed{A},A,A,103.34026336669922,1,True
9884262,inchi,molqwen3-4b-instruct-sft,False,\boxed{A},\boxed{A},A,B,103.34026336669922,1,False
25246222,canonical_smiles,molqwen3-4b-instruct-sft,False,\boxed{D},\boxed{D},D,B,103.34026336669922,1,False
25246222,isomeric_smiles,molqwen3-4b-instruct-sft,False,\boxed{C},\boxed{C},C,C,103.34026336669922,1,True
25246222,randomized_smiles,molqwen3-4b-instruct-sft,False,\boxed{D},\boxed{D},D,D,103.34026336669922,1,True
25246222,deepsmiles,molqwen3-4b-instruct-sft,False,\boxed{C},\boxed{C},C,B,103.34026336669922,1,False
25246222,iupac,molqwen3-4b-instruct-sft,False,\boxed{A},\boxed{A},A,A,103.34026336669922,1,True
25246222,selfies,molqwen3-4b-instruct-sft,False,\boxed{B},\boxed{B},B,B,103.34026336669922,1,True
25246222,moljson,molqwen3-4b-instruct-sft,False,\boxed{B},\boxed{B},B,B,103.34026336669922,1,True
25246222,cml,molqwen3-4b-instruct-sft,False,\boxed{D},\boxed{D},D,D,103.34026336669922,1,True
25246222,inchi,molqwen3-4b-instruct-sft,False,\boxed{C},\boxed{C},C,C,103.34026336669922,1,True
44237187,canonical_smiles,molqwen3-4b-instruct-sft,False,\boxed{B},\boxed{B},B,B,103.34026336669922,1,True
44237187,isomeric_smiles,molqwen3-4b-instruct-sft,False,\boxed{D},\boxed{D},D,D,103.34026336669922,1,True
44237187,randomized_smiles,molqwen3-4b-instruct-sft,False,\boxed{C},\boxed{C},C,C,103.34026336669922,1,True
44237187,deepsmiles,molqwen3-4b-instruct-sft,False,\boxed{D},\boxed{D},D,D,103.34026336669922,1,True
44237187,iupac,molqwen3-4b-instruct-sft,False,\boxed{D},\boxed{D},D,D,103.34026336669922,1,True
44237187,selfies,molqwen3-4b-instruct-sft,False,\boxed{A},\boxed{A},A,A,103.34026336669922,1,True
44237187,moljson,molqwen3-4b-instruct-sft,False,\boxed{B},\boxed{B},B,B,103.34026336669922,1,True
44237187,cml,molqwen3-4b-instruct-sft,False,\boxed{B},\boxed{B},B,B,103.34026336669922,1,True
44237187,inchi,molqwen3-4b-instruct-sft,False,\boxed{C},\boxed{C},C,C,103.34026336669922,1,True
440961,canonical_smiles,molqwen3-4b-instruct-sft,False,\boxed{C},\boxed{C},C,C,103.34026336669922,1,True
440961,isomeric_smiles,molqwen3-4b-instruct-sft,False,\boxed{B},\boxed{B},B,B,103.34026336669922,1,True
440961,randomized_smiles,molqwen3-4b-instruct-sft,False,\boxed{B},\boxed{B},B,A,103.34026336669922,1,False
440961,deepsmiles,molqwen3-4b-instruct-sft,False,\boxed{A},\boxed{A},A,A,103.34026336669922,1,True
440961,iupac,molqwen3-4b-instruct-sft,False,\boxed{A},\boxed{A},A,A,103.34026336669922,1,True
440961,selfies,molqwen3-4b-instruct-sft,False,\boxed{B},\boxed{B},B,A,103.34026336669922,1,False
440961,moljson,molqwen3-4b-instruct-sft,False,\boxed{A},\boxed{A},A,A,103.34026336669922,1,True
440961,cml,molqwen3-4b-instruct-sft,False,\boxed{D},\boxed{D},D,D,284.32154655456543,1,True
440961,inchi,molqwen3-4b-instruct-sft,False,\boxed{D},\boxed{D},D,B,284.32154655456543,1,False
439741,canonical_smiles,molqwen3-vl-4b-instruct-sft,False,\boxed{C},\boxed{C},C,C,109.9678897857666,1,True
439741,isomeric_smiles,molqwen3-vl-4b-instruct-sft,False,\boxed{C},\boxed{C},C,C,109.9678897857666,1,True
439741,randomized_smiles,molqwen3-vl-4b-instruct-sft,False,\boxed{A},\boxed{A},A,A,109.9678897857666,1,True
439741,deepsmiles,molqwen3-vl-4b-instruct-sft,False,\boxed{C},\boxed{C},C,A,109.9678897857666,1,False
439741,iupac,molqwen3-vl-4b-instruct-sft,False,\boxed{B},\boxed{B},B,B,109.9678897857666,1,True
439741,selfies,molqwen3-vl-4b-instruct-sft,False,\boxed{A},\boxed{A},A,A,109.9678897857666,1,True
439741,moljson,molqwen3-vl-4b-instruct-sft,False,D,D,D,C,109.9678897857666,1,False
439741,cml,molqwen3-vl-4b-instruct-sft,False,C,C,C,D,109.9678897857666,1,False
439741,inchi,molqwen3-vl-4b-instruct-sft,False,\boxed{D},\boxed{D},D,D,109.9678897857666,1,True
53239801,canonical_smiles,molqwen3-vl-4b-instruct-sft,False,\boxed{D},\boxed{D},D,D,109.9678897857666,1,True
53239801,isomeric_smiles,molqwen3-vl-4b-instruct-sft,False,\boxed{C},\boxed{C},C,A,109.9678897857666,1,False
53239801,randomized_smiles,molqwen3-vl-4b-instruct-sft,False,\boxed{C},\boxed{C},C,A,109.9678897857666,1,False
53239801,deepsmiles,molqwen3-vl-4b-instruct-sft,False,\boxed{\text{C}},\boxed{\text{C}},C,C,109.9678897857666,1,True
53239801,iupac,molqwen3-vl-4b-instruct-sft,False,C,C,C,C,109.9678897857666,1,True
53239801,selfies,molqwen3-vl-4b-instruct-sft,False,\boxed{C},\boxed{C},C,C,109.9678897857666,1,True
53239801,moljson,molqwen3-vl-4b-instruct-sft,False,A,A,A,A,109.9678897857666,1,True
53239801,cml,molqwen3-vl-4b-instruct-sft,False,C,C,C,B,109.9678897857666,1,False
53239801,inchi,molqwen3-vl-4b-instruct-sft,False,B,B,B,B,109.9678897857666,1,True
70697724,canonical_smiles,molqwen3-vl-4b-instruct-sft,False,\boxed{C},\boxed{C},C,C,109.9678897857666,1,True
70697724,isomeric_smiles,molqwen3-vl-4b-instruct-sft,False,\boxed{B},\boxed{B},B,B,109.9678897857666,1,True
70697724,randomized_smiles,molqwen3-vl-4b-instruct-sft,False,\boxed{A},\boxed{A},A,A,109.9678897857666,1,True
70697724,deepsmiles,molqwen3-vl-4b-instruct-sft,False,\boxed{B},\boxed{B},B,B,109.9678897857666,1,True
70697724,iupac,molqwen3-vl-4b-instruct-sft,False,\boxed{B},\boxed{B},B,B,109.9678897857666,1,True
70697724,selfies,molqwen3-vl-4b-instruct-sft,False,\boxed{B},\boxed{B},B,B,109.9678897857666,1,True
70697724,moljson,molqwen3-vl-4b-instruct-sft,False,A,A,A,B,109.9678897857666,1,False
70697724,cml,molqwen3-vl-4b-instruct-sft,False,C,C,C,C,109.9678897857666,1,True
70697724,inchi,molqwen3-vl-4b-instruct-sft,False,\boxed{D},\boxed{D},D,D,109.9678897857666,1,True
91858192,canonical_smiles,molqwen3-vl-4b-instruct-sft,False,\boxed{A},\boxed{A},A,A,109.9678897857666,1,True
91858192,isomeric_smiles,molqwen3-vl-4b-instruct-sft,False,\boxed{B},\boxed{B},B,B,109.9678897857666,1,True
91858192,randomized_smiles,molqwen3-vl-4b-instruct-sft,False,\boxed{C},\boxed{C},C,C,109.9678897857666,1,True
91858192,deepsmiles,molqwen3-vl-4b-instruct-sft,False,\boxed{D},\boxed{D},D,D,109.9678897857666,1,True
91858192,iupac,molqwen3-vl-4b-instruct-sft,False,\boxed{A},\boxed{A},A,A,109.9678897857666,1,True
91858192,selfies,molqwen3-vl-4b-instruct-sft,False,\boxed{A},\boxed{A},A,A,109.9678897857666,1,True
91858192,moljson,molqwen3-vl-4b-instruct-sft,False,C,C,C,C,109.9678897857666,1,True
91858192,cml,molqwen3-vl-4b-instruct-sft,False,A,A,A,A,109.9678897857666,1,True
91858192,inchi,molqwen3-vl-4b-instruct-sft,False,\boxed{A},\boxed{A},A,D,109.9678897857666,1,False
71581037,canonical_smiles,molqwen3-vl-4b-instruct-sft,False,\boxed{D},\boxed{D},D,D,109.9678897857666,1,True
71581037,isomeric_smiles,molqwen3-vl-4b-instruct-sft,False,\boxed{D},\boxed{D},D,A,109.9678897857666,1,False
71581037,randomized_smiles,molqwen3-vl-4b-instruct-sft,False,\boxed{C},\boxed{C},C,A,109.9678897857666,1,False
71581037,deepsmiles,molqwen3-vl-4b-instruct-sft,False,C,C,C,C,109.9678897857666,1,True
71581037,iupac,molqwen3-vl-4b-instruct-sft,False,D,D,D,D,109.9678897857666,1,True
71581037,selfies,molqwen3-vl-4b-instruct-sft,False,\boxed{B},\boxed{B},B,B,109.9678897857666,1,True
71581037,moljson,molqwen3-vl-4b-instruct-sft,False,"None of the provided molecules match the description of a 3-oxo-fatty acyl-CoA derived from (11Z,14Z)-3-oxoicosa-11,14-dienoic acid. The correct structure would feature a long-chain fatty acid with a double bond at position 11 and another at position 14, a ketone group at position 3, and a thioester linkage to CoA. None of the molecules show this exact structure.","None of the provided molecules match the description of a 3-oxo-fatty acyl-CoA derived from (11Z,14Z)-3-oxoicosa-11,14-dienoic acid. The correct structure would feature a long-chain fatty acid with a double bond at position 11 and another at position 14, a ketone group at position 3, and a thioester linkage to CoA. None of the molecules show this exact structure.",A,D,109.9678897857666,1,False
71581037,cml,molqwen3-vl-4b-instruct-sft,False,B,B,B,B,109.9678897857666,1,True
71581037,inchi,molqwen3-vl-4b-instruct-sft,False,A,A,A,D,109.9678897857666,1,False
5748580,canonical_smiles,molqwen3-vl-4b-instruct-sft,False,\boxed{D},\boxed{D},D,D,109.9678897857666,1,True
5748580,isomeric_smiles,molqwen3-vl-4b-instruct-sft,False,B,B,B,B,109.9678897857666,1,True
5748580,randomized_smiles,molqwen3-vl-4b-instruct-sft,False,\boxed{B},\boxed{B},B,B,109.9678897857666,1,True
5748580,deepsmiles,molqwen3-vl-4b-instruct-sft,False,\boxed{D},\boxed{D},D,D,109.9678897857666,1,True
5748580,iupac,molqwen3-vl-4b-instruct-sft,False,\boxed{B},\boxed{B},B,B,109.9678897857666,1,True
5748580,selfies,molqwen3-vl-4b-instruct-sft,False,\boxed{C},\boxed{C},C,C,109.04455661773682,1,True
5748580,moljson,molqwen3-vl-4b-instruct-sft,False,B,B,B,A,109.04455661773682,1,False
5748580,cml,molqwen3-vl-4b-instruct-sft,False,A,A,A,D,109.04455661773682,1,False
5748580,inchi,molqwen3-vl-4b-instruct-sft,False,\boxed{D},\boxed{D},D,D,109.04455661773682,1,True
44229137,canonical_smiles,molqwen3-vl-4b-instruct-sft,False,\boxed{D},\boxed{D},D,A,109.04455661773682,1,False
44229137,isomeric_smiles,molqwen3-vl-4b-instruct-sft,False,\boxed{D},\boxed{D},D,D,109.04455661773682,1,True
44229137,randomized_smiles,molqwen3-vl-4b-instruct-sft,False,\boxed{A},\boxed{A},A,A,109.04455661773682,1,True
44229137,deepsmiles,molqwen3-vl-4b-instruct-sft,False,\boxed{B},\boxed{B},B,B,109.04455661773682,1,True
44229137,iupac,molqwen3-vl-4b-instruct-sft,False,C,C,C,B,109.04455661773682,1,False
44229137,selfies,molqwen3-vl-4b-instruct-sft,False,\boxed{B},\boxed{B},B,B,109.04455661773682,1,True
44229137,moljson,molqwen3-vl-4b-instruct-sft,False,D,D,D,D,109.04455661773682,1,True
44229137,cml,molqwen3-vl-4b-instruct-sft,False,D,D,D,D,109.04455661773682,1,True
44229137,inchi,molqwen3-vl-4b-instruct-sft,False,C,C,C,A,109.04455661773682,1,False
57339315,canonical_smiles,molqwen3-vl-4b-instruct-sft,False,\boxed{D},\boxed{D},D,D,109.04455661773682,1,True
57339315,isomeric_smiles,molqwen3-vl-4b-instruct-sft,False,\boxed{\text{D}},\boxed{\text{D}},D,D,109.04455661773682,1,True
57339315,randomized_smiles,molqwen3-vl-4b-instruct-sft,False,\boxed{B},\boxed{B},B,B,109.04455661773682,1,True
57339315,deepsmiles,molqwen3-vl-4b-instruct-sft,False,\boxed{D},\boxed{D},D,D,109.04455661773682,1,True
57339315,iupac,molqwen3-vl-4b-instruct-sft,False,A,A,A,B,109.04455661773682,1,False
57339315,selfies,molqwen3-vl-4b-instruct-sft,False,\boxed{B},\boxed{B},B,A,109.04455661773682,1,False
57339315,moljson,molqwen3-vl-4b-instruct-sft,False,A,A,A,A,109.04455661773682,1,True
57339315,cml,molqwen3-vl-4b-instruct-sft,False,B,B,B,D,109.04455661773682,1,False
57339315,inchi,molqwen3-vl-4b-instruct-sft,False,C,C,C,C,109.04455661773682,1,True
94332,canonical_smiles,molqwen3-vl-4b-instruct-sft,False,\boxed{B},\boxed{B},B,B,109.04455661773682,1,True
94332,isomeric_smiles,molqwen3-vl-4b-instruct-sft,False,\boxed{D},\boxed{D},D,D,109.04455661773682,1,True
94332,randomized_smiles,molqwen3-vl-4b-instruct-sft,False,\boxed{A},\boxed{A},A,A,109.04455661773682,1,True
94332,deepsmiles,molqwen3-vl-4b-instruct-sft,False,\boxed{A},\boxed{A},A,A,109.04455661773682,1,True
94332,iupac,molqwen3-vl-4b-instruct-sft,False,\boxed{A},\boxed{A},A,A,109.04455661773682,1,True
94332,selfies,molqwen3-vl-4b-instruct-sft,False,C,C,C,C,109.04455661773682,1,True
94332,moljson,molqwen3-vl-4b-instruct-sft,False,D,D,D,D,109.04455661773682,1,True
94332,cml,molqwen3-vl-4b-instruct-sft,False,C,C,C,C,109.04455661773682,1,True
94332,inchi,molqwen3-vl-4b-instruct-sft,False,A,A,A,A,109.04455661773682,1,True
135398680,canonical_smiles,molqwen3-vl-4b-instruct-sft,False,\boxed{D},\boxed{D},D,D,109.04455661773682,1,True
135398680,isomeric_smiles,molqwen3-vl-4b-instruct-sft,False,\boxed{D},\boxed{D},D,D,109.04455661773682,1,True
135398680,randomized_smiles,molqwen3-vl-4b-instruct-sft,False,\boxed{C},\boxed{C},C,B,109.04455661773682,1,False
135398680,deepsmiles,molqwen3-vl-4b-instruct-sft,False,\boxed{C},\boxed{C},C,D,109.04455661773682,1,False
135398680,iupac,molqwen3-vl-4b-instruct-sft,False,\boxed{B},\boxed{B},B,B,109.04455661773682,1,True
135398680,selfies,molqwen3-vl-4b-instruct-sft,False,\boxed{B},\boxed{B},B,D,109.04455661773682,1,False
135398680,moljson,molqwen3-vl-4b-instruct-sft,False,A,A,A,D,109.04455661773682,1,False
135398680,cml,molqwen3-vl-4b-instruct-sft,False,C,C,C,A,109.04455661773682,1,False
135398680,inchi,molqwen3-vl-4b-instruct-sft,False,\boxed{A},\boxed{A},A,B,109.04455661773682,1,False
127601,canonical_smiles,molqwen3-vl-4b-instruct-sft,False,C,C,C,C,109.04455661773682,1,True
127601,isomeric_smiles,molqwen3-vl-4b-instruct-sft,False,\boxed{B},\boxed{B},B,B,109.04455661773682,1,True
127601,randomized_smiles,molqwen3-vl-4b-instruct-sft,False,\boxed{C},\boxed{C},C,C,109.04455661773682,1,True
127601,deepsmiles,molqwen3-vl-4b-instruct-sft,False,\boxed{B},\boxed{B},B,B,109.04455661773682,1,True
127601,iupac,molqwen3-vl-4b-instruct-sft,False,\boxed{B},\boxed{B},B,B,109.04455661773682,1,True
127601,selfies,molqwen3-vl-4b-instruct-sft,False,\boxed{C},\boxed{C},C,C,109.04455661773682,1,True
127601,moljson,molqwen3-vl-4b-instruct-sft,False,\boxed{A},\boxed{A},A,A,109.04455661773682,1,True
127601,cml,molqwen3-vl-4b-instruct-sft,False,A,A,A,A,109.04455661773682,1,True
127601,inchi,molqwen3-vl-4b-instruct-sft,False,\boxed{C},\boxed{C},C,B,109.04455661773682,1,False
53354912,canonical_smiles,molqwen3-vl-4b-instruct-sft,False,\boxed{C},\boxed{C},C,C,109.04455661773682,1,True
53354912,isomeric_smiles,molqwen3-vl-4b-instruct-sft,False,\boxed{C},\boxed{C},C,C,79.0855598449707,1,True
53354912,randomized_smiles,molqwen3-vl-4b-instruct-sft,False,\boxed{A},\boxed{A},A,A,79.0855598449707,1,True
53354912,deepsmiles,molqwen3-vl-4b-instruct-sft,False,C,C,C,C,79.0855598449707,1,True
53354912,iupac,molqwen3-vl-4b-instruct-sft,False,D,D,D,D,79.0855598449707,1,True
53354912,selfies,molqwen3-vl-4b-instruct-sft,False,D,D,D,D,79.0855598449707,1,True
53354912,moljson,molqwen3-vl-4b-instruct-sft,False,A,A,A,A,79.0855598449707,1,True
53354912,cml,molqwen3-vl-4b-instruct-sft,False,D,D,D,D,79.0855598449707,1,True
53354912,inchi,molqwen3-vl-4b-instruct-sft,False,B,B,B,B,79.0855598449707,1,True
44575705,canonical_smiles,molqwen3-vl-4b-instruct-sft,False,\boxed{D},\boxed{D},D,C,79.0855598449707,1,False
44575705,isomeric_smiles,molqwen3-vl-4b-instruct-sft,False,\boxed{C},\boxed{C},C,C,79.0855598449707,1,True
44575705,randomized_smiles,molqwen3-vl-4b-instruct-sft,False,\boxed{C},\boxed{C},C,C,79.0855598449707,1,True
44575705,deepsmiles,molqwen3-vl-4b-instruct-sft,False,\boxed{C},\boxed{C},C,D,79.0855598449707,1,False
44575705,iupac,molqwen3-vl-4b-instruct-sft,False,\boxed{C},\boxed{C},C,C,79.0855598449707,1,True
44575705,selfies,molqwen3-vl-4b-instruct-sft,False,A,A,A,D,79.0855598449707,1,False
44575705,moljson,molqwen3-vl-4b-instruct-sft,False,A,A,A,A,79.0855598449707,1,True
44575705,cml,molqwen3-vl-4b-instruct-sft,False,A,A,A,A,79.0855598449707,1,True
44575705,inchi,molqwen3-vl-4b-instruct-sft,False,\boxed{D},\boxed{D},D,D,79.0855598449707,1,True
9870745,canonical_smiles,molqwen3-vl-4b-instruct-sft,False,\boxed{A},\boxed{A},A,A,79.0855598449707,1,True
9870745,isomeric_smiles,molqwen3-vl-4b-instruct-sft,False,\boxed{B},\boxed{B},B,B,79.0855598449707,1,True
9870745,randomized_smiles,molqwen3-vl-4b-instruct-sft,False,\boxed{C},\boxed{C},C,C,79.0855598449707,1,True
9870745,deepsmiles,molqwen3-vl-4b-instruct-sft,False,\boxed{C},\boxed{C},C,C,79.0855598449707,1,True
9870745,iupac,molqwen3-vl-4b-instruct-sft,False,\boxed{C},\boxed{C},C,C,79.0855598449707,1,True
9870745,selfies,molqwen3-vl-4b-instruct-sft,False,\boxed{A},\boxed{A},A,A,79.0855598449707,1,True
9870745,moljson,molqwen3-vl-4b-instruct-sft,False,A,A,A,A,79.0855598449707,1,True
9870745,cml,molqwen3-vl-4b-instruct-sft,False,A,A,A,A,79.0855598449707,1,True
9870745,inchi,molqwen3-vl-4b-instruct-sft,False,B,B,B,B,79.0855598449707,1,True
6436246,canonical_smiles,molqwen3-vl-4b-instruct-sft,False,\boxed{D},\boxed{D},D,A,79.0855598449707,1,False
6436246,isomeric_smiles,molqwen3-vl-4b-instruct-sft,False,C,C,C,C,79.0855598449707,1,True
6436246,randomized_smiles,molqwen3-vl-4b-instruct-sft,False,\boxed{A},\boxed{A},A,A,79.0855598449707,1,True
6436246,deepsmiles,molqwen3-vl-4b-instruct-sft,False,\boxed{D},\boxed{D},D,D,79.0855598449707,1,True
6436246,iupac,molqwen3-vl-4b-instruct-sft,False,\boxed{A},\boxed{A},A,A,79.0855598449707,1,True
6436246,selfies,molqwen3-vl-4b-instruct-sft,False,\boxed{A},\boxed{A},A,A,79.0855598449707,1,True
6436246,moljson,molqwen3-vl-4b-instruct-sft,False,C,C,C,A,79.0855598449707,1,False
6436246,cml,molqwen3-vl-4b-instruct-sft,False,A,A,A,A,79.0855598449707,1,True
6436246,inchi,molqwen3-vl-4b-instruct-sft,False,\boxed{C},\boxed{C},C,D,79.0855598449707,1,False
56927836,canonical_smiles,molqwen3-vl-4b-instruct-sft,False,\boxed{B},\boxed{B},B,B,79.0855598449707,1,True
56927836,isomeric_smiles,molqwen3-vl-4b-instruct-sft,False,\boxed{D},\boxed{D},D,D,79.0855598449707,1,True
56927836,randomized_smiles,molqwen3-vl-4b-instruct-sft,False,\boxed{D},\boxed{D},D,A,79.0855598449707,1,False
56927836,deepsmiles,molqwen3-vl-4b-instruct-sft,False,\boxed{C},\boxed{C},C,B,79.0855598449707,1,False
56927836,iupac,molqwen3-vl-4b-instruct-sft,False,B,B,B,B,79.0855598449707,1,True
56927836,selfies,molqwen3-vl-4b-instruct-sft,False,B,B,B,B,79.0855598449707,1,True
56927836,moljson,molqwen3-vl-4b-instruct-sft,False,\boxed{A},\boxed{A},A,C,79.0855598449707,1,False
56927836,cml,molqwen3-vl-4b-instruct-sft,False,C,C,C,D,79.0855598449707,1,False
56927836,inchi,molqwen3-vl-4b-instruct-sft,False,\boxed{A},\boxed{A},A,C,79.0855598449707,1,False
11870411,canonical_smiles,molqwen3-vl-4b-instruct-sft,False,\boxed{D},\boxed{D},D,B,79.0855598449707,1,False
11870411,isomeric_smiles,molqwen3-vl-4b-instruct-sft,False,\boxed{A},\boxed{A},A,D,79.0855598449707,1,False
11870411,randomized_smiles,molqwen3-vl-4b-instruct-sft,False,\boxed{A},\boxed{A},A,A,79.0855598449707,1,True
11870411,deepsmiles,molqwen3-vl-4b-instruct-sft,False,\boxed{A},\boxed{A},A,A,79.0855598449707,1,True
11870411,iupac,molqwen3-vl-4b-instruct-sft,False,\boxed{A},\boxed{A},A,A,79.0855598449707,1,True
11870411,selfies,molqwen3-vl-4b-instruct-sft,False,\boxed{B},\boxed{B},B,D,79.0855598449707,1,False
11870411,moljson,molqwen3-vl-4b-instruct-sft,False,\boxed{A},\boxed{A},A,A,114.11369323730469,1,True
11870411,cml,molqwen3-vl-4b-instruct-sft,False,A,A,A,A,114.11369323730469,1,True
11870411,inchi,molqwen3-vl-4b-instruct-sft,False,\boxed{A},\boxed{A},A,B,114.11369323730469,1,False
5281604,canonical_smiles,molqwen3-vl-4b-instruct-sft,False,\boxed{D},\boxed{D},D,D,114.11369323730469,1,True
5281604,isomeric_smiles,molqwen3-vl-4b-instruct-sft,False,\boxed{B},\boxed{B},B,B,114.11369323730469,1,True
5281604,randomized_smiles,molqwen3-vl-4b-instruct-sft,False,\boxed{C},\boxed{C},C,A,114.11369323730469,1,False
5281604,deepsmiles,molqwen3-vl-4b-instruct-sft,False,\boxed{A},\boxed{A},A,B,114.11369323730469,1,False
5281604,iupac,molqwen3-vl-4b-instruct-sft,False,\boxed{\text{B}},\boxed{\text{B}},B,A,114.11369323730469,1,False
5281604,selfies,molqwen3-vl-4b-instruct-sft,False,\boxed{B},\boxed{B},B,B,114.11369323730469,1,True
5281604,moljson,molqwen3-vl-4b-instruct-sft,False,C,C,C,C,114.11369323730469,1,True
5281604,cml,molqwen3-vl-4b-instruct-sft,False,B,B,B,A,114.11369323730469,1,False
5281604,inchi,molqwen3-vl-4b-instruct-sft,False,\boxed{C},\boxed{C},C,C,114.11369323730469,1,True
5283662,canonical_smiles,molqwen3-vl-4b-instruct-sft,False,\boxed{D},\boxed{D},D,B,114.11369323730469,1,False
5283662,isomeric_smiles,molqwen3-vl-4b-instruct-sft,False,\boxed{B},\boxed{B},B,D,114.11369323730469,1,False
5283662,randomized_smiles,molqwen3-vl-4b-instruct-sft,False,\boxed{B},\boxed{B},B,C,114.11369323730469,1,False
5283662,deepsmiles,molqwen3-vl-4b-instruct-sft,False,\boxed{A},\boxed{A},A,D,114.11369323730469,1,False
5283662,iupac,molqwen3-vl-4b-instruct-sft,False,C,C,C,C,114.11369323730469,1,True
5283662,selfies,molqwen3-vl-4b-instruct-sft,False,\boxed{C},\boxed{C},C,C,114.11369323730469,1,True
5283662,moljson,molqwen3-vl-4b-instruct-sft,False,C,C,C,D,114.11369323730469,1,False
5283662,cml,molqwen3-vl-4b-instruct-sft,False,A,A,A,B,114.11369323730469,1,False
5283662,inchi,molqwen3-vl-4b-instruct-sft,False,\boxed{C},\boxed{C},C,C,114.11369323730469,1,True
91972225,canonical_smiles,molqwen3-vl-4b-instruct-sft,False,D,D,D,D,114.11369323730469,1,True
91972225,isomeric_smiles,molqwen3-vl-4b-instruct-sft,False,D,D,D,D,114.11369323730469,1,True
91972225,randomized_smiles,molqwen3-vl-4b-instruct-sft,False,B,B,B,A,114.11369323730469,1,False
91972225,deepsmiles,molqwen3-vl-4b-instruct-sft,False,\boxed{D},\boxed{D},D,B,114.11369323730469,1,False
91972225,iupac,molqwen3-vl-4b-instruct-sft,False,\boxed{A},\boxed{A},A,A,114.11369323730469,1,True
91972225,selfies,molqwen3-vl-4b-instruct-sft,False,\boxed{A},\boxed{A},A,A,114.11369323730469,1,True
91972225,moljson,molqwen3-vl-4b-instruct-sft,False,C,C,C,C,114.11369323730469,1,True
91972225,cml,molqwen3-vl-4b-instruct-sft,False,A,A,A,B,114.11369323730469,1,False
91972225,inchi,molqwen3-vl-4b-instruct-sft,False,C,C,C,C,114.11369323730469,1,True
183138,canonical_smiles,molqwen3-vl-4b-instruct-sft,False,\boxed{D},\boxed{D},D,D,114.11369323730469,1,True
183138,isomeric_smiles,molqwen3-vl-4b-instruct-sft,False,\boxed{B},\boxed{B},B,A,114.11369323730469,1,False
183138,randomized_smiles,molqwen3-vl-4b-instruct-sft,False,\boxed{A},\boxed{A},A,D,114.11369323730469,1,False
183138,deepsmiles,molqwen3-vl-4b-instruct-sft,False,\boxed{B},\boxed{B},B,B,114.11369323730469,1,True
183138,iupac,molqwen3-vl-4b-instruct-sft,False,\boxed{A},\boxed{A},A,A,114.11369323730469,1,True
183138,selfies,molqwen3-vl-4b-instruct-sft,False,\boxed{A},\boxed{A},A,D,114.11369323730469,1,False
183138,moljson,molqwen3-vl-4b-instruct-sft,False,A,A,A,A,114.11369323730469,1,True
183138,cml,molqwen3-vl-4b-instruct-sft,False,C,C,C,B,114.11369323730469,1,False
183138,inchi,molqwen3-vl-4b-instruct-sft,False,\boxed{A},\boxed{A},A,C,114.11369323730469,1,False
16083180,canonical_smiles,molqwen3-vl-4b-instruct-sft,False,\boxed{B},\boxed{B},B,B,114.11369323730469,1,True
16083180,isomeric_smiles,molqwen3-vl-4b-instruct-sft,False,\boxed{C},\boxed{C},C,C,114.11369323730469,1,True
16083180,randomized_smiles,molqwen3-vl-4b-instruct-sft,False,\boxed{D},\boxed{D},D,D,114.11369323730469,1,True
16083180,deepsmiles,molqwen3-vl-4b-instruct-sft,False,\boxed{B},\boxed{B},B,B,114.11369323730469,1,True
16083180,iupac,molqwen3-vl-4b-instruct-sft,False,\boxed{A},\boxed{A},A,A,114.11369323730469,1,True
16083180,selfies,molqwen3-vl-4b-instruct-sft,False,\boxed{C},\boxed{C},C,C,114.11369323730469,1,True
16083180,moljson,molqwen3-vl-4b-instruct-sft,False,C,C,C,D,114.11369323730469,1,False
16083180,cml,molqwen3-vl-4b-instruct-sft,False,A,A,A,B,114.11369323730469,1,False
16083180,inchi,molqwen3-vl-4b-instruct-sft,False,\boxed{A},\boxed{A},A,A,114.11369323730469,1,True
5464343,canonical_smiles,molqwen3-vl-4b-instruct-sft,False,\boxed{A},\boxed{A},A,A,114.11369323730469,1,True
5464343,isomeric_smiles,molqwen3-vl-4b-instruct-sft,False,\boxed{A},\boxed{A},A,A,114.11369323730469,1,True
5464343,randomized_smiles,molqwen3-vl-4b-instruct-sft,False,\boxed{D},\boxed{D},D,D,104.54262256622314,1,True
5464343,deepsmiles,molqwen3-vl-4b-instruct-sft,False,\boxed{B},\boxed{B},B,B,104.54262256622314,1,True
5464343,iupac,molqwen3-vl-4b-instruct-sft,False,\boxed{\text{B}},\boxed{\text{B}},B,B,104.54262256622314,1,True
5464343,selfies,molqwen3-vl-4b-instruct-sft,False,\boxed{C},\boxed{C},C,A,104.54262256622314,1,False
5464343,moljson,molqwen3-vl-4b-instruct-sft,False,A,A,A,A,104.54262256622314,1,True
5464343,cml,molqwen3-vl-4b-instruct-sft,False,\boxed{A},\boxed{A},A,A,104.54262256622314,1,True
5464343,inchi,molqwen3-vl-4b-instruct-sft,False,D,D,D,D,104.54262256622314,1,True
13267935,canonical_smiles,molqwen3-vl-4b-instruct-sft,False,\boxed{D},\boxed{D},D,D,104.54262256622314,1,True
13267935,isomeric_smiles,molqwen3-vl-4b-instruct-sft,False,\boxed{C},\boxed{C},C,C,104.54262256622314,1,True
13267935,randomized_smiles,molqwen3-vl-4b-instruct-sft,False,D,D,D,A,104.54262256622314,1,False
13267935,deepsmiles,molqwen3-vl-4b-instruct-sft,False,\boxed{B},\boxed{B},B,B,104.54262256622314,1,True
13267935,iupac,molqwen3-vl-4b-instruct-sft,False,\boxed{D},\boxed{D},D,D,104.54262256622314,1,True
13267935,selfies,molqwen3-vl-4b-instruct-sft,False,\boxed{B},\boxed{B},B,A,104.54262256622314,1,False
13267935,moljson,molqwen3-vl-4b-instruct-sft,False,C,C,C,B,104.54262256622314,1,False
13267935,cml,molqwen3-vl-4b-instruct-sft,False,B,B,B,B,104.54262256622314,1,True
13267935,inchi,molqwen3-vl-4b-instruct-sft,False,\boxed{C},\boxed{C},C,C,104.54262256622314,1,True
91855786,canonical_smiles,molqwen3-vl-4b-instruct-sft,False,\boxed{C},\boxed{C},C,A,104.54262256622314,1,False
91855786,isomeric_smiles,molqwen3-vl-4b-instruct-sft,False,\boxed{\text{C}},\boxed{\text{C}},C,C,104.54262256622314,1,True
91855786,randomized_smiles,molqwen3-vl-4b-instruct-sft,False,\boxed{C},\boxed{C},C,A,104.54262256622314,1,False
91855786,deepsmiles,molqwen3-vl-4b-instruct-sft,False,\boxed{B},\boxed{B},B,A,104.54262256622314,1,False
91855786,iupac,molqwen3-vl-4b-instruct-sft,False,\boxed{C},\boxed{C},C,B,104.54262256622314,1,False
91855786,selfies,molqwen3-vl-4b-instruct-sft,False,\boxed{B},\boxed{B},B,B,104.54262256622314,1,True
91855786,moljson,molqwen3-vl-4b-instruct-sft,False,A,A,A,D,104.54262256622314,1,False
91855786,cml,molqwen3-vl-4b-instruct-sft,False,A,A,A,A,104.54262256622314,1,True
91855786,inchi,molqwen3-vl-4b-instruct-sft,False,\boxed{D},\boxed{D},D,B,104.54262256622314,1,False
50909875,canonical_smiles,molqwen3-vl-4b-instruct-sft,False,\boxed{D},\boxed{D},D,D,104.54262256622314,1,True
50909875,isomeric_smiles,molqwen3-vl-4b-instruct-sft,False,\boxed{D},\boxed{D},D,C,104.54262256622314,1,False
50909875,randomized_smiles,molqwen3-vl-4b-instruct-sft,False,\boxed{A},\boxed{A},A,A,104.54262256622314,1,True
50909875,deepsmiles,molqwen3-vl-4b-instruct-sft,False,\boxed{\text{B}},\boxed{\text{B}},B,B,104.54262256622314,1,True
50909875,iupac,molqwen3-vl-4b-instruct-sft,False,C,C,C,C,104.54262256622314,1,True
50909875,selfies,molqwen3-vl-4b-instruct-sft,False,\boxed{C},\boxed{C},C,C,104.54262256622314,1,True
50909875,moljson,molqwen3-vl-4b-instruct-sft,False,"None of the provided molecules match the description of a glycoside comprising glucose in (1->3) linkage with rhamnose, in turn linked (1->4) to D-ribitol. The described molecule is a trisaccharide, whereas the provided options are complex organic molecules that include nucleotides, sulfurs, and nitrogenous groups, none of which correspond to the described sugar glycosidic structure. Therefore, the correct answer is none of the above.

\boxed{\text{None}}","None of the provided molecules match the description of a glycoside comprising glucose in (1->3) linkage with rhamnose, in turn linked (1->4) to D-ribitol. The described molecule is a trisaccharide, whereas the provided options are complex organic molecules that include nucleotides, sulfurs, and nitrogenous groups, none of which correspond to the described sugar glycosidic structure. Therefore, the correct answer is none of the above.

\boxed{\text{None}}",A,D,104.54262256622314,1,False
50909875,cml,molqwen3-vl-4b-instruct-sft,False,C,C,C,C,104.54262256622314,1,True
50909875,inchi,molqwen3-vl-4b-instruct-sft,False,\boxed{A},\boxed{A},A,A,104.54262256622314,1,True
22848660,canonical_smiles,molqwen3-vl-4b-instruct-sft,False,C,C,C,C,104.54262256622314,1,True
22848660,isomeric_smiles,molqwen3-vl-4b-instruct-sft,False,C,C,C,C,104.54262256622314,1,True
22848660,randomized_smiles,molqwen3-vl-4b-instruct-sft,False,C,C,C,C,104.54262256622314,1,True
22848660,deepsmiles,molqwen3-vl-4b-instruct-sft,False,D,D,D,B,104.54262256622314,1,False
22848660,iupac,molqwen3-vl-4b-instruct-sft,False,\boxed{D},\boxed{D},D,B,104.54262256622314,1,False
22848660,selfies,molqwen3-vl-4b-instruct-sft,False,C,C,C,A,104.54262256622314,1,False
22848660,moljson,molqwen3-vl-4b-instruct-sft,False,C,C,C,C,104.54262256622314,1,True
22848660,cml,molqwen3-vl-4b-instruct-sft,False,D,D,D,D,104.54262256622314,1,True
22848660,inchi,molqwen3-vl-4b-instruct-sft,False,B,B,B,B,104.54262256622314,1,True
71581240,canonical_smiles,molqwen3-vl-4b-instruct-sft,False,\boxed{C},\boxed{C},C,A,104.54262256622314,1,False
71581240,isomeric_smiles,molqwen3-vl-4b-instruct-sft,False,\boxed{C},\boxed{C},C,A,104.54262256622314,1,False
71581240,randomized_smiles,molqwen3-vl-4b-instruct-sft,False,\boxed{B},\boxed{B},B,A,104.54262256622314,1,False
71581240,deepsmiles,molqwen3-vl-4b-instruct-sft,False,\boxed{D},\boxed{D},D,D,104.54262256622314,1,True
71581240,iupac,molqwen3-vl-4b-instruct-sft,False,\boxed{D},\boxed{D},D,D,104.54262256622314,1,True
71581240,selfies,molqwen3-vl-4b-instruct-sft,False,\boxed{A},\boxed{A},A,A,104.54262256622314,1,True
71581240,moljson,molqwen3-vl-4b-instruct-sft,False,A,A,A,A,104.54262256622314,1,True
71581240,cml,molqwen3-vl-4b-instruct-sft,False,C,C,C,C,104.29115772247314,1,True
71581240,inchi,molqwen3-vl-4b-instruct-sft,False,\boxed{A},\boxed{A},A,D,104.29115772247314,1,False
53476539,canonical_smiles,molqwen3-vl-4b-instruct-sft,False,\boxed{D},\boxed{D},D,B,104.29115772247314,1,False
53476539,isomeric_smiles,molqwen3-vl-4b-instruct-sft,False,\boxed{C},\boxed{C},C,C,104.29115772247314,1,True
53476539,randomized_smiles,molqwen3-vl-4b-instruct-sft,False,\boxed{B},\boxed{B},B,B,104.29115772247314,1,True
53476539,deepsmiles,molqwen3-vl-4b-instruct-sft,False,\boxed{C},\boxed{C},C,A,104.29115772247314,1,False
53476539,iupac,molqwen3-vl-4b-instruct-sft,False,D,D,D,D,104.29115772247314,1,True
53476539,selfies,molqwen3-vl-4b-instruct-sft,False,\boxed{D},\boxed{D},D,A,104.29115772247314,1,False
53476539,moljson,molqwen3-vl-4b-instruct-sft,False,B,B,B,D,104.29115772247314,1,False
53476539,cml,molqwen3-vl-4b-instruct-sft,False,C,C,C,C,104.29115772247314,1,True
53476539,inchi,molqwen3-vl-4b-instruct-sft,False,D,D,D,D,104.29115772247314,1,True
10816628,canonical_smiles,molqwen3-vl-4b-instruct-sft,False,\boxed{C},\boxed{C},C,A,104.29115772247314,1,False
10816628,isomeric_smiles,molqwen3-vl-4b-instruct-sft,False,\boxed{C},\boxed{C},C,C,104.29115772247314,1,True
10816628,randomized_smiles,molqwen3-vl-4b-instruct-sft,False,\boxed{C},\boxed{C},C,C,104.29115772247314,1,True
10816628,deepsmiles,molqwen3-vl-4b-instruct-sft,False,\boxed{B},\boxed{B},B,C,104.29115772247314,1,False
10816628,iupac,molqwen3-vl-4b-instruct-sft,False,\boxed{C},\boxed{C},C,C,104.29115772247314,1,True
10816628,selfies,molqwen3-vl-4b-instruct-sft,False,\boxed{B},\boxed{B},B,B,104.29115772247314,1,True
10816628,moljson,molqwen3-vl-4b-instruct-sft,False,A,A,A,B,104.29115772247314,1,False
10816628,cml,molqwen3-vl-4b-instruct-sft,False,D,D,D,D,104.29115772247314,1,True
10816628,inchi,molqwen3-vl-4b-instruct-sft,False,\boxed{D},\boxed{D},D,A,104.29115772247314,1,False
73145,canonical_smiles,molqwen3-vl-4b-instruct-sft,False,\boxed{C},\boxed{C},C,B,104.29115772247314,1,False
73145,isomeric_smiles,molqwen3-vl-4b-instruct-sft,False,\boxed{D},\boxed{D},D,D,104.29115772247314,1,True
73145,randomized_smiles,molqwen3-vl-4b-instruct-sft,False,\boxed{C},\boxed{C},C,C,104.29115772247314,1,True
73145,deepsmiles,molqwen3-vl-4b-instruct-sft,False,\boxed{D},\boxed{D},D,A,104.29115772247314,1,False
73145,iupac,molqwen3-vl-4b-instruct-sft,False,\boxed{A},\boxed{A},A,A,104.29115772247314,1,True
73145,selfies,molqwen3-vl-4b-instruct-sft,False,\boxed{D},\boxed{D},D,C,104.29115772247314,1,False
73145,moljson,molqwen3-vl-4b-instruct-sft,False,C,C,C,B,104.29115772247314,1,False
73145,cml,molqwen3-vl-4b-instruct-sft,False,C,C,C,B,104.29115772247314,1,False
73145,inchi,molqwen3-vl-4b-instruct-sft,False,\boxed{A},\boxed{A},A,D,104.29115772247314,1,False
443453,canonical_smiles,molqwen3-vl-4b-instruct-sft,False,D,D,D,C,104.29115772247314,1,False
443453,isomeric_smiles,molqwen3-vl-4b-instruct-sft,False,\boxed{B},\boxed{B},B,C,104.29115772247314,1,False
443453,randomized_smiles,molqwen3-vl-4b-instruct-sft,False,\boxed{C},\boxed{C},C,A,104.29115772247314,1,False
443453,deepsmiles,molqwen3-vl-4b-instruct-sft,False,\boxed{C},\boxed{C},C,B,104.29115772247314,1,False
443453,iupac,molqwen3-vl-4b-instruct-sft,False,C,C,C,C,104.29115772247314,1,True
443453,selfies,molqwen3-vl-4b-instruct-sft,False,\boxed{B},\boxed{B},B,C,104.29115772247314,1,False
443453,moljson,molqwen3-vl-4b-instruct-sft,False,A,A,A,C,104.29115772247314,1,False
443453,cml,molqwen3-vl-4b-instruct-sft,False,B,B,B,B,104.29115772247314,1,True
443453,inchi,molqwen3-vl-4b-instruct-sft,False,\boxed{A},\boxed{A},A,B,104.29115772247314,1,False
72715827,canonical_smiles,molqwen3-vl-4b-instruct-sft,False,\boxed{C},\boxed{C},C,C,104.29115772247314,1,True
72715827,isomeric_smiles,molqwen3-vl-4b-instruct-sft,False,\boxed{B},\boxed{B},B,A,104.29115772247314,1,False
72715827,randomized_smiles,molqwen3-vl-4b-instruct-sft,False,\boxed{C},\boxed{C},C,B,104.29115772247314,1,False
72715827,deepsmiles,molqwen3-vl-4b-instruct-sft,False,\boxed{B},\boxed{B},B,C,104.29115772247314,1,False
72715827,iupac,molqwen3-vl-4b-instruct-sft,False,\boxed{C},\boxed{C},C,A,104.29115772247314,1,False
72715827,selfies,molqwen3-vl-4b-instruct-sft,False,\boxed{C},\boxed{C},C,C,104.29115772247314,1,True
72715827,moljson,molqwen3-vl-4b-instruct-sft,False,A,A,A,A,104.29115772247314,1,True
72715827,cml,molqwen3-vl-4b-instruct-sft,False,B,B,B,B,104.29115772247314,1,True
72715827,inchi,molqwen3-vl-4b-instruct-sft,False,\boxed{A},\boxed{A},A,B,104.29115772247314,1,False
3081970,canonical_smiles,molqwen3-vl-4b-instruct-sft,False,\boxed{\text{A}},\boxed{\text{A}},A,A,104.29115772247314,1,True
3081970,isomeric_smiles,molqwen3-vl-4b-instruct-sft,False,\boxed{\text{B}},\boxed{\text{B}},B,B,104.29115772247314,1,True
3081970,randomized_smiles,molqwen3-vl-4b-instruct-sft,False,\boxed{\text{B}},\boxed{\text{B}},B,B,104.29115772247314,1,True
3081970,deepsmiles,molqwen3-vl-4b-instruct-sft,False,\boxed{B},\boxed{B},B,B,128.64454746246338,1,True
3081970,iupac,molqwen3-vl-4b-instruct-sft,False,\boxed{D},\boxed{D},D,D,128.64454746246338,1,True
3081970,selfies,molqwen3-vl-4b-instruct-sft,False,\boxed{D},\boxed{D},D,D,128.64454746246338,1,True
3081970,moljson,molqwen3-vl-4b-instruct-sft,False,D,D,D,C,128.64454746246338,1,False
3081970,cml,molqwen3-vl-4b-instruct-sft,False,A,A,A,D,128.64454746246338,1,False
3081970,inchi,molqwen3-vl-4b-instruct-sft,False,C,C,C,B,128.64454746246338,1,False
53477563,canonical_smiles,molqwen3-vl-4b-instruct-sft,False,\boxed{C},\boxed{C},C,C,128.64454746246338,1,True
53477563,isomeric_smiles,molqwen3-vl-4b-instruct-sft,False,\boxed{C},\boxed{C},C,C,128.64454746246338,1,True
53477563,randomized_smiles,molqwen3-vl-4b-instruct-sft,False,\boxed{C},\boxed{C},C,D,128.64454746246338,1,False
53477563,deepsmiles,molqwen3-vl-4b-instruct-sft,False,\boxed{A},\boxed{A},A,A,128.64454746246338,1,True
53477563,iupac,molqwen3-vl-4b-instruct-sft,False,C,C,C,C,128.64454746246338,1,True
53477563,selfies,molqwen3-vl-4b-instruct-sft,False,\boxed{A},\boxed{A},A,B,128.64454746246338,1,False
53477563,moljson,molqwen3-vl-4b-instruct-sft,False,\boxed{\text{A}},\boxed{\text{A}},A,C,128.64454746246338,1,False
53477563,cml,molqwen3-vl-4b-instruct-sft,False,B,B,B,D,128.64454746246338,1,False
53477563,inchi,molqwen3-vl-4b-instruct-sft,False,\boxed{C},\boxed{C},C,C,128.64454746246338,1,True
16850,canonical_smiles,molqwen3-vl-4b-instruct-sft,False,\boxed{B},\boxed{B},B,B,128.64454746246338,1,True
16850,isomeric_smiles,molqwen3-vl-4b-instruct-sft,False,\boxed{C},\boxed{C},C,C,128.64454746246338,1,True
16850,randomized_smiles,molqwen3-vl-4b-instruct-sft,False,\boxed{D},\boxed{D},D,D,128.64454746246338,1,True
16850,deepsmiles,molqwen3-vl-4b-instruct-sft,False,\boxed{D},\boxed{D},D,C,128.64454746246338,1,False
16850,iupac,molqwen3-vl-4b-instruct-sft,False,\boxed{D},\boxed{D},D,D,128.64454746246338,1,True
16850,selfies,molqwen3-vl-4b-instruct-sft,False,\boxed{C},\boxed{C},C,C,128.64454746246338,1,True
16850,moljson,molqwen3-vl-4b-instruct-sft,False,B,B,B,A,128.64454746246338,1,False
16850,cml,molqwen3-vl-4b-instruct-sft,False,D,D,D,D,128.64454746246338,1,True
16850,inchi,molqwen3-vl-4b-instruct-sft,False,\boxed{D},\boxed{D},D,D,128.64454746246338,1,True
15222911,canonical_smiles,molqwen3-vl-4b-instruct-sft,False,C,C,C,B,128.64454746246338,1,False
15222911,isomeric_smiles,molqwen3-vl-4b-instruct-sft,False,\boxed{B},\boxed{B},B,A,128.64454746246338,1,False
15222911,randomized_smiles,molqwen3-vl-4b-instruct-sft,False,\boxed{D},\boxed{D},D,D,128.64454746246338,1,True
15222911,deepsmiles,molqwen3-vl-4b-instruct-sft,False,\boxed{B},\boxed{B},B,B,128.64454746246338,1,True
15222911,iupac,molqwen3-vl-4b-instruct-sft,False,\boxed{A},\boxed{A},A,A,128.64454746246338,1,True
15222911,selfies,molqwen3-vl-4b-instruct-sft,False,\boxed{C},\boxed{C},C,A,128.64454746246338,1,False
15222911,moljson,molqwen3-vl-4b-instruct-sft,False,A,A,A,C,128.64454746246338,1,False
15222911,cml,molqwen3-vl-4b-instruct-sft,False,A,A,A,B,128.64454746246338,1,False
15222911,inchi,molqwen3-vl-4b-instruct-sft,False,\boxed{B},\boxed{B},B,B,128.64454746246338,1,True
137333847,canonical_smiles,molqwen3-vl-4b-instruct-sft,False,\boxed{A},\boxed{A},A,A,128.64454746246338,1,True
137333847,isomeric_smiles,molqwen3-vl-4b-instruct-sft,False,\boxed{C},\boxed{C},C,C,128.64454746246338,1,True
137333847,randomized_smiles,molqwen3-vl-4b-instruct-sft,False,\boxed{B},\boxed{B},B,B,128.64454746246338,1,True
137333847,deepsmiles,molqwen3-vl-4b-instruct-sft,False,\boxed{D},\boxed{D},D,D,128.64454746246338,1,True
137333847,iupac,molqwen3-vl-4b-instruct-sft,False,\boxed{B},\boxed{B},B,B,128.64454746246338,1,True
137333847,selfies,molqwen3-vl-4b-instruct-sft,False,\boxed{C},\boxed{C},C,C,128.64454746246338,1,True
137333847,moljson,molqwen3-vl-4b-instruct-sft,False,A,A,A,A,128.64454746246338,1,True
137333847,cml,molqwen3-vl-4b-instruct-sft,False,B,B,B,B,128.64454746246338,1,True
137333847,inchi,molqwen3-vl-4b-instruct-sft,False,\boxed{D},\boxed{D},D,D,128.64454746246338,1,True
76972186,canonical_smiles,molqwen3-vl-4b-instruct-sft,False,\boxed{A},\boxed{A},A,D,128.64454746246338,1,False
76972186,isomeric_smiles,molqwen3-vl-4b-instruct-sft,False,\boxed{C},\boxed{C},C,C,128.64454746246338,1,True
76972186,randomized_smiles,molqwen3-vl-4b-instruct-sft,False,\boxed{B},\boxed{B},B,B,128.64454746246338,1,True
76972186,deepsmiles,molqwen3-vl-4b-instruct-sft,False,\boxed{A},\boxed{A},A,A,128.64454746246338,1,True
76972186,iupac,molqwen3-vl-4b-instruct-sft,False,\boxed{A},\boxed{A},A,B,128.64454746246338,1,False
76972186,selfies,molqwen3-vl-4b-instruct-sft,False,\boxed{A},\boxed{A},A,A,128.64454746246338,1,True
76972186,moljson,molqwen3-vl-4b-instruct-sft,False,B,B,B,B,128.64454746246338,1,True
76972186,cml,molqwen3-vl-4b-instruct-sft,False,A,A,A,C,128.64454746246338,1,False
76972186,inchi,molqwen3-vl-4b-instruct-sft,False,,,,C,,1,False
72715816,canonical_smiles,molqwen3-vl-4b-instruct-sft,False,,,,A,,1,False
72715816,isomeric_smiles,molqwen3-vl-4b-instruct-sft,False,,,,A,,1,False
72715816,randomized_smiles,molqwen3-vl-4b-instruct-sft,False,,,,B,,1,False
72715816,deepsmiles,molqwen3-vl-4b-instruct-sft,False,,,,A,,1,False
72715816,iupac,molqwen3-vl-4b-instruct-sft,False,,,,B,,1,False
72715816,selfies,molqwen3-vl-4b-instruct-sft,False,,,,D,,1,False
72715816,moljson,molqwen3-vl-4b-instruct-sft,False,,,,D,,1,False
72715816,cml,molqwen3-vl-4b-instruct-sft,False,,,,B,,1,False
72715816,inchi,molqwen3-vl-4b-instruct-sft,False,,,,B,,1,False
45266800,canonical_smiles,molqwen3-vl-4b-instruct-sft,False,,,,D,,1,False
45266800,isomeric_smiles,molqwen3-vl-4b-instruct-sft,False,,,,D,,1,False
45266800,randomized_smiles,molqwen3-vl-4b-instruct-sft,False,,,,B,,1,False
45266800,deepsmiles,molqwen3-vl-4b-instruct-sft,False,,,,B,,1,False
45266800,iupac,molqwen3-vl-4b-instruct-sft,False,,,,C,,1,False
45266800,selfies,molqwen3-vl-4b-instruct-sft,False,,,,A,,1,False
45266800,moljson,molqwen3-vl-4b-instruct-sft,False,,,,C,,1,False
45266800,cml,molqwen3-vl-4b-instruct-sft,False,,,,B,,1,False
45266800,inchi,molqwen3-vl-4b-instruct-sft,False,,,,D,,1,False
86290135,canonical_smiles,molqwen3-vl-4b-instruct-sft,False,,,,A,,1,False
86290135,isomeric_smiles,molqwen3-vl-4b-instruct-sft,False,,,,B,,1,False
86290135,randomized_smiles,molqwen3-vl-4b-instruct-sft,False,,,,C,,1,False
86290135,deepsmiles,molqwen3-vl-4b-instruct-sft,False,,,,D,,1,False
86290135,iupac,molqwen3-vl-4b-instruct-sft,False,,,,D,,1,False
86290135,selfies,molqwen3-vl-4b-instruct-sft,False,,,,B,,1,False
86290135,moljson,molqwen3-vl-4b-instruct-sft,False,,,,C,,1,False
86290135,cml,molqwen3-vl-4b-instruct-sft,False,,,,C,,1,False
86290135,inchi,molqwen3-vl-4b-instruct-sft,False,,,,B,,1,False
91972198,canonical_smiles,molqwen3-vl-4b-instruct-sft,False,,,,A,,1,False
91972198,isomeric_smiles,molqwen3-vl-4b-instruct-sft,False,,,,B,,1,False
91972198,randomized_smiles,molqwen3-vl-4b-instruct-sft,False,,,,B,,1,False
91972198,deepsmiles,molqwen3-vl-4b-instruct-sft,False,,,,C,,1,False
91972198,iupac,molqwen3-vl-4b-instruct-sft,False,,,,C,,1,False
91972198,selfies,molqwen3-vl-4b-instruct-sft,False,,,,C,,1,False
91972198,moljson,molqwen3-vl-4b-instruct-sft,False,,,,D,,1,False
91972198,cml,molqwen3-vl-4b-instruct-sft,False,,,,A,,1,False
91972198,inchi,molqwen3-vl-4b-instruct-sft,False,,,,A,,1,False
46926223,canonical_smiles,molqwen3-vl-4b-instruct-sft,False,,,,D,,1,False
46926223,isomeric_smiles,molqwen3-vl-4b-instruct-sft,False,,,,A,,1,False
46926223,randomized_smiles,molqwen3-vl-4b-instruct-sft,False,,,,C,,1,False
46926223,deepsmiles,molqwen3-vl-4b-instruct-sft,False,,,,D,,1,False
46926223,iupac,molqwen3-vl-4b-instruct-sft,False,,,,D,,1,False
46926223,selfies,molqwen3-vl-4b-instruct-sft,False,,,,C,,1,False
46926223,moljson,molqwen3-vl-4b-instruct-sft,False,,,,C,,1,False
46926223,cml,molqwen3-vl-4b-instruct-sft,False,,,,D,,1,False
46926223,inchi,molqwen3-vl-4b-instruct-sft,False,,,,C,,1,False
131801209,canonical_smiles,molqwen3-vl-4b-instruct-sft,False,,,,A,,1,False
131801209,isomeric_smiles,molqwen3-vl-4b-instruct-sft,False,,,,C,,1,False
131801209,randomized_smiles,molqwen3-vl-4b-instruct-sft,False,,,,A,,1,False
131801209,deepsmiles,molqwen3-vl-4b-instruct-sft,False,,,,B,,1,False
131801209,iupac,molqwen3-vl-4b-instruct-sft,False,\boxed{A},\boxed{A},A,D,135.36723136901855,1,False
131801209,selfies,molqwen3-vl-4b-instruct-sft,False,\boxed{B},\boxed{B},B,B,135.36723136901855,1,True
131801209,moljson,molqwen3-vl-4b-instruct-sft,False,A,A,A,C,135.36723136901855,1,False
131801209,cml,molqwen3-vl-4b-instruct-sft,False,A,A,A,D,135.36723136901855,1,False
131801209,inchi,molqwen3-vl-4b-instruct-sft,False,\boxed{B},\boxed{B},B,D,135.36723136901855,1,False
131953084,canonical_smiles,molqwen3-vl-4b-instruct-sft,False,C,C,C,C,135.36723136901855,1,True
131953084,isomeric_smiles,molqwen3-vl-4b-instruct-sft,False,\boxed{B},\boxed{B},B,B,135.36723136901855,1,True
131953084,randomized_smiles,molqwen3-vl-4b-instruct-sft,False,\boxed{B},\boxed{B},B,B,135.36723136901855,1,True
131953084,deepsmiles,molqwen3-vl-4b-instruct-sft,False,\boxed{D},\boxed{D},D,A,135.36723136901855,1,False
131953084,iupac,molqwen3-vl-4b-instruct-sft,False,D,D,D,D,135.36723136901855,1,True
131953084,selfies,molqwen3-vl-4b-instruct-sft,False,C,C,C,C,135.36723136901855,1,True
131953084,moljson,molqwen3-vl-4b-instruct-sft,False,C,C,C,C,135.36723136901855,1,True
131953084,cml,molqwen3-vl-4b-instruct-sft,False,A,A,A,A,135.36723136901855,1,True
131953084,inchi,molqwen3-vl-4b-instruct-sft,False,B,B,B,B,135.36723136901855,1,True
443450,canonical_smiles,molqwen3-vl-4b-instruct-sft,False,\boxed{D},\boxed{D},D,C,135.36723136901855,1,False
443450,isomeric_smiles,molqwen3-vl-4b-instruct-sft,False,\boxed{C},\boxed{C},C,C,135.36723136901855,1,True
443450,randomized_smiles,molqwen3-vl-4b-instruct-sft,False,\boxed{A},\boxed{A},A,A,135.36723136901855,1,True
443450,deepsmiles,molqwen3-vl-4b-instruct-sft,False,\boxed{D},\boxed{D},D,C,135.36723136901855,1,False
443450,iupac,molqwen3-vl-4b-instruct-sft,False,\boxed{C},\boxed{C},C,C,135.36723136901855,1,True
443450,selfies,molqwen3-vl-4b-instruct-sft,False,\boxed{D},\boxed{D},D,A,135.36723136901855,1,False
443450,moljson,molqwen3-vl-4b-instruct-sft,False,D,D,D,A,135.36723136901855,1,False
443450,cml,molqwen3-vl-4b-instruct-sft,False,C,C,C,C,135.36723136901855,1,True
443450,inchi,molqwen3-vl-4b-instruct-sft,False,\boxed{B},\boxed{B},B,B,135.36723136901855,1,True
5169,canonical_smiles,molqwen3-vl-4b-instruct-sft,False,\boxed{C},\boxed{C},C,C,135.36723136901855,1,True
5169,isomeric_smiles,molqwen3-vl-4b-instruct-sft,False,\boxed{C},\boxed{C},C,C,135.36723136901855,1,True
5169,randomized_smiles,molqwen3-vl-4b-instruct-sft,False,\boxed{D},\boxed{D},D,D,135.36723136901855,1,True
5169,deepsmiles,molqwen3-vl-4b-instruct-sft,False,\boxed{C},\boxed{C},C,C,135.36723136901855,1,True
5169,iupac,molqwen3-vl-4b-instruct-sft,False,\boxed{A},\boxed{A},A,A,135.36723136901855,1,True
5169,selfies,molqwen3-vl-4b-instruct-sft,False,\boxed{B},\boxed{B},B,B,135.36723136901855,1,True
5169,moljson,molqwen3-vl-4b-instruct-sft,False,C,C,C,C,135.36723136901855,1,True
5169,cml,molqwen3-vl-4b-instruct-sft,False,C,C,C,C,135.36723136901855,1,True
5169,inchi,molqwen3-vl-4b-instruct-sft,False,\boxed{D},\boxed{D},D,D,135.36723136901855,1,True
91819816,canonical_smiles,molqwen3-vl-4b-instruct-sft,False,\boxed{D},\boxed{D},D,B,135.36723136901855,1,False
91819816,isomeric_smiles,molqwen3-vl-4b-instruct-sft,False,\boxed{D},\boxed{D},D,D,135.36723136901855,1,True
91819816,randomized_smiles,molqwen3-vl-4b-instruct-sft,False,\boxed{C},\boxed{C},C,A,135.36723136901855,1,False
91819816,deepsmiles,molqwen3-vl-4b-instruct-sft,False,\boxed{A},\boxed{A},A,A,135.36723136901855,1,True
91819816,iupac,molqwen3-vl-4b-instruct-sft,False,\boxed{D},\boxed{D},D,A,135.36723136901855,1,False
91819816,selfies,molqwen3-vl-4b-instruct-sft,False,\boxed{D},\boxed{D},D,D,135.36723136901855,1,True
91819816,moljson,molqwen3-vl-4b-instruct-sft,False,D,D,D,B,135.36723136901855,1,False
91819816,cml,molqwen3-vl-4b-instruct-sft,False,A,A,A,A,135.36723136901855,1,True
91819816,inchi,molqwen3-vl-4b-instruct-sft,False,\boxed{A},\boxed{A},A,A,135.36723136901855,1,True
45266584,canonical_smiles,molqwen3-vl-4b-instruct-sft,False,\boxed{A},\boxed{A},A,A,135.36723136901855,1,True
45266584,isomeric_smiles,molqwen3-vl-4b-instruct-sft,False,\boxed{B},\boxed{B},B,B,135.36723136901855,1,True
45266584,randomized_smiles,molqwen3-vl-4b-instruct-sft,False,\boxed{D},\boxed{D},D,A,135.36723136901855,1,False
45266584,deepsmiles,molqwen3-vl-4b-instruct-sft,False,C,C,C,B,135.36723136901855,1,False
45266584,iupac,molqwen3-vl-4b-instruct-sft,False,D,D,D,D,135.36723136901855,1,True
45266584,selfies,molqwen3-vl-4b-instruct-sft,False,B,B,B,A,135.36723136901855,1,False
45266584,moljson,molqwen3-vl-4b-instruct-sft,False,D,D,D,D,135.36723136901855,1,True
45266584,cml,molqwen3-vl-4b-instruct-sft,False,D,D,D,A,135.36723136901855,1,False
45266584,inchi,molqwen3-vl-4b-instruct-sft,False,A,A,A,A,135.36723136901855,1,True
101729,canonical_smiles,molqwen3-vl-4b-instruct-sft,False,\boxed{A},\boxed{A},A,A,123.53962421417236,1,True
101729,isomeric_smiles,molqwen3-vl-4b-instruct-sft,False,B,B,B,C,123.53962421417236,1,False
101729,randomized_smiles,molqwen3-vl-4b-instruct-sft,False,D,D,D,C,123.53962421417236,1,False
101729,deepsmiles,molqwen3-vl-4b-instruct-sft,False,\boxed{A},\boxed{A},A,A,123.53962421417236,1,True
101729,iupac,molqwen3-vl-4b-instruct-sft,False,\boxed{D},\boxed{D},D,A,123.53962421417236,1,False
101729,selfies,molqwen3-vl-4b-instruct-sft,False,\boxed{B},\boxed{B},B,C,123.53962421417236,1,False
101729,moljson,molqwen3-vl-4b-instruct-sft,False,A,A,A,C,123.53962421417236,1,False
101729,cml,molqwen3-vl-4b-instruct-sft,False,C,C,C,C,123.53962421417236,1,True
101729,inchi,molqwen3-vl-4b-instruct-sft,False,C,C,C,D,123.53962421417236,1,False
9547521,canonical_smiles,molqwen3-vl-4b-instruct-sft,False,\boxed{C},\boxed{C},C,A,123.53962421417236,1,False
9547521,isomeric_smiles,molqwen3-vl-4b-instruct-sft,False,C,C,C,A,123.53962421417236,1,False
9547521,randomized_smiles,molqwen3-vl-4b-instruct-sft,False,\boxed{A},\boxed{A},A,A,123.53962421417236,1,True
9547521,deepsmiles,molqwen3-vl-4b-instruct-sft,False,\boxed{C},\boxed{C},C,C,123.53962421417236,1,True
9547521,iupac,molqwen3-vl-4b-instruct-sft,False,\boxed{B},\boxed{B},B,B,123.53962421417236,1,True
9547521,selfies,molqwen3-vl-4b-instruct-sft,False,B,B,B,B,123.53962421417236,1,True
9547521,moljson,molqwen3-vl-4b-instruct-sft,False,A,A,A,A,123.53962421417236,1,True
9547521,cml,molqwen3-vl-4b-instruct-sft,False,D,D,D,D,123.53962421417236,1,True
9547521,inchi,molqwen3-vl-4b-instruct-sft,False,\boxed{A},\boxed{A},A,A,123.53962421417236,1,True
25202620,canonical_smiles,molqwen3-vl-4b-instruct-sft,False,\boxed{B},\boxed{B},B,B,123.53962421417236,1,True
25202620,isomeric_smiles,molqwen3-vl-4b-instruct-sft,False,\boxed{C},\boxed{C},C,C,123.53962421417236,1,True
25202620,randomized_smiles,molqwen3-vl-4b-instruct-sft,False,\boxed{C},\boxed{C},C,C,123.53962421417236,1,True
25202620,deepsmiles,molqwen3-vl-4b-instruct-sft,False,\boxed{C},\boxed{C},C,C,123.53962421417236,1,True
25202620,iupac,molqwen3-vl-4b-instruct-sft,False,C,C,C,C,123.53962421417236,1,True
25202620,selfies,molqwen3-vl-4b-instruct-sft,False,\boxed{D},\boxed{D},D,D,123.53962421417236,1,True
25202620,moljson,molqwen3-vl-4b-instruct-sft,False,A,A,A,D,123.53962421417236,1,False
25202620,cml,molqwen3-vl-4b-instruct-sft,False,B,B,B,B,123.53962421417236,1,True
25202620,inchi,molqwen3-vl-4b-instruct-sft,False,C,C,C,C,123.53962421417236,1,True
57485956,canonical_smiles,molqwen3-vl-4b-instruct-sft,False,\boxed{C},\boxed{C},C,C,123.53962421417236,1,True
57485956,isomeric_smiles,molqwen3-vl-4b-instruct-sft,False,\boxed{C},\boxed{C},C,C,123.53962421417236,1,True
57485956,randomized_smiles,molqwen3-vl-4b-instruct-sft,False,\boxed{A},\boxed{A},A,A,123.53962421417236,1,True
57485956,deepsmiles,molqwen3-vl-4b-instruct-sft,False,\boxed{B},\boxed{B},B,D,123.53962421417236,1,False
57485956,iupac,molqwen3-vl-4b-instruct-sft,False,C,C,C,C,123.53962421417236,1,True
57485956,selfies,molqwen3-vl-4b-instruct-sft,False,\boxed{D},\boxed{D},D,D,123.53962421417236,1,True
57485956,moljson,molqwen3-vl-4b-instruct-sft,False,D,D,D,D,123.53962421417236,1,True
57485956,cml,molqwen3-vl-4b-instruct-sft,False,A,A,A,A,123.53962421417236,1,True
57485956,inchi,molqwen3-vl-4b-instruct-sft,False,D,D,D,D,123.53962421417236,1,True
5311051,canonical_smiles,molqwen3-vl-4b-instruct-sft,False,\boxed{D},\boxed{D},D,C,123.53962421417236,1,False
5311051,isomeric_smiles,molqwen3-vl-4b-instruct-sft,False,B,B,B,B,123.53962421417236,1,True
5311051,randomized_smiles,molqwen3-vl-4b-instruct-sft,False,\boxed{D},\boxed{D},D,D,123.53962421417236,1,True
5311051,deepsmiles,molqwen3-vl-4b-instruct-sft,False,\boxed{D},\boxed{D},D,C,123.53962421417236,1,False
5311051,iupac,molqwen3-vl-4b-instruct-sft,False,D,D,D,D,123.53962421417236,1,True
5311051,selfies,molqwen3-vl-4b-instruct-sft,False,\boxed{D},\boxed{D},D,D,123.53962421417236,1,True
5311051,moljson,molqwen3-vl-4b-instruct-sft,False,A,A,A,A,123.53962421417236,1,True
5311051,cml,molqwen3-vl-4b-instruct-sft,False,C,C,C,C,123.53962421417236,1,True
5311051,inchi,molqwen3-vl-4b-instruct-sft,False,\boxed{B},\boxed{B},B,B,123.53962421417236,1,True
56655568,canonical_smiles,molqwen3-vl-4b-instruct-sft,False,\boxed{B},\boxed{B},B,B,123.53962421417236,1,True
56655568,isomeric_smiles,molqwen3-vl-4b-instruct-sft,False,\boxed{D},\boxed{D},D,B,123.53962421417236,1,False
56655568,randomized_smiles,molqwen3-vl-4b-instruct-sft,False,\boxed{C},\boxed{C},C,C,123.53962421417236,1,True
56655568,deepsmiles,molqwen3-vl-4b-instruct-sft,False,\boxed{B},\boxed{B},B,D,123.53962421417236,1,False
56655568,iupac,molqwen3-vl-4b-instruct-sft,False,\boxed{C},\boxed{C},C,A,123.53962421417236,1,False
56655568,selfies,molqwen3-vl-4b-instruct-sft,False,\boxed{D},\boxed{D},D,A,140.1865816116333,1,False
56655568,moljson,molqwen3-vl-4b-instruct-sft,False,A,A,A,C,140.1865816116333,1,False
56655568,cml,molqwen3-vl-4b-instruct-sft,False,A,A,A,C,140.1865816116333,1,False
56655568,inchi,molqwen3-vl-4b-instruct-sft,False,A,A,A,C,140.1865816116333,1,False
44263378,canonical_smiles,molqwen3-vl-4b-instruct-sft,False,\boxed{B},\boxed{B},B,C,140.1865816116333,1,False
44263378,isomeric_smiles,molqwen3-vl-4b-instruct-sft,False,\boxed{C},\boxed{C},C,A,140.1865816116333,1,False
44263378,randomized_smiles,molqwen3-vl-4b-instruct-sft,False,\boxed{D},\boxed{D},D,D,140.1865816116333,1,True
44263378,deepsmiles,molqwen3-vl-4b-instruct-sft,False,\boxed{A},\boxed{A},A,C,140.1865816116333,1,False
44263378,iupac,molqwen3-vl-4b-instruct-sft,False,\boxed{B},\boxed{B},B,B,140.1865816116333,1,True
44263378,selfies,molqwen3-vl-4b-instruct-sft,False,D,D,D,B,140.1865816116333,1,False
44263378,moljson,molqwen3-vl-4b-instruct-sft,False,A,A,A,C,140.1865816116333,1,False
44263378,cml,molqwen3-vl-4b-instruct-sft,False,A,A,A,D,140.1865816116333,1,False
44263378,inchi,molqwen3-vl-4b-instruct-sft,False,\boxed{A},\boxed{A},A,C,140.1865816116333,1,False
24792125,canonical_smiles,molqwen3-vl-4b-instruct-sft,False,C,C,C,C,140.1865816116333,1,True
24792125,isomeric_smiles,molqwen3-vl-4b-instruct-sft,False,\boxed{D},\boxed{D},D,D,140.1865816116333,1,True
24792125,randomized_smiles,molqwen3-vl-4b-instruct-sft,False,\boxed{B},\boxed{B},B,B,140.1865816116333,1,True
24792125,deepsmiles,molqwen3-vl-4b-instruct-sft,False,\boxed{A},\boxed{A},A,A,140.1865816116333,1,True
24792125,iupac,molqwen3-vl-4b-instruct-sft,False,\boxed{C},\boxed{C},C,C,140.1865816116333,1,True
24792125,selfies,molqwen3-vl-4b-instruct-sft,False,A,A,A,A,140.1865816116333,1,True
24792125,moljson,molqwen3-vl-4b-instruct-sft,False,B,B,B,B,140.1865816116333,1,True
24792125,cml,molqwen3-vl-4b-instruct-sft,False,A,A,A,A,140.1865816116333,1,True
24792125,inchi,molqwen3-vl-4b-instruct-sft,False,\boxed{C},\boxed{C},C,C,140.1865816116333,1,True
126843487,canonical_smiles,molqwen3-vl-4b-instruct-sft,False,\boxed{C},\boxed{C},C,C,140.1865816116333,1,True
126843487,isomeric_smiles,molqwen3-vl-4b-instruct-sft,False,\boxed{B},\boxed{B},B,A,140.1865816116333,1,False
126843487,randomized_smiles,molqwen3-vl-4b-instruct-sft,False,\boxed{D},\boxed{D},D,B,140.1865816116333,1,False
126843487,deepsmiles,molqwen3-vl-4b-instruct-sft,False,\boxed{B},\boxed{B},B,A,140.1865816116333,1,False
126843487,iupac,molqwen3-vl-4b-instruct-sft,False,B,B,B,B,140.1865816116333,1,True
126843487,selfies,molqwen3-vl-4b-instruct-sft,False,\boxed{C},\boxed{C},C,C,140.1865816116333,1,True
126843487,moljson,molqwen3-vl-4b-instruct-sft,False,B,B,B,A,140.1865816116333,1,False
126843487,cml,molqwen3-vl-4b-instruct-sft,False,C,C,C,C,140.1865816116333,1,True
126843487,inchi,molqwen3-vl-4b-instruct-sft,False,\boxed{B},\boxed{B},B,A,140.1865816116333,1,False
5280453,canonical_smiles,molqwen3-vl-4b-instruct-sft,False,C,C,C,B,140.1865816116333,1,False
5280453,isomeric_smiles,molqwen3-vl-4b-instruct-sft,False,D,D,D,D,140.1865816116333,1,True
5280453,randomized_smiles,molqwen3-vl-4b-instruct-sft,False,\boxed{B},\boxed{B},B,B,140.1865816116333,1,True
5280453,deepsmiles,molqwen3-vl-4b-instruct-sft,False,\boxed{\text{C}},\boxed{\text{C}},C,A,140.1865816116333,1,False
5280453,iupac,molqwen3-vl-4b-instruct-sft,False,\boxed{B},\boxed{B},B,B,140.1865816116333,1,True
5280453,selfies,molqwen3-vl-4b-instruct-sft,False,\boxed{D},\boxed{D},D,D,140.1865816116333,1,True
5280453,moljson,molqwen3-vl-4b-instruct-sft,False,C,C,C,C,140.1865816116333,1,True
5280453,cml,molqwen3-vl-4b-instruct-sft,False,C,C,C,C,140.1865816116333,1,True
5280453,inchi,molqwen3-vl-4b-instruct-sft,False,B,B,B,D,140.1865816116333,1,False
6475988,canonical_smiles,molqwen3-vl-4b-instruct-sft,False,\boxed{C},\boxed{C},C,C,140.1865816116333,1,True
6475988,isomeric_smiles,molqwen3-vl-4b-instruct-sft,False,\boxed{A},\boxed{A},A,A,140.1865816116333,1,True
6475988,randomized_smiles,molqwen3-vl-4b-instruct-sft,False,C,C,C,D,140.1865816116333,1,False
6475988,deepsmiles,molqwen3-vl-4b-instruct-sft,False,\boxed{D},\boxed{D},D,D,140.1865816116333,1,True
6475988,iupac,molqwen3-vl-4b-instruct-sft,False,\boxed{B},\boxed{B},B,B,140.1865816116333,1,True
6475988,selfies,molqwen3-vl-4b-instruct-sft,False,\boxed{A},\boxed{A},A,D,140.1865816116333,1,False
6475988,moljson,molqwen3-vl-4b-instruct-sft,False,C,C,C,C,140.1865816116333,1,True
6475988,cml,molqwen3-vl-4b-instruct-sft,False,C,C,C,C,140.1865816116333,1,True
6475988,inchi,molqwen3-vl-4b-instruct-sft,False,\boxed{D},\boxed{D},D,B,140.1865816116333,1,False
12901,canonical_smiles,molqwen3-vl-4b-instruct-sft,False,\boxed{A},\boxed{A},A,A,140.1865816116333,1,True
12901,isomeric_smiles,molqwen3-vl-4b-instruct-sft,False,\boxed{C},\boxed{C},C,C,87.05694198608398,1,True
12901,randomized_smiles,molqwen3-vl-4b-instruct-sft,False,\boxed{B},\boxed{B},B,B,87.05694198608398,1,True
12901,deepsmiles,molqwen3-vl-4b-instruct-sft,False,\boxed{B},\boxed{B},B,B,87.05694198608398,1,True
12901,iupac,molqwen3-vl-4b-instruct-sft,False,\boxed{A},\boxed{A},A,A,87.05694198608398,1,True
12901,selfies,molqwen3-vl-4b-instruct-sft,False,\boxed{B},\boxed{B},B,B,87.05694198608398,1,True
12901,moljson,molqwen3-vl-4b-instruct-sft,False,D,D,D,D,87.05694198608398,1,True
12901,cml,molqwen3-vl-4b-instruct-sft,False,B,B,B,B,87.05694198608398,1,True
12901,inchi,molqwen3-vl-4b-instruct-sft,False,\boxed{D},\boxed{D},D,D,87.05694198608398,1,True
49832001,canonical_smiles,molqwen3-vl-4b-instruct-sft,False,C,C,C,B,87.05694198608398,1,False
49832001,isomeric_smiles,molqwen3-vl-4b-instruct-sft,False,\boxed{D},\boxed{D},D,D,87.05694198608398,1,True
49832001,randomized_smiles,molqwen3-vl-4b-instruct-sft,False,\boxed{C},\boxed{C},C,C,87.05694198608398,1,True
49832001,deepsmiles,molqwen3-vl-4b-instruct-sft,False,\boxed{D},\boxed{D},D,A,87.05694198608398,1,False
49832001,iupac,molqwen3-vl-4b-instruct-sft,False,\boxed{A},\boxed{A},A,A,87.05694198608398,1,True
49832001,selfies,molqwen3-vl-4b-instruct-sft,False,\boxed{D},\boxed{D},D,A,87.05694198608398,1,False
49832001,moljson,molqwen3-vl-4b-instruct-sft,False,A,A,A,C,87.05694198608398,1,False
49832001,cml,molqwen3-vl-4b-instruct-sft,False,A,A,A,D,87.05694198608398,1,False
49832001,inchi,molqwen3-vl-4b-instruct-sft,False,\boxed{A},\boxed{A},A,A,87.05694198608398,1,True
91859299,canonical_smiles,molqwen3-vl-4b-instruct-sft,False,\boxed{\text{D}},\boxed{\text{D}},D,D,87.05694198608398,1,True
91859299,isomeric_smiles,molqwen3-vl-4b-instruct-sft,False,\boxed{\text{C}},\boxed{\text{C}},C,C,87.05694198608398,1,True
91859299,randomized_smiles,molqwen3-vl-4b-instruct-sft,False,D,D,D,D,87.05694198608398,1,True
91859299,deepsmiles,molqwen3-vl-4b-instruct-sft,False,\boxed{A},\boxed{A},A,A,87.05694198608398,1,True
91859299,iupac,molqwen3-vl-4b-instruct-sft,False,\boxed{C},\boxed{C},C,D,87.05694198608398,1,False
91859299,selfies,molqwen3-vl-4b-instruct-sft,False,\boxed{\text{A}},\boxed{\text{A}},A,A,87.05694198608398,1,True
91859299,moljson,molqwen3-vl-4b-instruct-sft,False,D,D,D,D,87.05694198608398,1,True
91859299,cml,molqwen3-vl-4b-instruct-sft,False,A,A,A,A,87.05694198608398,1,True
91859299,inchi,molqwen3-vl-4b-instruct-sft,False,\boxed{B},\boxed{B},B,B,87.05694198608398,1,True
76965883,canonical_smiles,molqwen3-vl-4b-instruct-sft,False,\boxed{C},\boxed{C},C,A,87.05694198608398,1,False
76965883,isomeric_smiles,molqwen3-vl-4b-instruct-sft,False,C,C,C,B,87.05694198608398,1,False
76965883,randomized_smiles,molqwen3-vl-4b-instruct-sft,False,\boxed{C},\boxed{C},C,A,87.05694198608398,1,False
76965883,deepsmiles,molqwen3-vl-4b-instruct-sft,False,\boxed{C},\boxed{C},C,D,87.05694198608398,1,False
76965883,iupac,molqwen3-vl-4b-instruct-sft,False,\boxed{D},\boxed{D},D,D,87.05694198608398,1,True
76965883,selfies,molqwen3-vl-4b-instruct-sft,False,\boxed{B},\boxed{B},B,B,87.05694198608398,1,True
76965883,moljson,molqwen3-vl-4b-instruct-sft,False,A,A,A,C,87.05694198608398,1,False
76965883,cml,molqwen3-vl-4b-instruct-sft,False,C,C,C,A,87.05694198608398,1,False
76965883,inchi,molqwen3-vl-4b-instruct-sft,False,\boxed{B},\boxed{B},B,B,87.05694198608398,1,True
90657728,canonical_smiles,molqwen3-vl-4b-instruct-sft,False,\boxed{B},\boxed{B},B,B,87.05694198608398,1,True
90657728,isomeric_smiles,molqwen3-vl-4b-instruct-sft,False,C,C,C,C,87.05694198608398,1,True
90657728,randomized_smiles,molqwen3-vl-4b-instruct-sft,False,C,C,C,C,87.05694198608398,1,True
90657728,deepsmiles,molqwen3-vl-4b-instruct-sft,False,C,C,C,C,87.05694198608398,1,True
90657728,iupac,molqwen3-vl-4b-instruct-sft,False,D,D,D,D,87.05694198608398,1,True
90657728,selfies,molqwen3-vl-4b-instruct-sft,False,C,C,C,A,87.05694198608398,1,False
90657728,moljson,molqwen3-vl-4b-instruct-sft,False,C,C,C,B,87.05694198608398,1,False
90657728,cml,molqwen3-vl-4b-instruct-sft,False,\boxed{D},\boxed{D},D,C,87.05694198608398,1,False
90657728,inchi,molqwen3-vl-4b-instruct-sft,False,C,C,C,C,87.05694198608398,1,True
25200933,canonical_smiles,molqwen3-vl-4b-instruct-sft,False,\boxed{A},\boxed{A},A,A,87.05694198608398,1,True
25200933,isomeric_smiles,molqwen3-vl-4b-instruct-sft,False,C,C,C,C,87.05694198608398,1,True
25200933,randomized_smiles,molqwen3-vl-4b-instruct-sft,False,\boxed{D},\boxed{D},D,D,87.05694198608398,1,True
25200933,deepsmiles,molqwen3-vl-4b-instruct-sft,False,\boxed{C},\boxed{C},C,C,87.05694198608398,1,True
25200933,iupac,molqwen3-vl-4b-instruct-sft,False,\boxed{A},\boxed{A},A,A,87.05694198608398,1,True
25200933,selfies,molqwen3-vl-4b-instruct-sft,False,\boxed{C},\boxed{C},C,C,87.05694198608398,1,True
25200933,moljson,molqwen3-vl-4b-instruct-sft,False,C,C,C,C,136.79330348968506,1,True
25200933,cml,molqwen3-vl-4b-instruct-sft,False,B,B,B,B,136.79330348968506,1,True
25200933,inchi,molqwen3-vl-4b-instruct-sft,False,B,B,B,B,136.79330348968506,1,True
6857436,canonical_smiles,molqwen3-vl-4b-instruct-sft,False,\boxed{B},\boxed{B},B,B,136.79330348968506,1,True
6857436,isomeric_smiles,molqwen3-vl-4b-instruct-sft,False,\boxed{D},\boxed{D},D,B,136.79330348968506,1,False
6857436,randomized_smiles,molqwen3-vl-4b-instruct-sft,False,C,C,C,C,136.79330348968506,1,True
6857436,deepsmiles,molqwen3-vl-4b-instruct-sft,False,D,D,D,D,136.79330348968506,1,True
6857436,iupac,molqwen3-vl-4b-instruct-sft,False,C,C,C,C,136.79330348968506,1,True
6857436,selfies,molqwen3-vl-4b-instruct-sft,False,C,C,C,B,136.79330348968506,1,False
6857436,moljson,molqwen3-vl-4b-instruct-sft,False,A,A,A,C,136.79330348968506,1,False
6857436,cml,molqwen3-vl-4b-instruct-sft,False,A,A,A,D,136.79330348968506,1,False
6857436,inchi,molqwen3-vl-4b-instruct-sft,False,B,B,B,A,136.79330348968506,1,False
2733768,canonical_smiles,molqwen3-vl-4b-instruct-sft,False,\boxed{B},\boxed{B},B,A,136.79330348968506,1,False
2733768,isomeric_smiles,molqwen3-vl-4b-instruct-sft,False,\boxed{B},\boxed{B},B,A,136.79330348968506,1,False
2733768,randomized_smiles,molqwen3-vl-4b-instruct-sft,False,\boxed{C},\boxed{C},C,C,136.79330348968506,1,True
2733768,deepsmiles,molqwen3-vl-4b-instruct-sft,False,\boxed{D},\boxed{D},D,A,136.79330348968506,1,False
2733768,iupac,molqwen3-vl-4b-instruct-sft,False,\boxed{A},\boxed{A},A,C,136.79330348968506,1,False
2733768,selfies,molqwen3-vl-4b-instruct-sft,False,A,A,A,D,136.79330348968506,1,False
2733768,moljson,molqwen3-vl-4b-instruct-sft,False,A,A,A,B,136.79330348968506,1,False
2733768,cml,molqwen3-vl-4b-instruct-sft,False,A,A,A,C,136.79330348968506,1,False
2733768,inchi,molqwen3-vl-4b-instruct-sft,False,C,C,C,C,136.79330348968506,1,True
72193770,canonical_smiles,molqwen3-vl-4b-instruct-sft,False,\boxed{\text{C}},\boxed{\text{C}},C,C,136.79330348968506,1,True
72193770,isomeric_smiles,molqwen3-vl-4b-instruct-sft,False,\boxed{D},\boxed{D},D,B,136.79330348968506,1,False
72193770,randomized_smiles,molqwen3-vl-4b-instruct-sft,False,\boxed{A},\boxed{A},A,B,136.79330348968506,1,False
72193770,deepsmiles,molqwen3-vl-4b-instruct-sft,False,\boxed{C},\boxed{C},C,C,136.79330348968506,1,True
72193770,iupac,molqwen3-vl-4b-instruct-sft,False,D,D,D,D,136.79330348968506,1,True
72193770,selfies,molqwen3-vl-4b-instruct-sft,False,\boxed{B},\boxed{B},B,B,136.79330348968506,1,True
72193770,moljson,molqwen3-vl-4b-instruct-sft,False,A,A,A,D,136.79330348968506,1,False
72193770,cml,molqwen3-vl-4b-instruct-sft,False,C,C,C,B,136.79330348968506,1,False
72193770,inchi,molqwen3-vl-4b-instruct-sft,False,\boxed{A},\boxed{A},A,C,136.79330348968506,1,False
72193723,canonical_smiles,molqwen3-vl-4b-instruct-sft,False,\boxed{A},\boxed{A},A,A,136.79330348968506,1,True
72193723,isomeric_smiles,molqwen3-vl-4b-instruct-sft,False,\boxed{B},\boxed{B},B,A,136.79330348968506,1,False
72193723,randomized_smiles,molqwen3-vl-4b-instruct-sft,False,B,B,B,B,136.79330348968506,1,True
72193723,deepsmiles,molqwen3-vl-4b-instruct-sft,False,C,C,C,C,136.79330348968506,1,True
72193723,iupac,molqwen3-vl-4b-instruct-sft,False,\boxed{D},\boxed{D},D,D,136.79330348968506,1,True
72193723,selfies,molqwen3-vl-4b-instruct-sft,False,\boxed{B},\boxed{B},B,B,136.79330348968506,1,True
72193723,moljson,molqwen3-vl-4b-instruct-sft,False,C,C,C,B,136.79330348968506,1,False
72193723,cml,molqwen3-vl-4b-instruct-sft,False,D,D,D,D,136.79330348968506,1,True
72193723,inchi,molqwen3-vl-4b-instruct-sft,False,\boxed{B},\boxed{B},B,B,136.79330348968506,1,True
129011050,canonical_smiles,molqwen3-vl-4b-instruct-sft,False,\boxed{A},\boxed{A},A,A,136.79330348968506,1,True
129011050,isomeric_smiles,molqwen3-vl-4b-instruct-sft,False,\boxed{B},\boxed{B},B,B,136.79330348968506,1,True
129011050,randomized_smiles,molqwen3-vl-4b-instruct-sft,False,\boxed{B},\boxed{B},B,B,136.79330348968506,1,True
129011050,deepsmiles,molqwen3-vl-4b-instruct-sft,False,\boxed{D},\boxed{D},D,D,136.79330348968506,1,True
129011050,iupac,molqwen3-vl-4b-instruct-sft,False,B,B,B,B,136.79330348968506,1,True
129011050,selfies,molqwen3-vl-4b-instruct-sft,False,\boxed{C},\boxed{C},C,C,136.79330348968506,1,True
129011050,moljson,molqwen3-vl-4b-instruct-sft,False,A,A,A,A,136.79330348968506,1,True
129011050,cml,molqwen3-vl-4b-instruct-sft,False,A,A,A,A,136.79330348968506,1,True
129011050,inchi,molqwen3-vl-4b-instruct-sft,False,\boxed{B},\boxed{B},B,B,136.79330348968506,1,True
72715759,canonical_smiles,molqwen3-vl-4b-instruct-sft,False,\boxed{A},\boxed{A},A,A,136.79330348968506,1,True
72715759,isomeric_smiles,molqwen3-vl-4b-instruct-sft,False,\boxed{A},\boxed{A},A,D,136.79330348968506,1,False
72715759,randomized_smiles,molqwen3-vl-4b-instruct-sft,False,\boxed{A},\boxed{A},A,B,101.69631958007812,1,False
72715759,deepsmiles,molqwen3-vl-4b-instruct-sft,False,\boxed{B},\boxed{B},B,D,101.69631958007812,1,False
72715759,iupac,molqwen3-vl-4b-instruct-sft,False,C,C,C,C,101.69631958007812,1,True
72715759,selfies,molqwen3-vl-4b-instruct-sft,False,\boxed{B},\boxed{B},B,D,101.69631958007812,1,False
72715759,moljson,molqwen3-vl-4b-instruct-sft,False,\boxed{A},\boxed{A},A,A,101.69631958007812,1,True
72715759,cml,molqwen3-vl-4b-instruct-sft,False,C,C,C,A,101.69631958007812,1,False
72715759,inchi,molqwen3-vl-4b-instruct-sft,False,D,D,D,C,101.69631958007812,1,False
6437,canonical_smiles,molqwen3-vl-4b-instruct-sft,False,\boxed{D},\boxed{D},D,D,101.69631958007812,1,True
6437,isomeric_smiles,molqwen3-vl-4b-instruct-sft,False,\boxed{B},\boxed{B},B,B,101.69631958007812,1,True
6437,randomized_smiles,molqwen3-vl-4b-instruct-sft,False,\boxed{C},\boxed{C},C,A,101.69631958007812,1,False
6437,deepsmiles,molqwen3-vl-4b-instruct-sft,False,\boxed{C},\boxed{C},C,C,101.69631958007812,1,True
6437,iupac,molqwen3-vl-4b-instruct-sft,False,C,C,C,C,101.69631958007812,1,True
6437,selfies,molqwen3-vl-4b-instruct-sft,False,\boxed{A},\boxed{A},A,D,101.69631958007812,1,False
6437,moljson,molqwen3-vl-4b-instruct-sft,False,C,C,C,B,101.69631958007812,1,False
6437,cml,molqwen3-vl-4b-instruct-sft,False,C,C,C,A,101.69631958007812,1,False
6437,inchi,molqwen3-vl-4b-instruct-sft,False,\boxed{C},\boxed{C},C,D,101.69631958007812,1,False
9884262,canonical_smiles,molqwen3-vl-4b-instruct-sft,False,\boxed{A},\boxed{A},A,B,101.69631958007812,1,False
9884262,isomeric_smiles,molqwen3-vl-4b-instruct-sft,False,\boxed{B},\boxed{B},B,B,101.69631958007812,1,True
9884262,randomized_smiles,molqwen3-vl-4b-instruct-sft,False,\boxed{A},\boxed{A},A,A,101.69631958007812,1,True
9884262,deepsmiles,molqwen3-vl-4b-instruct-sft,False,\boxed{A},\boxed{A},A,A,101.69631958007812,1,True
9884262,iupac,molqwen3-vl-4b-instruct-sft,False,\boxed{B},\boxed{B},B,B,101.69631958007812,1,True
9884262,selfies,molqwen3-vl-4b-instruct-sft,False,\boxed{A},\boxed{A},A,A,101.69631958007812,1,True
9884262,moljson,molqwen3-vl-4b-instruct-sft,False,A,A,A,A,101.69631958007812,1,True
9884262,cml,molqwen3-vl-4b-instruct-sft,False,A,A,A,C,101.69631958007812,1,False
9884262,inchi,molqwen3-vl-4b-instruct-sft,False,\boxed{A},\boxed{A},A,B,101.69631958007812,1,False
25246222,canonical_smiles,molqwen3-vl-4b-instruct-sft,False,C,C,C,B,101.69631958007812,1,False
25246222,isomeric_smiles,molqwen3-vl-4b-instruct-sft,False,\boxed{C},\boxed{C},C,C,101.69631958007812,1,True
25246222,randomized_smiles,molqwen3-vl-4b-instruct-sft,False,\boxed{C},\boxed{C},C,C,101.69631958007812,1,True
25246222,deepsmiles,molqwen3-vl-4b-instruct-sft,False,\boxed{C},\boxed{C},C,C,101.69631958007812,1,True
25246222,iupac,molqwen3-vl-4b-instruct-sft,False,\boxed{B},\boxed{B},B,B,101.69631958007812,1,True
25246222,selfies,molqwen3-vl-4b-instruct-sft,False,D,D,D,C,101.69631958007812,1,False
25246222,moljson,molqwen3-vl-4b-instruct-sft,False,C,C,C,C,101.69631958007812,1,True
25246222,cml,molqwen3-vl-4b-instruct-sft,False,B,B,B,B,101.69631958007812,1,True
25246222,inchi,molqwen3-vl-4b-instruct-sft,False,\boxed{C},\boxed{C},C,C,101.69631958007812,1,True
44237187,canonical_smiles,molqwen3-vl-4b-instruct-sft,False,\boxed{B},\boxed{B},B,B,101.69631958007812,1,True
44237187,isomeric_smiles,molqwen3-vl-4b-instruct-sft,False,\boxed{B},\boxed{B},B,B,101.69631958007812,1,True
44237187,randomized_smiles,molqwen3-vl-4b-instruct-sft,False,D,D,D,D,101.69631958007812,1,True
44237187,deepsmiles,molqwen3-vl-4b-instruct-sft,False,\boxed{C},\boxed{C},C,C,101.69631958007812,1,True
44237187,iupac,molqwen3-vl-4b-instruct-sft,False,\boxed{D},\boxed{D},D,D,101.69631958007812,1,True
44237187,selfies,molqwen3-vl-4b-instruct-sft,False,\boxed{B},\boxed{B},B,B,101.69631958007812,1,True
44237187,moljson,molqwen3-vl-4b-instruct-sft,False,D,D,D,D,101.69631958007812,1,True
44237187,cml,molqwen3-vl-4b-instruct-sft,False,A,A,A,A,101.69631958007812,1,True
44237187,inchi,molqwen3-vl-4b-instruct-sft,False,\boxed{A},\boxed{A},A,A,101.69631958007812,1,True
440961,canonical_smiles,molqwen3-vl-4b-instruct-sft,False,\boxed{B},\boxed{B},B,B,101.69631958007812,1,True
440961,isomeric_smiles,molqwen3-vl-4b-instruct-sft,False,\boxed{C},\boxed{C},C,C,101.69631958007812,1,True
440961,randomized_smiles,molqwen3-vl-4b-instruct-sft,False,\boxed{D},\boxed{D},D,D,101.69631958007812,1,True
440961,deepsmiles,molqwen3-vl-4b-instruct-sft,False,\boxed{B},\boxed{B},B,A,101.69631958007812,1,False
440961,iupac,molqwen3-vl-4b-instruct-sft,False,C,C,C,C,101.69631958007812,1,True
440961,selfies,molqwen3-vl-4b-instruct-sft,False,\boxed{C},\boxed{C},C,D,101.69631958007812,1,False
440961,moljson,molqwen3-vl-4b-instruct-sft,False,A,A,A,C,101.69631958007812,1,False
440961,cml,molqwen3-vl-4b-instruct-sft,False,A,A,A,D,263.9288902282715,1,False
440961,inchi,molqwen3-vl-4b-instruct-sft,False,C,C,C,C,263.9288902282715,1,True
